Time (s),Voltage (V),Current (A),Cell Temperature,Thermocouple_2,Force,Current Shunt,CO2 from CAN (ppm),Humidity,Pressure,Status 1 ,Gas Temperature,Status 2,Thermal Conductivity
0.193,0,0,0,0,0,0,494,32,100,0,21.84375,0,1.132
0.993,0,0,0,0,0,0,494,32,100,0,21.84375,0,1.132
1.103,0,0,0,0,0,0,494,32,100,0,21.84375,0,1.132
1.213,0,0,0,0,0,0,494,32,100,0,21.84375,0,1.132
1.323,0,0,0,0,0,0,494,32,100,0,21.84375,0,1.132
1.433,0,0,0,0,0,0,494,32,100,0,21.84375,0,1.132
1.543,0,0,0,0,0,0,494,32,100,0,21.84375,0,1.132
1.653,0,0,0,0,0,0,494,32,100,0,21.84375,0,1.132
1.763,0,0,0,0,0,0,490,32,100,0,21.84375,0,1.132
1.873,0,0,0,0,0,0,490,32,100,0,21.84375,0,1.132
1.983,0,0,0,0,0,0,490,32,100,0,21.84375,0,1.132
2.093,0,0,0,0,0,0,490,32,100,0,21.84375,0,1.132
2.203,0,0,0,0,0,0,490,32,100,0,21.84375,0,1.132
2.313,0,0,0,0,0,0,490,32,100,0,21.84375,0,1.132
2.423,0,0,0,0,0,0,490,32,100,0,21.84375,0,1.132
2.533,0,0,0,0,0,0,490,32,100,0,21.84375,0,1.132
2.643,0,0,0,0,0,0,490,32,100,0,21.84375,0,1.132
2.753,0,0,0,0,0,0,490,32,100,0,21.84375,0,1.132
2.863,0,0,0,0,0,0,489,32,100,0,21.84375,0,1.133
2.973,0,0,0,0,0,0,489,32,100,0,21.84375,0,1.133
3.083,0,0,0,0,0,0,489,32,100,0,21.84375,0,1.133
3.193,0,0,0,0,0,0,489,32,100,0,21.84375,0,1.133
3.303,0,0,0,0,0,0,489,32,100,0,21.84375,0,1.133
3.413,0,0,0,0,0,0,489,32,100,0,21.84375,0,1.133
3.523,0,0,0,0,0,0,489,32,100,0,21.84375,0,1.133
3.633,0,0,0,0,0,0,489,32,100,0,21.84375,0,1.133
3.743,0,0,0,0,0,0,489,32,100,0,21.84375,0,1.133
3.853,0,0,0,0,0,0,489,32,100,0,21.84375,0,1.133
3.963,0,0,0,0,0,0,489,32,100,0,21.84375,0,1.133
4.073,0,0,0,0,0,0,492,32,100,0,21.84375,0,1.133
4.183,0,0,0,0,0,0,492,32,100,0,21.84375,0,1.133
4.293,0,0,0,0,0,0,492,32,100,0,21.84375,0,1.133
4.403,0,0,0,0,0,0,492,32,100,0,21.84375,0,1.133
4.513,0,0,0,0,0,0,492,32,100,0,21.84375,0,1.133
4.623,0,0,0,0,0,0,492,32,100,0,21.84375,0,1.132
4.733,0,0,0,0,0,0,492,32,100,0,21.84375,0,1.132
4.843,0,0,0,0,0,0,492,32,100,0,21.84375,0,1.132
4.944,0,0,0,0,0,0,492,32,100,0,21.84375,0,1.132
5.053,0,0,0,0,0,0,492,32,100,0,21.84375,0,1.132
5.163,0,0,0,0,0,0,494,32,100,0,21.84375,0,1.132
5.273,0,0,0,0,0,0,494,32,100,0,21.84375,0,1.132
5.383,0,0,0,0,0,0,494,32,100,0,21.84375,0,1.132
5.493,0,0,0,0,0,0,494,32,100,0,21.84375,0,1.132
5.603,0,0,0,0,0,0,494,32,100,0,21.84375,0,1.132
5.713,0,0,0,0,0,0,494,32,100,0,21.84375,0,1.132
5.823,0,0,0,0,0,0,494,32,100,0,21.84375,0,1.132
5.933,0,0,0,0,0,0,494,32,100,0,21.84375,0,1.132
6.043,0,0,0,0,0,0,494,32,100,0,21.84375,0,1.132
6.153,0,0,0,0,0,0,494,32,100,0,21.84375,0,1.132
6.263,0,0,0,0,0,0,494,32,100,0,21.84375,0,1.132
6.373,0,0,0,0,0,0,494,32,100,0,21.84375,0,1.132
6.483,0,0,0,0,0,0,494,32,100,0,21.84375,0,1.132
6.593,0,0,0,0,0,0,494,32,100,0,21.84375,0,1.132
6.703,0,0,0,0,0,0,494,32,100,0,21.84375,0,1.132
6.813,0,0,0,0,0,0,494,32,100,0,21.84375,0,1.132
6.923,0,0,0,0,0,0,494,32,100,0,21.84375,0,1.132
7.033,0,0,0,0,0,0,494,32,100,0,21.84375,0,1.132
7.143,0,0,0,0,0,0,494,32,100,0,21.84375,0,1.132
7.253,0,0,0,0,0,0,494,32,100,0,21.84375,0,1.132
7.363,0,0,0,0,0,0,494,32,100,0,21.84375,0,1.132
7.473,0,0,0,0,0,0,494,32,100,0,21.84375,0,1.132
7.583,0,0,0,0,0,0,494,32,100,0,21.84375,0,1.132
7.693,0,0,0,0,0,0,494,32,100,0,21.84375,0,1.132
7.803,0,0,0,0,0,0,494,32,100,0,21.84375,0,1.132
7.913,0,0,0,0,0,0,494,32,100,0,21.84375,0,1.132
8.023,0,0,0,0,0,0,494,32,100,0,21.84375,0,1.132
8.133,0,0,0,0,0,0,494,32,100,0,21.84375,0,1.133
8.243,0,0,0,0,0,0,494,32,100,0,21.84375,0,1.133
8.353,0,0,0,0,0,0,494,32,100,0,21.84375,0,1.133
8.463,0,0,0,0,0,0,493,32,100,0,21.84375,0,1.133
8.573,0,0,0,0,0,0,493,32,100,0,21.84375,0,1.133
8.683,0,0,0,0,0,0,493,32,100,0,21.84375,0,1.133
8.783,4.165527082,0,22.6779515,23.52374153,10.56476803,-0.797094566,493,32,100,0,21.84375,0,1.133
8.883,4.165487214,0,22.61859223,23.52374153,10.53563775,-0.844912472,493,32,100,0,21.84375,0,1.133
8.983,4.165527082,0,22.60869872,23.53362385,10.56153133,-0.805064217,493,32,100,0,21.84375,0,1.133
9.083,4.165487214,0,22.58891142,23.52374153,10.55505794,-0.928593807,493,32,100,0,21.84375,0,1.133
9.183,4.165487214,0,22.58891142,23.49409406,10.56800473,-0.836942821,493,32,100,0,21.84375,0,1.133
9.283,4.165527082,0,22.59880511,23.51385913,10.51945426,-0.741307009,493,32,100,0,21.84375,0,1.133
9.383,4.16556695,0,22.60869872,23.50397664,10.56153133,-0.884760726,493,32,100,0,21.84375,0,1.133
9.483,4.16556695,0,22.59880511,23.54350608,10.51945426,-0.789124915,493,32,100,0,21.84375,0,1.133
9.583,4.165527082,0,22.60869872,23.52374153,10.52269096,-0.74927666,495,32,100,0,21.84375,0,1.133
9.683,4.16556695,0,22.60869872,23.52374153,10.58095152,-0.745291835,495,32,100,0,21.84375,0,1.133
9.783,4.165487214,0,22.61859223,23.51385913,10.54858454,-0.777170439,495,32,100,0,21.84375,0,1.133
9.883,4.165487214,0,22.59880511,23.49409406,10.53887445,-0.844912472,495,32,100,0,21.84375,0,1.133
9.983,4.165527082,0,22.60869872,23.50397664,10.55505794,-0.821003519,495,32,100,0,21.84375,0,1.133
10.083,4.165527082,0,22.61859223,23.51385913,10.55829463,-0.848897297,495,32,100,0,21.84375,0,1.133
10.183,4.16556695,0,22.60869872,23.49409406,10.58418822,-0.801079391,495,32,100,0,21.84375,0,1.133
10.283,4.165527082,0,22.59880511,23.51385913,10.54858454,-0.809049042,495,32,100,0,21.84375,0,1.133
10.383,4.165527082,0,22.59880511,23.49409406,10.51621756,-0.805064217,495,32,100,0,21.84375,0,1.133
10.483,4.16556695,0,22.60869872,23.54350608,10.55182124,-0.805064217,495,32,100,0,21.84375,0,1.133
10.583,4.165527082,0,22.58891142,23.50397664,10.52592766,-0.793109741,495,32,100,0,21.84375,0,1.133
10.683,4.165487214,0,22.59880511,23.52374153,10.54858454,-0.836942821,498,32,100,0,21.84375,0,1.133
10.783,4.165527082,0,22.60869872,23.50397664,10.56153133,-0.876791076,498,32,100,0,21.84375,0,1.133
10.883,4.165527082,0,22.62848566,23.49409406,10.53563775,-0.920624156,498,32,100,0,21.84375,0,1.133
10.983,4.165527082,0,22.56912378,23.52374153,10.55829463,-0.74927666,498,32,100,0,21.84375,0,1.133
11.083,4.165527082,0,22.61859223,23.49409406,10.52592766,-0.876791076,498,32,100,0,21.84375,0,1.133
11.183,4.16556695,0,22.59880511,23.52374153,10.53240105,-0.840927646,498,32,100,0,21.84375,0,1.133
11.283,4.165527082,0,22.60869872,23.52374153,10.57124143,-0.896715203,498,32,100,0,21.84375,0,1.133
11.383,4.165527082,0,22.61859223,23.50397664,10.53240105,-0.813033868,498,32,100,0,21.84375,0,1.133
11.483,4.165606817,0,22.58891142,23.51385913,10.56800473,-0.737322184,498,32,100,0,21.84375,0,1.133
11.583,4.165527082,0,22.60869872,23.52374153,10.53887445,-0.892730377,498,32,100,0,21.84375,0,1.133
11.683,4.16556695,0,22.58891142,23.51385913,10.55829463,-0.78514009,498,32,100,0,21.84375,0,1.133
11.783,4.165527082,0,22.60869872,23.52374153,10.55829463,-0.900700028,500,32,100,0,21.84375,0,1.133
11.883,4.16556695,0,22.60869872,23.52374153,10.53563775,-0.805064217,500,32,100,0,21.84375,0,1.133
11.983,4.165606817,0,22.60869872,23.51385913,10.56800473,-0.840927646,500,32,100,0,21.84375,0,1.133
12.083,4.165527082,0,22.59880511,23.52374153,10.55505794,-0.793109741,500,32,100,0,21.84375,0,1.133
12.183,4.16556695,0,22.58891142,23.53362385,10.55829463,-0.87280625,500,32,100,0,21.84375,0,1.133
12.283,4.165527082,0,22.57901764,23.50397664,10.51945426,-0.896715203,500,32,100,0,21.84375,0,1.133
12.383,4.165606817,0,22.55922983,23.49409406,10.54534784,-0.773185613,500,32,100,0,21.84375,0,1.133
12.483,4.165527082,0,22.60869872,23.51385913,10.54211114,-0.721382882,500,32,100,0,21.84375,0,1.133
12.59,4.165527082,0,22.59880511,23.52374153,10.54534784,-0.793109741,500,32,100,0,21.84375,0,1.133
12.691,4.165487214,0,22.59880511,23.50397664,10.56476803,-0.793109741,500,32,100,0,21.84375,0,1.133
12.791,4.165606817,0,22.59880511,23.51385913,10.56153133,-0.777170439,501,32,100,0,21.84375,0,1.133
12.891,4.165487214,0,22.57901764,23.51385913,10.54534784,-0.78514009,501,32,100,0,21.84375,0,1.133
12.991,4.16556695,0,22.60869872,23.50397664,10.56800473,-0.884760726,501,32,100,0,21.84375,0,1.133
13.091,4.165487214,0,22.58891142,23.51385913,10.58418822,-0.745291835,501,32,100,0,21.84375,0,1.133
13.191,4.165527082,0,22.58891142,23.52374153,10.53887445,-0.864836599,501,32,100,0,21.84375,0,1.132
13.291,4.165527082,0,22.60869872,23.48421139,10.55182124,-0.868821425,501,32,100,0,21.84375,0,1.132
13.391,4.165606817,0,22.57901764,23.50397664,10.54211114,-0.805064217,501,32,100,0,21.84375,0,1.132
13.491,4.165527082,0,22.59880511,23.50397664,10.59389831,-0.805064217,501,32,100,0,21.84375,0,1.132
13.591,4.165527082,0,22.59880511,23.51385913,10.52592766,-0.884760726,501,32,100,0,21.84375,0,1.132
13.691,4.165527082,0,22.55922983,23.50397664,10.54534784,-0.765215962,501,32,100,0,21.84375,0,1.132
13.791,4.165527082,0,22.56912378,23.52374153,10.55182124,-0.805064217,501,32,100,0,21.84375,0,1.132
13.891,4.165527082,0,22.61859223,23.51385913,10.56476803,-0.737322184,502,32,100,0,21.84375,0,1.132
13.991,4.165527082,0,22.58891142,23.50397664,10.54534784,-0.848897297,502,32,100,0,21.84375,0,1.132
14.091,4.165527082,0,22.56912378,23.51385913,10.53240105,-0.888745552,502,32,100,0,21.84375,0,1.132
14.191,4.16556695,0,22.57901764,23.48421139,10.49356068,-0.848897297,502,32,100,0,21.84375,0,1.132
14.291,4.165606817,0,22.58891142,23.49409406,10.56800473,-0.856866948,502,32,100,0,21.84375,0,1.132
14.391,4.165447346,0,22.58891142,23.50397664,10.57124143,-0.832957995,502,32,100,0,21.84375,0,1.132
14.491,4.16556695,0,22.59880511,23.48421139,10.55829463,-0.777170439,502,32,100,0,21.84375,0,1.132
14.591,4.165447346,0,22.59880511,23.49409406,10.52269096,-0.920624156,502,32,100,0,21.84375,0,1.132
14.691,4.16556695,0,22.54933579,23.49409406,10.58418822,-0.884760726,502,32,100,0,21.84375,0,1.132
14.791,4.16556695,0,22.58891142,23.52374153,10.53563775,-0.809049042,502,32,100,0,21.84375,0,1.132
14.891,4.165527082,0,22.59880511,23.49409406,10.57124143,-0.817018693,502,32,100,0,21.84375,0,1.132
14.991,4.165487214,0,22.60869872,23.51385913,10.55829463,-0.82897317,503,32,100,0,21.84375,0,1.133
15.091,4.16556695,0,22.60869872,23.50397664,10.57771482,-0.852882123,503,32,100,0,21.84375,0,1.133
15.191,4.165606817,0,22.58891142,23.50397664,10.56476803,-0.789124915,503,32,100,0,21.84375,0,1.133
15.291,4.16556695,0,22.55922983,23.48421139,10.58742492,-0.832957995,503,32,100,0,21.84375,0,1.133
15.391,4.165527082,0,22.58891142,23.50397664,10.58095152,-0.840927646,503,32,100,0,21.84375,0,1.133
15.491,4.165606817,0,22.58891142,23.50397664,10.55182124,-0.832957995,503,32,100,0,21.84375,0,1.133
15.591,4.165606817,0,22.59880511,23.51385913,10.53563775,-0.789124915,503,32,100,0,21.84375,0,1.133
15.691,4.165527082,0,22.55922983,23.49409406,10.53887445,-0.844912472,503,32,100,0,21.84375,0,1.133
15.791,4.165606817,0,22.57901764,23.51385913,10.51621756,-0.844912472,503,32,100,0,21.84375,0,1.133
15.891,4.165606817,0,22.58891142,23.49409406,10.59066161,-0.805064217,503,32,100,0,21.875,0,1.133
15.991,4.16556695,0,22.58891142,23.49409406,10.54858454,-0.789124915,503,32,100,0,21.875,0,1.133
16.091,4.165487214,0,22.58891142,23.48421139,10.55182124,-0.82897317,499,32,100,0,21.875,0,1.133
16.191,4.16556695,0,22.57901764,23.48421139,10.60037171,-0.892730377,499,32,100,0,21.875,0,1.133
16.291,4.165487214,0,22.59880511,23.49409406,10.52592766,-0.868821425,499,32,100,0,21.875,0,1.133
16.391,4.16556695,0,22.57901764,23.49409406,10.52592766,-0.876791076,499,32,100,0,21.875,0,1.133
16.491,4.165527082,0,22.58891142,23.50397664,10.54858454,-0.813033868,499,32,100,0,21.875,0,1.133
16.591,4.16556695,0,22.55922983,23.53362385,10.54858454,-0.864836599,499,32,100,0,21.875,0,1.133
16.691,4.16556695,0,22.57901764,23.49409406,10.57447812,-0.789124915,499,32,100,0,21.875,0,1.132
16.791,4.16556695,0,22.56912378,23.51385913,10.55505794,-0.864836599,499,32,100,0,21.875,0,1.132
16.891,4.165527082,0,22.58891142,23.49409406,10.52592766,-0.793109741,499,32,100,0,21.875,0,1.132
16.991,4.16556695,0,22.54933579,23.52374153,10.55505794,-0.801079391,499,32,100,0,21.875,0,1.132
17.091,4.16556695,0,22.58891142,23.50397664,10.59389831,-0.892730377,499,32,100,0,21.875,0,1.132
17.191,4.165527082,0,22.57901764,23.51385913,10.53887445,-0.852882123,500,32,100,0,21.875,0,1.132
17.291,4.16556695,0,22.58891142,23.48421139,10.55829463,-0.868821425,500,32,100,0,21.875,0,1.132
17.391,4.165527082,0,22.58891142,23.49409406,10.52269096,-0.78514009,500,32,100,0,21.875,0,1.132
17.491,4.165606817,0,22.58891142,23.49409406,10.58418822,-0.797094566,500,32,100,0,21.875,0,1.132
17.591,4.16556695,0,22.57901764,23.47432864,10.55182124,-0.856866948,500,32,100,0,21.875,0,1.132
17.691,4.16556695,0,22.57901764,23.48421139,10.58095152,-0.813033868,500,32,100,0,21.875,0,1.132
17.791,4.16556695,0,22.59880511,23.49409406,10.55505794,-0.832957995,500,32,100,0,21.875,0,1.132
17.891,4.165606817,0,22.56912378,23.49409406,10.55829463,-0.896715203,500,32,100,0,21.875,0,1.132
17.991,4.165527082,0,22.57901764,23.48421139,10.50974417,-0.777170439,500,32,100,0,21.875,0,1.132
18.091,4.165527082,0,22.58891142,23.49409406,10.55505794,-0.78514009,500,32,100,0,21.875,0,1.132
18.191,4.165527082,0,22.56912378,23.50397664,10.57124143,-0.844912472,500,32,100,0,21.875,0,1.132
18.291,4.165527082,0,22.57901764,23.50397664,10.56153133,-0.824988344,501,32,100,0,21.875,0,1.132
18.391,4.165527082,0,22.58891142,23.50397664,10.56153133,-0.781155264,501,32,100,0,21.875,0,1.132
18.491,4.165527082,0,22.58891142,23.49409406,10.52269096,-0.844912472,501,32,100,0,21.875,0,1.133
18.591,4.165606817,0,22.58891142,23.48421139,10.54534784,-0.813033868,501,32,100,0,21.875,0,1.133
18.691,4.16556695,0,22.57901764,23.48421139,10.50650747,-0.892730377,501,32,100,0,21.875,0,1.133
18.791,4.165527082,0,22.59880511,23.48421139,10.54534784,-0.888745552,501,32,100,0,21.875,0,1.133
18.891,4.165606817,0,22.60869872,23.48421139,10.54534784,-0.824988344,501,32,100,0,21.875,0,1.133
18.991,4.165606817,0,22.58891142,23.48421139,10.54534784,-0.797094566,501,32,100,0,21.875,0,1.133
19.091,4.165606817,0,22.56912378,23.48421139,10.55182124,-0.876791076,501,32,100,0,21.875,0,1.133
19.191,4.165606817,0,22.55922983,23.49409406,10.53563775,-0.817018693,501,32,100,0,21.875,0,1.133
19.291,4.165646685,0,22.55922983,23.48421139,10.51945426,-0.793109741,501,32,100,0,21.875,0,1.133
19.391,4.165606817,0,22.56912378,23.50397664,10.52916435,-0.860851774,502,32,100,0,21.875,0,1.133
19.491,4.165527082,0,22.58891142,23.49409406,10.55182124,-0.888745552,502,32,100,0,21.875,0,1.133
19.591,4.165527082,0,22.59880511,23.47432864,10.54858454,-0.781155264,502,32,100,0,21.875,0,1.133
19.691,4.16556695,0,22.58891142,23.49409406,10.58418822,-0.777170439,502,32,100,0,21.875,0,1.133
19.791,4.16556695,0,22.57901764,23.48421139,10.50974417,-0.824988344,502,32,100,0,21.875,0,1.133
19.891,4.165606817,0,22.57901764,23.48421139,10.60037171,-0.844912472,502,32,100,0,21.875,0,1.133
19.991,4.165646685,0,22.56912378,23.46444579,10.59713501,-0.813033868,502,32,100,0,21.875,0,1.133
20.091,4.165606817,0,22.56912378,23.45456286,10.54534784,-0.781155264,502,32,100,0,21.875,0,1.133
20.191,4.165527082,0,22.57901764,23.49409406,10.57447812,-0.892730377,502,32,100,0,21.875,0,1.133
20.291,4.165606817,0,22.55922983,23.50397664,10.59066161,-0.813033868,502,32,100,0,21.875,0,1.133
20.391,4.165606817,0,22.55922983,23.48421139,10.55182124,-0.856866948,502,32,100,0,21.875,0,1.133
20.491,4.165527082,0,22.59880511,23.50397664,10.55829463,-0.761231137,504,32,100,0,21.875,0,1.133
20.591,4.165606817,0,22.58891142,23.47432864,10.57124143,-0.82897317,504,32,100,0,21.875,0,1.133
20.691,4.165606817,0,22.56912378,23.49409406,10.52592766,-0.817018693,504,32,100,0,21.875,0,1.133
20.791,4.16556695,0,22.59880511,23.47432864,10.56476803,-0.801079391,504,32,100,0,21.875,0,1.133
20.891,4.16556695,0,22.57901764,23.49409406,10.53887445,-0.789124915,504,32,100,0,21.875,0,1.133
20.991,4.165606817,0,22.55922983,23.48421139,10.57124143,-0.856866948,504,32,100,0,21.875,0,1.133
21.091,4.165606817,0,22.55922983,23.46444579,10.55505794,-0.880775901,504,32,100,0,21.875,0,1.133
21.191,4.16556695,0,22.54933579,23.48421139,10.52592766,-0.840927646,504,32,100,0,21.875,0,1.133
21.291,4.165726421,0,22.55922983,23.49409406,10.55182124,-0.864836599,504,32,100,0,21.875,0,1.133
21.391,4.165606817,0,22.59880511,23.48421139,10.56476803,-0.753261486,504,32,100,0,21.875,0,1.133
21.491,4.165686553,0,22.55922983,23.51385913,10.52269096,-0.805064217,504,32,100,0,21.875,0,1.133
21.591,4.16556695,0,22.57901764,23.49409406,10.53240105,-0.864836599,504,32,100,0,21.875,0,1.133
21.691,4.165646685,0,22.56912378,23.46444579,10.55829463,-0.78514009,504,32,100,0,21.875,0,1.133
21.791,4.165606817,0,22.55922983,23.47432864,10.54534784,-0.892730377,504,32,100,0,21.875,0,1.133
21.891,4.165487214,0,22.57901764,23.50397664,10.55505794,-0.856866948,504,32,100,0,21.875,0,1.132
21.991,4.165606817,0,22.54933579,23.47432864,10.56476803,-0.797094566,504,32,100,0,21.875,0,1.132
22.091,4.165646685,0,22.56912378,23.52374153,10.50974417,-0.844912472,504,32,100,0,21.875,0,1.132
22.191,4.165606817,0,22.56912378,23.49409406,10.55182124,-0.821003519,504,32,100,0,21.875,0,1.132
22.291,4.165606817,0,22.58891142,23.47432864,10.56476803,-0.832957995,504,32,100,0,21.875,0,1.132
22.391,4.165606817,0,22.56912378,23.47432864,10.54534784,-0.74927666,504,32,100,0,21.875,0,1.132
22.491,4.165606817,0,22.56912378,23.47432864,10.59713501,-0.960472411,504,32,100,0,21.875,0,1.132
22.591,4.165606817,0,22.54933579,23.45456286,10.49032398,-0.817018693,504,32,100,0,21.875,0,1.132
22.691,4.165606817,0,22.54933579,23.49409406,10.53887445,-0.789124915,505,32,100,0,21.875,0,1.132
22.791,4.165686553,0,22.55922983,23.49409406,10.56476803,-0.844912472,505,32,100,0,21.875,0,1.132
22.891,4.165606817,0,22.59880511,23.47432864,10.53240105,-0.912654505,505,32,100,0,21.875,0,1.132
22.991,4.165606817,0,22.55922983,23.46444579,10.57447812,-0.809049042,505,32,100,0,21.875,0,1.132
23.091,4.165646685,0,22.56912378,23.49409406,10.56800473,-0.860851774,505,32,100,0,21.875,0,1.132
23.191,4.165646685,0,22.55922983,23.45456286,10.52916435,-0.805064217,505,32,100,0,21.875,0,1.132
23.291,4.165646685,0,22.55922983,23.46444579,10.55829463,-0.777170439,505,32,100,0,21.875,0,1.132
23.391,4.165606817,0,22.57901764,23.44467984,10.52592766,-0.844912472,505,32,100,0,21.875,0,1.132
23.491,4.16556695,0,22.54933579,23.48421139,10.53240105,-0.821003519,505,32,100,0,21.875,0,1.132
23.591,4.16556695,0,22.57901764,23.49409406,10.58095152,-0.741307009,505,32,100,0,21.875,0,1.133
23.691,4.165686553,0,22.55922983,23.46444579,10.58742492,-0.844912472,505,32,100,0,21.875,0,1.133
23.791,4.16556695,0,22.56912378,23.47432864,10.54534784,-0.836942821,506,32,100,0,21.875,0,1.133
23.891,4.165606817,0,22.58891142,23.48421139,10.55829463,-0.753261486,506,32,100,0,21.875,0,1.133
23.991,4.165606817,0,22.60869872,23.48421139,10.56153133,-0.793109741,506,32,100,0,21.875,0,1.133
24.091,4.165606817,0,22.58891142,23.47432864,10.57124143,-0.821003519,506,32,100,0,21.875,0,1.133
24.191,4.16556695,0,22.54933579,23.47432864,10.50650747,-0.888745552,506,32,100,0,21.875,0,1.133
24.291,4.165606817,0,22.58891142,23.47432864,10.58742492,-0.797094566,506,32,100,0,21.875,0,1.133
24.391,4.165606817,0,22.54933579,23.47432864,10.51298086,-0.817018693,506,32,100,0,21.875,0,1.133
24.491,4.165646685,0,22.56912378,23.45456286,10.53563775,-0.860851774,506,32,100,0,21.875,0,1.133
24.591,4.165606817,0,22.54933579,23.46444579,10.54858454,-0.848897297,506,32,100,0,21.875,0,1.133
24.691,4.165646685,0,22.56912378,23.48421139,10.52269096,-0.840927646,506,32,100,0,21.875,0,1.133
24.791,4.16556695,0,22.57901764,23.44467984,10.51298086,-0.797094566,506,32,100,0,21.875,0,1.133
24.891,4.165646685,0,22.54933579,23.48421139,10.53563775,-0.817018693,507,32,100,0,21.875,0,1.133
24.991,4.165606817,0,22.55922983,23.48421139,10.52592766,-0.856866948,507,32,100,0,21.875,0,1.133
25.091,4.16556695,0,22.54933579,23.48421139,10.54858454,-0.753261486,507,32,100,0,21.875,0,1.133
25.191,4.165646685,0,22.55922983,23.48421139,10.54534784,-0.836942821,507,32,100,0,21.875,0,1.133
25.291,4.165646685,0,22.55922983,23.48421139,10.54211114,-0.789124915,507,32,100,0,21.875,0,1.133
25.391,4.165606817,0,22.56912378,23.48421139,10.53563775,-0.793109741,507,32,100,0,21.875,0,1.133
25.491,4.165646685,0,22.53944166,23.46444579,10.55829463,-0.809049042,507,32,100,0,21.875,0,1.133
25.591,4.165606817,0,22.54933579,23.47432864,10.56153133,-0.884760726,507,32,100,0,21.875,0,1.133
25.691,4.165606817,0,22.57901764,23.47432864,10.57447812,-0.876791076,507,32,100,0,21.875,0,1.133
25.791,4.16556695,0,22.54933579,23.48421139,10.51945426,-0.884760726,507,32,100,0,21.875,0,1.133
25.891,4.165606817,0,22.55922983,23.46444579,10.56476803,-0.852882123,507,32,100,0,21.875,0,1.133
25.991,4.165606817,0,22.57901764,23.50397664,10.56153133,-0.960472411,506,32,100,0,21.875,0,1.133
26.091,4.165646685,0,22.54933579,23.48421139,10.53240105,-0.836942821,506,32,100,0,21.875,0,1.133
26.191,4.165606817,0,22.55922983,23.49409406,10.56153133,-0.801079391,506,32,100,0,21.875,0,1.133
26.291,4.165527082,0,22.56912378,23.45456286,10.54858454,-0.78514009,506,32,100,0,21.875,0,1.133
26.391,4.165606817,0,22.56912378,23.46444579,10.55505794,-0.840927646,506,32,100,0,21.875,0,1.133
26.491,4.16556695,0,22.56912378,23.45456286,10.55829463,-0.87280625,506,32,100,0,21.875,0,1.133
26.591,4.165646685,0,22.56912378,23.46444579,10.56800473,-0.773185613,506,32,100,0,21.875,0,1.133
26.691,4.16556695,0,22.56912378,23.46444579,10.54211114,-0.789124915,506,32,100,0,21.875,0,1.133
26.791,4.165606817,0,22.55922983,23.49409406,10.54534784,-0.805064217,506,32,100,0,21.875,0,1.133
26.891,4.165646685,0,22.56912378,23.45456286,10.53887445,-0.832957995,506,32,100,0,21.875,0,1.133
26.991,4.165646685,0,22.55922983,23.49409406,10.57771482,-0.801079391,506,32,100,0,21.875,0,1.133
27.091,4.165646685,0,22.55922983,23.45456286,10.56800473,-0.82897317,505,32,100,0,21.875,0,1.133
27.191,4.165686553,0,22.55922983,23.46444579,10.51621756,-0.836942821,505,32,100,0,21.875,0,1.133
27.291,4.16556695,0,22.55922983,23.46444579,10.55182124,-0.848897297,505,32,100,0,21.875,0,1.133
27.391,4.165606817,0,22.52954745,23.46444579,10.52592766,-0.880775901,505,32,100,0,21.875,0,1.133
27.491,4.16556695,0,22.56912378,23.46444579,10.53563775,-0.809049042,505,32,100,0,21.875,0,1.133
27.591,4.165646685,0,22.55922983,23.46444579,10.52592766,-0.844912472,505,32,100,0,21.875,0,1.133
27.691,4.16556695,0,22.57901764,23.47432864,10.56476803,-0.809049042,505,32,100,0,21.875,0,1.133
27.791,4.165527082,0,22.55922983,23.47432864,10.51621756,-0.805064217,505,32,100,0,21.875,0,1.133
27.891,4.165686553,0,22.56912378,23.45456286,10.55829463,-0.824988344,505,32,100,0,21.875,0,1.133
27.991,4.165686553,0,22.54933579,23.46444579,10.58418822,-0.773185613,505,32,100,0,21.875,0,1.133
28.091,4.165606817,0,22.57901764,23.44467984,10.51298086,-0.908669679,505,32,100,0,21.875,0,1.133
28.191,4.165646685,0,22.53944166,23.46444579,10.52269096,-0.896715203,505,32,100,0,21.875,0,1.133
28.291,4.165606817,0,22.53944166,23.48421139,10.53887445,-0.852882123,504,32,100,0,21.875,0,1.133
28.391,4.165606817,0,22.55922983,23.46444579,10.56800473,-0.964457236,504,32,100,0,21.875,0,1.133
28.491,4.165646685,0,22.52954745,23.45456286,10.55829463,-0.757246311,504,32,100,0,21.875,0,1.133
28.591,4.165686553,0,22.54933579,23.47432864,10.55182124,-0.821003519,504,32,100,0,21.875,0,1.133
28.691,4.165686553,0,22.55922983,23.46444579,10.55505794,-0.78514009,504,32,100,0,21.875,0,1.133
28.791,4.165686553,0,22.54933579,23.47432864,10.57447812,-0.797094566,504,32,100,0,21.875,0,1.133
28.891,4.165646685,0,22.54933579,23.44467984,10.57124143,-0.876791076,504,32,100,0,21.875,0,1.133
28.991,4.16556695,0,22.54933579,23.46444579,10.55505794,-0.82897317,504,32,100,0,21.875,0,1.132
29.091,4.165646685,0,22.54933579,23.47432864,10.56476803,-0.960472411,504,32,100,0,21.875,0,1.132
29.191,4.165606817,0,22.54933579,23.47432864,10.57447812,-0.777170439,504,32,100,0,21.875,0,1.132
29.291,4.165606817,0,22.52954745,23.48421139,10.50650747,-0.836942821,504,32,100,0,21.875,0,1.132
29.391,4.165606817,0,22.55922983,23.45456286,10.56153133,-0.777170439,503,32,100,0,21.875,0,1.132
29.491,4.165646685,0,22.52954745,23.46444579,10.59713501,-0.908669679,503,31.6,100,0,21.875,0,1.132
29.591,4.165726421,0,22.55922983,23.45456286,10.55829463,-0.824988344,503,31.6,100,0,21.875,0,1.132
29.691,4.165646685,0,22.54933579,23.45456286,10.60037171,-0.860851774,503,31.6,100,0,21.875,0,1.132
29.791,4.165606817,0,22.52954745,23.49409406,10.51621756,-0.821003519,503,31.6,100,0,21.875,0,1.132
29.891,4.165646685,0,22.53944166,23.47432864,10.54534784,-0.78514009,503,31.6,100,0,21.875,0,1.132
29.991,4.165606817,0,22.55922983,23.44467984,10.56800473,-0.928593807,503,31.6,100,0,21.875,0,1.132
30.091,4.165606817,0,22.54933579,23.46444579,10.54858454,-0.968442061,503,31.6,100,0,21.875,0,1.132
30.191,4.165726421,0,22.57901764,23.44467984,10.53887445,-0.761231137,503,31.6,100,0,21.875,0,1.132
30.291,4.165646685,0,22.56912378,23.47432864,10.55505794,-0.74927666,503,31.6,100,0,21.875,0,1.132
30.391,4.165606817,0,22.55922983,23.45456286,10.52592766,-0.817018693,503,31.6,100,0,21.875,0,1.132
30.491,4.165646685,0,22.53944166,23.44467984,10.55182124,-0.789124915,502,31.6,100,0,21.875,0,1.132
30.591,4.165646685,0,22.55922983,23.47432864,10.54211114,-0.74927666,502,31.6,100,0,21.875,0,1.132
30.691,4.165606817,0,22.52954745,23.46444579,10.54534784,-0.932578632,502,31.6,100,0,21.875,0,1.132
30.791,4.165606817,0,22.53944166,23.45456286,10.53887445,-0.824988344,502,31.6,100,0,21.875,0,1.132
30.891,4.165646685,0,22.54933579,23.45456286,10.55505794,-0.773185613,502,31.6,100,0,21.875,0,1.132
30.991,4.165686553,0,22.54933579,23.44467984,10.57447812,-0.848897297,502,31.6,100,0,21.875,0,1.132
31.091,4.16556695,0,22.55922983,23.46444579,10.52916435,-0.860851774,502,31.6,100,0,21.875,0,1.132
31.191,4.165606817,0,22.56912378,23.47432864,10.53563775,-0.852882123,502,31.6,100,0,21.875,0,1.132
31.291,4.165646685,0,22.53944166,23.47432864,10.53887445,-0.773185613,502,31.6,100,0,21.875,0,1.132
31.391,4.165606817,0,22.55922983,23.45456286,10.59389831,-0.82897317,502,31.6,100,0,21.875,0,1.132
31.491,4.165686553,0,22.53944166,23.46444579,10.51298086,-0.813033868,502,31.6,100,0,21.875,0,1.132
31.591,4.165726421,0,22.52954745,23.44467984,10.57124143,-0.781155264,500,31.6,100,0,21.875,0,1.132
31.691,4.165646685,0,22.56912378,23.46444579,10.57447812,-0.805064217,500,31.6,100,0,21.875,0,1.132
31.791,4.165726421,0,22.52954745,23.46444579,10.54534784,-0.777170439,500,31.6,100,0,21.875,0,1.132
31.891,4.165646685,0,22.54933579,23.46444579,10.52592766,-0.781155264,500,31.6,100,0,21.875,0,1.132
31.991,4.165686553,0,22.55922983,23.46444579,10.60037171,-0.844912472,500,31.6,100,0,21.875,0,1.132
32.091,4.165606817,0,22.54933579,23.46444579,10.58095152,-0.95250276,500,31.6,100,0,21.875,0,1.132
32.191,4.165646685,0,22.52954745,23.45456286,10.49356068,-0.821003519,500,31.6,100,0,21.875,0,1.132
32.291,4.16556695,0,22.57901764,23.47432864,10.59066161,-0.844912472,500,31.6,100,0,21.875,0,1.133
32.391,4.165646685,0,22.53944166,23.43479673,10.55505794,-0.912654505,500,31.6,100,0,21.875,0,1.133
32.491,4.165606817,0,22.53944166,23.48421139,10.54534784,-0.868821425,500,31.6,100,0,21.875,0,1.133
32.591,4.16556695,0,22.53944166,23.46444579,10.56476803,-0.836942821,500,31.6,100,0,21.875,0,1.133
32.691,4.165606817,0,22.54933579,23.46444579,10.50974417,-0.852882123,498,31.6,100,0,21.875,0,1.133
32.791,4.165606817,0,22.54933579,23.44467984,10.54211114,-0.809049042,498,31.6,100,0,21.875,0,1.133
32.891,4.165606817,0,22.54933579,23.43479673,10.51945426,-0.848897297,498,31.6,100,0,21.875,0,1.133
32.991,4.165646685,0,22.53944166,23.47432864,10.57447812,-0.809049042,498,31.6,100,0,21.875,0,1.133
33.091,4.165646685,0,22.53944166,23.47432864,10.56476803,-0.809049042,498,31.6,100,0,21.875,0,1.133
33.191,4.165606817,0,22.51965315,23.45456286,10.54858454,-0.876791076,498,31.6,100,0,21.875,0,1.133
33.291,4.165646685,0,22.53944166,23.45456286,10.56476803,-0.848897297,498,31.6,100,0,21.875,0,1.133
33.391,4.165606817,0,22.51965315,23.44467984,10.51945426,-0.793109741,498,31.6,100,0,21.875,0,1.133
33.491,4.165606817,0,22.53944166,23.45456286,10.53240105,-0.904684854,498,31.6,100,0,21.875,0,1.133
33.591,4.165606817,0,22.50975876,23.44467984,10.53887445,-0.844912472,498,31.6,100,0,21.90625,0,1.133
33.691,4.165686553,0,22.53944166,23.46444579,10.53240105,-0.91663933,498,31.6,100,0,21.90625,0,1.133
33.791,4.165606817,0,22.54933579,23.46444579,10.55505794,-0.844912472,498,31.6,100,0,21.90625,0,1.133
33.891,4.165606817,0,22.54933579,23.46444579,10.55505794,-0.896715203,498,31.6,100,0,21.90625,0,1.133
33.991,4.165646685,0,22.53944166,23.46444579,10.57771482,-0.824988344,498,31.6,100,0,21.90625,0,1.133
34.091,4.165606817,0,22.52954745,23.44467984,10.56800473,-0.78514009,498,31.6,100,0,21.90625,0,1.132
34.191,4.165646685,0,22.53944166,23.46444579,10.50650747,-0.836942821,498,31.6,100,0,21.90625,0,1.132
34.291,4.165606817,0,22.51965315,23.45456286,10.56476803,-0.836942821,498,31.6,100,0,21.90625,0,1.132
34.391,4.165686553,0,22.54933579,23.44467984,10.52592766,-0.809049042,498,31.6,100,0,21.90625,0,1.132
34.491,4.165606817,0,22.53944166,23.44467984,10.50003407,-0.809049042,498,31.6,100,0,21.90625,0,1.132
34.591,4.165686553,0,22.52954745,23.45456286,10.51945426,-0.753261486,498,31.6,100,0,21.90625,0,1.132
34.691,4.165646685,0,22.55922983,23.42491354,10.55182124,-0.852882123,498,31.6,100,0,21.90625,0,1.132
34.791,4.165646685,0,22.52954745,23.44467984,10.55829463,-0.817018693,498,31.6,100,0,21.90625,0,1.132
34.891,4.16556695,0,22.53944166,23.46444579,10.54534784,-0.852882123,498,31.6,100,0,21.90625,0,1.132
34.991,4.165606817,0,22.53944166,23.45456286,10.49679737,-0.888745552,498,31.6,100,0,21.90625,0,1.132
35.091,4.165686553,0,22.52954745,23.45456286,10.55182124,-0.896715203,498,31.6,100,0,21.90625,0,1.132
35.191,4.165646685,0,22.56912378,23.46444579,10.53887445,-0.781155264,498,31.6,100,0,21.90625,0,1.132
35.291,4.165646685,0,22.52954745,23.45456286,10.57771482,-0.78514009,498,31.6,100,0,21.90625,0,1.132
35.391,4.165606817,0,22.53944166,23.43479673,10.51621756,-0.82897317,498,31.6,100,0,21.90625,0,1.132
35.491,4.165606817,0,22.53944166,23.43479673,10.52269096,-0.868821425,498,31.6,100,0,21.90625,0,1.132
35.591,4.165686553,0,22.55922983,23.46444579,10.53563775,-0.852882123,498,31.6,100,0,21.90625,0,1.132
35.691,4.165606817,0,22.53944166,23.44467984,10.56476803,-0.844912472,498,31.6,100,0,21.90625,0,1.132
35.791,4.165686553,0,22.53944166,23.46444579,10.54211114,-0.91663933,498,31.6,100,0,21.90625,0,1.133
35.891,4.165726421,0,22.54933579,23.45456286,10.53887445,-0.856866948,498,31.6,100,0,21.90625,0,1.133
35.991,4.165646685,0,22.52954745,23.46444579,10.56153133,-0.920624156,498,31.6,100,0,21.90625,0,1.133
36.091,4.165646685,0,22.54933579,23.45456286,10.54211114,-0.856866948,498,31.6,100,0,21.90625,0,1.133
36.191,4.16556695,0,22.51965315,23.43479673,10.56153133,-0.880775901,498,31.6,100,0,21.90625,0,1.133
36.291,4.165646685,0,22.53944166,23.45456286,10.53240105,-0.844912472,498,31.6,100,0,21.90625,0,1.133
36.391,4.165646685,0,22.52954745,23.46444579,10.55829463,-0.892730377,498,31.6,100,0,21.90625,0,1.133
36.491,4.165646685,0,22.53944166,23.45456286,10.54211114,-0.880775901,498,31.6,100,0,21.90625,0,1.133
36.591,4.165606817,0,22.53944166,23.44467984,10.57447812,-0.860851774,498,31.6,100,0,21.90625,0,1.133
36.691,4.165646685,0,22.51965315,23.43479673,10.57124143,-0.888745552,498,31.6,100,0,21.90625,0,1.133
36.791,4.165606817,0,22.52954745,23.42491354,10.54534784,-0.797094566,498,31.6,100,0,21.90625,0,1.133
36.891,4.165606817,0,22.52954745,23.43479673,10.55505794,-0.836942821,498,31.6,100,0,21.90625,0,1.133
36.991,4.165606817,0,22.53944166,23.45456286,10.59066161,-0.781155264,498,31.6,100,0,21.90625,0,1.133
37.091,4.165686553,0,22.53944166,23.46444579,10.54211114,-0.884760726,499,31.6,100,0,21.90625,0,1.133
37.191,4.165646685,0,22.56912378,23.44467984,10.56153133,-0.888745552,499,31.6,100,0,21.90625,0,1.133
37.291,4.165686553,0,22.53944166,23.43479673,10.52269096,-0.836942821,499,31.6,100,0,21.90625,0,1.133
37.391,4.165646685,0,22.52954745,23.44467984,10.56476803,-0.789124915,499,31.6,100,0,21.90625,0,1.133
37.491,4.165606817,0,22.51965315,23.42491354,10.56476803,-0.809049042,499,31.6,100,0,21.90625,0,1.133
37.591,4.165646685,0,22.54933579,23.44467984,10.58418822,-0.896715203,499,31.6,100,0,21.90625,0,1.132
37.691,4.16556695,0,22.51965315,23.43479673,10.56153133,-0.87280625,499,31.6,100,0,21.90625,0,1.132
37.791,4.16556695,0,22.50975876,23.44467984,10.56800473,-0.824988344,499,31.6,100,0,21.90625,0,1.132
37.891,4.165646685,0,22.51965315,23.42491354,10.54858454,-0.797094566,499,31.6,100,0,21.90625,0,1.132
37.991,4.165686553,0,22.49986429,23.45456286,10.56476803,-0.852882123,499,31.6,100,0,21.90625,0,1.132
38.091,4.165646685,0,22.53944166,23.43479673,10.54534784,-0.789124915,499,31.6,100,0,21.90625,0,1.132
38.191,4.165686553,0,22.51965315,23.45456286,10.58418822,-0.864836599,499,31.6,100,0,21.90625,0,1.132
38.291,4.165646685,0,22.52954745,23.42491354,10.55182124,-0.824988344,499,31.6,100,0,21.90625,0,1.132
38.391,4.165686553,0,22.53944166,23.43479673,10.50327077,-0.797094566,499,31.6,100,0,21.90625,0,1.132
38.491,4.165606817,0,22.53944166,23.43479673,10.56153133,-0.884760726,499,31.6,100,0,21.90625,0,1.132
38.591,4.165606817,0,22.52954745,23.44467984,10.53563775,-0.840927646,499,31.6,100,0,21.90625,0,1.132
38.691,4.165646685,0,22.52954745,23.42491354,10.57447812,-0.860851774,499,31.6,100,0,21.90625,0,1.132
38.791,4.165606817,0,22.52954745,23.44467984,10.57771482,-0.836942821,499,31.6,100,0,21.90625,0,1.132
38.891,4.165686553,0,22.51965315,23.45456286,10.54534784,-0.78514009,499,31.6,100,0,21.90625,0,1.132
38.991,4.165686553,0,22.52954745,23.41503025,10.55505794,-0.765215962,499,31.6,100,0,21.90625,0,1.132
39.091,4.165606817,0,22.52954745,23.42491354,10.55182124,-0.876791076,499,31.6,100,0,21.90625,0,1.132
39.191,4.165646685,0,22.53944166,23.46444579,10.53887445,-0.832957995,499,31.6,100,0,21.90625,0,1.132
39.291,4.165646685,0,22.51965315,23.45456286,10.55829463,-0.824988344,500,31.6,100,0,21.90625,0,1.133
39.391,4.165606817,0,22.52954745,23.42491354,10.55182124,-0.813033868,500,31.6,100,0,21.90625,0,1.133
39.491,4.165686553,0,22.50975876,23.42491354,10.51298086,-0.844912472,500,31.6,100,0,21.90625,0,1.133
39.591,4.165606817,0,22.50975876,23.44467984,10.58742492,-0.805064217,500,31.6,100,0,21.90625,0,1.133
39.691,4.165726421,0,22.51965315,23.41503025,10.53563775,-0.876791076,500,31.6,100,0,21.90625,0,1.133
39.791,4.165646685,0,22.52954745,23.44467984,10.53887445,-0.805064217,500,31.6,100,0,21.90625,0,1.133
39.891,4.165686553,0,22.51965315,23.41503025,10.54858454,-0.78514009,500,31.6,100,0,21.90625,0,1.133
39.991,4.165646685,0,22.52954745,23.43479673,10.55182124,-0.864836599,500,31.6,100,0,21.90625,0,1.133
40.091,4.165606817,0,22.52954745,23.47432864,10.54534784,-0.805064217,500,31.6,100,0,21.90625,0,1.133
40.191,4.165606817,0,22.52954745,23.42491354,10.58418822,-0.848897297,500,31.6,100,0,21.90625,0,1.133
40.291,4.165606817,0,22.52954745,23.44467984,10.56153133,-0.856866948,500,31.6,100,0,21.90625,0,1.133
40.391,4.165726421,0,22.53944166,23.42491354,10.58742492,-0.836942821,499,31.6,100,0,21.90625,0,1.133
40.491,4.165686553,0,22.50975876,23.43479673,10.54858454,-0.860851774,499,31.6,100,0,21.90625,0,1.133
40.591,4.165606817,0,22.51965315,23.44467984,10.57771482,-0.884760726,499,31.6,100,0,21.90625,0,1.133
40.691,4.165766289,0,22.51965315,23.40514688,10.54211114,-0.900700028,499,31.6,100,0,21.90625,0,1.133
40.791,4.165606817,0,22.51965315,23.42491354,10.55505794,-0.805064217,499,31.6,100,0,21.90625,0,1.133
40.891,4.165646685,0,22.50975876,23.41503025,10.53240105,-0.932578632,499,31.6,100,0,21.90625,0,1.133
40.991,4.165646685,0,22.54933579,23.44467984,10.57447812,-0.836942821,499,31.6,100,0,21.90625,0,1.133
41.091,4.165686553,0,22.49986429,23.40514688,10.6068451,-0.836942821,499,31.6,100,0,21.90625,0,1.133
41.191,4.165606817,0,22.52954745,23.47432864,10.57124143,-0.797094566,499,31.6,100,0,21.90625,0,1.133
41.291,4.165646685,0,22.50975876,23.42491354,10.52916435,-0.87280625,499,31.6,100,0,21.90625,0,1.133
41.391,4.165726421,0,22.50975876,23.45456286,10.6036084,-0.805064217,499,31.6,100,0,21.90625,0,1.133
41.491,4.165686553,0,22.52954745,23.42491354,10.56476803,-0.896715203,498,31.6,100,0,21.90625,0,1.133
41.591,4.165646685,0,22.50975876,23.41503025,10.52269096,-0.74927666,498,31.6,100,0,21.90625,0,1.133
41.691,4.165606817,0,22.51965315,23.42491354,10.56476803,-0.896715203,498,31.6,100,0,21.90625,0,1.133
41.791,4.165686553,0,22.53944166,23.41503025,10.50327077,-0.836942821,498,31.6,100,0,21.90625,0,1.133
41.891,4.165606817,0,22.51965315,23.42491354,10.58095152,-0.773185613,498,31.6,100,0,21.90625,0,1.133
41.991,4.165646685,0,22.51965315,23.46444579,10.58095152,-0.824988344,498,31.6,100,0,21.90625,0,1.133
42.091,4.165686553,0,22.53944166,23.42491354,10.55182124,-0.908669679,498,31.6,100,0,21.90625,0,1.133
42.191,4.165646685,0,22.52954745,23.42491354,10.58418822,-0.801079391,498,31.6,100,0,21.90625,0,1.133
42.291,4.165686553,0,22.51965315,23.42491354,10.55829463,-0.824988344,498,31.6,100,0,21.90625,0,1.133
42.391,4.165686553,0,22.53944166,23.45456286,10.55505794,-0.777170439,498,31.6,100,0,21.90625,0,1.133
42.491,4.165646685,0,22.50975876,23.44467984,10.55182124,-0.801079391,498,31.6,100,0,21.90625,0,1.133
42.591,4.165686553,0,22.51965315,23.43479673,10.55829463,-0.789124915,496,31.6,100,0,21.90625,0,1.133
42.691,4.165686553,0,22.51965315,23.41503025,10.56800473,-0.852882123,496,31.6,100,0,21.90625,0,1.132
42.791,4.165646685,0,22.52954745,23.43479673,10.6100818,-0.840927646,496,31.6,100,0,21.90625,0,1.132
42.891,4.165646685,0,22.52954745,23.41503025,10.55182124,-0.801079391,496,31.6,100,0,21.90625,0,1.132
42.991,4.165686553,0,22.51965315,23.43479673,10.57124143,-0.82897317,496,31.6,100,0,21.90625,0,1.132
43.091,4.165686553,0,22.51965315,23.41503025,10.56153133,-0.78514009,496,31.6,100,0,21.90625,0,1.132
43.191,4.165606817,0,22.52954745,23.42491354,10.57124143,-0.824988344,496,31.6,100,0,21.90625,0,1.132
43.291,4.165686553,0,22.52954745,23.43479673,10.51945426,-0.840927646,496,31.6,100,0,21.90625,0,1.132
43.391,4.165646685,0,22.50975876,23.40514688,10.56800473,-0.87280625,496,31.6,100,0,21.90625,0,1.132
43.491,4.165646685,0,22.51965315,23.40514688,10.54534784,-0.836942821,496,31.6,100,0,21.90625,0,1.132
43.591,4.165686553,0,22.49986429,23.39526342,10.58418822,-0.797094566,496,31.6,100,0,21.90625,0,1.132
43.691,4.165686553,0,22.53944166,23.40514688,10.58418822,-0.82897317,496,31.6,100,0,21.90625,0,1.132
43.791,4.165686553,0,22.52954745,23.40514688,10.58742492,-0.78514009,496,31.6,100,0,21.90625,0,1.132
43.891,4.165766289,0,22.49986429,23.41503025,10.57771482,-0.805064217,496,31.6,100,0,21.90625,0,1.132
43.991,4.165646685,0,22.53944166,23.41503025,10.55505794,-0.824988344,496,31.6,100,0,21.90625,0,1.132
44.091,4.165686553,0,22.52954745,23.42491354,10.57124143,-0.880775901,496,31.6,100,0,21.90625,0,1.132
44.191,4.165686553,0,22.48996973,23.40514688,10.52592766,-0.793109741,496,31.6,100,0,21.90625,0,1.132
44.291,4.165686553,0,22.51965315,23.40514688,10.56153133,-0.777170439,496,31.6,100,0,21.90625,0,1.132
44.391,4.165646685,0,22.48007508,23.40514688,10.55829463,-0.87280625,496,31.6,100,0,21.90625,0,1.132
44.491,4.165646685,0,22.53944166,23.41503025,10.54858454,-0.824988344,496,31.6,100,0,21.90625,0,1.133
44.591,4.165686553,0,22.52954745,23.43479673,10.55182124,-0.793109741,496,31.6,100,0,21.90625,0,1.133
44.691,4.165646685,0,22.52954745,23.42491354,10.50327077,-0.741307009,496,31.6,100,0,21.90625,0,1.133
44.791,4.165646685,0,22.53944166,23.41503025,10.55829463,-0.840927646,497,31.6,100,0,21.90625,0,1.133
44.891,4.165646685,0,22.51965315,23.40514688,10.53563775,-0.813033868,497,31.6,100,0,21.90625,0,1.133
44.991,4.165606817,0,22.52954745,23.43479673,10.54211114,-0.900700028,497,31.6,100,0,21.90625,0,1.133
45.091,4.165606817,0,22.51965315,23.43479673,10.54534784,-0.821003519,497,31.6,100,0,21.90625,0,1.133
45.191,4.165686553,0,22.50975876,23.41503025,10.59713501,-0.765215962,497,31.6,100,0,21.90625,0,1.133
45.291,4.165726421,0,22.49986429,23.41503025,10.55829463,-0.888745552,497,31.6,100,0,21.90625,0,1.133
45.391,4.165686553,0,22.51965315,23.44467984,10.55182124,-0.793109741,497,31.6,100,0,21.90625,0,1.133
45.491,4.16556695,0,22.52954745,23.40514688,10.55505794,-0.797094566,497,31.6,100,0,21.90625,0,1.133
45.591,4.165646685,0,22.49986429,23.40514688,10.55182124,-0.761231137,497,31.6,100,0,21.90625,0,1.133
45.691,4.165646685,0,22.50975876,23.41503025,10.57771482,-0.801079391,497,31.6,100,0,21.90625,0,1.133
45.791,4.165726421,0,22.51965315,23.40514688,10.56476803,-0.868821425,497,31.6,100,0,21.90625,0,1.133
45.891,4.165646685,0,22.48996973,23.41503025,10.55182124,-0.844912472,499,31.6,100,0,21.90625,0,1.133
45.991,4.165646685,0,22.50975876,23.40514688,10.57447812,-0.817018693,499,31.6,100,0,21.90625,0,1.133
46.091,4.165606817,0,22.50975876,23.40514688,10.54211114,-0.817018693,499,31.6,100,0,21.90625,0,1.132
46.191,4.165726421,0,22.52954745,23.40514688,10.54534784,-0.82897317,499,31.6,100,0,21.90625,0,1.132
46.291,4.165606817,0,22.50975876,23.42491354,10.57447812,-0.769200788,499,31.6,100,0,21.90625,0,1.132
46.391,4.165686553,0,22.49986429,23.42491354,10.54534784,-0.91663933,499,31.6,100,0,21.90625,0,1.132
46.491,4.165726421,0,22.50975876,23.45456286,10.57771482,-0.87280625,499,31.6,100,0,21.90625,0,1.132
46.591,4.165606817,0,22.50975876,23.41503025,10.52269096,-0.797094566,499,31.6,100,0,21.90625,0,1.132
46.691,4.165686553,0,22.52954745,23.42491354,10.57771482,-0.900700028,499,31.6,100,0,21.90625,0,1.132
46.791,4.165646685,0,22.52954745,23.41503025,10.56476803,-0.920624156,499,31.6,100,0,21.90625,0,1.132
46.891,4.165686553,0,22.50975876,23.41503025,10.52269096,-0.753261486,499,31.6,100,0,21.90625,0,1.132
46.991,4.165686553,0,22.51965315,23.39526342,10.56476803,-0.888745552,501,31.6,100,0,21.90625,0,1.132
47.091,4.165646685,0,22.49986429,23.38537987,10.56800473,-0.840927646,501,31.6,100,0,21.90625,0,1.132
47.191,4.165646685,0,22.51965315,23.41503025,10.56476803,-0.765215962,501,31.6,100,0,21.90625,0,1.132
47.291,4.165646685,0,22.53944166,23.41503025,10.57124143,-0.892730377,501,31.6,100,0,21.90625,0,1.132
47.391,4.165646685,0,22.51965315,23.41503025,10.54534784,-0.896715203,501,31.6,100,0,21.90625,0,1.132
47.491,4.165606817,0,22.50975876,23.41503025,10.49356068,-0.777170439,501,31.6,100,0,21.90625,0,1.132
47.591,4.165646685,0,22.49986429,23.42491354,10.55829463,-0.840927646,501,31.6,100,0,21.90625,0,1.132
47.691,4.165646685,0,22.50975876,23.38537987,10.57124143,-0.868821425,501,31.6,100,0,21.90625,0,1.132
47.791,4.16556695,0,22.52954745,23.39526342,10.57771482,-0.836942821,501,31.6,100,0,21.90625,0,1.132
47.891,4.165686553,0,22.53944166,23.40514688,10.53563775,-0.805064217,501,31.6,100,0,21.90625,0,1.132
47.991,4.165686553,0,22.50975876,23.41503025,10.54534784,-0.781155264,501,31.6,100,0,21.90625,0,1.132
48.091,4.165646685,0,22.51965315,23.42491354,10.6036084,-0.824988344,499,31.6,100,0,21.90625,0,1.132
48.191,4.165726421,0,22.51965315,23.40514688,10.55505794,-0.856866948,499,31.6,100,0,21.90625,0,1.132
48.291,4.165686553,0,22.51965315,23.40514688,10.53887445,-0.852882123,499,31.6,100,0,21.90625,0,1.132
48.391,4.165606817,0,22.49986429,23.40514688,10.59066161,-0.840927646,499,31.6,100,0,21.90625,0,1.132
48.491,4.165686553,0,22.52954745,23.40514688,10.54534784,-0.757246311,499,31.6,100,0,21.90625,0,1.132
48.591,4.165606817,0,22.51965315,23.41503025,10.51621756,-0.82897317,499,31.6,100,0,21.90625,0,1.132
48.691,4.165686553,0,22.50975876,23.41503025,10.58742492,-0.864836599,499,31.6,100,0,21.90625,0,1.132
48.791,4.165686553,0,22.52954745,23.41503025,10.51945426,-0.868821425,499,31.6,100,0,21.90625,0,1.132
48.891,4.165686553,0,22.52954745,23.41503025,10.52592766,-0.924608981,499,31.6,100,0,21.90625,0,1.132
48.991,4.165766289,0,22.51965315,23.40514688,10.55829463,-0.813033868,499,31.6,100,0,21.90625,0,1.132
49.091,4.165686553,0,22.49986429,23.39526342,10.56476803,-0.864836599,499,31.6,100,0,21.90625,0,1.132
49.191,4.165726421,0,22.50975876,23.41503025,10.53563775,-0.836942821,497,31.6,100,0,21.90625,0,1.132
49.291,4.165686553,0,22.52954745,23.42491354,10.56476803,-0.725367707,497,31.6,100,0,21.90625,0,1.132
49.391,4.165646685,0,22.50975876,23.40514688,10.51945426,-0.789124915,497,31.6,100,0,21.90625,0,1.132
49.491,4.165726421,0,22.51965315,23.43479673,10.54211114,-0.781155264,497,31.6,100,0,21.90625,0,1.132
49.591,4.165726421,0,22.53944166,23.42491354,10.53887445,-0.896715203,497,31.6,100,0,21.90625,0,1.132
49.691,4.165726421,0,22.50975876,23.42491354,10.53563775,-0.868821425,497,31.6,100,0,21.90625,0,1.133
49.791,4.165606817,0,22.54933579,23.41503025,10.55829463,-0.87280625,497,31.6,100,0,21.90625,0,1.133
49.891,4.165686553,0,22.53944166,23.42491354,10.57124143,-0.809049042,497,31.6,100,0,21.90625,0,1.133
49.991,4.165766289,0,22.51965315,23.40514688,10.55505794,-0.805064217,497,31.6,100,0,21.90625,0,1.133
50.091,4.165646685,0,22.53944166,23.43479673,10.56153133,-0.912654505,497,31.6,100,0,21.90625,0,1.133
50.191,4.165686553,0,22.51965315,23.41503025,10.55182124,-0.797094566,497,31.6,100,0,21.90625,0,1.133
50.291,4.165686553,0,22.50975876,23.43479673,10.56800473,-0.87280625,499,31.6,100,0,21.90625,0,1.133
50.391,4.165686553,0,22.53944166,23.42491354,10.56153133,-0.817018693,499,31.6,100,0,21.90625,0,1.133
50.491,4.165686553,0,22.52954745,23.40514688,10.55829463,-0.745291835,499,31.6,100,0,21.90625,0,1.133
50.591,4.165606817,0,22.54933579,23.44467984,10.56800473,-0.868821425,499,31.6,100,0,21.90625,0,1.133
50.691,4.165726421,0,22.54933579,23.41503025,10.53240105,-0.91663933,499,31.6,100,0,21.90625,0,1.133
50.791,4.165726421,0,22.54933579,23.43479673,10.54534784,-0.840927646,499,31.6,100,0,21.90625,0,1.133
50.891,4.165646685,0,22.53944166,23.41503025,10.57124143,-0.836942821,499,31.6,100,0,21.90625,0,1.133
50.991,4.165686553,0,22.56912378,23.43479673,10.55829463,-0.836942821,499,31.6,100,0,21.90625,0,1.133
51.091,4.165686553,0,22.53944166,23.42491354,10.54534784,-0.789124915,499,31.6,100,0,21.90625,0,1.133
51.191,4.165766289,0,22.53944166,23.42491354,10.56153133,-0.78514009,499,31.6,100,0,21.90625,0,1.133
51.291,4.165686553,0,22.53944166,23.42491354,10.52269096,-0.900700028,499,31.6,100,0,21.90625,0,1.133
51.391,4.165646685,0,22.54933579,23.42491354,10.58418822,-0.87280625,500,31.6,100,0,21.90625,0,1.132
51.492,4.165726421,0,22.54933579,23.41503025,10.53563775,-0.817018693,500,31.6,100,0,21.90625,0,1.132
51.592,4.165686553,0,22.48007508,23.41503025,10.54534784,-0.87280625,500,31.6,100,0,21.90625,0,1.132
51.692,4.165726421,0,22.44049563,23.39526342,10.57124143,-0.932578632,500,31.6,100,0,21.90625,0,1.132
51.792,4.165686553,0,22.47018035,23.39526342,10.51298086,-0.78514009,500,31.6,100,0,21.90625,0,1.132
51.892,4.165686553,0,22.47018035,23.37549623,10.51945426,-0.928593807,500,31.6,100,0,21.90625,0,1.132
51.992,4.165686553,0,22.48007508,23.43479673,10.49679737,-0.908669679,500,31.6,100,0,21.90625,0,1.132
52.092,4.165686553,0,22.45039062,23.36561251,10.54534784,-0.777170439,500,31.6,100,0,21.90625,0,1.132
52.192,4.165646685,0,22.45039062,23.41503025,10.56476803,-0.793109741,500,31.6,100,0,21.90625,0,1.132
52.292,4.165726421,0,22.48007508,23.40514688,10.57447812,-0.797094566,500,31.6,100,0,21.90625,0,1.132
52.392,4.165726421,0,22.44049563,23.38537987,10.51945426,-0.805064217,500,31.6,100,0,21.90625,0,1.132
52.492,4.165686553,0,22.47018035,23.37549623,10.51298086,-0.725367707,500,31.6,100,0,21.90625,0,1.132
52.592,4.165686553,0,22.43060054,23.38537987,10.53563775,-0.880775901,500,31.6,100,0,21.90625,0,1.132
52.692,4.165646685,0,22.47018035,23.38537987,10.58742492,-0.817018693,500,31.6,100,0,21.90625,0,1.132
52.792,4.165606817,0,22.41081012,23.38537987,10.52916435,-0.765215962,500,31.6,100,0,21.90625,0,1.132
52.892,4.165606817,0,22.53944166,23.36561251,10.4611937,-0.78514009,500,31.6,100,0,21.90625,0,1.132
52.992,4.165766289,0,22.47018035,23.33596081,10.52269096,-0.856866948,500,31.6,100,0,21.90625,0,1.133
53.092,4.165726421,0,22.39101935,23.40514688,10.50003407,-0.773185613,500,31.6,100,0,21.90625,0,1.133
53.192,4.165646685,0,22.50975876,23.41503025,10.51945426,-0.817018693,500,31.6,100,0,21.90625,0,1.133
53.292,4.165646685,0,22.48007508,23.38537987,10.51298086,-0.793109741,500,31.6,100,0,21.90625,0,1.133
53.392,4.165686553,0,22.42070538,23.39526342,10.52269096,-0.924608981,500,31.6,100,0,21.90625,0,1.133
53.492,4.165686553,0,22.42070538,23.42491354,10.51945426,-0.793109741,500,31.6,100,0,21.90625,0,1.133
53.592,4.165726421,0,22.48996973,23.38537987,10.56153133,-0.832957995,500,31.6,100,0,21.90625,0,1.133
53.692,4.165726421,0,22.45039062,23.3557287,10.56153133,-0.892730377,500,31.6,100,0,21.90625,0,1.133
53.792,4.165726421,0,22.45039062,23.3557287,10.53563775,-0.836942821,500,31.6,100,0,21.90625,0,1.133
53.892,4.165766289,0,22.48996973,23.37549623,10.55829463,-0.888745552,500,31.6,100,0,21.90625,0,1.133
53.992,4.165686553,0,22.47018035,23.37549623,10.53563775,-0.840927646,500,31.6,100,0,21.90625,0,1.133
54.092,4.165766289,0,22.46028553,23.37549623,10.53240105,-0.912654505,500,31.6,100,0,21.90625,0,1.133
54.192,4.165766289,0,22.45039062,23.40514688,10.52916435,-0.721382882,500,31.6,100,0,21.90625,0,1.133
54.292,4.165726421,0,22.47018035,23.37549623,10.53887445,-0.832957995,500,31.6,100,0,21.90625,0,1.133
54.392,4.165686553,0,22.44049563,23.33596081,10.52269096,-0.856866948,500,31.6,100,0,21.90625,0,1.133
54.492,4.165646685,0,22.45039062,23.38537987,10.50974417,-0.824988344,500,31.6,100,0,21.90625,0,1.133
54.592,4.165646685,0,22.47018035,23.36561251,10.57447812,-0.832957995,500,31.6,100,0,21.90625,0,1.133
54.692,4.165606817,0,22.45039062,23.39526342,10.56153133,-0.793109741,499,31.6,100,0,21.90625,0,1.133
54.792,4.165686553,0,22.47018035,23.37549623,10.58095152,-0.789124915,499,31.6,100,0,21.90625,0,1.133
54.892,4.165686553,0,22.44049563,23.36561251,10.53887445,-0.856866948,499,31.6,100,0,21.90625,0,1.133
54.992,4.165726421,0,22.52954745,23.3557287,10.55182124,-0.733337358,499,31.6,100,0,21.90625,0,1.133
55.092,4.165686553,0,22.49986429,23.37549623,10.53240105,-0.852882123,499,31.6,100,0,21.90625,0,1.133
55.192,4.165686553,0,22.48996973,23.40514688,10.59389831,-0.773185613,499,31.6,100,0,21.90625,0,1.133
55.292,4.165686553,0,22.54933579,23.39526342,10.56800473,-0.904684854,499,31.6,100,0,21.90625,0,1.133
55.392,4.165686553,0,22.48996973,23.37549623,10.54211114,-0.864836599,499,31.6,100,0,21.90625,0,1.133
55.492,4.165606817,0,22.39101935,23.38537987,10.58418822,-0.82897317,499,31.6,100,0,21.90625,0,1.133
55.592,4.165726421,0,22.55922983,23.3458448,10.53887445,-0.944533109,499,31.6,100,0,21.90625,0,1.133
55.692,4.165686553,0,22.47018035,23.38537987,10.52592766,-0.936563458,499,31.6,100,0,21.90625,0,1.133
55.792,4.165646685,0,22.45039062,23.38537987,10.54211114,-0.765215962,499,31.6,100,0,21.90625,0,1.133
55.892,4.165646685,0,22.51965315,23.40514688,10.51621756,-0.860851774,499,31.6,100,0,21.90625,0,1.133
55.992,4.165726421,0,22.55922983,23.38537987,10.54211114,-0.852882123,499,31.6,100,0,21.90625,0,1.133
56.092,4.165686553,0,22.37122823,23.36561251,10.49679737,-0.840927646,499,31.6,100,0,21.90625,0,1.133
56.192,4.165686553,0,22.41081012,23.37549623,10.55505794,-0.817018693,499,31.6,100,0,21.90625,0,1.133
56.292,4.165726421,0,22.51965315,23.37549623,10.55182124,-0.797094566,499,31.6,100,0,21.90625,0,1.133
56.392,4.165686553,0,22.47018035,23.3458448,10.54534784,-0.797094566,499,31.6,100,0,21.90625,0,1.133
56.492,4.165766289,0,22.43060054,23.37549623,10.53563775,-0.82897317,499,31.6,100,0,21.90625,0,1.132
56.592,4.165646685,0,22.44049563,23.3557287,10.51298086,-0.801079391,499,31.6,100,0,21.90625,0,1.132
56.692,4.165686553,0,22.52954745,23.37549623,10.51945426,-0.912654505,499,31.6,100,0,21.90625,0,1.132
56.792,4.165726421,0,22.49986429,23.37549623,10.55829463,-0.793109741,499,31.6,100,0,21.90625,0,1.132
56.892,4.165606817,0,22.45039062,23.37549623,10.54211114,-0.793109741,498,31.6,100,0,21.90625,0,1.132
56.992,4.165766289,0,22.46028553,23.37549623,10.55182124,-0.809049042,498,31.6,100,0,21.90625,0,1.132
57.092,4.165726421,0,22.49986429,23.36561251,10.51621756,-0.852882123,498,31.6,100,0,21.9375,0,1.132
57.192,4.165646685,0,22.46028553,23.37549623,10.51945426,-0.944533109,498,31.6,100,0,21.9375,0,1.132
57.292,4.165726421,0,22.45039062,23.36561251,10.52592766,-0.817018693,498,31.6,100,0,21.9375,0,1.132
57.392,4.165726421,0,22.50975876,23.37549623,10.49679737,-0.809049042,498,31.6,100,0,21.9375,0,1.132
57.492,4.165846025,0,22.46028553,23.38537987,10.54858454,-0.840927646,498,31.6,100,0,21.9375,0,1.132
57.592,4.165726421,0,22.40091478,23.38537987,10.53887445,-0.868821425,498,31.6,100,0,21.9375,0,1.132
57.692,4.165686553,0,22.48996973,23.38537987,10.50327077,-0.793109741,498,31.6,100,0,21.9375,0,1.132
57.792,4.165686553,0,22.48996973,23.40514688,10.53563775,-0.888745552,498,31.6,100,0,21.9375,0,1.132
57.892,4.165766289,0,22.46028553,23.36561251,10.52269096,-0.832957995,498,31.6,100,0,21.9375,0,1.132
57.992,4.165646685,0,22.46028553,23.38537987,10.52269096,-0.773185613,499,31.6,100,0,21.9375,0,1.132
58.092,4.165726421,0,22.48996973,23.40514688,10.54858454,-0.876791076,499,31.6,100,0,21.9375,0,1.132
58.192,4.165726421,0,22.48996973,23.3557287,10.51298086,-0.876791076,499,31.6,100,0,21.9375,0,1.132
58.292,4.165766289,0,22.47018035,23.37549623,10.59066161,-0.840927646,499,31.6,100,0,21.9375,0,1.132
58.392,4.165646685,0,22.48996973,23.40514688,10.55829463,-0.813033868,499,31.6,100,0,21.9375,0,1.132
58.492,4.165726421,0,22.47018035,23.39526342,10.53240105,-0.813033868,499,31.6,100,0,21.9375,0,1.132
58.592,4.165686553,0,22.47018035,23.39526342,10.54534784,-0.82897317,499,31.6,100,0,21.9375,0,1.132
58.692,4.165686553,0,22.47018035,23.36561251,10.48385058,-0.948517934,499,31.6,100,0,21.9375,0,1.132
58.792,4.165686553,0,22.50975876,23.40514688,10.47414049,-0.753261486,499,31.6,100,0,21.9375,0,1.132
58.892,4.165726421,0,22.47018035,23.36561251,10.53563775,-0.848897297,499,31.6,100,0,21.9375,0,1.132
58.992,1.494580984,0,22.50975876,23.32607673,10.54534784,-371.022556,499,31.6,100,0,21.9375,0,1.132
59.092,1.472335334,0,22.51965315,23.38537987,10.64568548,-372.0068341,497,31.6,100,0,21.9375,0,1.132
59.192,1.453119559,0,22.50975876,23.44467984,10.65863227,-372.2538999,497,31.6,100,0,21.9375,0,1.132
59.292,1.447019946,0,22.56912378,23.49409406,10.72660292,-371.8793163,497,31.6,100,0,21.9375,0,1.132
59.392,1.441717669,0,22.74720002,23.7016097,10.81075707,-371.4648834,497,31.6,100,0,21.9375,0,1.132
59.492,1.433584852,0,22.77687664,23.8399318,10.83988735,-370.7794752,497,31.6,100,0,21.9375,0,1.132
59.592,1.423618166,0,22.96481035,24.11652391,10.88843782,-369.751363,497,31.6,100,0,21.9375,0,1.132
59.692,1.411339209,0,23.19226675,24.37329706,10.94346168,-367.8306267,497,31.6,100,0,21.9375,0,1.132
59.792,1.398382518,0,23.39990375,24.68924282,10.97906536,-364.8379452,497,31.6,100,0,21.9375,0,1.132
59.892,1.3878577,0,23.5778474,25.04457234,11.03732592,-362.6621748,497,31.6,100,0,21.9375,0,1.132
59.992,1.377851149,0,23.86447417,25.39978555,11.05998281,-360.7374555,497,31.6,100,0,21.9375,0,1.132
60.092,1.366289796,0,24.13126657,25.79433004,11.11500667,-358.266802,497,31.6,100,0,21.9375,0,1.132
60.192,1.355525779,0,24.3881165,26.20844621,11.15708374,-355.5889334,498,31.6,100,0,21.9375,0,1.132
60.292,1.342569092,0,24.71403148,26.65196479,11.17974063,-351.8949109,498,31.6,100,0,21.9375,0,1.132
60.392,1.326981203,0,25.02997717,27.06574952,11.24447458,-347.1767662,498,31.6,100,0,21.9375,0,1.132
60.492,1.307964776,0,25.32609276,27.56798652,11.31244524,-342.574187,498,31.6,100,0,21.9375,0,1.132
60.592,1.286476616,0,25.69119037,28.03062232,11.3739425,-337.3021452,498,31.6,100,0,21.9375,0,1.132
60.692,1.259407117,0,26.07588915,28.5324031,11.3771792,-331.1374871,498,31.6,100,0,21.9375,0,1.132
60.792,1.226397484,0,26.4111552,29.04377784,11.43220306,-323.350977,498,31.6,100,0,21.9375,0,1.132
60.892,1.18186638,0,26.73646016,29.55490518,11.45162325,-311.786788,498,31.6,100,0,21.9375,0,1.132
60.992,1.139488086,0,27.17989821,30.08542942,11.50017372,-301.1232014,498,31.6,100,0,21.9375,0,1.132
61.092,1.091687931,0,27.59360724,30.60586983,11.53901409,-288.9214604,498,31.6,100,0,21.9375,0,1.132
61.192,1.039063919,0,27.96777667,31.13586596,11.56814437,-275.2094648,498,31.6,100,0,21.9375,0,1.132
61.292,0.985722318,0,28.33197274,31.68521067,11.65229852,-260.7642717,498,31.6,100,0,21.9375,0,1.132
61.392,0.938759392,0,28.8042567,32.2048633,11.70408569,-248.0843981,498,31.6,100,0,21.9375,0,1.132
61.492,0.900487404,0,29.14849747,32.76345045,11.66200861,-237.8392947,498,31.6,100,0,21.9375,0,1.132
61.592,0.872979416,0,29.55160831,33.27278228,11.6879022,-230.208273,498,31.6,100,0,21.9375,0,1.132
61.692,0.851212227,0,29.98404386,33.82102087,11.73645266,-224.3345814,498,31.6,100,0,21.9375,0,1.132
61.792,0.834029704,0,30.37701334,34.35919542,11.76234625,-219.5168814,498,31.6,100,0,21.9375,0,1.132
61.892,0.819518247,0,30.77965518,34.87754422,11.78823983,-215.7910354,498,31.6,100,0,21.9375,0,1.132
61.992,0.806162922,0,31.20177309,35.4542803,11.81737011,-212.252479,498,31.6,100,0,21.9375,0,1.132
62.092,0.793883998,0,31.57466708,36.0014062,11.840027,-208.9928637,498,31.6,100,0,21.9375,0,1.132
62.192,0.783159872,0,32.01608194,36.53849389,11.84650039,-206.0440682,498,31.6,100,0,21.9375,0,1.132
62.292,0.773552013,0,32.41809962,37.07531765,11.91770775,-203.3463195,498,31.6,100,0,21.9375,0,1.132
62.392,0.764302954,0,32.80036514,37.58261907,11.90152426,-200.823905,498,31.6,100,0,21.9375,0,1.132
62.492,0.755771495,0,33.2314738,38.11893481,11.96949491,-198.6481734,498,31.6,100,0,21.9375,0,1.132
62.592,0.747718435,0,33.64282362,38.65499242,11.95331142,-196.5640939,498,31.6,100,0,21.9375,0,1.132
62.692,0.740542441,0,34.06380307,39.20053356,11.9889151,-194.6433938,498,31.6,100,0,21.9375,0,1.132
62.792,0.734243513,0,34.4650477,39.70687199,11.9856784,-192.993664,498,31.6,100,0,21.9375,0,1.132
62.892,0.728502719,0,34.87592308,40.22271646,12.03746557,-191.2403282,498,31.6,100,0,21.9375,0,1.132
62.992,0.723001124,0,35.30619563,40.71887675,12.03422887,-189.7739021,498,31.6,100,0,21.9375,0,1.132
63.092,0.717858329,0,35.69720365,41.2342696,12.09248943,-188.5226582,498,31.6,100,0,21.9375,0,1.132
63.192,0.713034467,0,36.07830061,41.72999958,12.10543622,-187.1558537,498,31.6,100,0,21.9375,0,1.132
63.292,0.708569404,0,36.47879701,42.26437756,12.10219953,-185.8488222,498,31.6,100,0,21.9375,0,1.132
63.392,0.704184075,0,36.88890933,42.77909759,12.13456651,-184.7011848,498,31.6,100,0,21.9375,0,1.132
63.492,0.700237279,0,37.29886835,43.28389282,12.1442766,-183.6970021,498,31.6,100,0,21.9375,0,1.133
63.592,0.696290483,0,37.65989639,43.77877784,12.17017018,-182.629062,498,31.6,100,0,21.9375,0,1.133
63.692,0.692702487,0,38.05981704,44.25406885,12.22195735,-181.5810461,498,31.6,100,0,21.9375,0,1.133
63.792,0.689114491,0,38.44009603,44.77764958,12.23490414,-180.6127274,498,31.6,100,0,21.9375,0,1.133
63.892,0.685685961,0,38.82999153,45.26225331,12.20253716,-179.7001966,498,31.6,100,0,21.9375,0,1.133
63.992,0.682616231,0,39.22949424,45.75636025,12.20577386,-178.8713477,498,31.6,100,0,21.9375,0,1.133
64.092,0.679745834,0,39.62885599,46.24059614,12.27050782,-177.9707716,498,31.6,100,0,21.9375,0,1.133
64.192,0.676915303,0,39.99887112,46.69561519,12.26727112,-177.189741,498,31.6,100,0,21.9375,0,1.133
64.292,0.674363839,0,40.39796403,47.18918339,12.30934819,-176.4246499,498,31.6,100,0,21.9375,0,1.133
64.392,0.671772509,0,40.76773176,47.6825712,12.32876838,-175.679483,498,31.6,100,0,21.9375,0,1.133
64.492,0.668981845,0,41.11792943,48.12743521,12.34171517,-174.9980738,498,31.6,100,0,21.9375,0,1.133
64.592,0.666470248,0,41.53608366,48.61082152,12.37731885,-174.3525282,499,31.6,100,0,21.9375,0,1.133
64.692,0.66431745,0,41.90549174,49.05539056,12.36437206,-173.6392403,499,31.6,100,0,21.9375,0,1.133
64.792,0.662045053,0,42.28450152,49.51914146,12.40644913,-173.0574524,499,31.6,100,0,21.9375,0,1.133
64.892,0.659852388,0,42.64396385,49.99240124,12.41615922,-172.4278463,499,31.6,100,0,21.9375,0,1.133
64.992,0.657898924,0,42.99360803,50.47516311,12.43234271,-172.0014675,499,31.6,100,0,21.9375,0,1.133
65.092,0.656144793,0,43.39169128,50.90951613,12.48736658,-171.2363766,499,31.6,100,0,21.9375,0,1.133
65.192,0.654191328,0,43.74112104,51.41128141,12.46147299,-170.7342858,499,31.6,100,0,21.9375,0,1.133
65.292,0.652437197,0,44.11955834,51.82608034,12.51649686,-170.1724222,499,31.6,100,0,21.9375,0,1.133
65.392,0.650643199,0,44.44938416,52.27934079,12.52944365,-169.7699526,499,31.6,100,0,21.9375,0,1.133
65.492,0.649048534,0,44.83730361,52.71319394,12.55210054,-169.2758315,499,31.6,100,0,21.9375,0,1.133
65.592,0.647414002,0,45.18632953,53.17584407,12.56181063,-168.8614073,499,31.6,100,0,21.9375,0,1.133
65.692,0.645938937,0,45.56433344,53.60946214,12.59094091,-168.4230741,500,31.6,100,0,21.9375,0,1.133
65.792,0.644463872,0,45.91316184,54.04296974,12.6103611,-167.9369227,500,31.6,100,0,21.9375,0,1.133
65.892,0.643148274,0,46.26189684,54.4667391,12.62978129,-167.6539986,500,31.6,100,0,21.9375,0,1.133
65.992,0.641952275,0,46.63958877,54.89040692,12.6135978,-167.3471653,500,31.6,100,0,21.9375,0,1.133
66.092,0.64071641,0,46.97845165,55.34285132,12.63625468,-166.8171807,500,31.6,100,0,21.9375,0,1.133
66.192,0.639679878,0,47.3365851,55.76631562,12.68480515,-166.5342565,500,31.6,100,0,21.9375,0,1.133
66.292,0.638683212,0,47.69462398,56.19930558,12.68804185,-166.2672718,500,31.6,100,0,21.9375,0,1.133
66.392,0.63776628,0,48.04289635,56.61296047,12.74630241,-165.9166053,500,31.6,100,0,21.9375,0,1.133
66.492,0.636889215,0,48.42976301,57.01691144,12.73982901,-165.6575902,500,31.6,100,0,21.9375,0,1.133
66.592,0.635932416,0,48.73917943,57.45924078,12.75277581,-165.3746661,500,31.6,100,0,21.9375,0,1.133
66.692,0.63517495,0,49.09685794,57.84379763,12.80779967,-165.1833935,500,31.6,100,0,21.9375,0,1.133
66.792,0.634497217,0,49.46411051,58.28595117,12.83369325,-164.8885148,499,31.6,100,0,21.9375,0,1.133
66.892,0.633939085,0,49.81194821,58.6799681,12.82721986,-164.6534089,499,31.6,100,0,21.9375,0,1.132
66.992,0.633301219,0,50.16936219,59.09312988,12.80779967,-164.338606,499,31.6,100,0,21.9375,0,1.132
67.092,0.632743086,0,50.52669022,59.48700464,12.86929693,-164.2748485,499,31.6,100,0,21.9375,0,1.132
67.192,0.632264687,0,50.84531662,59.88081258,12.84664005,-164.0198183,499,31.6,100,0,21.9375,0,1.132
67.292,0.63186602,0,51.21213722,60.29376076,12.88548042,-163.8564396,499,31.6,100,0,21.9375,0,1.132
67.392,0.631427488,0,51.53062121,60.67783604,12.94697768,-163.6412579,499,31.6,100,0,21.9375,0,1.132
67.492,0.630988955,0,51.8779843,61.09065157,12.96963457,-163.5177277,499,31.6,100,0,21.9375,0,1.132
67.592,0.630829488,0,52.21562538,61.48420502,12.95992447,-163.4380308,499,31.6,100,0,21.9375,0,1.132
67.692,0.630510555,0,52.56283929,61.88729707,12.96639787,-163.2467581,499,31.6,100,0,21.9375,0,1.132
67.792,0.630311222,0,52.92926255,62.26154379,13.03436852,-163.1351824,499,31.6,100,0,21.9375,0,1.132
67.892,0.630072023,0,53.27632544,62.65492924,13.01818504,-162.9996977,495,31.6,100,0,21.9375,0,1.132
67.992,0.629952423,0,53.58476547,63.03866877,13.0667355,-162.9160159,495,31.6,100,0,21.9375,0,1.132
68.092,0.62975309,0,53.97023691,63.4127677,13.0699722,-162.8602281,495,31.6,100,0,21.9375,0,1.132
68.192,0.62963349,0,54.2881861,63.77723102,13.13794286,-162.5852737,495,31.6,100,0,21.9375,0,1.132
68.292,0.629474023,0,54.62534198,64.18960018,13.11204927,-162.4896374,495,31.6,100,0,21.9375,0,1.132
68.392,0.629354423,0,54.96243406,64.54438853,13.13794286,-162.3342284,495,31.6,100,0,21.9375,0,1.132
68.492,0.628995624,0,55.30909186,64.92790243,13.19296672,-162.1349861,495,31.6,100,0,21.9375,0,1.132
68.592,0.628676691,0,55.65568435,65.29220252,13.20591351,-162.035365,495,31.6,100,0,21.9375,0,1.132
68.692,0.628238158,0,55.99258775,65.65646685,13.18001993,-161.7843197,495,31.6,100,0,21.9375,0,1.132
68.792,0.627640159,0,56.32943153,66.02069675,13.20591351,-161.4695169,495,31.6,100,0,21.9375,0,1.132
68.892,0.62692256,0,56.67583831,66.35614238,13.26093738,-161.3539563,495,31.6,100,0,21.9375,0,1.132
68.992,0.626085361,0,57.00294438,66.72989289,13.27064747,-161.0351687,493,31.6,100,0,21.9375,0,1.132
69.092,0.625208295,0,57.3492339,67.07486486,13.25122729,-160.7203659,493,31.6,100,0,21.9375,0,1.132
69.192,0.62409203,0,57.68584805,67.44855497,13.28683096,-160.3457904,493,31.6,100,0,21.9375,0,1.132
69.292,0.622935898,0,58.02240784,67.78389291,13.3871686,-160.0110634,493,31.6,100,0,21.9375,0,1.132
69.392,0.621660166,0,58.35891431,68.12878842,13.40011539,-159.5288971,493,31.6,100,0,21.9375,0,1.132
69.492,0.620145234,0,58.69536852,68.46408169,13.37098511,-159.0507157,493,31.6,100,0,21.9375,0,1.132
69.592,0.618710036,0,59.02216071,68.80893346,13.40011539,-158.6203525,493,31.6,100,0,21.9375,0,1.132
69.692,0.617155238,0,59.36812439,69.15376473,13.44866586,-158.1023226,493,31.6,100,0,21.9375,0,1.132
69.792,0.615321374,0,59.69482015,69.47942089,13.47132274,-157.5045959,493,31.6,100,0,21.9375,0,1.132
69.892,0.613288176,0,60.03107726,69.80506071,13.52958331,-157.0064903,493,31.6,100,0,21.9375,0,1.132
69.992,0.611294845,0,60.36728737,70.12110815,13.51987321,-156.3171122,493,31.6,100,0,21.9375,0,1.132
70.092,0.608902848,0,60.72265955,70.42756534,13.55224019,-155.5759312,492,31.6,100,0,21.9375,0,1.132
70.192,0.606470984,0,61.0491736,70.72443425,13.5425301,-154.9782046,492,31.6,100,0,21.9375,0,1.132
70.292,0.603839788,0,61.40445079,71.04044434,13.62344755,-154.2091297,492,31.6,100,0,21.9375,0,1.132
70.392,0.601009258,0,61.73087968,71.36601881,13.62668425,-153.2487823,492,31.6,100,0,21.9375,0,1.132
70.492,0.597780062,0,62.07646747,71.63413072,13.61697415,-152.3601622,492,31.6,100,0,21.9375,0,1.132
70.592,0.5942718,0,62.41241448,71.94053591,13.65257783,-151.423724,492,31.6,100,0,21.9375,0,1.132
70.692,0.590524338,0,62.74832204,72.21820847,13.72378518,-150.0888016,492,31.6,100,0,21.9375,0,1.132
70.792,0.584943012,0,1326.731497,72.49587482,13.73673197,-150.0768471,492,31.6,100,0,21.9375,0,1.132
70.892,0.580916483,0,63.42961767,72.76396112,13.74644207,-147.7895474,492,31.6,100,0,21.9375,0,1.132
70.992,0.574059426,0,1326.731497,73.02246841,13.78851914,-147.8134564,492,31.6,100,0,21.9375,0,1.132
71.092,0.568079434,0,1326.731497,73.29054587,13.80470263,-146.2912467,492,31.6,100,0,21.9375,0,1.132
71.192,0.561860242,0,1326.731497,73.52989756,13.78528244,-144.494083,495,31.6,100,0,21.9375,0,1.132
71.292,0.554843718,0,1326.731497,73.80754225,13.8597265,-142.9957826,495,31.6,100,0,21.9375,0,1.132
71.392,0.547548128,0,1326.731497,74.0468887,13.8564898,-141.1069679,495,31.6,100,0,21.9375,0,1.132
71.492,0.540093071,0,1326.731497,74.27665955,13.94064394,-139.1344717,495,31.6,100,0,21.9375,0,1.132
71.592,0.532079883,0,1326.731497,74.52557639,13.92446046,-137.1500213,495,31.6,100,0,21.9375,0,1.132
71.692,0.523747761,0,1326.731497,74.74577101,13.97301092,-135.0699349,495,31.6,100,0,21.9375,0,1.132
71.792,0.51529604,0,1326.731497,74.98511221,13.97624762,-132.8742884,495,31.6,100,0,21.9375,0,1.132
71.892,0.506525386,0,1326.731497,75.23402655,13.97624762,-130.7942024,495,31.6,100,0,21.9375,0,1.132
71.992,0.497635132,0,1326.731497,75.43507265,14.02156139,-128.658329,495,31.6,100,0,21.9375,0,1.132
72.092,0.488904345,0,1326.731497,75.67441343,14.06040177,-126.3590774,495,31.6,100,0,21.9375,0,1.133
72.192,0.480213424,0,1326.731497,75.90418107,14.09600545,-123.9123871,495,31.6,100,0,21.9375,0,1.133
72.292,0.471442771,0,1326.731497,76.1052284,14.1704495,-121.4776515,497,31.6,100,0,21.9375,0,1.133
72.392,0.462552518,0,1249.841036,76.3158503,14.14455592,-119.0708102,497,31.6,100,0,21.9375,0,1.133
72.492,0.453622398,0,1326.731497,76.51689952,14.1672128,-116.9548621,497,31.6,100,0,21.9375,0,1.133
72.592,0.444811879,0,1307.175134,76.72752383,14.18986969,-114.6277179,497,31.6,100,0,21.9375,0,1.133
72.692,0.436360158,0,931.3476256,76.9285758,14.22547336,-112.2607256,497,31.6,100,0,21.9375,0,1.133
72.792,0.427788839,0,1080.046042,77.12005539,14.24489355,-110.2125204,497,31.6,100,0,21.9375,0,1.133
72.892,0.419177652,0,1326.731497,77.32111075,14.25460365,-108.3595722,497,31.6,100,0,21.9375,0,1.133
72.992,0.411004999,0,1326.731497,77.53174238,14.33875779,-106.2595645,497,31.6,100,0,21.9375,0,1.133
73.092,0.403310745,0,1326.731497,77.74237647,14.3322844,-104.1396327,497,31.6,100,0,21.9375,0,1.133
73.192,0.395656357,0,1326.731497,77.9242899,14.37112477,-102.262776,497,31.6,100,0,21.9375,0,1.133
73.292,0.38824117,0,1326.731497,78.1445038,14.38407156,-100.4735858,497,31.6,100,0,21.9375,0,1.133
73.392,0.381264514,0,1326.731497,78.31684749,14.43262203,-98.60469899,495,31.6,100,0,21.9375,0,1.133
73.492,0.374527059,0,1326.731497,78.51791794,14.45527892,-96.89520567,495,31.6,100,0,21.9375,0,1.133
73.592,0.368028803,0,1326.731497,78.70941661,14.45527892,-95.37698441,495,31.6,100,0,21.9375,0,1.133
73.692,0.362846145,0,1326.731497,78.90091836,14.46822571,-93.64756713,495,31.6,100,0,21.9375,0,1.133
73.792,0.356866155,0,1326.731497,79.12114943,14.54590646,-92.24490619,495,31.6,100,0,21.9375,0,1.132
73.892,0.351324698,0,1326.731497,79.30308287,14.57180004,-90.75457901,495,31.6,100,0,21.9375,0,1.132
73.992,0.346341373,0,1326.731497,79.48501958,14.58798353,-89.55514463,495,31.6,100,0,21.9375,0,1.132
74.092,0.341676981,0,1326.731497,79.71483925,14.61064042,-88.27202884,495,31.6,100,0,21.9375,0,1.132
74.192,0.337371389,0,1326.731497,79.86805552,14.60740372,-87.16823052,495,31.6,100,0,21.9375,0,1.132
74.292,0.333424596,0,1326.731497,80.05957957,14.63329731,-86.17999234,495,31.6,100,0,21.9375,0,1.132
74.392,0.329836602,0,1326.731497,80.27026096,14.60416702,-85.35513228,495,31.6,100,0,21.9375,0,1.132
74.492,0.326607407,0,1326.731497,80.44264064,14.67537438,-84.58207504,495,31.6,100,0,21.9375,0,1.132
74.592,0.323737012,0,1326.731497,80.662909,14.65271749,-83.83691164,495,31.6,100,0,21.9375,0,1.132
74.692,0.321225417,0,1326.731497,80.82572011,14.63006061,-83.21527801,495,31.6,100,0,21.9375,0,1.132
74.792,0.31919222,0,1326.731497,81.02684463,14.71097806,-82.65740169,495,31.6,100,0,21.9375,0,1.132
74.892,0.317358357,0,1326.731497,81.22797477,14.69155787,-82.18719166,495,31.6,100,0,21.9375,0,1.132
74.992,0.315843426,0,1326.731497,81.40995465,14.74658173,-81.75682994,495,31.6,100,0,21.9375,0,1.132
75.092,0.314647428,0,1326.731497,81.60151771,14.69479457,-81.4539828,495,31.6,100,0,21.9375,0,1.132
75.192,0.31381023,0,1326.731497,81.80266492,14.76276522,-81.30255924,495,31.6,100,0,21.9375,0,1.132
75.292,0.31333183,0,1326.731497,82.00381847,14.71421475,-81.08339355,495,31.6,100,0,21.9375,0,1.132
75.392,0.313172364,0,1326.731497,82.17624097,14.72068815,-80.90407618,495,31.6,100,0,21.9375,0,1.132
75.492,0.313132497,0,1326.731497,82.38698626,14.78542211,-80.92798516,495,31.6,100,0,21.9375,0,1.132
75.592,0.313411564,0,1326.731497,82.58815924,14.82426248,-80.85227338,494,31.6,100,0,21.9375,0,1.133
75.692,0.31381023,0,1326.731497,82.78933927,14.76600192,-80.9718183,494,31.6,100,0,21.9375,0,1.133
75.792,0.314448095,0,1326.731497,83.00010705,14.8048423,-81.10730254,494,31.6,100,0,21.9375,0,1.133
75.892,0.315245427,0,1326.731497,83.20130207,14.7951322,-81.22684746,494,31.6,100,0,21.9375,0,1.133
75.992,0.316202225,0,1326.731497,83.39292343,14.82102579,-81.60142154,494,31.6,100,0,21.9375,0,1.133
76.092,0.317398223,0,1326.731497,83.60371506,14.7918955,-81.92817766,494,31.6,100,0,21.9375,0,1.133
76.192,0.318753688,0,1326.731497,83.7857694,14.81455239,-82.18320682,494,31.6,100,0,21.9375,0,1.133
76.292,0.320667284,0,1318.12056,83.98699507,14.77571202,-82.31869107,494,31.6,100,0,21.9375,0,1.133
76.392,0.322022749,0,1326.731497,84.21697742,14.81778909,-82.92438536,494,31.6,100,0,21.9375,0,1.133
76.492,0.323657279,0,1326.731497,84.39905463,14.8048423,-83.36271675,494,31.6,100,0,21.9375,0,1.133
76.592,0.325451276,0,1326.731497,84.61947336,14.84368267,-83.95645657,494,31.6,100,0,21.9375,0,1.133
76.692,0.327564206,0,1326.731497,84.81115042,14.81131569,-84.33103068,494,31.6,100,0,21.9375,0,1.133
76.792,0.329517669,0,1326.731497,85.04117368,14.86633956,-84.86101321,494,31.6,100,0,21.9375,0,1.133
76.892,0.331670465,0,1326.731497,85.23286889,14.84691937,-85.29137498,494,31.6,100,0,21.9375,0,1.133
76.992,0.333982728,0,1326.731497,85.46291434,14.88252305,-86.04052325,494,31.6,100,0,21.9375,0,1.133
77.092,0.336215257,0,1326.731497,85.67380029,14.86957626,-86.56652098,494,31.6,100,0,21.9375,0,1.133
77.192,0.338607253,0,1326.731497,85.86552404,14.92460012,-87.09251872,494,31.6,100,0,21.9375,0,1.133
77.292,0.341158716,0,1326.731497,86.06684364,14.90841663,-87.64242546,494,31.6,100,0,21.9375,0,1.133
77.392,0.343510845,0,1326.731497,86.30652293,14.89546984,-88.25608951,494,31.6,100,0,21.9375,0,1.132
77.492,0.346062307,0,1326.731497,86.49827681,14.89546984,-88.9733592,494,31.6,100,0,21.9375,0,1.132
77.592,0.348534036,0,1326.731497,86.69962854,14.88899644,-89.8022042,494,31.6,100,0,21.9375,0,1.132
77.692,0.351205098,0,1326.731497,86.92016875,14.93107352,-90.30429301,494,31.6,100,0,21.9375,0,1.132
77.792,0.353796427,0,1326.731497,87.15031142,14.89870654,-90.99366893,494,31.6,100,0,21.9375,0,1.132
77.892,0.356268156,0,1326.731497,87.33251781,14.9537304,-91.64718137,490,31.6,100,0,21.9375,0,1.132
77.992,0.358859485,0,1326.731497,87.57227689,14.92136342,-92.44414779,490,31.6,100,0,21.9375,0,1.132
78.092,0.361610281,0,1326.731497,87.77368685,14.9569671,-93.13352376,490,31.6,100,0,21.9375,0,1.132
78.192,0.36420161,0,1326.731497,87.99429183,14.9504937,-93.66749129,490,31.6,100,0,21.9375,0,1.132
78.292,0.366912538,0,1326.731497,88.18613355,14.9537304,-94.38874595,490,31.6,100,0,21.9375,0,1.132
78.392,0.369583601,0,1326.731497,88.4259507,14.92460012,-95.08609164,490,31.6,100,0,21.9375,0,1.132
78.492,0.37217493,0,1326.731497,88.65619108,14.94725701,-95.56427154,490,31.6,100,0,21.9375,0,1.132
78.592,0.374965592,0,1326.731497,88.84807013,14.9504937,-96.2177841,490,31.6,100,0,21.9375,0,1.132
78.692,0.377716387,0,1326.731497,89.0687448,14.99257078,-96.8752815,490,31.6,100,0,21.9375,0,1.132
78.792,0.380467182,0,1326.731497,89.28943438,14.9569671,-97.34150694,490,31.6,100,0,21.9375,0,1.132
78.892,0.383377444,0,1279.513324,89.49094674,14.9504937,-97.84758072,490,31.6,100,0,21.9375,0,1.132
78.992,0.386566772,0,394.1301624,89.7116654,15.00228087,-97.80374756,491,31.6,100,0,21.9375,0,1.132
79.092,0.389397301,0,146.2617194,89.92280207,14.99580748,-98.34568485,491,31.6,100,0,21.9375,0,1.132
79.192,0.39198863,0,85.49623782,90.14355121,15.04112125,-98.75612265,491,31.6,100,0,21.96875,0,1.132
79.292,0.394659692,0,85.66883537,90.3547174,15.01846436,-99.30602962,491,31.6,100,0,21.96875,0,1.132
79.392,0.396971955,0,303.3360756,90.57549777,15.01199097,-100.1468294,491,31.6,100,0,21.96875,0,1.132
79.492,0.399403818,0,376.0089294,90.79629439,14.99904417,-100.6648578,491,31.6,100,0,21.96875,0,1.132
79.592,0.401915414,0,319.4247366,90.99790565,15.04112125,-101.1948406,491,31.6,100,0,21.96875,0,1.132
79.692,0.40430741,0,259.5495367,91.23793712,15.03788455,-101.7487325,491,31.6,100,0,21.96875,0,1.132
79.792,0.406819006,0,180.9813795,91.4395789,15.03788455,-102.16714,491,31.6,100,0,21.96875,0,1.132
79.892,0.407496738,0,1326.731497,91.670044,15.06701483,-103.6574678,491,31.6,100,0,21.96875,0,1.132
79.992,0.409410335,0,1326.731497,91.9101317,15.03788455,-104.5500706,491,31.6,100,0,21.96875,0,1.132
80.092,0.411523265,0,1326.731497,92.09261208,15.07672493,-105.0481749,492,31.6,100,0,21.96875,0,1.132
80.192,0.413636195,0,1326.731497,92.31352539,15.06377813,-105.5223701,492,31.6,100,0,21.96875,0,1.132
80.292,0.415709258,0,1326.731497,92.51524432,15.1155653,-105.9049142,492,31.6,100,0,21.96875,0,1.132
80.392,0.417782321,0,1326.731497,92.7265849,15.09614511,-106.4827152,492,31.6,100,0,21.96875,0,1.132
80.492,0.419855385,0,1326.731497,92.97637233,15.13498549,-106.9489408,492,31.6,100,0,21.96875,0,1.132
80.592,0.421928448,0,1326.731497,93.14931574,15.1123286,-107.3673484,492,31.6,100,0,21.96875,0,1.132
80.692,0.423802178,0,1326.731497,93.37031539,15.14469558,-107.8295892,492,31.6,100,0,21.96875,0,1.132
80.792,0.425755642,0,1326.731497,93.61055346,15.14793228,-108.2838603,492,31.6,100,0,21.96875,0,1.132
80.892,0.427509773,0,1326.731497,93.79314919,15.13174879,-108.7461012,492,31.6,100,0,21.96875,0,1.133
80.992,0.429463236,0,1326.731497,94.00459195,15.16087907,-109.1166908,492,31.6,100,0,21.96875,0,1.133
81.092,0.4311775,0,1326.731497,94.22566438,15.21913964,-109.3478112,492,31.6,100,0,21.96875,0,1.133
81.192,0.432931631,0,1326.731497,94.44675604,15.20942954,-109.7741885,494,31.6,100,0,21.96875,0,1.133
81.292,0.434606028,0,1326.731497,94.65825316,15.22237633,-110.2603384,494,31.6,100,0,21.96875,0,1.133
81.392,0.436320292,0,1326.731497,94.8889977,15.33566076,-110.4715347,494,31.6,100,0,21.96875,0,1.133
81.492,0.438034556,0,1326.731497,95.08130122,15.36155435,-110.6827309,494,31.6,100,0,21.96875,0,1.133
81.592,0.43974882,0,1326.731497,95.28323609,15.31624057,-110.9855784,494,31.6,100,0,21.96875,0,1.133
81.692,0.441383351,0,1326.731497,95.50442199,15.36479104,-111.3003803,494,31.6,100,0,21.96875,0,1.133
81.792,0.443017881,0,1326.731497,95.69677396,15.45218189,-111.647061,494,31.6,100,0,21.96875,0,1.133
81.892,0.444492946,0,1326.731497,95.89876007,15.52338925,-111.8383331,494,31.6,100,0,21.96875,0,1.133
81.992,0.44608761,0,1326.731497,96.07190459,15.54604613,-112.0455445,494,31.6,100,0,21.96875,0,1.133
82.092,0.448399873,0,1326.731497,96.27392247,15.55899292,-112.0893777,494,31.6,100,0,21.96875,0,1.133
82.192,0.450034404,0,1326.731497,96.48557878,15.5945966,-112.3045588,494,31.6,100,0,21.96875,0,1.133
82.292,0.451509468,0,1326.731497,96.6972542,15.61401679,-112.5396641,494,31.6,100,0,21.96875,0,1.133
82.392,0.453024399,0,1326.731497,96.92819478,15.71111773,-112.5635731,494,31.6,100,0,21.96875,0,1.133
82.492,0.453462932,0,1326.731497,97.1302867,15.76937829,-112.9819808,494,31.6,100,0,21.96875,0,1.133
82.592,0.455256929,0,1326.731497,97.32277172,15.77261499,-112.9899505,494,31.6,100,0,21.96875,0,1.132
82.692,0.457329992,0,1326.731497,97.51527296,15.79203518,-113.1652833,494,31.6,100,0,21.96875,0,1.132
82.792,0.459403056,0,1326.731497,97.71741683,15.86971593,-113.5000094,494,31.6,100,0,21.96875,0,1.132
82.892,0.460917987,0,1326.731497,97.8906974,15.9085563,-113.6474483,494,31.6,100,0,21.96875,0,1.132
82.992,0.462193718,0,1326.731497,98.12175898,16.02507743,-113.631509,494,31.6,100,0,21.96875,0,1.132
83.092,0.463270117,0,1326.731497,98.33358645,16.14483526,-113.5199336,494,31.6,100,0,21.96875,0,1.132
83.192,0.464466115,0,1326.731497,98.50691487,16.16101875,-113.6514332,494,31.6,100,0,21.96875,0,1.132
83.292,0.465383047,0,1326.731497,98.7284099,16.26135639,-113.6594029,494,31.6,100,0,21.96875,0,1.132
83.392,0.466459445,0,1326.731497,98.91140093,16.38111421,-113.535873,495,31.6,100,0,21.96875,0,1.132
83.492,0.467057444,0,1326.731497,99.12330444,16.42319129,-113.5996303,495,31.6,100,0,21.96875,0,1.132
83.592,0.467655443,0,1326.731497,99.37376255,16.53971241,-113.6952664,495,31.6,100,0,21.96875,0,1.132
83.692,0.468054109,0,1326.731497,99.56644243,16.63033996,-113.6753422,495,31.6,100,0,21.96875,0,1.132
83.792,0.46781491,0,1326.731497,99.73023393,16.84719872,-113.8068418,495,31.6,100,0,21.96875,0,1.132
83.892,0.46769531,0,1326.731497,99.95185419,16.99608683,-113.5677516,495,31.6,100,0,21.96875,0,1.132
83.992,0.46745611,0,1326.731497,100.1156753,17.11260796,-113.6076,495,31.6,100,0,21.96875,0,1.132
84.092,0.466977711,0,1326.731497,100.3084223,17.35536031,-113.4721156,495,31.6,100,0,21.96875,0,1.132
84.192,0.466977711,0,1326.731497,100.5108256,17.43627776,-113.2768586,495,31.6,100,0,21.96875,0,1.132
84.292,0.466897978,0,1326.731497,100.7228882,17.62724295,-113.1652833,495,31.6,100,0,21.96875,0,1.132
84.392,0.466818245,0,1326.731497,100.877129,17.55279889,-112.3643313,495,31.6,100,0,21.96875,0,1.132
84.492,0.468612242,0,789.0609883,101.0506637,17.80202464,-111.5673643,495,31.6,100,0,21.96875,0,1.132
84.592,0.469130508,0,1215.637656,101.2338549,18.00917331,-111.7387122,495,31.6,100,0,21.96875,0,1.132
84.692,0.471482638,0,98.52521337,101.4170624,18.09980086,-110.7863366,495,31.6,100,0,21.96875,0,1.132
84.792,0.471881304,0,98.75641328,101.5809988,18.30047614,-110.6628067,495,31.6,100,0,21.96875,0,1.132
84.892,0.471681971,0,98.99727246,101.7545928,18.53999179,-110.2165052,495,31.6,100,0,21.96875,0,1.132
84.992,0.475349698,0,99.23815829,101.9571379,18.89926528,-109.7542644,495,31.6,100,0,21.96875,0,1.132
85.092,0.475668631,0,99.46943391,102.1114715,19.18733141,-109.4035989,495,31.6,100,0,21.96875,0,1.132
85.192,0.475349698,0,99.71037247,102.2754638,19.45597735,-108.845722,495,31.6,100,0,21.96875,0,1.132
85.292,0.475269965,0,99.94169903,102.4298218,19.78612055,-108.076649,495,31.6,100,0,21.96875,0,1.132
85.392,0.47638623,0,100.182691,102.5648947,20.18747112,-107.4311058,495,31.6,100,0,21.96875,0,1.132
85.492,0.472877969,0,100.4237104,102.7289241,20.63089876,-106.9051076,495,31.6,100,0,21.96875,0,1.132
85.592,0.467296644,0,100.6647575,102.8157686,20.92220159,-106.3073825,494,31.6,100,0,21.96875,0,1.132
85.692,0.464147182,0,100.8961889,102.9026169,21.37533933,-105.8292024,494,31.6,100,0,21.96875,0,1.132
85.792,0.463389717,0,101.1372908,103.0377218,21.76374311,-105.0999777,494,31.6,100,0,21.96875,0,1.132
85.892,0.460439588,0,101.3591293,103.1535333,22.11330651,-104.7851758,494,31.6,100,0,21.96875,0,1.132
85.992,0.462074119,0,101.5906385,103.2596998,22.45963322,-104.1117389,494,31.6,100,0,21.96875,0,1.132
86.092,0.460001055,0,101.812526,103.3851767,22.84480031,-103.4024384,494,31.6,100,0,21.96875,0,1.132
86.192,0.455815061,0,102.0344378,103.4913557,23.13610314,-102.8644859,494,31.6,100,0,21.96875,0,1.132
86.292,0.451350002,0,102.2660238,103.6071938,23.55040052,-102.2986395,494,31.6,100,0,21.96875,0,1.132
86.392,0.446805209,0,102.5169387,103.7326929,24.05856214,-101.7407628,494,31.6,100,0,21.96875,0,1.132
86.492,0.443934813,0,102.7292758,103.829236,24.55701367,-101.0952198,494,31.6,100,0,21.96875,0,1.132
86.592,0.442100949,0,102.9802488,103.8775094,24.5052265,-100.0432238,494,31.6,100,0,21.96875,0,1.132
86.692,0.436838558,0,103.2022898,103.9644045,24.95512756,-99.17851496,496,31.6,100,0,21.96875,0,1.132
86.792,0.432293765,0,103.4436669,104.0223367,25.35000475,-98.68838049,496,31.6,100,0,21.96875,0,1.132
86.892,0.429861902,0,103.6947305,104.0899265,25.85492969,-98.13847353,496,31.6,100,0,21.96875,0,1.132
86.992,0.428187505,0,103.9168521,104.1478624,26.26275368,-97.49691543,496,31.6,100,0,21.96875,0,1.132
87.092,0.427629372,0,104.1679764,104.2058001,26.73531164,-96.89520567,496,31.6,100,0,21.96875,0,1.132
87.192,0.424798843,0,104.3901519,104.2058001,27.23376319,-96.40905607,496,31.6,100,0,21.96875,0,1.132
87.292,0.422327114,0,104.6509991,104.2637395,27.66100738,-95.87110366,496,31.6,100,0,21.96875,0,1.132
87.392,0.420572984,0,104.8539047,104.2540828,28.2468498,-95.45269623,496,31.6,100,0,21.96875,0,1.132
87.492,0.419058053,0,105.0761592,104.2733962,28.59641323,-94.86692585,496,31.6,100,0,21.96875,0,1.132
87.592,0.41674579,0,105.3177695,104.2927098,29.09810149,-94.64776006,496,31.6,100,0,21.96875,0,1.132
87.692,0.413436862,0,105.5207458,104.283053,29.55771268,-94.24130715,496,31.6,100,0,21.96875,0,1.132
87.792,0.410765799,0,105.7334108,104.3313376,29.98172019,-93.83086942,498,31.6,100,0,21.96875,0,1.132
87.892,0.409211002,0,105.9267634,104.3313376,30.3992543,-93.50012833,498,31.6,100,0,21.96875,0,1.132
87.992,0.405742608,0,106.1491433,104.3216806,30.90094257,-93.11758443,498,31.6,100,0,21.96875,0,1.132
88.092,0.403988477,0,106.313528,104.3216806,31.32171339,-92.79481302,498,31.6,100,0,21.96875,0,1.132
88.192,0.403231012,0,106.5166113,104.3506518,31.81045488,-92.21302753,498,31.6,100,0,21.96875,0,1.132
88.292,0.402712746,0,106.7293888,104.3506518,32.25064589,-91.87033197,498,31.6,100,0,21.96875,0,1.132
88.392,0.400759282,0,106.922844,104.3313376,32.67465342,-91.47184876,498,31.6,100,0,21.96875,0,1.132
88.492,0.396573289,0,107.106645,104.3506518,33.13750133,-91.29651616,498,31.6,100,0,21.96875,0,1.132
88.592,0.395377291,0,107.2711139,104.3506518,33.48706479,-90.63104922,498,31.6,100,0,21.96875,0,1.132
88.692,0.394819159,0,107.4452734,104.360309,32.99508659,-89.51529631,498,31.6,100,0,21.96875,0,1.132
88.792,0.388360769,0,107.6484802,104.3699662,33.01450678,-88.52705806,498,31.6,100,0,21.96875,0,1.132
88.892,0.383616644,0,107.8226753,104.3892807,33.44822441,-88.06083277,499,31.6,100,0,21.96875,0,1.132
88.992,0.37990905,0,107.9968869,104.4085955,33.80102457,-87.6225013,499,31.6,100,0,21.96875,0,1.132
89.092,0.37815492,0,108.1614352,104.418253,34.17971832,-87.07657939,499,31.6,100,0,21.96875,0,1.132
89.192,0.376719722,0,108.3163178,104.466541,34.52928179,-86.81756535,499,31.6,100,0,21.96875,0,1.132
89.292,0.374008793,0,108.4808948,104.4761987,34.69759013,-86.39517323,499,31.6,100,0,21.96875,0,1.132
89.392,0.370739732,0,108.6261222,104.5051722,34.81734798,-85.6779036,499,31.6,100,0,21.96875,0,1.132
89.492,0.365796274,0,108.7616781,104.5438043,34.95976273,-84.97258848,499,31.6,100,0,21.96875,0,1.132
89.592,0.362846145,0,108.8972442,104.5534624,35.08923068,-84.24734923,499,31.6,100,0,21.96875,0,1.132
89.692,0.358739886,0,109.0328204,104.5631206,34.97270953,-83.47030719,499,31.6,100,0,21.96875,0,1.132
89.792,0.355670157,0,109.1684067,104.5727788,34.93063244,-82.45816015,499,31.6,100,0,21.96875,0,1.132
89.892,0.350846299,0,109.2846316,104.6017538,34.87237186,-81.83254172,499,31.6,100,0,21.96875,0,1.132
89.992,0.347736704,0,109.4105504,104.6500464,35.18309495,-81.16309017,500,31.6,100,0,21.96875,0,1.132
90.092,0.346341373,0,109.5364779,104.6790225,35.38053358,-80.86422787,500,31.6,100,0,21.96875,0,1.132
90.192,0.343949377,0,109.6527265,104.717658,35.45497765,-80.20673083,500,31.6,100,0,21.96875,0,1.132
90.292,0.342434447,0,109.7496061,104.727317,35.62975939,-79.56915795,500,31.6,100,0,21.96875,0,1.132
90.392,0.342354713,0,109.8658684,104.7756128,35.73009705,-78.83196433,500,31.6,100,0,21.96875,0,1.132
90.492,0.345304842,0,109.9724489,104.8142502,35.97608617,-78.25416393,500,31.6,100,0,21.96875,0,1.132
90.592,0.346421107,0,110.040276,104.7659535,36.36449003,-77.84372642,500,31.6,100,0,21.96875,0,1.132
90.692,0.346221774,0,110.117796,104.7949314,36.70758012,-77.40937993,500,31.6,100,0,21.96875,0,1.132
90.792,0.346341373,0,110.1953193,104.8335692,36.85323157,-76.93120031,500,31.6,100,0,21.96875,0,1.132
90.892,0.346022441,0,110.2534639,104.8239097,37.20926845,-76.50880832,500,31.6,100,0,21.96875,0,1.132
90.992,0.34438791,0,110.3019193,104.8625481,37.42936398,-76.13423429,500,31.6,100,0,21.96875,0,1.132
91.092,0.342952712,0,110.3213018,104.8818676,37.58796223,-75.72379681,502,31.6,100,0,21.96875,0,1.132
91.192,0.342793246,0,110.3503759,104.8818676,37.73037699,-75.2177234,502,31.6,100,0,21.96875,0,1.132
91.292,0.341318182,0,110.3988339,104.8722079,37.92134223,-74.86705837,502,31.6,100,0,21.96875,0,1.132
91.392,0.338607253,0,110.4279093,104.8915275,38.06699368,-74.66781688,502,31.6,100,0,21.96875,0,1.132
91.492,0.336334857,0,110.4569851,104.8625481,38.15438455,-74.14181934,502,31.6,100,0,21.96875,0,1.132
91.592,0.335098993,0,110.4376012,104.8722079,38.3388764,-73.78318466,502,31.6,100,0,21.96875,0,1.132
91.692,0.332228598,0,110.4860615,104.8722079,38.54602514,-73.37673203,502,31.6,100,0,21.96875,0,1.132
91.792,0.330514334,0,110.4666772,104.8625481,38.70138669,-72.99020355,502,31.6,100,0,21.96875,0,1.132
91.892,0.3305542,0,110.4763693,104.8528885,39.0088731,-72.65547786,502,31.6,100,0,21.96875,0,1.132
91.992,0.329836602,0,110.4957537,104.8915275,39.22249524,-72.45225155,502,31.6,100,0,21.96875,0,1.132
92.092,0.329876468,0,110.5248307,104.8528885,39.32283291,-72.1494045,502,31.6,100,0,21.96875,0,1.132
92.192,0.329238603,0,110.5248307,104.8528885,39.51379816,-71.63934632,504,31.6,100,0,21.96875,0,1.132
92.292,0.329238603,0,110.5248307,104.8528885,39.82128458,-71.3524386,504,31.6,100,0,21.96875,0,1.132
92.392,0.328521004,0,110.5442156,104.8528885,40.03814342,-71.14124264,504,31.6,100,0,21.96875,0,1.132
92.492,0.328879803,0,110.5248307,104.8528885,40.12877099,-70.6750176,504,31.6,100,0,21.96875,0,1.132
92.592,0.326089142,0,110.5248307,104.8818676,40.35857663,-70.52359408,504,31.6,100,0,21.96875,0,1.132
92.692,0.323099147,0,110.505446,104.8722079,40.53659509,-70.16495944,504,31.6,100,0,21.96875,0,1.132
92.792,0.322182215,0,110.5248307,104.8915275,40.67900985,-69.94977865,504,31.6,100,0,21.96875,0,1.132
92.892,0.320946351,0,110.5151383,104.8818676,40.9120522,-69.72662821,504,31.6,100,0,21.96875,0,1.133
92.992,0.319989552,0,110.505446,104.8722079,41.2972194,-69.43573567,504,31.6,100,0,21.96875,0,1.133
93.092,0.318474621,0,110.505446,104.8722079,41.60470583,-69.17672177,504,31.6,100,0,21.96875,0,1.133
93.192,0.318075956,0,110.4957537,104.8625481,41.77301419,-68.93364719,504,31.6,100,0,21.96875,0,1.133
93.292,0.316879958,0,110.5151383,104.8528885,42.15170801,-68.68260295,505,31.6,100,0,21.96875,0,1.133
93.392,0.31719889,0,110.505446,104.8722079,42.36856686,-68.42358905,505,31.6,100,0,21.96875,0,1.133
93.492,0.320826751,0,110.4957537,104.9108473,42.95764614,-67.88962195,505,31.6,100,0,21.96875,0,1.133
93.592,0.318833421,0,110.4666772,104.8915275,43.02561683,-67.70631981,505,31.6,100,0,21.96875,0,1.133
93.692,0.31767729,0,110.4860615,104.9011873,43.00295993,-67.35167003,505,31.6,100,0,21.96875,0,1.133
93.792,0.314248762,0,110.4957537,104.9011873,42.98030304,-67.11258028,505,31.6,100,0,21.96875,0,1.133
93.892,0.312893298,0,110.4860615,104.9301673,42.97706634,-66.81770294,505,31.6,100,0,21.96875,0,1.133
93.992,0.310860101,0,110.4860615,104.9301673,43.06122052,-66.54673457,505,31.6,100,0,21.96875,0,1.133
94.092,0.308986371,0,110.5345231,104.9398273,43.23600229,-66.30764483,505,31.6,100,0,21.96875,0,1.133
94.192,0.30783024,0,110.5151383,104.9205072,43.49170154,-66.12035787,505,31.6,100,0,21.96875,0,1.133
94.292,0.306993042,0,110.5248307,104.9591476,43.67943011,-65.77766258,505,31.6,100,0,21.96875,0,1.133
94.392,0.305996377,0,110.5345231,104.9591476,43.83155498,-65.78563224,505,31.6,100,0,21.96875,0,1.133
94.492,0.304122647,0,110.5345231,104.9784681,43.99986335,-65.47880042,505,31.6,100,0,21.96875,0,1.133
94.592,0.303125982,0,110.5345231,104.9688078,44.33324339,-65.14805963,505,31.6,100,0,21.96875,0,1.133
94.692,0.303325315,0,110.5345231,104.9881284,44.49507837,-64.86912161,505,31.6,100,0,21.96875,0,1.132
94.792,0.301810384,0,110.5636007,105.0074492,44.63425644,-64.64995603,505,31.6,100,0,21.96875,0,1.132
94.892,0.299936654,0,110.5345231,105.0074492,44.84140521,-64.31124558,505,31.6,100,0,21.96875,0,1.132
94.992,0.298182524,0,110.5636007,105.0267701,45.00324019,-64.04824689,505,31.6,100,0,21.96875,0,1.132
95.092,0.297903458,0,110.5539081,105.0460913,45.33662024,-63.76532405,505,31.6,100,0,21.96875,0,1.132
95.192,0.295152663,0,110.582986,105.0364307,45.5858461,-63.50631019,505,31.6,100,0,21.96875,0,1.132
95.292,0.293478265,0,110.5539081,105.0654127,45.66029019,-63.36285636,505,31.6,100,0,21.96875,0,1.132
95.392,0.291923468,0,110.5732934,105.0943951,45.80270498,-63.1596301,505,31.6,100,0,21.96875,0,1.132
95.492,0.291126136,0,110.5636007,105.0943951,46.11666484,-63.04008524,504,31.6,100,0,21.96875,0,1.132
95.592,0.290687604,0,110.5732934,105.1137169,46.34970721,-62.87272244,504,31.6,100,0,21.96875,0,1.132
95.692,0.288534808,0,110.5732934,105.1137169,46.62806338,-62.74122309,504,31.6,100,0,21.96875,0,1.132
95.792,0.286222545,0,110.6120644,105.1137169,46.78018826,-62.66551135,504,31.6,100,0,21.96875,0,1.132
95.892,0.284986681,0,110.5926788,105.1620224,47.00675724,-62.55393615,504,31.6,100,0,21.96875,0,1.132
95.992,0.286541478,0,110.582986,105.1523612,47.32395381,-62.05981741,504,31.6,100,0,21.96875,0,1.132
96.092,0.283272417,0,110.6217573,105.2006676,47.52462919,-61.89643944,504,31.6,100,0,21.96875,0,1.132
96.192,0.281558153,0,110.6023716,105.2006676,47.55375949,-61.63742559,504,31.6,100,0,21.96875,0,1.132
96.292,0.279764157,0,110.6217573,105.2393136,47.68646418,-61.3863814,504,31.6,100,0,21.96875,0,1.132
96.392,0.279365491,0,110.6411433,105.2296521,47.92274326,-61.04368615,504,31.6,100,0,21.96875,0,1.133
96.492,0.279325624,0,110.6799159,105.2489753,48.03602775,-60.69700608,504,31.6,100,0,21.96875,0,1.133
96.592,0.279086424,0,110.6605295,105.258637,48.23670314,-60.46588604,504,31.6,100,0,21.96875,0,1.133
96.692,0.278488426,0,110.6896091,105.3166081,48.45032533,-60.3901743,504,31.6,100,0,21.96875,0,1.133
96.792,0.277770827,0,110.6896091,105.3552564,48.66071081,-60.35032602,504,31.6,100,0,21.96875,0,1.133
96.892,0.277252561,0,110.7186893,105.3552564,48.68336771,-60.1231908,504,31.6,100,0,21.96875,0,1.133
96.992,0.276495096,0,110.6993025,105.403568,49.14297909,-59.90801007,504,31.6,100,0,21.96875,0,1.133
97.092,0.276734295,0,110.7380763,105.4132305,49.36307468,-59.62907209,504,31.6,100,0,21.96875,0,1.133
97.192,0.277053228,0,110.7380763,105.4422181,49.63495747,-59.3620886,504,31.6,100,0,21.96875,0,1.133
97.292,0.276375496,0,110.7962386,105.4615435,49.87447327,-59.11502924,504,31.6,100,0,21.96875,0,1.133
97.392,0.274541633,0,110.7574635,105.4808691,49.90360357,-58.84804575,504,31.6,100,0,21.96875,0,1.133
97.492,0.272588169,0,110.776851,105.5098578,50.05249176,-58.72451608,504,31.6,100,0,21.96875,0,1.133
97.592,0.27059484,0,110.7962386,105.5485101,50.17224966,-58.69662228,504,31.6,100,0,21.96875,0,1.133
97.692,0.269638041,0,110.8253205,105.5774998,50.48297286,-58.29415464,503,31.6,100,0,21.96875,0,1.133
97.792,0.268681243,0,110.8640971,105.60649,50.74838226,-58.09889806,503,31.6,100,0,21.96875,0,1.133
97.892,0.267564979,0,110.8640971,105.6161535,50.93934756,-57.91958079,503,31.6,100,0,21.96875,0,1.133
97.992,0.266129781,0,110.8834857,105.6451443,51.03321186,-57.7083849,503,31.6,100,0,21.96875,0,1.133
98.092,0.26509325,0,110.9319581,105.6837993,51.11412936,-57.60079454,503,31.6,100,0,21.96875,0,1.133
98.192,0.264256051,0,110.9319581,105.7417834,51.31480477,-57.37365934,503,31.6,100,0,21.96875,0,1.133
98.292,0.262581654,0,110.970737,105.7611118,51.44427277,-57.21426622,503,31.6,100,0,21.96875,0,1.133
98.392,0.262222855,0,110.9901267,105.8190982,51.22094047,-56.70819306,503,31.6,100,0,21.96875,0,1.133
98.492,0.263976985,0,111.0192118,105.8384274,50.67070146,-56.1024992,503,31.6,100,0,21.96875,0,1.133
98.592,0.263259386,0,111.0579926,105.9157462,50.55741696,-55.92716677,503,31.6,100,0,21.96875,0,1.133
98.692,0.26110659,0,111.0870787,105.9157462,50.65128126,-55.74784951,503,31.6,100,0,21.96875,0,1.133
98.792,0.260149792,0,111.1161654,105.9544068,50.84224656,-55.43304811,503,31.6,100,0,21.96875,0,1.133
98.892,0.257957129,0,111.125861,105.9737374,51.03644856,-55.29756396,503,31.6,100,0,21.96875,0,1.133
98.992,0.25747873,0,111.184036,105.9930682,51.31480477,-55.01862601,503,31.6,100,0,21.96875,0,1.133
99.092,0.256202999,0,111.2034281,106.041396,51.54461047,-54.85126324,503,31.6,100,0,21.96875,0,1.133
99.192,0.255086734,0,111.2325166,106.0703933,51.79707308,-54.52450735,503,31.6,100,0,21.96875,0,1.133
99.292,0.255525267,0,111.2713021,106.0897251,52.03011549,-54.42488666,503,31.6,100,0,21.96875,0,1.133
99.392,0.255046868,0,111.3003917,106.1283892,52.3537855,-54.05429767,503,31.6,100,0,21.96875,0,1.133
99.492,0.255007001,0,111.3294818,106.1767205,52.61595822,-53.87896525,503,31.6,100,0,22,0,1.133
99.592,0.253771137,0,111.3585724,106.2057199,52.82310703,-53.63589076,503,31.6,100,0,22,0,1.133
99.692,0.252774472,0,111.3779664,106.2443865,53.08851645,-53.47649765,503,31.6,100,0,22,0,1.133
99.792,0.251737941,0,111.416755,106.2830538,53.32155886,-53.36492247,503,31.6,100,0,22,0,1.133
99.892,0.251419008,0,111.4361497,106.3120548,53.57725818,-53.14974177,503,31.6,100,0,21.96875,0,1.132
99.992,0.250900742,0,111.465242,106.3217219,53.7488033,-52.84291004,503,31.6,100,0,21.96875,0,1.132
100.092,0.250940609,0,111.4846372,106.3797256,53.84266761,-52.56795693,503,31.6,100,0,21.96875,0,1.132
100.192,0.250063544,0,111.533126,106.4183957,54.08865683,-52.40059417,503,31.6,100,0,21.96875,0,1.132
100.292,0.248548613,0,111.571918,106.4570666,54.27962215,-52.25714037,503,31.6,100,0,22,0,1.132
100.392,0.246874216,0,111.571918,106.5054064,54.47382417,-51.96226313,503,31.6,100,0,22,0,1.132
100.492,0.246754616,0,111.6398061,106.5537474,54.86870162,-51.81880934,503,31.6,100,0,22,0,1.132
100.592,0.245877551,0,111.6689018,106.5730841,55.00140634,-51.51994727,503,31.6,100,0,22,0,1.132
100.692,0.244442354,0,111.6786005,106.6310956,55.20531846,-51.26890313,503,31.6,100,0,22,0,1.132
100.792,0.243047023,0,111.7076968,106.6310956,55.480438,-51.17326727,503,31.6,100,0,22,0,1.132
100.892,0.241492226,0,111.7464927,106.6794398,55.68111343,-50.95808658,503,31.6,100,0,22,0,1.132
100.992,0.240535428,0,111.7852894,106.708447,55.86884206,-50.86643555,494,31.6,100,0,22,0,1.132
101.092,0.238382632,0,111.8337864,106.7567932,55.98212658,-50.52374038,494,31.6,100,0,22,0,1.132
101.192,0.236947434,0,111.8531856,106.8051407,56.1439616,-50.35637763,494,31.6,100,0,22,0,1.132
101.292,0.235990636,0,111.8822848,106.8051407,56.25400942,-50.18901487,494,31.6,100,0,22,0,1.132
101.392,0.234714905,0,111.9210845,106.8438197,56.37376734,-50.16112108,494,31.6,100,0,22,0,1.132
101.492,0.233877706,0,111.9501848,106.9018395,56.48705186,-49.75466868,494,31.6,100,0,22,0,1.132
101.592,0.232960775,0,111.988986,106.9211799,56.6844906,-49.63910868,494,31.6,100,0,22,0,1.132
101.692,0.231126912,0,112.0374887,106.9888727,56.92076974,-49.34423145,494,31.6,100,0,22,0,1.132
101.792,0.229851181,0,112.0665909,107.0178847,57.08584147,-49.23265629,494,31.6,100,0,22,0,1.132
101.892,0.227778118,0,112.1150957,107.056568,57.2476765,-49.03341492,494,31.6,100,0,22,0,1.132
101.992,0.226661853,0,112.1539005,107.0952521,57.44835194,-48.8859763,494,31.6,100,0,22,0,1.132
102.092,0.225744921,0,112.1733033,107.1532799,57.64579068,-48.63094735,492,31.6,100,0,22,0,1.132
102.192,0.225425989,0,112.2121093,107.1726228,58.1571894,-48.45163012,492,31.6,100,0,22,0,1.132
102.292,0.22458879,0,112.2703201,107.2209811,58.24458032,-48.07705635,492,31.6,100,0,22,0,1.132
102.392,0.223392792,0,112.2897241,107.2499967,58.34491804,-48.00931429,492,31.6,100,0,22,0,1.132
102.492,0.223313059,0,112.3479374,107.2790128,58.6168009,-47.86984533,492,31.6,100,0,22,0,1.132
102.592,0.222276528,0,112.3673422,107.3563911,58.71066523,-47.64669501,492,31.6,100,0,22,0,1.132
102.692,0.221399463,0,112.4061526,107.3854088,58.80452955,-47.4992564,492,31.6,100,0,22,0,1.132
102.792,0.219804799,0,112.4352609,107.4434456,58.82718646,-47.22031849,492,31.6,100,0,22,0,1.132
102.892,0.218529068,0,112.4740728,107.4531186,58.92752418,-47.02904678,492,31.6,100,0,22,0,1.132
102.992,0.218289869,0,112.5031822,107.5014843,59.13790974,-46.78995715,492,31.6,100,0,22,0,1.132
103.092,0.216814805,0,112.5614026,107.5305042,59.59752126,-46.6225944,492,31.6,100,0,22,0,1.132
103.192,0.215977606,0,112.6002172,107.5885456,59.57810105,-46.61063992,491,31.6,100,0,22,0,1.132
103.292,0.213784944,0,112.6293288,107.617567,59.72051589,-46.45921649,491,31.6,100,0,22,0,1.132
103.392,0.212469346,0,112.6293288,107.6562628,59.93413815,-46.22411168,491,31.6,100,0,22,0,1.133
103.492,0.210515883,0,112.6778491,107.7143081,60.13157691,-46.1523848,491,31.6,100,0,22,0,1.133
103.592,0.209000952,0,112.7166663,107.753006,60.28046515,-45.88540138,491,31.6,100,0,22,0,1.133
103.692,0.208004288,0,112.7554844,107.78203,60.07007959,-45.63834209,491,31.6,100,0,22,0,1.133
103.792,0.214741742,0,112.7943033,107.8497543,58.32226113,-44.53056016,491,31.6,100,0,22,0,1.133
103.892,0.20868202,0,112.8234181,107.888455,57.79791562,-44.45883327,491,31.6,100,0,22,0,1.133
103.992,0.205771758,0,112.6778491,108.372283,57.86588633,-44.19583469,491,31.6,100,0,22,0,1.133
104.092,0.202981097,0,112.7457798,108.3916388,58.08598198,-43.94479059,491,31.6,100,0,22,0,1.133
104.192,0.199991103,0,112.8622385,108.2271212,58.21221331,-43.74156441,491,31.6,100,0,22,0,1.133
104.292,0.198197106,0,112.9884109,108.0432661,58.39346855,-43.70171614,490,31.6,100,0,22,0,1.133
104.392,0.197080841,0,113.0466474,108.0626184,58.56177699,-43.50247479,490,31.6,100,0,22,0,1.133
104.492,0.195645644,0,113.0660599,108.1013236,58.77539924,-43.29526379,490,31.6,100,0,22,0,1.133
104.592,0.195167245,0,113.1437124,108.1013236,58.96312789,-43.19564311,490,31.6,100,0,22,0,1.133
104.692,0.193811781,0,113.1340057,108.1303531,59.13467303,-43.05218934,490,31.6,100,0,22,0,1.133
104.792,0.19253605,0,113.1631261,108.1980902,59.29327138,-42.93662936,490,31.6,100,0,22,0,1.133
104.892,0.191938051,0,113.2019541,108.2367983,59.46805322,-42.7055094,490,31.6,100,0,22,0,1.133
104.992,0.19078192,0,113.2504902,108.2561527,59.63312497,-42.50626805,490,31.6,100,0,22,0,1.133
105.092,0.189266989,0,113.2699051,108.2851846,59.93090145,-42.37875359,490,31.6,100,0,22,0,1.133
105.192,0.188110858,0,113.3184431,108.3335721,60.13805031,-42.20342121,490,31.6,100,0,22,0,1.133
105.292,0.187313526,0,113.3378587,108.372283,60.26751835,-41.97628607,490,31.6,100,0,22,0,1.133
105.392,0.186117528,0,113.3184431,108.4593857,60.36138268,-41.86869575,490,31.6,100,0,22,0,1.133
105.492,0.185200597,0,113.3378587,108.5561712,60.52645443,-41.7132875,490,31.6,100,0,22,0,1.133
105.592,0.184084332,0,113.4155233,108.4593857,60.7465501,-41.66148475,490,31.6,100,0,22,0,1.133
105.692,0.182968068,0,113.4155233,108.5077778,60.92133195,-41.44231927,490,31.6,100,0,22,0,1.133
105.792,0.182489669,0,113.43494,108.527135,61.0702202,-41.37856204,490,31.6,100,0,22,0,1.133
105.892,0.181692337,0,113.43494,108.5948869,61.19321484,-41.23510828,490,31.6,100,0,22,0,1.133
105.992,0.181094338,0,113.4834826,108.6239242,61.35504989,-41.19526001,490,31.6,100,0,22,0,1.133
106.092,0.180536206,0,113.5029,108.6432826,61.50393814,-40.89241317,490,31.6,100,0,22,0,1.133
106.192,0.179499674,0,113.5514446,108.6916797,61.70461361,-40.92429178,490,31.6,100,0,22,0,1.133
106.292,0.18001794,0,113.5805719,108.7303982,62.20953899,-40.74497458,490,31.6,100,0,22,0,1.133
106.392,0.18013754,0,113.5999904,108.7884776,62.04770393,-40.6294146,490,31.6,100,0,22,0,1.133
106.492,0.179499674,0,113.6582473,108.8175179,62.07359754,-40.51783945,491,31.6,100,0,22,0,1.133
106.592,0.179140875,0,113.6679569,108.8659196,62.20953899,-40.42618843,491,31.6,100,0,22,0,1.133
106.692,0.178503009,0,113.716506,108.8852806,62.28721982,-40.35047673,491,31.6,100,0,22,0,1.133
106.792,0.177625944,0,113.7553463,108.9530458,62.36490065,-40.25484088,491,31.6,100,0,22,0,1.132
106.892,0.177067812,0,113.7553463,108.9724078,62.41345117,-40.25484088,491,31.6,100,0,22,0,1.132
106.992,0.176469813,0,113.8427401,109.0208135,62.52673571,-40.08747816,491,31.6,100,0,22,0,1.132
107.092,0.175393415,0,113.8427401,109.0789022,62.61088994,-39.92808509,491,31.6,100,0,22,0,1.132
107.192,0.174237284,0,113.8912941,109.1079472,62.70799098,-39.71688927,491,31.6,100,0,22,0,1.132
107.292,0.173240619,0,113.901005,109.1466746,62.90542975,-39.48975415,491,31.6,100,0,22,0,1.132
107.392,0.171964888,0,113.9398494,109.2241319,63.13847224,-39.21878593,491,31.6,100,0,22,0,1.132
107.492,0.170649291,0,113.9786947,109.2434968,63.19673287,-38.89999979,491,31.6,100,0,22,0,1.132
107.592,0.168855294,0,113.9981176,109.3112754,63.33914773,-38.70474329,493,31.6,100,0,22,0,1.132
107.692,0.16773903,0,114.0369641,109.3500071,63.39417165,-38.48159299,493,31.6,100,0,22,0,1.132
107.792,0.166822098,0,114.0466759,109.3887397,63.54953331,-38.38197233,493,31.6,100,0,22,0,1.132
107.892,0.165426767,0,114.0660996,109.4468402,63.62397744,-38.14288273,493,31.6,100,0,22,0,1.132
107.992,0.16387197,0,114.0952356,109.4758911,63.67900136,-37.90777796,493,31.6,100,0,22,0,1.132
108.092,0.162396906,0,114.1437966,109.5533625,63.84730983,-37.61290079,493,31.6,100,0,22,0,1.132
108.192,0.16072251,0,114.1729339,109.5727309,63.95735768,-37.41365946,493,31.6,100,0,22,0,1.132
108.292,0.159885311,0,114.153509,109.6211527,64.07064223,-37.17058503,493,31.6,100,0,22,0,1.132
108.392,0.15860958,0,114.192359,109.6598912,64.21953049,-37.01916162,493,31.6,100,0,22,0,1.132
108.492,0.157533182,0,114.2214971,109.7083153,64.32634164,-36.72029963,493,31.6,100,0,22,0,1.132
108.592,0.156496651,0,114.2312099,109.7567408,64.42020598,-36.60075483,493,31.6,100,0,22,0,1.132
108.692,0.155699319,0,114.2409227,109.7664261,64.50112352,-36.36565007,495,31.6,100,0,22,0,1.132
108.792,0.15498172,0,114.299201,109.8245387,64.53349053,-36.1305453,495,31.6,100,0,22,0,1.132
108.892,0.154463455,0,114.3380543,109.8535957,64.54320064,-36.0548336,495,31.6,100,0,22,0,1.132
108.992,0.153705989,0,114.3477677,109.8826532,64.63706498,-35.86356193,495,31.6,100,0,22,0,1.132
109.092,0.153068124,0,114.3671948,109.9407696,64.70503571,-35.67229025,495,31.6,100,0,22,0,1.132
109.192,0.152470125,0,114.3769084,109.9698285,64.76329634,-35.54876063,495,31.6,100,0,22,0,1.132
109.292,0.151951859,0,114.3866221,110.018261,64.78271655,-35.28576208,495,31.6,100,0,22,0,1.132
109.392,0.151752527,0,114.4449053,110.057008,64.80213675,-35.22598969,495,31.6,100,0,22,0,1.132
109.492,0.15171266,0,114.4740476,110.0860687,64.77300644,-34.9271277,495,31.6,100,0,22,0,1.132
109.592,0.151752527,0,114.5031904,110.153879,65.14199041,-34.73585603,495,31.6,100,0,22,0,1.132
109.692,0.151154528,0,114.5031904,110.1926289,64.81184686,-34.42105474,495,31.6,100,0,22,0,1.132
109.792,0.150197729,0,114.5517628,110.2313797,64.97691863,-34.2337679,497,31.6,100,0,22,0,1.132
109.892,0.149320664,0,114.5517628,110.2991955,64.94455162,-34.02655693,497,31.6,100,0,22,0,1.132
109.992,0.148642932,0,114.5809069,110.3282602,64.96720853,-33.80739148,497,31.6,100,0,22,0,1.132
110.092,0.148044934,0,114.6003366,110.3767024,65.08049308,-33.58025637,497,31.6,100,0,22,0,1.132
110.192,0.147247602,0,114.6197665,110.4057683,65.09020319,-33.53642328,497,31.6,100,0,22,0,1.132
110.292,0.146609736,0,114.6586269,110.492969,65.1193335,-33.36109092,497,31.6,100,0,22,0,1.131
110.392,0.145971871,0,114.6683422,110.4832799,65.13875371,-33.18575856,497,31.6,100,0,22,0,1.131
110.492,0.145174539,0,114.7072037,110.5414157,65.17435743,-33.04628964,497,31.6,100,0,22,0,1.131
110.592,0.143579875,0,114.7169192,110.5898637,65.22290795,-32.70359457,497,31.6,100,0,22,0,1.131
110.692,0.143739342,0,114.7460661,110.6189331,65.28440528,-32.82712419,497,31.6,100,0,22,0,1.131
110.792,0.142981877,0,114.7654976,110.6770734,65.36532282,-32.67171596,497,31.6,100,0,22,0,1.131
110.892,0.142423744,0,114.7752135,110.7061442,65.45595046,-32.51630773,499,31.6,100,0,22,0,1.131
110.992,0.141586546,0,114.7752135,110.7642874,65.45595046,-32.3290209,499,31.6,100,0,22,0,1.131
111.092,0.141028414,0,114.8140774,110.7933596,65.52068449,-32.18556715,499,31.6,100,0,22,0,1.131
111.192,0.140510148,0,114.8335097,110.8321234,65.56923501,-32.06602236,499,31.6,100,0,22,0,1.131
111.292,0.139792549,0,114.8237935,110.8902706,65.55628821,-31.89467483,499,31.6,100,0,22,0,1.131
111.392,0.139074951,0,114.8723749,110.9484197,65.60160203,-31.71137282,499,31.6,100,0,22,0,1.131
111.492,0.138317485,0,114.8820914,110.9290365,65.78609402,-31.69144869,499,31.6,100,0,22,0,1.131
111.592,0.147048269,0,114.9306744,111.0259548,46.4532816,-33.93490592,499,31.6,100,0,22,0,1.131
111.692,0.128829237,0,115.0278446,110.8902706,32.7199672,-29.68708109,499,31.6,100,0,22,0,1.131
111.792,0.122889115,0,115.0861493,111.074416,25.42444882,-28.22863472,499,31.6,100,0,22,0,1.131
111.892,0.122291116,0,115.1444559,111.2973544,20.78949697,-27.42369984,499,31.6,100,0,22,0,1.131
111.992,0.127473773,0,115.2027646,111.5300155,17.83115492,-28.61914768,500,31.6,100,0,22,0,1.138
112.092,0.131221232,0,115.2027646,111.7724035,15.64962047,-29.11725095,500,31.6,100,0,22,0,1.138
112.192,0.133015229,0,115.2513566,112.0051271,14.18015959,-29.41212808,500,31.6,100,0,22.03125,0,1.138
112.292,0.134011894,0,115.3388257,112.2281828,13.09586579,-29.75880796,500,31.6,100,0,22.03125,0,1.138
112.392,0.134211227,0,115.4360188,112.4609666,12.20901056,-29.83451966,500,31.6,100,0,22.03125,0,1.138
112.492,0.136882288,0,115.562378,112.6549767,11.60051135,-30.61953042,500,31.6,100,0,22.0625,0,1.138
112.592,0.135367358,0,115.6887464,112.8296041,11.05674611,-30.29277467,500,31.6,100,0,22.0625,0,1.138
112.692,0.133533494,0,115.815124,113.0430612,10.56476803,-29.89429205,500,31.6,100,0,22.0625,0,1.138
112.792,0.133493628,0,115.9317885,113.2565443,10.19902117,-29.72692935,500,31.6,100,0,22.0625,0,1.138
112.892,0.131460432,0,116.0387379,113.4603479,9.823564218,-29.43603704,500,31.6,100,0,22.0625,0,1.138
112.992,0.133533494,0,116.1554176,113.6156428,9.574338482,-29.79068657,500,31.6,100,0,22.0625,0,1.138
113.092,0.133852427,0,116.2721051,113.7806588,9.393083402,-29.77076244,500,31.6,100,0,22.09375,0,1.138
113.192,0.134251093,0,116.3596259,113.9359823,9.195644833,-29.77873209,500,31.6,100,0,22.09375,0,1.138
113.292,0.132616563,0,116.4763273,114.0816106,9.056466825,-29.50776391,500,31.6,100,0,22.09375,0,1.138
113.392,0.132098297,0,116.5930366,114.2369609,8.862264954,-29.5675363,500,31.6,100,0,22.09375,0,1.138
113.492,0.130583367,0,116.7486612,114.392325,8.800767694,-29.30055295,500,31.6,100,0,22.125,0,1.138
113.592,0.130942166,0,116.8556614,114.5379916,8.574198845,-29.35634052,500,31.6,100,0,22.125,0,1.138
113.692,0.129427236,0,116.9237558,114.6933827,8.499754794,-29.06544821,500,31.6,100,0,22.125,0,1.145
113.792,0.128749504,0,117.0210383,114.8390745,8.425310744,-29.04552408,500,31.6,100,0,22.125,0,1.145
113.892,0.126875774,0,117.1183263,114.9556367,8.328209809,-28.55539046,500,31.6,100,0,22.125,0,1.145
113.992,0.125201377,0,117.1864311,115.0624924,8.179321708,-28.13698371,500,31.6,100,0,22.15625,0,1.145
114.092,0.123606713,0,117.2448089,115.1693546,8.111351053,-27.8899245,500,31.6,100,0,22.15625,0,1.145
114.192,0.123168181,0,117.3226489,115.2665078,8.0401437,-27.75444041,601,31.6,100,0,22.15625,0,1.145
114.292,0.122968848,0,117.3810313,115.3636664,7.981883139,-27.71459215,601,31.6,100,0,22.15625,0,1.145
114.392,0.12177285,0,117.4783397,115.4413973,7.910675787,-27.41573019,601,31.6,100,0,22.15625,0,1.145
114.492,0.121174851,0,117.497802,115.5094146,7.862125319,-27.43565432,601,31.6,100,0,22.1875,0,1.145
114.592,0.119500455,0,117.5659219,115.6065869,7.839468434,-27.16468615,601,31.6,100,0,22.1875,0,1.145
114.692,0.118184857,0,117.6340445,115.6746108,7.765024384,-26.86582419,601,31.6,100,0,22.1875,0,1.145
114.792,0.117586858,0,117.6437765,115.7523556,7.687343636,-26.81800628,601,31.6,100,0,22.1875,0,1.145
114.892,0.117188192,0,117.7216347,115.8106665,7.658213355,-26.61478015,601,31.6,100,0,22.1875,0,1.145
114.992,0.116669927,0,117.7313672,115.8786984,7.642029866,-26.56696224,601,31.6,100,0,22.21875,0,1.145
115.092,0.115553662,0,117.7800306,115.9370136,7.622609679,-26.33982715,601,31.6,100,0,22.21875,0,1.145
115.192,0.115354329,0,117.7994964,115.966172,7.528745442,-26.3159182,601,31.6,100,0,22.21875,0,1.145
115.292,0.114158332,0,117.8481617,116.03421,7.493141765,-26.0250259,730,31.6,100,0,22.21875,0,1.145
115.392,0.113759666,0,117.8773616,116.0925305,7.447827996,-25.93735972,730,31.6,100,0,22.25,0,1.145
115.492,0.113161667,0,117.906562,116.1411323,7.502851859,-25.86961768,730,31.6,100,0,22.25,0,1.145
115.592,0.112563668,0,117.9552304,116.1702941,7.4413546,-25.63451294,730,31.6,100,0,22.25,0,1.145
115.692,0.112643401,0,117.9357629,116.2286192,7.415461017,-25.63451294,730,31.6,100,0,22.25,0,1.145
115.792,0.111925802,0,117.9941661,116.2675037,7.392804132,-25.52692264,730,31.6,100,0,22.25,0,1.145
115.892,0.110969004,0,118.0233684,116.2869462,7.334543571,-25.28384826,730,31.6,100,0,22.25,0,1.145
115.992,0.110251406,0,118.0623057,116.3452752,7.298939895,-25.17227313,730,31.6,100,0,22.28125,0,1.145
116.092,0.110091939,0,118.0915092,116.3938842,7.237442636,-25.16430348,730,31.6,100,0,22.28125,0,1.145
116.192,0.108736475,0,118.1207132,116.3744405,7.260099521,-24.83754775,730,31.6,100,0,22.28125,0,1.145
116.292,0.108577009,0,118.130448,116.4424946,7.227732543,-24.88138083,730,31.6,100,0,22.28125,0,1.145
116.392,0.10785941,0,118.1888579,116.4522169,7.20183896,-24.67018505,965,31.6,100,0,22.28125,0,1.145
116.492,0.107261411,0,118.2180635,116.4813839,7.179182075,-24.5705644,965,31.6,100,0,22.28125,0,1.145
116.592,0.106822879,0,118.2277989,116.4911064,7.169471982,-24.45101963,965,31.6,100,0,22.28125,0,1.145
116.692,0.106543813,0,118.2667408,116.5494423,7.104738025,-24.41515619,965,31.6,100,0,22.28125,0,1.145
116.792,0.105587015,0,118.2764764,116.5591651,7.120921514,-24.31553554,965,31.6,100,0,22.28125,0,1.145
116.892,0.104510617,0,118.3154194,116.568888,7.062660953,-24.06050668,965,31.6,100,0,22.3125,0,1.145
116.992,0.103872751,0,118.3251553,116.6077802,7.046477464,-23.84532608,965,31.6,100,0,22.3125,0,1.145
117.092,0.103394352,0,118.3446272,116.6077802,7.00763709,-23.92103777,965,31.6,100,0,22.3125,0,1.145
117.192,0.103155153,0,118.3543633,116.66612,6.984980205,-23.85329573,965,31.6,100,0,22.34375,0,1.145
117.292,0.102078755,0,118.3543633,116.6758436,6.96232332,-23.48270692,965,31.6,100,0,22.34375,0,1.145
117.392,0.101799689,0,118.4127808,116.66612,6.972033414,-23.57037309,965,31.6,100,0,22.34375,0,1.145
117.492,0.100603691,0,118.4127808,116.7147381,6.959086623,-23.35519249,1192,31.6,100,0,22.375,0,1.145
117.592,0.099965825,0,118.4127808,116.7147381,6.910536155,-23.13204224,1192,31.6,100,0,22.375,0,1.145
117.692,0.099288093,0,118.4225172,116.7536336,6.855512292,-22.98858851,1192,31.6,100,0,22.375,0,1.145
117.792,0.098769828,0,118.4517269,116.7828057,6.874932479,-22.90490716,1192,31.6,100,0,22.375,0,1.145
117.892,0.098371162,0,118.4517269,116.7828057,6.849038896,-22.90889199,1192,31.6,100,0,22.40625,0,1.145
117.992,0.098052229,0,118.4712002,116.8119784,6.829618709,-22.73355965,1192,31.6,100,0,22.40625,0,1.145
118.092,0.098291429,0,118.4614635,116.8217027,6.829618709,-22.74551413,1192,31.6,100,0,22.40625,0,1.145
118.192,0.097653563,0,118.480937,116.8411515,6.849038896,-22.64589348,1192,31.2,100,0,22.40625,0,1.145
118.292,0.097095431,0,118.480937,116.8606006,6.78430494,-22.46657631,1192,31.2,100,0,22.40625,0,1.145
118.392,0.097095431,0,118.480937,116.8606006,6.829618709,-22.53431835,1192,31.2,100,0,22.40625,0,1.145
118.492,0.096696765,0,118.5101477,116.8800498,6.713097587,-22.50642457,1192,31.2,100,0,22.40625,0,1.145
118.592,0.095899433,0,118.5198846,116.8897745,6.732517774,-22.23545641,1430,31.2,100,0,22.40625,0,1.145
118.692,0.0955805,0,118.5296217,116.9092241,6.732517774,-22.21951711,1430,31.2,100,0,22.40625,0,1.145
118.792,0.094543969,0,118.5296217,116.918949,6.661310422,-21.87283726,1430,31.2,100,0,22.4375,0,1.145
118.892,0.094424369,0,118.5296217,116.9286739,6.683967307,-21.86885243,1430,31.2,100,0,22.4375,0,1.145
118.992,0.093985837,0,118.549096,116.918949,6.683967307,-21.79712556,1430,31.2,100,0,22.4375,0,1.145
119.092,0.092909439,0,118.5296217,116.9286739,6.61923335,-21.58194497,1430,31.2,100,0,22.4375,0,1.145
119.192,0.092829706,0,118.549096,116.9578491,6.603049861,-21.62179323,1430,31.2,100,0,22.4375,0,1.145
119.292,0.092710106,0,118.5783078,116.9675742,6.635416839,-21.62179323,1430,31.2,100,0,22.4375,0,1.145
119.392,0.092470906,0,118.5783078,117.0064754,6.596576465,-21.57397532,1430,31.2,100,0,22.4375,0,1.145
119.492,0.091673575,0,118.6075201,116.9870247,6.599813163,-21.39465815,1430,31.2,100,0,22.4375,0,1.145
119.592,0.091235042,0,118.5977826,116.9870247,6.570682883,-21.37473402,1430,31.2,100,0,22.4375,0,1.145
119.692,0.090955976,0,118.5880452,116.99675,6.522132415,-21.22331064,1643,31.2,100,0,22.4375,0,1.145
119.792,0.090955976,0,118.6269952,117.0064754,6.51565902,-21.25518925,1643,31.2,100,0,22.4375,0,1.145
119.892,0.090238377,0,118.6367329,116.99675,6.460635157,-21.02805417,1643,31.2,100,0,22.4375,0,1.145
119.992,0.089999178,0,118.6464706,117.0259263,6.493002135,-21.05993278,1643,31.2,100,0,22.4375,0,1.145
120.092,0.089759978,0,118.6464706,117.0259263,6.486528739,-20.95632731,1643,31.2,100,0,22.4375,0,1.145
120.192,0.089122113,0,118.6367329,117.0064754,6.467108552,-20.88061562,1643,31.2,100,0,22.4375,0,1.145
120.292,0.088643714,0,118.6562084,117.0356518,6.402374596,-20.75310119,1643,31.2,100,0,22.4375,0,1.145
120.392,0.088563981,0,118.6659462,117.0453774,6.44121497,-20.70129846,1643,31.2,100,0,22.4375,0,1.145
120.492,0.088324781,0,118.6659462,117.0551031,6.421794783,-20.70129846,1643,31.2,100,0,22.4375,0,1.145
120.592,0.088165315,0,118.6464706,117.0842804,6.415321387,-20.73317706,1643,31.2,100,0,22.4375,0,1.144
120.692,0.087647049,0,118.6756841,117.0648288,6.389427804,-20.62558676,1643,31.2,100,0,22.4375,0,1.144
120.792,0.087527449,0,118.6756841,117.0648288,6.392664502,-20.54589025,1849,31.2,100,0,22.46875,0,1.144
120.892,0.087328116,0,118.6756841,117.0648288,6.363534222,-20.46619373,1849,31.2,100,0,22.46875,0,1.144
120.992,0.087128783,0,118.69516,117.0940062,6.353824128,-20.47017856,1849,31.2,100,0,22.46875,0,1.144
121.092,0.086730117,0,118.69516,117.1037321,6.327930546,-20.26695244,1849,31.2,100,0,22.46875,0,1.144
121.192,0.086610518,0,118.685422,117.1037321,6.373244315,-20.33867931,1849,31.2,100,0,22.46875,0,1.144
121.292,0.086451051,0,118.685422,117.0940062,6.259959891,-20.34664896,1849,31.2,99.9,0,22.46875,0,1.144
121.392,0.085932786,0,118.7048981,117.1037321,6.314983754,-20.17928627,1849,31.2,99.9,0,22.46875,0,1.144
121.492,0.08541452,0,118.7146362,117.1134581,6.227592913,-19.98004498,1849,31.2,99.9,0,22.46875,0,1.144
121.592,0.08553412,0,118.7048981,117.0940062,6.237303006,-20.17530145,1849,31.2,99.9,0,22.46875,0,1.144
121.692,0.085215187,0,118.7048981,117.1037321,6.243776402,-20.05575667,1849,31.2,99.9,0,22.46875,0,1.144
121.792,0.084417855,0,118.7243743,117.1231842,6.182279143,-19.94019672,1849,31.2,99.9,0,22.46875,0,1.144
121.892,0.084258389,0,118.7146362,117.1231842,6.259959891,-19.8286216,2077,31.2,99.9,0,22.5,0,1.144
121.992,0.084098923,0,118.7243743,117.1037321,6.214646122,-19.75290991,2077,31.2,99.9,0,22.5,0,1.144
122.092,0.083620523,0,118.7341125,117.1231842,6.20169933,-19.6891527,2077,31.2,99.9,0,22.5,0,1.144
122.192,0.083341457,0,118.7438508,117.1231842,6.204936028,-19.68516787,2077,31.2,99.9,0,22.5,0,1.144
122.292,0.083102258,0,118.7730659,117.1231842,6.162858956,-19.53374449,2077,31.2,99.9,0,22.5,0,1.144
122.392,0.082823192,0,118.7730659,117.1426364,6.179042446,-19.50186589,2077,31.2,99.9,0,22.5,0,1.144
122.492,0.082743459,0,118.7730659,117.1231842,6.111071791,-19.47397211,2077,31.2,99.9,0,22.5,0,1.144
122.592,0.082384659,0,118.7633275,117.1231842,6.046337835,-19.36638181,2077,31.2,99.9,0,22.5,0,1.144
122.692,0.082105593,0,118.7633275,117.1620888,6.059284626,-19.32254873,2077,31.2,99.9,0,22.5,0,1.144
122.792,0.081706927,0,118.792543,117.1620888,6.068994719,-19.22691291,2077,31.2,99.9,0,22.5,0,1.144
122.892,0.081627194,0,118.7828044,117.1718151,6.104598396,-19.19104947,2077,31.2,99.9,0,22.5,0,1.144
122.992,0.081387994,0,118.8022816,117.1523626,6.026917648,-19.179095,2281,31.2,99.9,0,22.5,0,1.144
123.092,0.081069062,0,118.7828044,117.1620888,6.068994719,-19.11533778,2281,31.2,99.9,0,22.5,0,1.144
123.192,0.080670396,0,118.7828044,117.1815415,6.05281123,-18.95992958,2281,31.2,99.9,0,22.5,0,1.144
123.292,0.080191997,0,118.7828044,117.2009944,5.994550669,-19.00774749,2281,31.2,99.9,0,22.5,0,1.144
123.392,0.08027173,0,118.8022816,117.1912679,5.988077274,-18.93602062,2281,31.2,99.9,0,22.5,0,1.144
123.492,0.079873064,0,118.8022816,117.1912679,5.968657087,-18.84835446,2281,31.2,99.9,0,22.5,0,1.144
123.592,0.079713598,0,118.7828044,117.2009944,5.981603878,-18.76068829,2281,31.2,99.9,0,22.5,0,1.144
123.692,0.079474398,0,118.8120202,117.2009944,5.955710296,-18.73279451,2281,31.2,99.9,0,22.5,0,1.144
123.792,0.078995999,0,118.792543,117.1912679,5.939526806,-18.67302212,2281,31.2,99.9,0,22.5,0,1.144
123.892,0.078916266,0,118.7730659,117.1718151,5.9492369,-18.61324974,2281,30.8,99.9,0,22.5,0,1.144
123.992,0.078597333,0,118.7828044,117.2204475,5.881266246,-18.59731043,2281,30.8,99.9,0,22.5,0,1.144
124.092,0.078398,0,118.7828044,117.2301742,5.913633224,-18.5295684,2693,30.8,99.9,0,22.5,0,1.143
124.192,0.078198667,0,118.7828044,117.2204475,5.897449735,-18.46581118,2693,30.8,99.9,0,22.5,0,1.143
124.292,0.077879735,0,118.8022816,117.2399008,5.90392313,-18.34626641,2693,30.8,99.9,0,22.5,0,1.143
124.392,0.077720268,0,118.8022816,117.2301742,5.887739641,-18.2984485,2693,30.8,99.9,0,22.5,0,1.143
124.492,0.077481069,0,118.7828044,117.2204475,5.855372663,-18.24266094,2693,30.8,99.9,0,22.5,0,1.143
124.592,0.077162136,0,118.7828044,117.2399008,5.855372663,-18.20281268,2693,30.8,99.9,0,22.5,0,1.143
124.692,0.077241869,0,118.8022816,117.2496276,5.858609361,-18.31438781,2693,30.8,99.9,0,22.5,0,1.143
124.792,0.076843203,0,118.7730659,117.2496276,5.832715778,-18.15100995,2693,30.8,99.9,0,22.5,0,1.143
124.892,0.076723603,0,118.8022816,117.2399008,5.832715778,-18.1589796,2693,30.8,99.9,0,22.5,0,1.143
124.992,0.076364804,0,118.7633275,117.2204475,5.855372663,-18.06732861,2693,30.8,99.9,0,22.5,0,1.143
125.092,0.076285071,0,118.7633275,117.2593544,5.813295591,-18.06334378,2693,30.8,99.9,0,22.5,0,1.143
125.192,0.076205338,0,118.792543,117.2690813,5.787402009,-17.95176866,2847,30.8,99.9,0,22.5,0,1.143
125.292,0.075846538,0,118.7535891,117.2690813,5.806822196,-17.93981418,2847,30.8,99.9,0,22.5,0,1.143
125.392,0.075567472,0,118.7535891,117.2982622,5.751798333,-17.89996593,2847,30.8,99.9,0,22.5,0,1.143
125.492,0.075527606,0,118.7535891,117.2885351,5.751798333,-17.92785971,2847,30.8,99.9,0,22.5,0,1.143
125.592,0.07524854,0,118.7633275,117.2690813,5.75503503,-17.7405729,2847,30.8,99.9,0,22.5,0,1.143
125.692,0.074929607,0,118.7730659,117.2788082,5.706484563,-17.69673981,2847,30.8,99.9,0,22.5,0,1.143
125.792,0.074690407,0,118.7535891,117.2982622,5.674117585,-17.68080051,2847,30.8,99.9,0,22.5,0,1.143
125.892,0.074690407,0,118.7341125,117.2788082,5.667644189,-17.66884603,2847,30.8,99.8,0,22.5,0,1.143
125.992,0.074610674,0,118.7828044,117.2982622,5.690301074,-17.62102813,2847,30.8,99.8,0,22.5,0,1.143
126.092,0.074212008,0,118.7633275,117.2885351,5.683827678,-17.62899778,2847,30.8,99.8,0,22.5,0,1.143
126.192,0.073932942,0,118.7438508,117.3079892,5.700011167,-17.52937713,2847,30.8,99.8,0,22.5,0,1.143
126.292,0.073773476,0,118.7633275,117.2982622,5.69677447,-17.44569579,2988,30.8,99.8,0,22.5,0,1.143
126.392,0.073574143,0,118.7633275,117.2982622,5.661170793,-17.42577166,2988,30.8,99.8,0,22.5,0,1.143
126.492,0.073215344,0,118.7730659,117.3079892,5.654697398,-17.2305152,2988,30.8,99.8,0,22.5,0,1.143
126.592,0.073215344,0,118.7633275,117.3371708,5.638513909,-17.33013585,2988,30.8,99.8,0,22.5,0,1.143
126.692,0.072896411,0,118.792543,117.3274436,5.615857024,-17.31021172,2988,30.4,99.8,0,22.5,0,1.143
126.792,0.072617345,0,118.7828044,117.3177164,5.596436837,-17.26239381,2988,30.4,99.8,0,22.5,0,1.143
126.892,0.072178812,0,118.7633275,117.3468981,5.586726744,-17.19066695,2988,30.4,99.8,0,22.5,0,1.143
126.992,0.072019346,0,118.7730659,117.2982622,5.593200139,-17.0910463,2988,30.4,99.8,0,22.5,0,1.143
127.092,0.071780146,0,118.7828044,117.3079892,5.518756089,-17.07909183,2988,30.4,99.8,0,22.5,0,1.143
127.192,0.071820013,0,118.7828044,117.3177164,5.541412974,-16.9356381,2988,30.4,99.8,0,22.5,0,1.143
127.292,0.07150108,0,118.792543,117.3371708,5.518756089,-16.96751671,2988,30.4,99.8,0,22.5,0,1.143
127.392,0.07138148,0,118.8022816,117.3566255,5.521992787,-16.98744083,3100,30.4,99.8,0,22.5,0,1.143
127.492,0.071102414,0,118.8022816,117.3566255,5.496099205,-16.78819955,3100,30.4,99.8,0,22.5,0,1.143
127.592,0.070863215,0,118.792543,117.3468981,5.47344232,-16.88383537,3100,30.4,99.8,0,22.5,0,1.143
127.692,0.070823348,0,118.8022816,117.3663529,5.476679018,-16.82406298,3100,30.4,99.8,0,22.5,0,1.143
127.792,0.070703748,0,118.8022816,117.3760803,5.47344232,-16.81609333,3100,30.4,99.8,0,22.5,0,1.143
127.892,0.070584149,0,118.8217589,117.3760803,5.402234968,-16.7802299,3100,30.4,99.8,0,22.5,0,1.143
127.992,0.070424682,0,118.7828044,117.3955354,5.466968924,-16.74038164,3100,30.4,99.8,0,22.5,0,1.143
128.092,0.07010575,0,118.7828044,117.3760803,5.479915715,-16.63677617,3100,30.4,99.8,0,22.5,0,1.143
128.192,0.069946283,0,118.7828044,117.3663529,5.415181759,-16.65271547,3100,30.4,99.8,0,22.5,0,1.143
128.292,0.069946283,0,118.8022816,117.3955354,5.369867989,-16.61685204,3100,30.4,99.8,0,22.5,0,1.143
128.392,0.069667217,0,118.7828044,117.3955354,5.395761572,-16.60888239,3100,30.4,99.8,0,22.5,0,1.143
128.492,0.069507751,0,118.7828044,117.3955354,5.343974407,-16.55707966,3203,30.4,99.8,0,22.46875,0,1.143
128.592,0.069507751,0,118.7730659,117.4149908,5.376341385,-16.48136797,3203,30.4,99.8,0,22.46875,0,1.143
128.692,0.069428018,0,118.792543,117.4052631,5.392524874,-16.45347419,3203,30.4,99.8,0,22.46875,0,1.143
128.792,0.069388151,0,118.8022816,117.4247185,5.334264313,-16.50926175,3203,30.4,99.8,0,22.46875,0,1.143
128.892,0.069109085,0,118.7828044,117.4247185,5.379578083,-16.43753489,3203,30.4,99.8,0,22.46875,0,1.143
128.992,0.068949618,0,118.792543,117.4247185,5.314844126,-16.36979285,3203,30.4,99.8,0,22.46875,0,1.143
129.092,0.068909752,0,118.7828044,117.4344463,5.318080824,-16.34986872,3203,30.4,99.8,0,22.46875,0,1.143
129.192,0.068550953,0,118.7828044,117.4149908,5.311607429,-16.31799011,3203,30.4,99.8,0,22.46875,0,1.143
129.292,0.068271886,0,118.7828044,117.4247185,5.321317522,-16.17852122,3203,30.4,99.8,0,22.46875,0,1.143
129.392,0.068032687,0,118.7730659,117.4247185,5.259820264,-16.24227843,3203,30.4,99.8,0,22.46875,0,1.143
129.492,0.067833354,0,118.8120202,117.3858079,5.27924045,-16.13070331,3203,30.4,99.8,0,22.46875,0,1.143
129.592,0.067713754,0,118.7633275,117.4344463,5.27924045,-16.18649087,3288,30,99.8,0,22.46875,0,1.143
129.692,0.067594154,0,118.7633275,117.4344463,5.285713846,-16.16656674,3288,30,99.8,0,22.46875,0,1.143
129.792,0.067354955,0,118.7828044,117.46363,5.259820264,-16.13468813,3288,30,99.8,0,22.46875,0,1.143
129.892,0.067434688,0,118.7730659,117.46363,5.263056961,-16.0828854,3288,30,99.8,0,22.46875,0,1.143
129.992,0.067155622,0,118.7438508,117.46363,5.246873472,-16.09085505,3288,30,99.8,0,22.46875,0,1.143
130.092,0.066796823,0,118.7730659,117.4441741,5.224216587,-16.00318888,3288,30,99.8,0,22.46875,0,1.143
130.192,0.066836689,0,118.7730659,117.453902,5.217743192,-15.93146202,3288,30,99.7,0,22.46875,0,1.143
130.292,0.066637356,0,118.7438508,117.453902,5.25011017,-15.87567446,3288,30,99.7,0,22.46875,0,1.143
130.392,0.066438023,0,118.792543,117.46363,5.185376214,-15.77206899,3288,30,99.7,0,22.46875,0,1.143
130.492,0.066158957,0,118.7633275,117.453902,5.153009235,-15.76011452,3288,30,99.7,0,22.46875,0,1.143
130.592,0.066079224,0,118.7730659,117.473358,5.240400077,-15.86371999,3288,30,99.7,0,22.46875,0,1.143
130.692,0.065999491,0,118.7730659,117.4441741,5.165956027,-15.88762894,3346,30,99.7,0,22.46875,0,1.143
130.792,0.065999491,0,118.7730659,117.4441741,5.191849609,-15.76011452,3346,30,99.7,0,22.46875,0,1.143
130.892,0.065720425,0,118.792543,117.473358,5.185376214,-15.72823591,3346,30,99.7,0,22.46875,0,1.143
130.992,0.065600825,0,118.7633275,117.453902,5.10122207,-15.68440283,3346,30,99.7,0,22.46875,0,1.143
131.092,0.065521092,0,118.7730659,117.453902,5.123878955,-15.57681254,3346,30,99.7,0,22.46875,0,1.143
131.192,0.065321759,0,118.7633275,117.4441741,5.085038581,-15.55688841,3346,30,99.7,0,22.46875,0,1.143
131.292,0.065361625,0,118.792543,117.473358,5.081801883,-15.58478219,3346,30,99.7,0,22.46875,0,1.143
131.392,0.065122426,0,118.7633275,117.453902,5.094748675,-15.57282771,3346,30,99.7,0,22.46875,0,1.143
131.492,0.065002826,0,118.7633275,117.46363,5.097985372,-15.58876701,3346,30,99.7,0,22.46875,0,1.143
131.592,0.064803493,0,118.7730659,117.4830861,5.059144999,-15.51704015,3346,30,99.7,0,22.46875,0,1.143
131.692,0.06472376,0,118.7438508,117.46363,5.055908301,-15.43335881,3346,30,99.7,0,22.46875,0,1.143
131.792,0.06472376,0,118.7438508,117.46363,5.033251416,-15.44929811,3439,30,99.7,0,22.46875,0,1.143
131.892,0.064524427,0,118.7341125,117.473358,5.068855092,-15.48516155,3439,30,99.7,0,22.46875,0,1.143
131.992,0.06448456,0,118.7341125,117.46363,5.033251416,-15.3696016,3439,30,99.7,0,22.46875,0,1.143
132.092,0.064444694,0,118.7048981,117.4344463,4.994411042,-15.37757125,3439,30,99.7,0,22.46875,0,1.143
132.192,0.064285227,0,118.7243743,117.4830861,5.033251416,-15.37757125,3439,30,99.7,0,22.46875,0,1.143
132.292,0.064205494,0,118.69516,117.4830861,4.994411042,-15.2301327,3439,29.6,99.7,0,22.46875,0,1.143
132.392,0.063966295,0,118.7341125,117.46363,4.952333971,-15.34569265,3439,29.6,99.7,0,22.46875,0,1.143
132.492,0.064006161,0,118.7048981,117.473358,4.958807366,-15.25005683,3439,29.6,99.7,0,22.46875,0,1.143
132.592,0.063727095,0,118.7243743,117.4344463,4.955570668,-15.30185956,3439,29.6,99.7,0,22.46875,0,1.143
132.692,0.063687229,0,118.7048981,117.4441741,4.942623877,-15.19028445,3439,29.6,99.7,0,22.46875,0,1.143
132.792,0.063448029,0,118.7048981,117.4830861,4.952333971,-15.25404166,3439,29.6,99.7,0,22.46875,0,1.143
132.892,0.063248696,0,118.7048981,117.453902,4.89407341,-15.15043619,3487,29.6,99.7,0,22.46875,0,1.143
132.992,0.063168963,0,118.7048981,117.46363,4.929677086,-15.17832997,3487,29.6,99.7,0,22.46875,0,1.143
133.092,0.063248696,0,118.69516,117.4344463,4.932913784,-15.15442101,3487,29.6,99.7,0,22.46875,0,1.143
133.192,0.063049363,0,118.7048981,117.4441741,4.890836712,-15.04683072,3487,29.6,99.7,0,22.46875,0,1.143
133.292,0.06296963,0,118.7048981,117.4247185,4.919966992,-15.11457276,3487,29.6,99.7,0,22.46875,0,1.143
133.392,0.062810164,0,118.7146362,117.4344463,4.887600014,-14.98705834,3487,29.6,99.7,0,22.46875,0,1.143
133.492,0.062610831,0,118.6659462,117.4441741,4.874653223,-15.06277002,3487,29.6,99.7,0,22.46875,0,1.143
133.592,0.062570964,0,118.685422,117.453902,4.910256899,-15.03487624,3487,29.6,99.7,0,22.46875,0,1.143
133.692,0.062531098,0,118.7048981,117.473358,4.835812849,-14.9193163,3487,29.6,99.7,0,22.46875,0,1.143
133.792,0.062331765,0,118.7146362,117.453902,4.803445871,-14.88345287,3487,29.6,99.7,0,22.46875,0,1.143
133.892,0.062252031,0,118.7146362,117.453902,4.845522943,-14.95517973,3487,29.6,99.7,0,22.46875,0,1.143
133.992,0.062212165,0,118.7048981,117.4441741,4.868179827,-14.9193163,3506,29.6,99.7,0,22.46875,0,1.143
134.092,0.062012832,0,118.69516,117.4344463,4.79049908,-14.95119491,3506,29.6,99.7,0,22.46875,0,1.143
134.192,0.062012832,0,118.7048981,117.4441741,4.800209173,-14.85555909,3506,29.6,99.7,0,22.46875,0,1.143
134.292,0.061853365,0,118.685422,117.4344463,4.780788986,-14.7798474,3506,29.6,99.7,0,22.46875,0,1.143
134.392,0.061773632,0,118.69516,117.453902,4.79049908,-14.83961979,3506,29.6,99.7,0,22.46875,0,1.143
134.492,0.061574299,0,118.685422,117.453902,4.780788986,-14.68022676,3506,29.6,99.7,0,22.46875,0,1.143
134.592,0.061494566,0,118.7048981,117.4441741,4.79049908,-14.68022676,3506,29.6,99.7,0,22.46875,0,1.143
134.692,0.061414833,0,118.7048981,117.4344463,4.725765123,-14.78383223,3506,29.6,99.7,0,22.46875,0,1.143
134.792,0.061414833,0,118.6756841,117.4344463,4.758132101,-14.73999914,3506,29.6,99.7,0,22.46875,0,1.143
134.892,0.061295233,0,118.685422,117.4344463,4.725765123,-14.68421159,3506,29.6,99.7,0,22.46875,0,1.143
134.992,0.061295233,0,118.6659462,117.4344463,4.693398145,-14.71609019,3506,29.6,99.7,0,22.46875,0,1.143
135.092,0.0612155,0,118.6756841,117.453902,4.732238519,-14.71609019,3523,29.6,99.7,0,22.46875,0,1.143
135.192,0.0612155,0,118.6659462,117.4344463,4.722528425,-14.72405984,3523,29.2,99.7,0,22.46875,0,1.143
135.292,0.061016167,0,118.6756841,117.4149908,4.703108238,-14.68819641,3523,29.2,99.7,0,22.46875,0,1.143
135.392,0.060816834,0,118.6659462,117.4344463,4.719291728,-14.469031,3523,29.2,99.6,0,22.46875,0,1.143
135.492,0.060737101,0,118.685422,117.4344463,4.690161447,-14.60451507,3523,29.2,99.6,0,22.46875,0,1.143
135.592,0.060537768,0,118.6464706,117.4247185,4.667504562,-14.49293995,3523,29.2,99.6,0,22.46875,0,1.143
135.692,0.060458035,0,118.6756841,117.4247185,4.686924749,-14.54474269,3523,29.2,99.6,0,22.46875,0,1.143
135.792,0.060577635,0,118.6562084,117.4149908,4.64161098,-14.54872751,3523,29.2,99.6,0,22.46875,0,1.143
135.892,0.060338435,0,118.6464706,117.4344463,4.667504562,-14.61248472,3523,29.2,99.6,0,22.46875,0,1.143
135.992,0.060338435,0,118.6659462,117.453902,4.696634843,-14.47301583,3523,29.2,99.6,0,22.46875,0,1.143
136.092,0.060178969,0,118.6659462,117.4149908,4.64161098,-14.52880339,3523,29.2,99.6,0,22.46875,0,1.143
136.192,0.060099236,0,118.6562084,117.4149908,4.635137584,-14.44113722,3525,29.2,99.6,0,22.46875,0,1.143
136.292,0.059860036,0,118.6562084,117.3955354,4.67074126,-14.40925862,3525,29.2,99.6,0,22.46875,0,1.143
136.392,0.059939769,0,118.6464706,117.3955354,4.606007304,-14.42519792,3525,29.2,99.6,0,22.46875,0,1.143
136.492,0.059820169,0,118.6464706,117.3955354,4.586587117,-14.34948623,3525,29.2,99.6,0,22.46875,0,1.143
136.592,0.059660703,0,118.6756841,117.3955354,4.593060513,-14.3455014,3525,29.2,99.6,0,22.46875,0,1.143
136.692,0.05946137,0,118.6464706,117.4247185,4.609244002,-14.3295621,3525,29.2,99.6,0,22.46875,0,1.143
136.792,0.059301904,0,118.6367329,117.3955354,4.547746743,-14.24588076,3525,29.2,99.6,0,22.46875,0,1.143
136.892,0.059262037,0,118.6269952,117.4052631,4.580113721,-14.15024495,3525,29.2,99.6,0,22.46875,0,1.143
136.992,0.059142437,0,118.6367329,117.4052631,4.570403628,-14.19806286,3525,29.2,99.6,0,22.46875,0,1.143
137.092,0.059022838,0,118.6367329,117.3760803,4.580113721,-14.21001733,3525,29.2,99.6,0,22.46875,0,1.143
137.192,0.059102571,0,118.6269952,117.3955354,4.531563254,-14.17016908,3525,29.2,99.6,0,22.46875,0,1.143
137.292,0.058903238,0,118.6075201,117.3955354,4.515379765,-14.22994146,3526,29.2,99.6,0,22.46875,0,1.143
137.392,0.058943104,0,118.6172576,117.3663529,4.544510045,-14.21001733,3526,29.2,99.6,0,22.46875,0,1.143
137.492,0.058823505,0,118.6075201,117.3858079,4.495959578,-14.18610838,3526,29.2,99.6,0,22.46875,0,1.143
137.592,0.058703905,0,118.6172576,117.3760803,4.550983441,-14.16219942,3526,29.2,99.6,0,22.46875,0,1.143
137.692,0.058584305,0,118.6172576,117.3760803,4.476539391,-14.06656361,3526,29.2,99.6,0,22.46875,0,1.143
137.792,0.058424839,0,118.5880452,117.3663529,4.505669672,-14.03866983,3526,29.2,99.6,0,22.46875,0,1.143
137.892,0.058424839,0,118.5880452,117.3371708,4.476539391,-14.07054844,3526,29.2,99.6,0,22.46875,0,1.142
137.992,0.058384972,0,118.5783078,117.3371708,4.427988924,-14.08250291,3526,29.2,99.6,0,22.46875,0,1.142
138.092,0.058145773,0,118.5685704,117.3566255,4.457119204,-14.05859396,3526,29.2,99.6,0,22.46875,0,1.142
138.192,0.058066039,0,118.5588332,117.3371708,4.483012787,-14.03866983,3526,29.2,99.6,0,22.46875,0,1.142
138.292,0.058026173,0,118.549096,117.3371708,4.392385248,-13.93107954,3526,29.2,99.6,0,22.46875,0,1.142
138.392,0.058026173,0,118.549096,117.3274436,4.421515528,-13.96295814,3528,29.2,99.6,0,22.46875,0,1.142
138.492,0.057906573,0,118.5588332,117.3566255,4.431225622,-13.91514023,3528,29.2,99.6,0,22.46875,0,1.142
138.592,0.057786973,0,118.5588332,117.3371708,4.392385248,-13.85536785,3528,29.2,99.6,0,22.46875,0,1.142
138.692,0.057786973,0,118.5296217,117.3566255,4.385911852,-13.95897332,3528,29.2,99.6,0,22.46875,0,1.142
138.792,0.05770724,0,118.5393588,117.3371708,4.415042133,-13.85536785,3528,29.2,99.6,0,22.46875,0,1.142
138.892,0.057547774,0,118.5004107,117.3274436,4.392385248,-13.93107954,3528,28.8,99.6,0,22.46875,0,1.142
138.992,0.057388307,0,118.5004107,117.3177164,4.369728363,-13.77567134,3528,28.8,99.6,0,22.46875,0,1.142
139.092,0.057428174,0,118.5101477,117.3177164,4.38914855,-13.91912506,3528,28.8,99.6,0,22.46875,0,1.142
139.192,0.057388307,0,118.5004107,117.3177164,4.317941198,-13.83544372,3528,28.8,99.6,0,22.46875,0,1.142
139.292,0.057428174,0,118.480937,117.3371708,4.36001827,-13.66409622,3528,28.8,99.6,0,22.46875,0,1.142
139.392,0.057188974,0,118.4906738,117.2982622,4.347071479,-13.79958029,3528,28.8,99.6,0,22.46875,0,1.142
139.492,0.057149108,0,118.480937,117.2885351,4.347071479,-13.60830866,3529,28.8,99.6,0,22.46875,0,1.142
139.592,0.056949775,0,118.4712002,117.3177164,4.308231105,-13.68800517,3529,28.8,99.6,0,22.46875,0,1.143
139.692,0.056989642,0,118.4517269,117.3177164,4.324414594,-13.7238686,3529,28.8,99.6,0,22.46875,0,1.143
139.792,0.056909908,0,118.4322537,117.2788082,4.292047616,-13.77965616,3529,28.8,99.6,0,22.46875,0,1.143
139.892,0.056750442,0,118.4419902,117.3177164,4.28557422,-13.70394448,3529,28.8,99.6,0,22.46875,0,1.143
139.992,0.056710575,0,118.4419902,117.2788082,4.308231105,-13.59236936,3529,28.8,99.6,0,22.46875,0,1.143
140.092,0.056630842,0,118.4127808,117.2788082,4.279100824,-13.59236936,3529,28.8,99.6,0,22.46875,0,1.143
140.192,0.056590976,0,118.4127808,117.2982622,4.253207242,-13.69995965,3529,28.8,99.6,0,22.46875,0,1.143
140.292,0.056590976,0,118.4030444,117.2885351,4.298521011,-13.62424796,3529,28.8,99.6,0,22.46875,0,1.143
140.392,0.056431509,0,118.3835718,117.2690813,4.230550357,-13.57643006,3529,28.8,99.6,0,22.46875,0,1.143
140.492,0.056272043,0,118.3738355,117.2690813,4.243497148,-13.5365818,3529,28.8,99.6,0,22.46875,0,1.143
140.592,0.05619231,0,118.3835718,117.2593544,4.237023753,-13.57643006,3525,28.8,99.6,0,22.46875,0,1.143
140.692,0.056112577,0,118.3640994,117.2593544,4.249970544,-13.57244523,3525,28.8,99.6,0,22.46875,0,1.143
140.792,0.05607271,0,118.3446272,117.2593544,4.214366868,-13.53259697,3525,28.8,99.6,0,22.46875,0,1.143
140.892,0.056032843,0,118.3640994,117.2496276,4.185236588,-13.57244523,3525,28.8,99.6,0,22.46875,0,1.143
140.992,0.055873377,0,118.3348912,117.2399008,4.217603566,-13.5684604,3525,28.8,99.6,0,22.46875,0,1.143
141.092,0.05583351,0,118.3543633,117.2496276,4.217603566,-13.47680941,3525,28.8,99.6,0,22.46875,0,1.143
141.192,0.055713911,0,118.3348912,117.2496276,4.149632912,-13.40906738,3525,28.8,99.6,0,22.46875,0,1.143
141.292,0.055674044,0,118.2862121,117.2204475,4.18199989,-13.50868802,3525,28.8,99.6,0,22.46875,0,1.143
141.392,0.055634177,0,118.3251553,117.2204475,4.15286961,-13.46087011,3525,28.8,99.6,0,22.46875,0,1.142
141.492,0.055634177,0,118.3056836,117.2399008,4.169053099,-13.42500668,3525,28.8,99.6,0,22.46875,0,1.142
141.592,0.055474711,0,118.3154194,117.2204475,4.201420077,-13.42899151,3525,28.8,99.6,0,22.46875,0,1.142
141.692,0.055315245,0,118.3056836,117.2107209,4.159343005,-13.38515843,3521,28.8,99.6,0,22.46875,0,1.142
141.792,0.055394978,0,118.2862121,117.2301742,4.194946681,-13.29749226,3521,28.8,99.6,0,22.46875,0,1.142
141.892,0.055315245,0,118.2764764,117.2009944,4.123739329,-13.27756813,3521,28.8,99.6,0,22.46875,0,1.142
141.992,0.055195645,0,118.2764764,117.2009944,4.149632912,-13.31343156,3521,28.8,99.6,0,22.46875,0,1.142
142.092,0.055115912,0,118.3056836,117.1523626,4.114029236,-13.2417047,3521,28.8,99.6,0,22.46875,0,1.142
142.192,0.055115912,0,118.2667408,117.1815415,4.110792538,-13.3811736,3521,28.8,99.6,0,22.46875,0,1.142
142.292,0.055155778,0,118.2277989,117.1912679,4.07842556,-13.30147709,3521,28.8,99.6,0,22.46875,0,1.142
142.392,0.055076045,0,118.2083283,117.1620888,4.091372351,-13.30147709,3521,28.8,99.6,0,22.46875,0,1.142
142.492,0.054916579,0,118.2375343,117.2009944,4.120502631,-13.31343156,3521,28.8,99.6,0,22.46875,0,1.142
142.592,0.054956445,0,118.2180635,117.1620888,4.052531977,-13.25764401,3521,28.8,99.6,0,22.46875,0,1.142
142.692,0.054836846,0,118.2083283,117.1620888,4.075188862,-13.34132534,3521,28.8,99.6,0,22.46875,0,1.142
142.792,0.054916579,0,118.2083283,117.1523626,4.023401697,-13.27756813,3522,28.4,99.6,0,22.46875,0,1.142
142.892,0.054796979,0,118.2180635,117.1523626,4.104319142,-13.19787162,3522,28.4,99.6,0,22.46875,0,1.142
142.992,0.054597646,0,118.2083283,117.1426364,4.065478768,-13.13411441,3522,28.4,99.6,0,22.46875,0,1.142
143.092,0.054597646,0,118.1888579,117.1426364,4.065478768,-13.18193232,3522,28.4,99.6,0,22.46875,0,1.142
143.192,0.054478046,0,118.1888579,117.1329102,3.981324625,-13.13411441,3522,28.4,99.6,0,22.46875,0,1.143
143.292,0.05455778,0,118.1596527,117.1231842,4.029875092,-13.14208406,3522,28.4,99.6,0,22.5,0,1.143
143.392,0.05443818,0,118.1693877,117.1231842,4.026638395,-13.15403854,3522,28.4,99.6,0,22.5,0,1.143
143.492,0.054398313,0,118.1499177,117.1231842,3.994271417,-13.11419028,3522,28.4,99.6,0,22.5,0,1.143
143.592,0.054238847,0,118.1499177,117.1037321,4.007218208,-13.11817511,3522,28.4,99.6,0,22.5,0,1.143
143.692,0.05419898,0,118.1401829,117.1037321,4.020164999,-13.16200819,3522,28.4,99.6,0,22.5,0,1.143
143.792,0.054119247,0,118.1401829,117.0842804,4.013691603,-13.08231168,3522,28.4,99.6,0,22.5,0,1.143
143.892,0.053959781,0,118.1401829,117.0842804,3.965141136,-13.09028133,3523,28.4,99.6,0,22.5,0,1.143
143.992,0.053959781,0,118.1499177,117.0842804,3.958667741,-13.10223581,3523,28.4,99.6,0,22.5,0,1.143
144.092,0.053880048,0,118.1499177,117.0940062,3.997508114,-13.08231168,3523,28.4,99.6,0,22.5,0,1.143
144.192,0.053840181,0,118.1012438,117.0648288,3.955431043,-13.0384786,3523,28.4,99.6,0,22.5,0,1.143
144.292,0.053800314,0,118.1012438,117.0648288,3.955431043,-12.99066069,3523,28.4,99.6,0,22.5,0,1.143
144.392,0.053720581,0,118.0915092,117.0842804,3.92953746,-13.00261517,3523,28.4,99.6,0,22.5,0,1.143
144.492,0.053640848,0,118.1012438,117.0551031,3.923064065,-12.91096418,3523,28.4,99.6,0,22.5,0,1.143
144.592,0.053600981,0,118.1012438,117.0453774,3.923064065,-12.89104005,3523,28.4,99.6,0,22.5,0,1.143
144.692,0.053481382,0,118.0817747,117.0259263,3.893933784,-13.04644825,3523,28.4,99.6,0,22.5,0,1.143
144.792,0.053561115,0,118.0623057,117.0453774,3.890697086,-12.99066069,3523,28.4,99.6,0,22.5,0,1.143
144.892,0.053401648,0,118.0525713,117.0551031,3.880986993,-12.9308883,3523,28.4,99.6,0,22.5,0,1.143
144.992,0.053321915,0,118.0720401,117.0453774,3.85509341,-12.98269104,3514,28.4,99.6,0,22.5,0,1.143
145.092,0.053282049,0,118.0525713,117.0064754,3.880986993,-12.87908557,3514,28.4,99.6,0,22.5,0,1.143
145.192,0.053162449,0,118.0720401,117.0064754,3.913353971,-12.87510075,3514,28.4,99.6,0,22.5,0,1.143
145.292,0.053042849,0,118.0720401,116.9870247,3.848620015,-12.90299452,3514,28.4,99.6,0,22.5,0,1.143
145.392,0.053042849,0,118.0233684,117.0064754,3.884223691,-12.88705522,3514,28.4,99.6,0,22.5,0,1.143
145.492,0.052923249,0,118.0331027,116.9675742,3.877750295,-12.79141941,3514,28.4,99.6,0,22.5,0,1.143
145.592,0.052923249,0,118.0331027,116.99675,3.845383317,-12.86713109,3514,28.4,99.6,0,22.5,0,1.143
145.692,0.052923249,0,118.0136343,116.948124,3.822726432,-12.82329801,3514,28.4,99.6,0,22.5,0,1.143
145.792,0.052723916,0,118.0136343,116.948124,3.871276899,-12.85517662,3514,28.4,99.6,0,22.5,0,1.143
145.892,0.052604317,0,117.9941661,116.948124,3.800069548,-12.7595408,3514,28.4,99.6,0,22.5,0,1.143
145.992,0.05256445,0,117.9844321,116.9286739,3.838909921,-12.77946493,3514,28.4,99.6,0,22.5,0,1.143
146.092,0.052484717,0,118.0039001,116.918949,3.800069548,-12.82728284,3506,28.4,99.6,0,22.5,0,1.143
146.192,0.05244485,0,118.0039001,116.8994993,3.842146619,-12.66788981,3506,28.4,99.6,0,22.5,0,1.143
146.292,0.052365117,0,117.9941661,116.918949,3.793596152,-12.77149528,3506,28.4,99.6,0,22.5,0,1.143
146.392,0.052285384,0,117.9649642,116.9092241,3.761229174,-12.77149528,3506,28.4,99.6,0,22.5,0,1.143
146.492,0.052245517,0,117.9552304,116.8800498,3.793596152,-12.69578359,3506,28.4,99.6,0,22.5,0,1.143
146.592,0.052205651,0,117.9454966,116.8897745,3.770939267,-12.58420848,3506,28.4,99.6,0,22.5,0,1.143
146.692,0.052125918,0,117.9454966,116.8897745,3.783886058,-12.572254,3506,28.4,99.6,0,22.5,0,1.143
146.792,0.052086051,0,117.9454966,116.8606006,3.783886058,-12.61608708,3506,28.4,99.6,0,22.5,0,1.143
146.892,0.051966451,0,117.9454966,116.8606006,3.75151908,-12.60014778,3506,28.4,99.6,0,22.5,0,1.143
146.992,0.051966451,0,117.9260292,116.8411515,3.770939267,-12.6041326,3506,28.4,99.6,0,22.5,0,1.143
147.092,0.051926585,0,117.9162956,116.8314271,3.745045685,-12.54834504,3506,28.4,99.6,0,22.5,0,1.143
147.192,0.051846851,0,117.887095,116.8217027,3.735335591,-12.52842092,3485,28.4,99.6,0,22.5,0,1.143
147.292,0.051806985,0,117.906562,116.7925299,3.738572289,-12.43676993,3485,28.4,99.6,0,22.5,0,1.143
147.392,0.051727252,0,117.887095,116.8022541,3.764465872,-12.55232987,3485,28.4,99.6,0,22.5,0,1.143
147.492,0.051727252,0,117.887095,116.7828057,3.712678707,-12.52443609,3485,28,99.6,0,22.5,0,1.143
147.592,0.051607652,0,117.906562,116.7730816,3.725625498,-12.4487244,3485,28,99.6,0,22.5,0,1.143
147.692,0.051567785,0,117.8676283,116.8022541,3.7223888,-12.50052714,3485,28,99.6,0,22.5,0,1.143
147.792,0.051488052,0,117.8676283,116.7730816,3.690021822,-12.45270923,3485,28,99.6,0,22.5,0,1.143
147.892,0.051448186,0,117.8676283,116.7244619,3.699731915,-12.4168458,3485,28,99.6,0,22.5,0,1.143
147.992,0.051448186,0,117.8384286,116.7341857,3.683548426,-12.46067888,3485,28,99.6,0,22.5,0,1.143
148.092,0.051408319,0,117.8384286,116.7439096,3.657654844,-12.37699754,3485,28,99.6,0,22.5,0,1.143
148.192,0.051248853,0,117.8481617,116.7147381,3.673838333,-12.46466371,3485,28,99.6,0,22.5,0,1.143
148.292,0.051248853,0,117.8384286,116.7244619,3.670601635,-12.34113411,3476,28,99.6,0,22.5,0,1.143
148.392,0.051248853,0,117.8092294,116.7050144,3.654418146,-12.43676993,3476,28,99.6,0,22.5,0,1.143
148.492,0.051089386,0,117.7994964,116.7147381,3.673838333,-12.34910376,3476,28,99.6,0,22.5,0,1.143
148.592,0.051009653,0,117.8092294,116.6952907,3.609104376,-12.42481545,3476,28,99.6,0,22.5,0,1.143
148.692,0.051009653,0,117.7994964,116.6855671,3.651181448,-12.38098237,3476,28,99.7,0,22.5,0,1.143
148.792,0.050969787,0,117.7702978,116.6855671,3.641471355,-12.36902789,3476,28,99.7,0,22.5,0,1.143
148.892,0.050890053,0,117.7702978,116.6563966,3.628524563,-12.34511894,3476,28,99.7,0,22.5,0,1.143
148.992,0.050850187,0,117.7702978,116.6272266,3.657654844,-12.28534655,3476,28,99.7,0,22.5,0,1.143
149.092,0.05081032,0,117.7508324,116.6369499,3.625287866,-12.29730103,3476,28,99.7,0,22.5,0,1.143
149.192,0.050770454,0,117.7313672,116.6272266,3.605867679,-12.28136173,3476,28,99.7,0,22.5,0,1.143
149.292,0.050730587,0,117.7508324,116.6272266,3.602630981,-12.28534655,3476,28,99.7,0,22.5,0,1.143
149.392,0.050650854,0,117.7313672,116.6369499,3.592920887,-12.24151347,3476,28,99.7,0,22.5,0,1.143
149.492,0.050451521,0,117.7216347,116.6272266,3.596157585,-12.28933138,3465,28,99.7,0,22.5,0,1.143
149.592,0.050531254,0,117.7313672,116.588334,3.609104376,-12.20565004,3465,28,99.7,0,22.5,0,1.143
149.692,0.050451521,0,117.7119022,116.5980571,3.567027305,-12.29730103,3465,28,99.7,0,22.5,0,1.143
149.792,0.050411654,0,117.7119022,116.578611,3.567027305,-12.21760452,3465,28,99.7,0,22.5,0,1.143
149.892,0.050371788,0,117.7021698,116.588334,3.579974096,-12.18174109,3465,28,99.7,0,22.5,0,1.143
149.992,0.050292054,0,117.6924375,116.5591651,3.576737398,-12.2454983,3465,28,99.7,0,22.5,0,1.143
150.092,0.050252188,0,117.6924375,116.5397195,3.554080514,-12.21760452,3465,28,99.7,0,22.5,0,1.143
150.192,0.050292054,0,117.6729729,116.5397195,3.534660327,-12.11001423,3465,28,99.7,0,22.5,0,1.143
150.292,0.050212321,0,117.6535086,116.5299968,3.524950233,-12.17377144,3465,28,99.7,0,22.5,0,1.143
150.392,0.050172455,0,117.6437765,116.5202741,3.505530046,-12.14587766,3465,28,99.7,0,22.5,0,1.143
150.492,0.050052855,0,117.6535086,116.4911064,3.547607118,-12.20963487,3465,28,99.7,0,22.5,0,1.143
150.592,0.050092722,0,117.6145806,116.5202741,3.489346557,-12.06219632,3454,28,99.7,0,22.5,0,1.143
150.692,0.049973122,0,117.6340445,116.4813839,3.557317211,-12.0900901,3454,28,99.7,0,22.5,0,1.143
150.792,0.049933255,0,117.6145806,116.4716615,3.492583255,-12.14189283,3454,28,99.7,0,22.5,0,1.143
150.892,0.049813655,0,117.595117,116.4911064,3.512003442,-12.17775626,3454,28,99.7,0,22.5,0,1.143
150.992,0.049853522,0,117.5853852,116.4424946,3.486109859,-12.06618115,3454,28,99.7,0,22.5,0,1.143
151.092,0.049733922,0,117.6048488,116.4327724,3.489346557,-12.20166522,3454,28,99.7,0,22.5,0,1.143
151.192,0.049694056,0,117.5659219,116.4230503,3.528186931,-12.05422667,3454,28,99.7,0,22.5,0,1.143
151.292,0.049614322,0,117.5853852,116.4230503,3.502293349,-12.0741508,3454,28,99.7,0,22.5,0,1.143
151.392,0.049534589,0,117.5659219,116.4327724,3.463452975,-12.00640876,3454,28,99.7,0,22.5,0,1.143
151.492,0.049534589,0,117.5464588,116.4036062,3.431085997,-12.03430254,3454,28,99.7,0,22.5,0,1.143
151.592,0.049454856,0,117.5659219,116.4036062,3.447269486,-12.04227219,3454,28,99.7,0,22.5,0,1.143
151.692,0.049255523,0,117.5172646,116.3549969,3.463452975,-11.97054533,3444,28,99.7,0,22.5,0,1.143
151.792,0.049335256,0,117.5269959,116.3452752,3.456979579,-11.9187426,3444,28,99.7,0,22.5,0,1.143
151.892,0.04929539,0,117.497802,116.3452752,3.463452975,-12.03430254,3444,28,99.7,0,22.5,0,1.143
151.992,0.049215657,0,117.4880708,116.3647187,3.398719018,-12.01437841,3444,28,99.7,0,22.5,0,1.143
152.092,0.04917579,0,117.4880708,116.325832,3.453742881,-12.03430254,3444,28,99.7,0,22.5,0,1.143
152.192,0.049255523,0,117.497802,116.325832,3.414902508,-12.02633289,3444,28,99.7,0,22.53125,0,1.143
152.292,0.04905619,0,117.4686086,116.2966676,3.427849299,-11.94265155,3444,28,99.7,0,22.53125,0,1.143
152.392,0.049016324,0,117.4783397,116.325832,3.392245623,-11.86693987,3444,28,99.7,0,22.53125,0,1.143
152.492,0.048976457,0,117.4491466,116.2772249,3.401955716,-11.83904609,3444,28,99.7,0,22.53125,0,1.143
152.592,0.04893659,0,117.4783397,116.2675037,3.398719018,-11.9346819,3444,28,99.7,0,22.53125,0,1.143
152.692,0.048976457,0,117.4491466,116.2675037,3.369588738,-11.91475777,3444,28,99.7,0,22.53125,0,1.143
152.792,0.048816991,0,117.4394157,116.2480613,3.392245623,-11.89084882,3430,28,99.7,0,22.53125,0,1.143
152.892,0.048856857,0,117.4394157,116.2577825,3.401955716,-11.91475777,3430,28,99.7,0,22.53125,0,1.143
152.992,0.048816991,0,117.4102232,116.2286192,3.389008925,-11.83904609,3430,28,99.7,0,22.53125,0,1.143
153.092,0.048737258,0,117.419954,116.2286192,3.405192414,-11.81513713,3430,28,99.7,0,22.53125,0,1.143
153.192,0.048737258,0,117.419954,116.1994564,3.327511667,-11.79521301,3430,28,99.7,0,22.53125,0,1.143
153.292,0.048737258,0,117.4102232,116.1897356,3.343695156,-11.84303091,3430,28,99.7,0,22.53125,0,1.143
153.392,0.048617658,0,117.4004925,116.2091773,3.314564875,-11.84303091,3430,28,99.7,0,22.53125,0,1.143
153.492,0.048617658,0,117.3615703,116.1897356,3.314564875,-11.82709161,3430,28,99.7,0,22.53125,0,1.143
153.592,0.048458191,0,117.4004925,116.1702941,3.324274969,-11.78724335,3430,28,99.7,0,22.53125,0,1.143
153.692,0.048458191,0,117.3615703,116.1508529,3.30809148,-11.86693987,3430,28,99.7,0,22.53125,0,1.143
153.792,0.048418325,0,117.3810313,116.1800148,3.333985062,-11.73942545,3430,28,99.7,0,22.53125,0,1.143
153.892,0.048458191,0,117.3615703,116.1314119,3.311328177,-11.73942545,3410,28,99.7,0,22.53125,0,1.143
153.992,0.048418325,0,117.3615703,116.1411323,3.282197897,-11.71551649,3410,28,99.7,0,22.53125,0,1.143
154.092,0.048378458,0,117.3518399,116.1119711,3.275724502,-11.7792737,3410,28,99.7,0,22.53125,0,1.143
154.192,0.048298725,0,117.3615703,116.0730901,3.285434595,-11.7473951,3410,28,99.7,0,22.53125,0,1.143
154.292,0.048258858,0,117.3129187,116.0730901,3.30809148,-11.73544062,3410,28,99.7,0,22.53125,0,1.143
154.392,0.048179125,0,117.3226489,116.0536499,3.288671293,-11.78724335,3410,28,99.7,0,22.53125,0,1.143
154.492,0.048179125,0,117.3031886,116.06337,3.288671293,-11.71950132,3410,28,99.7,0,22.53125,0,1.143
154.592,0.048139259,0,117.2934585,116.04393,3.314564875,-11.67965306,3410,28,99.7,0,22.53125,0,1.143
154.692,0.048019659,0,117.3031886,116.04393,3.278961199,-11.72348614,3410,28,99.7,0,22.53125,0,1.143
154.792,0.047979792,0,117.2837285,116.0536499,3.288671293,-11.56807795,3410,28,99.7,0,22.53125,0,1.143
154.892,0.047860193,0,117.2642686,116.03421,3.243357523,-11.64378963,3410,28,99.7,0,22.53125,0,1.143
154.992,0.047979792,0,117.2934585,116.0244901,3.259541012,-11.69957719,3392,28,99.7,0,22.53125,0,1.143
155.092,0.047780459,0,117.3129187,115.9953308,3.249830919,-11.6079262,3392,28,99.7,0,22.53125,0,1.143
155.192,0.047860193,0,117.2739985,115.9953308,3.249830919,-11.64777446,3392,28,99.7,0,22.53125,0,1.143
155.292,0.047740593,0,117.2739985,115.9758915,3.249830919,-11.63980481,3392,28,99.7,0,22.53125,0,1.143
155.392,0.047740593,0,117.2545387,115.9564525,3.253067617,-11.72348614,3392,28,99.7,0,22.53125,0,1.143
155.492,0.047700726,0,117.2545387,115.966172,3.236884128,-11.56807795,3392,28,99.7,0,22.53125,0,1.143
155.592,0.047581126,0,117.2253494,115.9564525,3.207753847,-11.59995655,3392,28,99.7,0,22.53125,0,1.143
155.692,0.047581126,0,117.2253494,115.946733,3.188333661,-11.51627521,3392,28,99.7,0,22.53125,0,1.143
155.792,0.047581126,0,117.2156198,115.9078558,3.223937336,-11.5601083,3392,28,99.7,0,22.53125,0,1.143
155.892,0.047501393,0,117.2156198,115.9370136,3.236884128,-11.53221452,3392,28,99.7,0,22.53125,0,1.143
155.992,0.047341927,0,117.2058902,115.8981366,3.230410732,-11.53619934,3392,28,99.7,0,22.53125,0,1.143
156.092,0.047341927,0,117.1961606,115.8981366,3.220700639,-11.5601083,3377,27.6,99.7,0,22.53125,0,1.143
156.192,0.047262194,0,117.1961606,115.8981366,3.172150171,-11.59597173,3377,27.6,99.7,0,22.53125,0,1.143
156.292,0.047262194,0,117.1864311,115.8786984,3.188333661,-11.42860905,3377,27.6,99.7,0,22.53125,0,1.143
156.392,0.047182461,0,117.2058902,115.8592605,3.201280452,-11.45650283,3377,27.6,99.7,0,22.53125,0,1.143
156.492,0.047102727,0,117.1669723,115.8592605,3.198043754,-11.50432074,3377,27.6,99.7,0,22.53125,0,1.143
156.592,0.047062861,0,117.157243,115.8203852,3.168913474,-11.44056353,3377,27.6,99.7,0,22.53125,0,1.143
156.692,0.047142594,0,117.1475137,115.8203852,3.185096963,-11.50033591,3377,27.6,99.7,0,22.53125,0,1.143
156.792,0.047022994,0,117.1377845,115.8203852,3.15920338,-11.48041178,3377,27.6,99.7,0,22.53125,0,1.143
156.892,0.046943261,0,117.1280554,115.8398227,3.146256589,-11.48439661,3377,27.6,99.7,0,22.53125,0,1.143
156.992,0.046903394,0,117.1475137,115.7815108,3.149493287,-11.38876079,3377,27.6,99.7,0,22.53125,0,1.142
157.092,0.046903394,0,117.1183263,115.7815108,3.165676776,-11.47642696,3377,27.6,99.7,0,22.53125,0,1.142
157.192,0.046823661,0,117.1475137,115.7717924,3.133309798,-11.41266975,3348,27.6,99.7,0,22.53125,0,1.142
157.292,0.046783795,0,117.1085972,115.762074,3.120363006,-11.4047001,3348,27.6,99.7,0,22.53125,0,1.142
157.392,0.046743928,0,117.0988682,115.7426373,3.120363006,-11.36086702,3348,27.6,99.7,0,22.53125,0,1.142
157.492,0.046743928,0,117.1085972,115.7523556,3.133309798,-11.44056353,3348,27.6,99.7,0,22.53125,0,1.142
157.592,0.046704061,0,117.0891393,115.7037647,3.123599704,-11.38079114,3348,27.6,99.7,0,22.53125,0,1.142
157.692,0.046584462,0,117.0891393,115.6843287,3.113889611,-11.39673045,3348,27.6,99.7,0,22.53125,0,1.142
157.792,0.046504728,0,117.0891393,115.6843287,3.107416215,-11.31703393,3348,27.6,99.7,0,22.53125,0,1.142
157.892,0.046504728,0,117.0696816,115.6940467,3.094469424,-11.30109463,3348,27.6,99.7,0,22.53125,0,1.142
157.992,0.046504728,0,117.0599528,115.6746108,3.104179517,-11.34094289,3348,27.6,99.7,0,22.53125,0,1.142
158.092,0.046464862,0,117.0696816,115.6746108,3.081522633,-11.34094289,3348,27.6,99.7,0,22.53125,0,1.142
158.192,0.046385129,0,117.0696816,115.6648929,3.104179517,-11.38079114,3348,27.6,99.7,0,22.53125,0,1.142
158.292,0.046424995,0,117.0696816,115.5968694,3.045918957,-11.32500359,3334,27.6,99.7,0,22.53125,0,1.142
158.392,0.046345262,0,117.1085972,115.587152,3.110652913,-11.33297324,3334,27.6,99.7,0,22.53125,0,1.142
158.492,0.046345262,0,117.0502241,115.6163045,3.110652913,-11.2652312,3334,27.6,99.7,0,22.5625,0,1.142
158.592,0.046225662,0,117.0502241,115.6357397,3.075049237,-11.26921603,3334,27.6,99.7,0,22.5625,0,1.142
158.692,0.046185796,0,117.0210383,115.6454574,3.08475933,-11.26921603,3334,27.6,99.7,0,22.5625,0,1.142
158.792,0.046185796,0,117.0113098,115.6065869,3.087996028,-11.23733742,3334,27.6,99.7,0,22.53125,0,1.142
158.892,0.046145929,0,117.0210383,115.5968694,3.081522633,-11.21342847,3334,27.6,99.7,0,22.53125,0,1.142
158.992,0.046066196,0,117.0307668,115.6065869,3.081522633,-11.21741329,3334,27.6,99.7,0,22.5625,0,1.142
159.092,0.046106063,0,116.9821246,115.5968694,3.075049237,-11.2333526,3334,27.6,99.7,0,22.5625,0,1.142
159.192,0.046026329,0,117.0015814,115.5677173,3.065339144,-11.22538295,3334,27.6,99.7,0,22.5625,0,1.142
159.292,0.046026329,0,116.991853,115.5677173,3.071812539,-11.2492919,3334,27.6,99.7,0,22.5625,0,1.142
159.392,0.045946596,0,116.991853,115.5774347,3.036208863,-11.16162574,3314,27.6,99.7,0,22.5625,0,1.142
159.492,0.04590673,0,116.9723964,115.5191316,3.013551979,-11.20147399,3314,27.6,99.7,0,22.5625,0,1.142
159.592,0.045866863,0,116.95294,115.5191316,3.013551979,-11.16959539,3314,27.6,99.7,0,22.5625,0,1.142
159.692,0.045826996,0,116.9626682,115.5094146,3.036208863,-11.12177748,3314,27.6,99.7,0,22.5625,0,1.142
159.792,0.045707397,0,116.9334838,115.5288486,3.010315281,-11.16959539,3314,27.6,99.7,0,22.5625,0,1.142
159.892,0.04578713,0,116.9432119,115.5094146,3.003841885,-11.08989888,3314,27.6,99.7,0,22.5625,0,1.142
159.992,0.045707397,0,116.9432119,115.4996977,3.003841885,-11.109823,3314,27.6,99.7,0,22.5625,0,1.142
160.092,0.04566753,0,116.9334838,115.4899808,3.036208863,-11.16162574,3314,27.6,99.7,0,22.5625,0,1.142
160.192,0.045587797,0,116.9043,115.4705472,3.013551979,-11.08989888,3314,27.6,99.7,0,22.5625,0,1.142
160.292,0.045707397,0,116.9140279,115.480264,3.003841885,-11.15764091,3314,27.6,99.7,0,22.5625,0,1.142
160.392,0.045587797,0,116.9043,115.4511139,2.965001511,-11.13771678,3314,27.6,99.7,0,22.5625,0,1.142
160.492,0.045508064,0,116.9140279,115.4413973,2.990895094,-11.05403545,3296,27.6,99.7,0,22.5625,0,1.143
160.592,0.04554793,0,116.9140279,115.4511139,3.000605187,-11.03012649,3296,27.6,99.7,0,22.5625,0,1.143
160.692,0.045428331,0,116.8459338,115.4413973,2.974711605,-11.0779444,3296,27.6,99.7,0,22.5625,0,1.143
160.792,0.045428331,0,116.8751167,115.4316807,2.997368489,-11.06997475,3296,27.6,99.7,0,22.5625,0,1.143
160.892,0.045348597,0,116.8751167,115.3830988,2.987658396,-11.10583818,3296,27.6,99.7,0,22.5625,0,1.143
160.992,0.045268864,0,116.8556614,115.3928151,2.965001511,-11.09786853,3296,27.6,99.8,0,22.5625,0,1.143
161.092,0.045348597,0,116.8362063,115.3733826,2.984421698,-11.01817202,3296,27.6,99.8,0,22.5625,0,1.143
161.192,0.045228998,0,116.8556614,115.3345182,2.955291418,-11.09786853,3296,27.6,99.8,0,22.5625,0,1.143
161.292,0.045189131,0,116.8556614,115.3539503,2.945581324,-11.03012649,3296,27.6,99.8,0,22.5625,0,1.143
161.392,0.045069531,0,116.8556614,115.3636664,2.95205472,-11.12576231,3296,27.6,99.8,0,22.5625,0,1.143
161.492,0.045069531,0,116.8264789,115.3150864,2.942344627,-11.05403545,3296,27.6,99.8,0,22.5625,0,1.143
161.592,0.045029665,0,116.8264789,115.3345182,2.95205472,-11.03012649,3283,27.6,99.8,0,22.5625,0,1.143
161.692,0.044989798,0,116.8167515,115.3150864,2.948818022,-10.97832376,3283,27.6,99.8,0,22.5625,0,1.143
161.792,0.045029665,0,116.8167515,115.2956548,2.926161138,-11.01817202,3283,27.6,99.8,0,22.5625,0,1.143
161.892,0.044949931,0,116.8070241,115.2956548,2.926161138,-10.97433893,3283,27.6,99.8,0,22.5625,0,1.143
161.992,0.044870198,0,116.7875696,115.2859391,2.929397835,-11.0779444,3283,27.6,99.8,0,22.5625,0,1.143
162.092,0.044989798,0,116.7875696,115.2956548,2.884084066,-10.99027824,3283,27.6,99.8,0,22.5625,0,1.143
162.192,0.044790465,0,116.7486612,115.2470767,2.92292444,-11.03411132,3283,27.6,99.8,0,22.5625,0,1.143
162.292,0.044870198,0,116.7583883,115.3053706,2.929397835,-10.97433893,3283,27.6,99.8,0,22.5625,0,1.143
162.392,0.044830332,0,116.7778424,115.2567922,2.919687742,-11.00223271,3283,27.6,99.8,0,22.5625,0,1.143
162.492,0.044750599,0,116.7681153,115.2276458,2.893794159,-10.95839963,3283,27.6,99.8,0,22.5625,0,1.143
162.592,0.044750599,0,116.7486612,115.2470767,2.942344627,-10.99824789,3283,27.6,99.8,0,22.5625,0,1.143
162.692,0.044670865,0,116.7389343,115.1985,2.929397835,-10.80697626,3271,27.6,99.8,0,22.5625,0,1.143
162.792,0.044670865,0,116.7194805,115.1985,2.87761067,-10.97832376,3271,27.6,99.8,0,22.5625,0,1.143
162.892,0.044551266,0,116.700027,115.2179305,2.84848039,-10.8906576,3271,27.6,99.8,0,22.5625,0,1.143
162.992,0.044511399,0,116.7097538,115.2276458,2.867900577,-10.91456655,3271,27.6,99.8,0,22.5625,0,1.143
163.092,0.044431666,0,116.7292074,115.1790696,2.874373973,-10.86674864,3271,27.6,99.8,0,22.5625,0,1.143
163.192,0.044431666,0,116.700027,115.1790696,2.871137275,-10.98230858,3271,27.6,99.8,0,22.5625,0,1.143
163.292,0.044431666,0,116.6805737,115.1499246,2.864663879,-10.83487004,3271,27.6,99.8,0,22.5625,0,1.143
163.392,0.044391799,0,116.6805737,115.1596395,2.842006994,-10.85877899,3271,27.6,99.8,0,22.5625,0,1.143
163.492,0.044431666,0,116.6708472,115.1596395,2.867900577,-10.86276382,3271,27.6,99.8,0,22.5625,0,1.143
163.592,0.044351933,0,116.6708472,115.12078,2.864663879,-10.85479417,3271,27.6,99.8,0,22.5625,0,1.143
163.692,0.044272199,0,116.6708472,115.0819214,2.845243692,-10.84283969,3271,27.6,99.8,0,22.5625,0,1.143
163.792,0.044272199,0,116.6416678,115.1110653,2.851717088,-10.83088521,3258,27.6,99.8,0,22.5625,0,1.143
163.892,0.044232333,0,116.6319414,115.0819214,2.799929923,-10.80299143,3258,27.6,99.8,0,22.5625,0,1.143
163.992,0.044112733,0,116.6416678,115.0819214,2.829060203,-10.83088521,3258,27.6,99.8,0,22.5625,0,1.142
164.092,0.0441526,0,116.6027627,115.0624924,2.854953786,-10.7193101,3258,27.6,99.8,0,22.5625,0,1.142
164.192,0.044112733,0,116.6027627,115.0624924,2.867900577,-10.77111283,3258,27.6,99.8,0,22.5625,0,1.142
164.292,0.044033,0,116.6027627,115.0527779,2.783746434,-10.767128,3258,27.6,99.8,0,22.5625,0,1.142
164.392,0.044033,0,116.5638585,115.0430636,2.825823505,-10.76314318,3258,27.6,99.8,0,22.5625,0,1.142
164.492,0.043993133,0,116.5735845,115.023635,2.803166621,-10.73923422,3258,27.6,99.8,0,22.5625,0,1.142
164.592,0.043953267,0,116.5444067,115.023635,2.783746434,-10.79900661,3258,27.6,99.8,0,22.5625,0,1.142
164.692,0.043993133,0,116.5638585,115.0042066,2.780509736,-10.79900661,3258,27.6,99.8,0,22.5625,0,1.142
164.792,0.043873534,0,116.5735845,114.9750645,2.809640016,-10.72727975,3258,27.6,99.8,0,22.5625,0,1.142
164.892,0.043873534,0,116.5444067,114.9944926,2.796693225,-10.72329492,3236,27.6,99.8,0,22.5625,0,1.142
164.992,0.043833667,0,116.5444067,114.9750645,2.81935011,-10.70337079,3236,27.6,99.8,0,22.5625,0,1.142
165.092,0.043753934,0,116.5444067,114.9459229,2.799929923,-10.71134045,3236,27.6,99.8,0,22.59375,0,1.142
165.192,0.043753934,0,116.5346809,114.9750645,2.822586808,-10.79502178,3236,27.6,99.8,0,22.59375,0,1.142
165.292,0.043714067,0,116.5152295,114.9653506,2.790219829,-10.81096108,3236,27.6,99.8,0,22.59375,0,1.142
165.392,0.043714067,0,116.4860528,114.9264954,2.77403634,-10.61171981,3236,27.6,99.8,0,22.59375,0,1.142
165.492,0.043714067,0,116.4763273,114.9264954,2.84848039,-10.71134045,3236,27.6,99.8,0,22.59375,0,1.142
165.592,0.043594467,0,116.5249552,114.9070682,2.751379456,-10.69141632,3236,27.6,99.8,0,22.59375,0,1.143
165.692,0.043594467,0,116.4860528,114.9070682,2.780509736,-10.7193101,3236,27.6,99.8,0,22.59375,0,1.143
165.792,0.043634334,0,116.4763273,114.8876411,2.77403634,-10.62367428,3236,27.6,99.8,0,22.59375,0,1.143
165.892,0.043474868,0,116.4860528,114.8682143,2.761089549,-10.5639019,3236,27.6,99.8,0,22.59375,0,1.143
165.992,0.043474868,0,116.437426,114.8682143,2.767562945,-10.64359841,3213,27.6,99.8,0,22.59375,0,1.143
166.092,0.043435001,0,116.437426,114.8876411,2.796693225,-10.67149219,3213,27.6,99.8,0,22.59375,0,1.143
166.192,0.043395135,0,116.4471512,114.8682143,2.790219829,-10.60375015,3213,27.6,99.8,0,22.59375,0,1.143
166.292,0.043355268,0,116.4277008,114.8390745,2.754616153,-10.63961359,3213,27.6,99.8,0,22.59375,0,1.143
166.392,0.043474868,0,116.4277008,114.8293613,2.77403634,-10.57187155,3213,27.6,99.8,0,22.59375,0,1.143
166.492,0.043395135,0,116.4179756,114.8293613,2.764326247,-10.73923422,3213,27.6,99.8,0,22.59375,0,1.143
166.592,0.043315401,0,116.3888005,114.7905092,2.751379456,-10.67946184,3213,27.6,99.8,0,22.59375,0,1.143
166.692,0.043275535,0,116.3985255,114.7905092,2.735195967,-10.55991707,3213,27.6,99.8,0,22.59375,0,1.143
166.792,0.043275535,0,116.3693508,114.7905092,2.725485873,-10.5639019,3213,27.6,99.8,0,22.59375,0,1.143
166.892,0.043195802,0,116.3693508,114.7710834,2.699592291,-10.53999295,3213,27.6,99.8,0,22.59375,0,1.143
166.992,0.043116068,0,116.3693508,114.7419452,2.741669362,-10.66352254,3213,27.6,99.8,0,22.59375,0,1.143
167.092,0.043195802,0,116.3790756,114.7710834,2.706065686,-10.55194742,3190,27.6,99.8,0,22.59375,0,1.143
167.192,0.043155935,0,116.3693508,114.7516579,2.731959269,-10.56788672,3190,27.6,99.8,0,22.59375,0,1.143
167.292,0.043076202,0,116.3790756,114.7322326,2.751379456,-10.57187155,3190,27.6,99.8,0,22.59375,0,1.143
167.392,0.043036335,0,116.3401765,114.7807963,2.719012477,-10.52803847,3190,27.6,99.8,0,22.59375,0,1.143
167.492,0.043076202,0,116.3207272,114.7030951,2.699592291,-10.48420539,3190,27.6,99.8,0,22.59375,0,1.143
167.592,0.042956602,0,116.3207272,114.7030951,2.74490606,-10.56788672,3190,27.6,99.8,0,22.59375,0,1.143
167.692,0.042996469,0,116.3012782,114.673958,2.738432664,-10.57585638,3190,27.6,99.8,0,22.59375,0,1.143
167.792,0.042956602,0,116.3304518,114.673958,2.676935406,-10.45631161,3190,27.6,99.8,0,22.59375,0,1.143
167.892,0.042876869,0,116.2915538,114.6642458,2.686645499,-10.52405364,3190,27.6,99.8,0,22.59375,0,1.143
167.992,0.042916735,0,116.2818294,114.6448215,2.67046201,-10.47225091,3190,27.6,99.8,0,22.59375,0,1.143
168.092,0.042757269,0,116.2818294,114.6351094,2.680172104,-10.48819021,3190,27.6,99.8,0,22.59375,0,1.143
168.192,0.042717402,0,116.2526566,114.6545336,2.680172104,-10.49217504,3170,27.6,99.8,0,22.59375,0,1.143
168.292,0.042717402,0,116.2526566,114.6156854,2.696355593,-10.47225091,3170,27.6,99.8,0,22.59375,0,1.143
168.392,0.042677536,0,116.2721051,114.6253974,2.680172104,-10.52803847,3170,27.6,99.8,0,22.59375,0,1.143
168.492,0.042637669,0,116.2429325,114.5671263,2.673698708,-10.3766151,3170,27.6,99.8,0,22.59375,0,1.143
168.592,0.042597803,0,116.2429325,114.5865498,2.71577578,-10.49615986,3170,27.6,99.8,0,22.59375,0,1.143
168.692,0.042597803,0,116.2526566,114.576838,2.663988615,-10.424433,3170,27.6,99.8,0,22.59375,0,1.143
168.792,0.042557936,0,116.2429325,114.5865498,2.680172104,-10.35270614,3170,27.6,99.8,0,22.59375,0,1.143
168.892,0.042557936,0,116.2040364,114.576838,2.654278521,-10.43638748,3170,27.6,99.8,0,22.59375,0,1.143
168.992,0.042557936,0,116.2137604,114.5477031,2.621911543,-10.44834196,3170,27.6,99.8,0,22.59375,0,1.143
169.092,0.042478203,0,116.2332084,114.5379916,2.657515219,-10.46428126,3170,27.6,99.8,0,22.59375,0,1.143
169.192,0.042438336,0,116.1943125,114.5185687,2.64133173,-10.48819021,3170,27.6,99.8,0,22.59375,0,1.143
169.292,0.042478203,0,116.1943125,114.5088573,2.647805126,-10.3925544,3129,27.6,99.8,0,22.59375,0,1.143
169.392,0.04239847,0,116.1943125,114.5185687,2.638095032,-10.43638748,3129,27.6,99.8,0,22.59375,0,1.143
169.492,0.04227887,0,116.1554176,114.4894347,2.628384939,-10.35669097,3129,27.6,99.8,0,22.59375,0,1.143
169.592,0.04227887,0,116.1651412,114.499146,2.657515219,-10.36067579,3129,27.6,99.8,0,22.59375,0,1.143
169.692,0.04227887,0,116.1554176,114.4700123,2.663988615,-10.40052405,3129,27.6,99.8,0,22.59375,0,1.143
169.792,0.042199137,0,116.1359704,114.4408792,2.618674845,-10.34473649,3129,27.6,99.8,0,22.59375,0,1.143
169.892,0.04215927,0,116.1262469,114.4603012,2.660751917,-10.38458475,3129,27.6,99.8,0,22.59375,0,1.143
169.992,0.04227887,0,116.1359704,114.4311683,2.673698708,-10.43638748,3129,27.6,99.8,0,22.59375,0,1.143
170.092,0.042119404,0,116.1359704,114.4408792,2.583071169,-10.37263027,3129,27.6,99.8,0,22.59375,0,1.143
170.192,0.04203967,0,116.1165235,114.4408792,2.599254658,-10.36466062,3129,27.6,99.8,0,22.59375,0,1.143
170.292,0.042079537,0,116.1068001,114.4214574,2.615438147,-10.36067579,3129,27.6,99.8,0,22.59375,0,1.143
170.392,0.041959937,0,116.1165235,114.3826144,2.615438147,-10.23316138,3107,27.6,99.8,0,22.59375,0,1.143
170.492,0.04203967,0,116.0970768,114.3826144,2.550704191,-10.3925544,3107,27.6,99.8,0,22.59375,0,1.143
170.592,0.041999804,0,116.0970768,114.4020358,2.634858334,-10.36466062,3107,27.6,99.8,0,22.59375,0,1.143
170.692,0.04203967,0,116.0679071,114.3826144,2.621911543,-10.31285789,3107,27.6,99.8,0,22.59375,0,1.143
170.792,0.041959937,0,116.058184,114.3729038,2.576597774,-10.28097928,3107,27.6,99.8,0,22.59375,0,1.142
170.892,0.041920071,0,116.0679071,114.3631932,2.563650982,-10.35270614,3107,27.6,99.8,0,22.59375,0,1.142
170.992,0.041920071,0,116.058184,114.3631932,2.634858334,-10.28496411,3107,27.6,99.8,0,22.59375,0,1.142
171.092,0.041959937,0,116.0387379,114.3437723,2.586307867,-10.11760144,3107,27.6,99.8,0,22.59375,0,1.142
171.192,0.041880204,0,116.029015,114.3243515,2.589544565,-10.25707033,3107,27.6,99.8,0,22.59375,0,1.142
171.292,0.041760604,0,116.0387379,114.304931,2.553940889,-10.19729795,3107,27.6,99.8,0,22.59375,0,1.142
171.392,0.041760604,0,116.029015,114.304931,2.56688768,-10.28496411,3107,27.6,99.8,0,22.59375,0,1.142
171.492,0.041720738,0,116.0192921,114.2855107,2.547467493,-10.27300963,3085,27.6,99.8,0,22.59375,0,1.142
171.592,0.041680871,0,115.9998465,114.2660906,2.583071169,-10.25707033,3085,27.6,99.8,0,22.59375,0,1.142
171.692,0.041641005,0,115.9998465,114.2660906,2.583071169,-10.26105516,3085,27.6,99.8,0,22.59375,0,1.142
171.792,0.041760604,0,115.9804011,114.2660906,2.583071169,-10.30488824,3085,27.6,99.8,0,22.59375,0,1.142
171.892,0.041680871,0,115.9804011,114.2466707,2.553940889,-10.19331312,3085,27.6,99.8,0,22.59375,0,1.142
171.992,0.041641005,0,115.9706785,114.2272511,2.56688768,-10.20925242,3085,27.6,99.8,0,22.59375,0,1.142
172.092,0.041521405,0,115.9512334,114.2175413,2.515100515,-10.21323725,3085,27.6,99.8,0,22.59375,0,1.142
172.192,0.041601138,0,115.9609559,114.2272511,2.56688768,-10.36466062,3085,27.6,99.8,0,22.59375,0,1.142
172.292,0.041521405,0,115.9706785,114.2369609,2.547467493,-10.30887306,3085,27.6,99.8,0,22.59375,0,1.142
172.392,0.041481538,0,115.9609559,114.2272511,2.524810609,-10.19729795,3085,27.6,99.8,0,22.625,0,1.142
172.492,0.041441672,0,115.9415109,114.2272511,2.524810609,-10.12557109,3085,27.6,99.8,0,22.625,0,1.142
172.592,0.041441672,0,115.9123439,114.2175413,2.544230796,-10.24113103,3063,27.6,99.8,0,22.625,0,1.143
172.692,0.041561271,0,115.9220662,114.1689934,2.557177587,-10.2530855,3063,27.6,99.8,0,22.625,0,1.143
172.792,0.041481538,0,115.9220662,114.1689934,2.550704191,-10.14948004,3063,27.6,99.8,0,22.625,0,1.143
172.892,0.041401805,0,115.8831774,114.159284,2.498917026,-10.24113103,3063,27.6,99.8,0,22.625,0,1.143
172.992,0.041401805,0,115.9123439,114.1495746,2.518337213,-10.28894893,3063,27.6,99.8,0,22.625,0,1.143
173.092,0.041361938,0,115.8831774,114.1398653,2.534520702,-10.21722207,3063,27.6,99.8,0,22.625,0,1.143
173.192,0.041401805,0,115.8831774,114.1495746,2.5377574,-10.13752556,3063,27.6,99.8,0,22.625,0,1.143
173.292,0.041322072,0,115.8831774,114.1107377,2.550704191,-10.13752556,3063,27.6,99.8,0,22.625,0,1.143
173.392,0.041282205,0,115.8540113,114.1204469,2.515100515,-10.20925242,3063,27.6,99.8,0,22.625,0,1.143
173.492,0.041282205,0,115.8442894,114.0913196,2.524810609,-10.18534347,3063,27.6,99.8,0,22.625,0,1.143
173.592,0.041242339,0,115.8540113,114.0913196,2.495680328,-10.19729795,3063,27.6,99.8,0,22.625,0,1.143
173.692,0.041162605,0,115.8540113,114.0913196,2.479496839,-10.11361661,3063,27.6,99.8,0,22.625,0,1.143
173.792,0.041282205,0,115.8540113,114.0719017,2.453603257,-10.19331312,3044,27.6,99.8,0,22.625,0,1.143
173.892,0.041162605,0,115.8442894,114.0524839,2.453603257,-10.05782905,3044,27.6,99.8,0,22.625,0,1.143
173.992,0.041202472,0,115.8248458,114.0524839,2.427709674,-10.14948004,3044,27.6,99.8,0,22.625,0,1.143
174.092,0.041202472,0,115.8248458,114.0524839,2.479496839,-10.05384423,3044,27.6,99.8,0,22.625,0,1.143
174.192,0.041082872,0,115.8248458,114.0524839,2.50862712,-10.08173801,3044,27.6,99.8,0,22.625,0,1.143
174.292,0.041122739,0,115.8054023,114.0330665,2.49244363,-10.12158626,3044,27.6,99.8,0,22.625,0,1.143
174.392,0.041082872,0,115.7859591,114.0330665,2.460076652,-10.11361661,3044,27.6,99.8,0,22.625,0,1.143
174.492,0.041003139,0,115.7665161,113.9845237,2.460076652,-10.06978353,3044,27.6,99.8,0,22.625,0,1.143
174.592,0.041003139,0,115.7762376,114.0039406,2.424472976,-10.10564696,3044,27.6,99.8,0,22.625,0,1.143
174.692,0.040923406,0,115.7956807,113.9748153,2.450366559,-10.08970766,3044,27.6,99.8,0,22.625,0,1.143
174.792,0.041043006,0,115.7567947,113.9845237,2.515100515,-10.16143452,3044,27.6,99.8,0,22.625,0,1.143
174.892,0.040963273,0,115.7567947,113.9748153,2.440656465,-10.07376835,3025,27.6,99.8,0,22.625,0,1.143
174.992,0.040883539,0,115.7665161,113.9359823,2.440656465,-10.06978353,3025,27.6,99.8,0,22.625,0,1.143
175.092,0.040923406,0,115.7373521,113.9748153,2.421236279,-10.10166213,3025,27.6,99.8,0,22.625,0,1.143
175.192,0.040843673,0,115.7276308,113.9553987,2.40505279,-10.0657987,3025,27.6,99.8,0,22.625,0,1.143
175.292,0.040883539,0,115.6887464,114.0719017,2.40505279,-10.06181388,3025,27.6,99.8,0,22.625,0,1.143
175.392,0.040803806,0,115.6790254,114.0719017,2.385632603,-9.990087017,3025,27.6,99.8,0,22.625,0,1.143
175.492,0.04076394,0,115.640142,114.0719017,2.421236279,-10.06181388,3025,27.6,99.8,0,22.625,0,1.143
175.592,0.040803806,0,115.6207007,114.0719017,2.421236279,-10.08173801,3025,27.6,99.8,0,22.625,0,1.143
175.692,0.04076394,0,115.6207007,114.0719017,2.375922509,-10.06181388,3025,27.6,99.8,0,22.625,0,1.143
175.792,0.040724073,0,115.6109801,114.0913196,2.414762883,-9.990087017,3025,27.6,99.8,0,22.625,0,1.143
175.892,0.040724073,0,115.6109801,114.0524839,2.382395905,-10.07376835,3025,27.6,99.8,0,22.625,0,1.143
175.992,0.04076394,0,115.6012596,114.0524839,2.411526185,-9.994071843,3013,27.6,99.8,0,22.625,0,1.143
176.092,0.040684206,0,115.5818187,114.0524839,2.440656465,-10.06978353,3013,27.6,99.8,0,22.625,0,1.143
176.192,0.040684206,0,115.5818187,114.0427752,2.440656465,-10.05384423,3013,27.6,99.8,0,22.625,0,1.143
176.292,0.040724073,0,115.5720983,114.0330665,2.43418307,-9.970162889,3013,27.6,99.8,0,22.625,0,1.143
176.392,0.040564607,0,115.562378,114.0330665,2.369449114,-9.994071843,3013,27.6,99.8,0,22.625,0,1.143
176.492,0.040564607,0,115.5429375,114.0330665,2.375922509,-10.0339201,3013,27.6,99.8,0,22.625,0,1.143
176.592,0.040564607,0,115.5429375,114.0136492,2.382395905,-9.994071843,3013,27.6,99.8,0,22.625,0,1.143
176.692,0.040564607,0,115.5234972,114.0039406,2.385632603,-9.97813254,3013,27.6,99.8,0,22.625,0,1.143
176.792,0.040445007,0,115.5137772,114.0039406,2.379159207,-9.934299459,3013,27.6,99.8,0,22.625,0,1.143
176.892,0.040484873,0,115.5137772,113.9748153,2.395342696,-9.910390506,3013,27.6,99.8,0,22.625,0,1.143
176.992,0.040445007,0,115.4943373,113.9845237,2.340318833,-9.930314634,3013,27.6,99.8,0,22.625,0,1.143
177.092,0.04040514,0,115.4943373,113.9748153,2.382395905,-9.950238761,2997,27.6,99.8,0,22.625,0,1.143
177.192,0.040484873,0,115.4748976,113.9456905,2.35973902,-9.94226911,2997,27.6,99.8,0,22.625,0,1.143
177.292,0.04040514,0,115.4943373,113.9553987,2.372685811,-10.06978353,2997,27.6,99.8,0,22.625,0,1.143
177.392,0.04040514,0,115.4748976,113.9456905,2.392105998,-9.954223587,2997,27.6,99.8,0,22.625,0,1.143
177.492,0.040365274,0,115.4554581,113.965107,2.369449114,-9.898436029,2997,27.6,99.8,0,22.625,0,1.143
177.592,0.04040514,0,115.4360188,113.9553987,2.35973902,-9.842648471,2997,27.6,99.8,0,22.625,0,1.143
177.692,0.040285541,0,115.4457384,113.8971501,2.350028927,-9.926329808,2997,27.6,99.8,0,22.625,0,1.143
177.792,0.040245674,0,115.4360188,113.9553987,2.350028927,-9.894451204,2997,27.6,99.8,0,22.625,0,1.142
177.892,0.040205807,0,115.4165797,113.9359823,2.324135344,-9.934299459,2997,27.6,99.8,0,22.625,0,1.142
177.992,0.040285541,0,115.4360188,113.9262742,2.311188553,-9.90640568,2997,27.6,99.8,0,22.625,0,1.142
178.092,0.040285541,0,115.3971409,113.8971501,2.311188553,-9.97813254,2997,27.6,99.8,0,22.625,0,1.142
178.192,0.040205807,0,115.3874216,113.9262742,2.317661949,-9.930314634,2982,27.6,99.8,0,22.625,0,1.142
178.292,0.040245674,0,115.3777023,113.9456905,2.272348179,-9.894451204,2982,27.6,99.8,0,22.625,0,1.142
178.392,0.040245674,0,115.3777023,113.9165661,2.333845438,-9.882496727,2982,27.6,99.8,0,22.625,0,1.142
178.492,0.040245674,0,115.3582639,113.9359823,2.278821575,-9.886481552,2982,27.6,99.8,0,22.625,0,1.142
178.592,0.040126074,0,115.3582639,113.9359823,2.307951855,-9.854602948,2982,27.6,99.8,0,22.625,0,1.142
178.692,0.040205807,0,115.3388257,113.9359823,2.28529497,-9.830693995,2982,27.6,99.8,0,22.625,0,1.142
178.792,0.040165941,0,115.3291067,113.9262742,2.301478459,-9.982117366,2982,27.6,99.8,0,22.625,0,1.142
178.892,0.040086208,0,115.3388257,113.8971501,2.295005064,-9.902420855,2982,27.6,99.8,0,22.625,0,1.142
178.992,0.040126074,0,115.3096689,113.8971501,2.272348179,-9.862572599,2982,27.6,99.8,0,22.625,0,1.142
179.092,0.040245674,0,115.3096689,113.8680266,2.259401388,-9.874527076,2982,27.6,99.8,0,22.625,0,1.142
179.192,0.040046341,0,115.29995,113.8874422,2.33060874,-9.898436029,2982,27.6,99.8,0,22.625,0,1.142
179.292,0.040126074,0,115.2707938,113.8583188,2.230271108,-9.886481552,2956,27.6,99.8,0,22.625,0,1.142
179.392,0.040006474,0,115.2805125,113.8777344,2.282058273,-9.79881539,2956,27.6,99.8,0,22.625,0,1.142
179.492,0.040046341,0,115.2610752,113.8777344,2.230271108,-9.94226911,2956,27.6,99.8,0,22.625,0,1.142
179.592,0.040046341,0,115.2707938,113.8486111,2.259401388,-9.810769867,2956,27.6,99.8,0,22.625,0,1.143
179.692,0.040046341,0,115.2513566,113.8291959,2.262638086,-9.818739518,2956,27.6,99.8,0,22.65625,0,1.143
179.792,0.039966608,0,115.2416381,113.8389035,2.282058273,-9.814754692,2956,27.6,99.8,0,22.65625,0,1.143
179.892,0.039886875,0,115.2416381,113.8389035,2.275584877,-9.874527076,2956,27.6,99.8,0,22.65625,0,1.143
179.992,0.039886875,0,115.2124829,113.8389035,2.249691294,-9.770921611,2956,27.6,99.8,0,22.65625,0,1.143
180.092,0.039966608,0,115.2513566,113.8097809,2.25616469,-9.770921611,2956,27.6,99.8,0,22.65625,0,1.143
180.192,0.039847008,0,115.2222012,113.7709516,2.249691294,-9.810769867,2956,27.6,99.8,0,22.65625,0,1.143
180.292,0.039767275,0,115.2124829,113.7903661,2.210850921,-9.743027832,2956,27.6,99.8,0,22.65625,0,1.143
180.392,0.039687542,0,115.2222012,113.7612444,2.210850921,-9.76295196,2913,27.6,99.8,0,22.65625,0,1.143
180.492,0.039886875,0,115.2222012,113.7321231,2.236744503,-9.782876088,2913,27.6,99.8,0,22.65625,0,1.143
180.592,0.039767275,0,115.2222012,113.7127092,2.197904129,-9.822724343,2913,27.6,99.8,0,22.65625,0,1.143
180.692,0.039847008,0,115.2027646,113.6932955,2.149353662,-9.782876088,2913,27.6,99.8,0,22.65625,0,1.143
180.792,0.039727408,0,115.1638919,113.7224161,2.214087618,-9.770921611,2913,27.6,99.8,0,22.65625,0,1.143
180.892,0.039807141,0,115.1930463,113.6835887,2.165537151,-9.687240274,2913,27.6,99.8,0,22.65625,0,1.143
180.992,0.039687542,0,115.1833282,113.6641753,2.214087618,-9.782876088,2913,27.6,99.8,0,22.65625,0,1.143
181.092,0.039647675,0,115.1444559,113.673882,2.162300453,-9.711149228,2913,27.6,99.8,0,22.65625,0,1.143
181.192,0.039687542,0,115.2222012,113.5574056,2.18172064,-9.647392019,2913,27.6,99.8,0,22.65625,0,1.143
181.292,0.039687542,0,115.1930463,113.5379937,2.172010547,-9.79881539,2913,27.6,99.9,0,22.65625,0,1.143
181.392,0.039687542,0,115.2027646,113.5574056,2.172010547,-9.842648471,2913,27.6,99.9,0,22.65625,0,1.143
181.492,0.039647675,0,115.1638919,113.5574056,2.172010547,-9.794830564,2893,27.6,99.9,0,22.65625,0,1.143
181.592,0.039647675,0,115.1638919,113.5574056,2.217324316,-9.639422368,2893,27.6,99.9,0,22.65625,0,1.143
181.692,0.039567942,0,115.1638919,113.5379937,2.175247245,-9.774906437,2893,27.6,99.9,0,22.65625,0,1.143
181.792,0.039647675,0,115.1250202,113.5476996,2.162300453,-9.747012658,2893,27.6,99.9,0,22.65625,0,1.143
181.892,0.039607809,0,115.1541739,113.5574056,2.188194036,-9.695209925,2893,27.6,99.9,0,22.65625,0,1.143
181.992,0.039567942,0,115.1055846,113.5476996,2.165537151,-9.754982309,2893,27.6,99.9,0,22.65625,0,1.143
182.092,0.039567942,0,115.0861493,113.586524,2.197904129,-9.774906437,2893,27.6,99.9,0,22.65625,0,1.143
182.192,0.039607809,0,115.0569967,113.5476996,2.15259036,-9.802800216,2893,27.6,99.9,0,22.65625,0,1.143
182.292,0.039528075,0,115.0958669,113.5768178,2.146116964,-9.695209925,2893,27.6,99.9,0,22.65625,0,1.143
182.392,0.039528075,0,115.0667141,113.5574056,2.168773849,-9.754982309,2893,27.6,99.9,0,22.65625,0,1.143
182.492,0.039488209,0,115.0569967,113.5574056,2.162300453,-9.72708853,2893,27.6,99.9,0,22.65625,0,1.143
182.592,0.039448342,0,115.0472792,113.5476996,2.110513288,-9.72708853,2874,27.6,99.9,0,22.65625,0,1.143
182.692,0.039448342,0,115.0375619,113.5282877,2.12346008,-9.758967134,2874,27.6,99.9,0,22.65625,0,1.143
182.792,0.039488209,0,115.0181273,113.5282877,2.104039893,-9.719118879,2874,27.6,99.9,0,22.65625,0,1.143
182.892,0.039448342,0,115.0181273,113.5379937,2.104039893,-9.715134053,2874,27.6,99.9,0,22.65625,0,1.143
182.992,0.039408476,0,115.0084101,113.5574056,2.146116964,-9.72708853,2874,27.6,99.9,0,22.65625,0,1.143
183.092,0.039368609,0,114.9792588,113.5671117,2.107276591,-9.794830564,2874,27.6,99.9,0,22.65625,0,1.142
183.192,0.039368609,0,114.9792588,113.5671117,2.165537151,-9.639422368,2874,27.6,99.9,0,22.65625,0,1.142
183.292,0.039408476,0,115.0181273,113.4506424,2.097566497,-9.607543763,2874,27.6,99.9,0,22.65625,0,1.142
183.392,0.039288876,0,115.0278446,113.334181,2.084619706,-9.659346495,2874,27.6,99.9,0,22.65625,0,1.142
183.492,0.039328742,0,114.9403912,113.4894647,2.094329799,-9.675285798,2874,27.6,99.9,0,22.65625,0,1.142
183.592,0.039328742,0,115.0278446,113.334181,2.094329799,-9.6912251,2874,27.6,99.9,0,22.65625,0,1.142
183.692,0.039288876,0,115.0084101,113.3050668,2.110513288,-9.663331321,2859,27.6,99.9,0,22.65625,0,1.142
183.792,0.039288876,0,115.0181273,113.2953622,2.113749986,-9.715134053,2859,27.6,99.9,0,22.65625,0,1.142
183.892,0.039288876,0,114.9889758,113.3147715,2.094329799,-9.683255449,2859,27.6,99.9,0,22.65625,0,1.142
183.992,0.039249009,0,114.9889758,113.2759531,2.100803195,-9.687240274,2859,27.6,99.9,0,22.65625,0,1.142
184.092,0.039169276,0,114.9792588,113.2856576,2.058726123,-9.659346495,2859,27.6,99.9,0,22.65625,0,1.142
184.192,0.039209143,0,114.9598249,113.2565443,2.068436217,-9.703179577,2859,27.6,99.9,0,22.65625,0,1.142
184.292,0.039169276,0,114.9598249,113.2662487,2.065199519,-9.615513414,2859,27.6,99.9,0,22.65625,0,1.142
184.392,0.039169276,0,114.9306744,113.2662487,2.074909612,-9.635437542,2859,27.6,99.9,0,22.65625,0,1.142
184.492,0.039169276,0,114.911241,113.2759531,2.074909612,-9.575665159,2859,27.6,99.9,0,22.65625,0,1.142
184.592,0.039129409,0,114.9306744,113.2274314,2.04901603,-9.667316147,2859,27.6,99.9,0,22.65625,0,1.142
184.692,0.039129409,0,114.9403912,113.178911,2.065199519,-9.699194751,2859,27.6,99.9,0,22.65625,0,1.142
184.792,0.039169276,0,114.7266348,113.673882,2.094329799,-9.603558938,2844,27.6,99.9,0,22.65625,0,1.143
184.892,0.039169276,0,114.6877728,113.7224161,2.068436217,-9.623483065,2844,27.6,99.9,0,22.65625,0,1.143
184.992,0.039129409,0,114.6974882,113.6835887,2.04901603,-9.599574112,2844,27.6,99.9,0,22.65625,0,1.143
185.092,0.039209143,0,114.6974882,113.6641753,2.006938958,-9.635437542,2844,27.6,99.9,0,22.65625,0,1.143
185.192,0.039049676,0,114.7460661,113.5282877,2.000465563,-9.643407193,2844,27.6,99.9,0,22.65625,0,1.143
185.292,0.039049676,0,114.7072037,113.5671117,2.081383008,-9.671300972,2844,27.6,99.9,0,22.65625,0,1.143
185.392,0.039089543,0,114.6974882,113.6059365,2.036069239,-9.567695508,2844,27.6,99.9,0,22.65625,0,1.143
185.492,0.039049676,0,114.6586269,113.6253492,2.032832541,-9.695209925,2844,27.6,99.9,0,22.65625,0,1.143
185.592,0.039089543,0,114.6197665,113.6253492,2.029595843,-9.671300972,2844,27.6,99.9,0,22.65625,0,1.143
185.692,0.038930076,0,114.6197665,113.6253492,2.032832541,-9.595589286,2844,27.6,99.9,0,22.65625,0,1.143
185.792,0.038969943,0,114.6197665,113.6350557,2.000465563,-9.54777138,2844,27.6,99.9,0,22.65625,0,1.143
185.892,0.03889021,0,114.6100515,113.6350557,2.000465563,-9.607543763,2831,27.6,99.9,0,22.65625,0,1.143
185.992,0.038969943,0,114.5809069,113.6059365,2.003702261,-9.587619635,2831,27.6,99.9,0,22.65625,0,1.143
186.092,0.038850343,0,114.5906217,113.6447622,2.01988575,-9.623483065,2831,27.6,99.9,0,22.65625,0,1.143
186.192,0.038850343,0,114.5809069,113.6059365,2.000465563,-9.639422368,2831,27.6,99.9,0,22.65625,0,1.143
186.292,0.03889021,0,114.5323337,113.6156428,2.003702261,-9.587619635,2831,27.6,99.9,0,22.65625,0,1.143
186.392,0.038930076,0,114.5420482,113.6156428,1.981045376,-9.587619635,2831,27.6,99.9,0,22.65625,0,1.143
186.492,0.038930076,0,114.5323337,113.6156428,1.990755469,-9.575665159,2831,27.6,99.9,0,22.65625,0,1.142
186.592,0.03889021,0,114.5031904,113.6253492,1.968098585,-9.587619635,2831,27.6,99.9,0,22.65625,0,1.142
186.692,0.038850343,0,114.5226192,113.6059365,1.981045376,-9.468074869,2831,27.6,99.9,0,22.65625,0,1.142
186.792,0.03877061,0,114.4837618,113.5962302,2.023122447,-9.531832078,2831,27.6,99.9,0,22.65625,0,1.142
186.892,0.038810477,0,114.4934761,113.6059365,2.000465563,-9.551756205,2831,27.6,99.9,0,22.65625,0,1.142
186.992,0.038810477,0,114.5031904,113.6059365,1.948678398,-9.603558938,2817,27.6,99.9,0,22.65625,0,1.142
187.092,0.03877061,0,114.4740476,113.586524,1.987518771,-9.51190795,2817,27.6,99.9,0,22.65625,0,1.142
187.192,0.03877061,0,114.4449053,113.5671117,2.010175656,-9.531832078,2817,27.6,99.9,0,22.6875,0,1.142
187.292,0.03877061,0,114.4449053,113.5671117,1.9454417,-9.535816903,2817,27.6,99.9,0,22.6875,0,1.142
187.392,0.03877061,0,114.4449053,113.5962302,1.948678398,-9.515892775,2817,27.6,99.9,0,22.6875,0,1.142
187.492,0.038730744,0,114.4254773,113.5768178,1.91631142,-9.539801729,2817,27.6,99.9,0,22.6875,0,1.142
187.592,0.038690877,0,114.4060496,113.5574056,1.961625189,-9.575665159,2817,27.6,99.9,0,22.6875,0,1.142
187.692,0.038690877,0,114.4060496,113.5671117,1.97457198,-9.495968648,2817,27.6,99.9,0,22.6875,0,1.142
187.792,0.038690877,0,114.4060496,113.5379937,1.948678398,-9.507923124,2817,27.6,99.9,0,22.6875,0,1.142
187.892,0.038730744,0,114.4060496,113.5476996,1.971335282,-9.61949824,2817,27.6,99.9,0,22.6875,0,1.142
187.992,0.038531411,0,114.3866221,113.5282877,1.984282074,-9.51190795,2817,27.6,99.9,0,22.6875,0,1.142
188.092,0.038611144,0,114.3671948,113.5282877,1.942205002,-9.484014171,2803,27.6,99.9,0,22.6875,0,1.142
188.192,0.03865101,0,114.3574812,113.5088761,1.919548117,-9.579649984,2803,27.6,99.9,0,22.6875,0,1.142
188.292,0.03865101,0,114.3380543,113.5185819,1.935731606,-9.507923124,2803,27.6,99.9,0,22.6875,0,1.142
188.392,0.038571277,0,114.3283409,113.5282877,1.91631142,-9.515892775,2803,27.6,99.9,0,22.6875,0,1.142
188.492,0.038571277,0,114.3380543,113.5088761,1.935731606,-9.575665159,2803,27.6,99.9,0,22.6875,0,1.142
188.592,0.038531411,0,114.3283409,113.479759,1.922784815,-9.527847252,2803,27.6,99.9,0,22.6875,0,1.142
188.692,0.038611144,0,114.3380543,113.4894647,1.961625189,-9.452135566,2803,27.6,99.9,0,22.6875,0,1.142
188.792,0.038451677,0,114.2894878,113.4700534,1.913074722,-9.40431766,2803,27.6,99.9,0,22.6875,0,1.142
188.892,0.038491544,0,114.2603486,113.440937,1.968098585,-9.555741031,2803,27.6,99.9,0,22.6875,0,1.142
188.992,0.038491544,0,114.2700616,113.4312317,1.935731606,-9.539801729,2803,27.6,99.9,0,22.6875,0,1.142
189.092,0.038571277,0,114.2797747,113.4312317,1.929258211,-9.499953473,2788,27.6,99.9,0,22.6875,0,1.142
189.192,0.038411811,0,114.2603486,113.440937,1.926021513,-9.380408706,2788,27.6,99.9,0,22.6875,0,1.142
189.292,0.038491544,0,114.2506357,113.4312317,1.926021513,-9.424241788,2788,27.6,99.9,0,22.6875,0,1.142
189.392,0.038411811,0,114.2506357,113.4118211,1.900127931,-9.523862426,2788,27.6,99.9,0,22.6875,0,1.142
189.492,0.038371944,0,114.2506357,113.4021159,1.919548117,-9.507923124,2788,27.6,99.9,0,22.6875,0,1.142
189.592,0.038491544,0,114.2117843,113.3924107,1.913074722,-9.503938299,2788,27.6,99.9,0,22.6875,0,1.142
189.692,0.038411811,0,114.2214971,113.3535907,1.926021513,-9.468074869,2788,27.6,99.9,0,22.6875,0,1.142
189.792,0.038371944,0,114.192359,113.3632956,1.874234348,-9.472059694,2788,27.6,99.9,0,22.6875,0,1.142
189.892,0.038411811,0,114.1729339,113.3730006,1.877471046,-9.452135566,2788,27.6,99.9,0,22.6875,0,1.142
189.992,0.038451677,0,114.2020716,113.3535907,1.883944441,-9.507923124,2788,27.6,99.9,0,22.6875,0,1.142
190.092,0.038332078,0,114.1632214,113.3632956,1.864524255,-9.487998996,2788,27.6,99.9,0,22.6875,0,1.142
190.192,0.038411811,0,114.1437966,113.334181,1.854814161,-9.51190795,2772,27.6,99.9,0,22.6875,0,1.142
190.292,0.038292211,0,114.124372,113.334181,1.883944441,-9.523862426,2772,27.6,99.9,0,22.6875,0,1.142
190.392,0.038252344,0,114.1340843,113.334181,1.887181139,-9.360484579,2772,27.6,99.9,0,22.6875,0,1.142
190.492,0.038252344,0,114.1340843,113.2953622,1.887181139,-9.491983822,2772,27.6,99.9,0,22.6875,0,1.142
190.592,0.038172611,0,114.1146598,113.3244762,1.835393974,-9.535816903,2772,27.6,99.9,0,22.6875,0,1.142
190.692,0.038292211,0,114.1146598,113.3147715,1.858050859,-9.468074869,2772,27.6,99.9,0,22.6875,0,1.142
190.792,0.038252344,0,114.1146598,113.2759531,1.877471046,-9.360484579,2772,27.6,99.9,0,22.6875,0,1.142
190.892,0.038212478,0,114.0952356,113.2468399,1.845104068,-9.527847252,2772,27.6,99.9,0,22.6875,0,1.142
190.992,0.038252344,0,114.1146598,113.2177272,1.822447183,-9.356499753,2772,27.6,99.9,0,22.6875,0,1.142
191.092,0.038212478,0,114.0952356,113.1692071,1.825683881,-9.40431766,2772,27.6,99.9,0,22.6875,0,1.142
191.192,0.038172611,0,114.4740476,112.2863759,1.835393974,-9.428226613,2772,27.6,99.9,0,22.6875,0,1.142
191.292,0.038172611,0,114.4740476,112.2572791,1.825683881,-9.44018109,2734,27.6,99.9,0,22.6875,0,1.142
191.392,0.038172611,0,114.4546193,112.2572791,1.828920579,-9.288757719,2734,27.6,99.9,0,22.6875,0,1.142
191.492,0.038092878,0,114.4449053,112.2475803,1.845104068,-9.491983822,2734,27.6,99.9,0,22.6875,0,1.142
191.592,0.038013145,0,114.4643334,112.2766769,1.822447183,-9.456120392,2734,27.6,99.9,0,22.6875,0,1.142
191.692,0.038092878,0,114.4546193,112.2378815,1.799790298,-9.36845423,2734,27.6,99.9,0,22.6875,0,1.142
191.792,0.038013145,0,114.4449053,112.2281828,1.864524255,-9.336575625,2734,27.6,99.9,0,22.6875,0,1.142
191.892,0.038013145,0,114.4060496,112.199087,1.809500392,-9.428226613,2734,27.6,99.9,0,22.6875,0,1.142
191.992,0.038013145,0,114.3963358,112.17969,1.806263694,-9.288757719,2734,27.6,99.9,0,22.6875,0,1.142
192.092,0.038013145,0,114.4254773,112.1699916,1.770660018,-9.340560451,2734,27.6,99.9,0,22.6875,0,1.142
192.192,0.037933412,0,114.4060496,112.150595,1.803026996,-9.408302485,2734,27.6,99.9,0,22.6875,0,1.142
192.292,0.037933412,0,114.3866221,112.1699916,1.84186737,-9.36845423,2734,27.6,99.9,0,22.6875,0,1.142
192.392,0.037973278,0,114.3963358,112.1699916,1.825683881,-9.352514928,2712,27.6,99.9,0,22.6875,0,1.142
192.492,0.037973278,0,114.3866221,112.1311986,1.780370111,-9.376423881,2712,27.6,99.9,0,22.6875,0,1.142
192.592,0.037893545,0,114.3866221,112.1215005,1.760949924,-9.420256962,2712,27.6,99.9,0,22.6875,0,1.142
192.692,0.037853679,0,114.3574812,112.1311986,1.741529738,-9.468074869,2712,27.6,99.9,0,22.6875,0,1.142
192.792,0.037813812,0,114.3283409,112.0924064,1.793316903,-9.380408706,2712,27.6,99.9,0,22.6875,0,1.142
192.892,0.037893545,0,114.3186275,112.0730106,1.777133414,-9.328605974,2712,27.6,99.9,0,22.6875,0,1.142
192.992,0.037893545,0,114.2894878,112.0633128,1.780370111,-9.36845423,2712,27.6,99.9,0,22.6875,0,1.142
193.092,0.037813812,0,114.3477677,112.0536151,1.819210485,-9.177182603,2712,27.6,99.9,0,22.6875,0,1.142
193.192,0.037893545,0,114.3089143,112.0536151,1.825683881,-9.364469404,2712,27.6,99.9,0,22.6875,0,1.142
193.292,0.037893545,0,114.3089143,112.0633128,1.773896716,-9.324621149,2712,27.6,99.9,0,22.6875,0,1.142
193.392,0.037813812,0,114.2700616,112.0245222,1.7965536,-9.36845423,2712,27.6,99.9,0,22.6875,0,1.142
193.492,0.037853679,0,114.2797747,112.0245222,1.76742332,-9.420256962,2692,27.6,99.9,0,22.6875,0,1.142
193.592,0.037734079,0,114.2894878,112.0342197,1.790080205,-9.272818416,2692,27.6,99.9,0,22.6875,0,1.142
193.692,0.037694212,0,114.2894878,112.0148246,1.803026996,-9.3325908,2692,27.6,99.9,0,22.6875,0,1.142
193.792,0.037773945,0,114.2506357,112.0245222,1.76742332,-9.328605974,2692,27.6,99.9,0,22.6875,0,1.142
193.892,0.037694212,0,114.2506357,111.9954297,1.741529738,-9.288757719,2692,27.6,99.9,0,22.6875,0,1.142
193.992,0.037654346,0,114.2312099,111.9469433,1.777133414,-9.40431766,2692,27.6,99.9,0,22.6875,0,1.142
194.092,0.037694212,0,114.2506357,111.9469433,1.748003133,-9.288757719,2692,27.6,99.9,0,22.6875,0,1.142
194.192,0.037734079,0,114.2312099,111.9469433,1.786843507,-9.264848765,2692,27.6,99.9,0,22.6875,0,1.142
194.292,0.037734079,0,114.2020716,111.9178522,1.73829304,-9.252894289,2692,27.6,99.9,0,22.6875,0,1.142
194.392,0.037614479,0,114.2117843,111.9372462,1.722109551,-9.22500051,2692,27.6,99.9,0,22.6875,0,1.142
194.492,0.037614479,0,114.192359,111.9275492,1.699452666,-9.272818416,2692,27.6,99.9,0,22.6875,0,1.142
194.592,0.037654346,0,114.192359,111.8887615,1.751239831,-9.304697021,2673,27.6,99.9,0,22.6875,0,1.142
194.692,0.037614479,0,114.1826464,111.8790647,1.731819644,-9.244924638,2673,27.6,99.9,0,22.6875,0,1.142
194.792,0.037694212,0,114.1826464,111.8984583,1.731819644,-9.280788068,2673,27.6,99.9,0,22.6875,0,1.142
194.892,0.037614479,0,114.1437966,111.8305815,1.748003133,-9.26086394,2673,27.6,99.9,0,22.6875,0,1.142
194.992,0.037574612,0,114.1340843,111.8499746,1.709162759,-9.201091556,2673,27.6,99.9,0,22.6875,0,1.142
195.092,0.037614479,0,114.124372,111.840278,1.718872853,-9.272818416,2673,27.6,99.9,0,22.71875,0,1.142
195.192,0.037614479,0,114.1437966,111.8499746,1.702689364,-9.268833591,2673,27.6,99.9,0,22.71875,0,1.142
195.292,0.037534746,0,114.124372,111.8305815,1.705926062,-9.197106731,2673,27.6,99.9,0,22.71875,0,1.142
195.392,0.037494879,0,114.1049477,111.7917959,1.718872853,-9.256879114,2673,27.6,99.9,0,22.71875,0,1.142
195.492,0.037455013,0,114.1146598,111.7917959,1.741529738,-9.252894289,2673,27.6,99.9,0,22.71875,0,1.142
195.592,0.037455013,0,114.0855235,111.7917959,1.69297927,-9.248909463,2673,27.6,99.9,0,22.71875,0,1.142
195.692,0.037494879,0,114.0660996,111.7820997,1.744766435,-9.276803242,2656,27.6,99.9,0,22.71875,0,1.142
195.792,0.037494879,0,114.0855235,111.7530112,1.673559083,-9.240939812,2656,27.6,99.9,0,22.71875,0,1.142
195.892,0.037534746,0,114.0855235,111.7627073,1.702689364,-9.312666672,2656,27.6,99.9,0,22.71875,0,1.142
195.992,0.037455013,0,114.0660996,111.7530112,1.689742573,-9.205076382,2656,27.6,99.9,0,22.71875,0,1.142
196.092,0.037534746,0,114.0563877,111.7142273,1.696215968,-9.205076382,2656,27.6,99.9,0,22.71875,0,1.142
196.192,0.037534746,0,114.0369641,111.7239232,1.731819644,-9.236954986,2656,27.6,99.9,0,22.71875,0,1.142
196.292,0.037455013,0,114.0272524,111.6948357,1.705926062,-9.201091556,2656,27.6,99.9,0,22.71875,0,1.142
196.392,0.037534746,0,114.0078292,111.7045315,1.650902199,-9.276803242,2656,27.6,99.9,0,22.71875,0,1.142
196.492,0.037455013,0,113.9884061,111.6754443,1.654138897,-9.284772893,2656,27.6,99.9,0,22.71875,0,1.142
196.592,0.037375279,0,113.9981176,111.6754443,1.680032479,-9.209061208,2656,27.6,99.9,0,22.71875,0,1.142
196.692,0.037455013,0,113.9981176,111.7045315,1.699452666,-9.280788068,2656,27.6,99.9,0,22.71875,0,1.142
196.792,0.037494879,0,113.9786947,111.6657487,1.686505875,-9.268833591,2635,27.6,99.9,0,22.71875,0,1.142
196.892,0.037375279,0,113.9786947,111.6463576,1.670322386,-9.197106731,2635,27.6,99.9,0,22.71875,0,1.142
196.992,0.037494879,0,113.9689833,111.6366621,1.644428803,-9.248909463,2635,27.6,99.9,0,22.71875,0,1.142
197.092,0.037455013,0,113.9592719,111.6075761,1.647665501,-9.18913708,2635,27.6,99.9,0,22.71875,0,1.142
197.192,0.037415146,0,113.9495606,111.6172714,1.712399457,-9.228985335,2635,27.6,99.9,0,22.71875,0,1.142
197.292,0.037375279,0,113.9495606,111.6269667,1.631482012,-9.193121905,2635,27.6,99.9,0,22.71875,0,1.142
197.392,0.037375279,0,113.9204271,111.6075761,1.667085688,-9.181167429,2635,27.6,99.9,0,22.71875,0,1.142
197.492,0.037375279,0,113.9204271,111.5881856,1.621771918,-9.109440569,2635,27.6,99.9,0,22.71875,0,1.142
197.592,0.037375279,0,113.910716,111.5397104,1.670322386,-9.177182603,2635,27.6,99.9,0,22.71875,0,1.142
197.692,0.037375279,0,113.910716,111.5687954,1.670322386,-9.145303999,2635,27.6,99.9,0,22.71875,0,1.142
197.792,0.037335413,0,113.901005,111.5494054,1.670322386,-9.272818416,2635,27.6,99.9,0,22.71875,0,1.142
197.892,0.037295546,0,113.8815832,111.5397104,1.670322386,-9.256879114,2612,27.6,99.9,0,22.71875,0,1.142
197.992,0.037375279,0,113.8621615,111.5300155,1.650902199,-9.244924638,2612,27.6,99.9,0,22.71875,0,1.142
198.092,0.03725568,0,113.8330294,111.5009312,1.650902199,-9.248909463,2612,27.6,99.9,0,22.71875,0,1.142
198.192,0.037295546,0,113.8621615,111.5106259,1.647665501,-9.256879114,2612,27.6,99.9,0,22.71875,0,1.142
198.292,0.037295546,0,113.8524508,111.4815419,1.650902199,-9.197106731,2612,27.6,99.9,0,22.71875,0,1.142
198.392,0.03725568,0,113.8524508,111.5009312,1.631482012,-9.15327365,2612,27.6,99.9,0,22.71875,0,1.142
198.492,0.037375279,0,113.8233189,111.4718474,1.650902199,-9.173197778,2612,27.6,99.9,0,22.71875,0,1.142
198.592,0.03725568,0,113.8233189,111.442764,1.650902199,-9.169212952,2612,27.6,99.9,0,22.71875,0,1.142
198.692,0.037175947,0,113.7941874,111.4524584,1.605588429,-9.133349522,2612,27.6,99.9,0,22.71875,0,1.142
198.792,0.03725568,0,113.8038979,111.442764,1.599115034,-9.177182603,2612,27.6,99.9,0,22.71875,0,1.142
198.892,0.037215813,0,113.8136083,111.4233754,1.608825127,-9.209061208,2612,27.6,99.9,0,22.71875,0,1.142
198.992,0.03725568,0,113.7650565,111.4233754,1.605588429,-9.133349522,2592,27.6,99.9,0,22.71875,0,1.142
199.092,0.03713608,0,113.7359261,111.4233754,1.621771918,-9.264848765,2592,27.6,99.9,0,22.71875,0,1.142
199.192,0.037175947,0,113.7553463,111.3749047,1.595878336,-9.201091556,2592,27.6,99.9,0,22.71875,0,1.142
199.292,0.037215813,0,113.7553463,111.4039869,1.641192105,-9.129364697,2592,27.6,99.9,0,22.71875,0,1.142
199.392,0.03713608,0,113.7456362,111.3749047,1.579694847,-9.141319173,2592,27.6,99.9,0,22.71875,0,1.142
199.492,0.037215813,0,113.7456362,111.3652107,1.586168243,-9.157258475,2592,27.6,99.9,0,22.71875,0,1.142
199.592,0.037215813,0,113.726216,111.3361291,1.66384899,-9.093501267,2592,27.6,99.9,0,22.71875,0,1.142
199.692,0.037175947,0,113.7067961,111.3361291,1.569984753,-9.181167429,2592,27.6,99.9,0,22.71875,0,1.142
199.792,0.037096213,0,113.7067961,111.3167416,1.602351732,-9.268833591,2592,27.6,99.9,0,22.71875,0,1.142
199.892,0.03701648,0,113.7067961,111.3264353,1.602351732,-9.157258475,2592,27.6,99.9,0,22.71875,0,1.142
199.992,0.03713608,0,113.6970862,111.3167416,1.569984753,-9.121395045,2592,27.6,99.9,0,22.71875,0,1.142
200.092,0.037056347,0,113.6873764,111.307048,1.631482012,-9.18913708,2573,27.6,99.9,0,22.71875,0,1.142
200.192,0.037096213,0,113.6679569,111.2779673,1.573221451,-9.105455743,2573,27.6,99.9,0,22.71875,0,1.142
200.292,0.037096213,0,113.6582473,111.3167416,1.544091171,-9.181167429,2573,27.6,99.9,0,22.71875,0,1.142
200.392,0.037056347,0,113.6582473,111.2682738,1.586168243,-9.137334348,2573,27.6,99.9,0,22.71875,0,1.142
200.492,0.037096213,0,113.6485377,111.2585805,1.615298523,-9.145303999,2573,27.6,99.9,0,22.71875,0,1.142
200.592,0.037096213,0,113.6679569,111.2488871,1.599115034,-9.133349522,2573,27.6,99.9,0,22.71875,0,1.142
200.692,0.037096213,0,113.6388281,111.2391938,1.566748056,-9.181167429,2573,27.6,99.9,0,22.71875,0,1.142
200.792,0.03701648,0,113.6485377,111.2198074,1.582931545,-9.11741022,2573,27.6,99.9,0,22.71875,0,1.142
200.892,0.037096213,0,113.6096998,111.2391938,1.540854473,-9.145303999,2573,27.6,99.9,0,22.71875,0,1.142
200.992,0.037056347,0,113.5999904,111.2004212,1.569984753,-9.244924638,2573,27.6,99.9,0,22.71875,0,1.142
201.092,0.037096213,0,113.5708627,111.1907282,1.553801264,-9.197106731,2573,27.6,99.9,0,22.71875,0,1.142
201.192,0.03701648,0,113.5805719,111.2004212,1.537617775,-9.304697021,2562,27.6,99.9,0,22.71875,0,1.142
201.292,0.037056347,0,113.5708627,111.2004212,1.550564567,-9.137334348,2562,27.6,99.9,0,22.71875,0,1.142
201.392,0.036976614,0,113.5417355,111.1810352,1.56027466,-9.11741022,2562,27.6,99.9,0,22.71875,0,1.142
201.492,0.036976614,0,113.5514446,111.1810352,1.579694847,-9.11741022,2562,27.6,99.9,0,22.71875,0,1.142
201.592,0.037056347,0,113.5320266,111.1519566,1.524670984,-9.133349522,2562,27.6,99.9,0,22.71875,0,1.142
201.692,0.036976614,0,113.5417355,111.1616494,1.573221451,-9.165228127,2562,27.6,99.9,0,22.71875,0,1.142
201.792,0.03689688,0,113.5223177,111.1325711,1.53114438,-9.165228127,2562,27.6,99.9,0,22.71875,0,1.142
201.892,0.037056347,0,113.5223177,111.1519566,1.537617775,-9.157258475,2562,27.6,99.9,0,22.71875,0,1.142
201.992,0.03689688,0,113.4834826,111.1228785,1.540854473,-9.08154679,2562,27.6,99.9,0,22.71875,0,1.142
202.092,0.03689688,0,113.4834826,111.1034933,1.524670984,-9.161243301,2562,27.6,99.9,0,22.71875,0,1.142
202.192,0.036817147,0,113.4931913,111.1034933,1.553801264,-9.085531615,2562,27.6,99.9,0,22.71875,0,1.142
202.292,0.036857014,0,113.4931913,111.0938008,1.550564567,-9.105455743,2551,27.6,99.9,0,22.71875,0,1.142
202.392,0.03689688,0,113.4640654,111.0841084,1.527907682,-9.11741022,2551,27.6,99.9,0,22.71875,0,1.142
202.492,0.036817147,0,113.4446484,111.0841084,1.557037962,-9.073577139,2551,27.6,99.9,0,22.71875,0,1.142
202.592,0.036817147,0,113.4543568,111.074416,1.514960891,-9.11741022,2551,27.6,99.9,0,22.71875,0,1.142
202.692,0.036777281,0,113.4543568,111.0647237,1.537617775,-9.097486092,2551,27.6,99.9,0,22.75,0,1.142
202.792,0.036817147,0,113.43494,111.0647237,1.53114438,-9.097486092,2551,27.6,99.9,0,22.71875,0,1.142
202.892,0.036737414,0,113.4252316,111.0453391,1.514960891,-9.089516441,2551,27.6,99.9,0,22.75,0,1.142
202.992,0.036857014,0,113.3961068,111.0259548,1.508487495,-9.057637837,2551,27.6,99.9,0,22.75,0,1.142
203.092,0.036817147,0,113.4155233,111.0453391,1.511724193,-9.121395045,2551,27.6,99.9,0,22.75,0,1.142
203.192,0.036817147,0,113.3961068,110.9968788,1.508487495,-9.08154679,2551,27.6,99.9,0,22.75,0,1.142
203.292,0.036817147,0,113.3766906,111.035647,1.505250797,-9.057637837,2551,27.6,99.9,0,22.75,0,1.142
203.392,0.036657681,0,113.3961068,110.9871868,1.527907682,-9.149288824,2508,27.6,99.9,0,22.75,0,1.142
203.492,0.036777281,0,113.3475666,110.9871868,1.511724193,-9.04568336,2508,27.6,99.9,0,22.75,0,1.142
203.592,0.036737414,0,113.3475666,110.9678032,1.521434286,-9.121395045,2508,27.6,99.9,0,22.75,0,1.142
203.692,0.036737414,0,113.3572745,110.9678032,1.45670033,-9.061622662,2508,27.6,99.9,0,22.75,0,1.141
203.792,0.036697547,0,113.3378587,110.9678032,1.508487495,-9.00981993,2508,27.6,99.9,0,22.75,0,1.141
203.892,0.036617814,0,113.3378587,110.977495,1.472883819,-9.065607488,2508,27.6,99.9,0,22.75,0,1.141
203.992,0.036737414,0,113.3184431,110.9290365,1.508487495,-9.041698534,2508,27.6,99.9,0,22.75,0,1.141
204.092,0.036737414,0,113.2990277,110.9290365,1.511724193,-9.049668186,2508,27.6,99.9,0,22.75,0,1.141
204.192,0.036657681,0,113.2893201,110.9387281,1.463173726,-9.069592313,2508,27.6,99.9,0,22.75,0,1.141
204.292,0.036697547,0,113.2796126,110.8902706,1.479357215,-8.989895802,2508,27.6,99.9,0,22.75,0,1.141
204.392,0.036657681,0,113.2893201,110.9096534,1.48583061,-9.061622662,2508,27.6,99.9,0,22.75,0,1.141
204.492,0.036617814,0,113.2796126,110.9096534,1.48583061,-8.977941326,2485,27.6,99.9,0,22.75,0,1.141
204.592,0.036697547,0,113.2504902,110.8902706,1.502014099,-9.125379871,2485,27.6,99.9,0,22.75,0,1.141
204.692,0.036577948,0,113.2213684,110.8611967,1.479357215,-9.061622662,2485,27.6,99.9,0,22.75,0,1.141
204.792,0.036617814,0,113.2310756,110.8418144,1.469647121,-9.08154679,2485,27.6,99.9,0,22.75,0,1.141
204.892,0.036617814,0,113.2407829,110.8611967,1.469647121,-9.149288824,2485,27.6,99.9,0,22.75,0,1.141
204.992,0.036657681,0,113.2019541,110.8321234,1.469647121,-9.001850279,2485,27.6,99.9,0,22.75,0,1.141
205.092,0.036617814,0,113.192247,110.8515056,1.476120517,-9.069592313,2485,27.6,99.9,0,22.75,0,1.141
205.192,0.036577948,0,113.192247,110.8127414,1.466410423,-8.9739565,2485,27.6,99.9,0,22.75,0,1.141
205.292,0.036617814,0,113.192247,110.8030505,1.502014099,-9.037713709,2485,27.6,99.9,0,22.75,0,1.141
205.392,0.036577948,0,113.1631261,110.7933596,1.453463632,-9.021774407,2485,27.6,99.9,0,22.75,0,1.142
205.492,0.036577948,0,113.1631261,110.7933596,1.42757005,-9.053653011,2485,27.6,99.9,0,22.75,0,1.142
205.592,0.036577948,0,113.1534192,110.7739781,1.53114438,-9.025759232,2466,27.6,99.9,0,22.75,0,1.142
205.692,0.036538081,0,113.124299,110.7933596,1.453463632,-9.029744058,2466,27.6,99.9,0,22.75,0,1.142
205.792,0.036577948,0,113.1340057,110.7836688,1.453463632,-9.061622662,2466,27.6,99.9,0,22.75,0,1.142
205.892,0.036498215,0,113.124299,110.7545967,1.440516841,-9.013804756,2466,27.6,99.9,0,22.75,0,1.142
205.992,0.036577948,0,113.1048858,110.7449061,1.466410423,-9.005835104,2466,27.6,99.9,0,22.75,0,1.142
206.092,0.036458348,0,113.1048858,110.7449061,1.469647121,-9.017789581,2466,27.6,99.9,0,22.75,0,1.142
206.192,0.036458348,0,113.0951792,110.7158346,1.459937028,-9.005835104,2466,27.6,99.9,0,22.75,0,1.142
206.292,0.036458348,0,113.0660599,110.7255251,1.476120517,-8.906214466,2466,27.6,99.9,0,22.75,0,1.142
206.392,0.036418481,0,113.0854727,110.7255251,1.495540704,-8.942077896,2466,27.6,99.9,0,22.75,0,1.142
206.492,0.036498215,0,113.0854727,110.6770734,1.463173726,-9.049668186,2466,27.6,99.9,0,22.75,0,1.142
206.592,0.036418481,0,113.0660599,110.6770734,1.489067308,-8.997865453,2466,27.6,99.9,0,22.75,0,1.142
206.692,0.036418481,0,113.0660599,110.6673832,1.453463632,-8.954032372,2451,27.6,99.9,0,22.75,0,1.142
206.792,0.036418481,0,113.0466474,110.638313,1.482593912,-8.985910977,2451,27.6,99.9,0,22.75,0,1.142
206.892,0.036418481,0,113.0563536,110.638313,1.404913165,-8.985910977,2451,27.6,99.9,0,22.75,0,1.142
206.992,0.036338748,0,113.027235,110.628623,1.408149863,-9.089516441,2451,27.6,99.9,0,22.75,0,1.142
207.092,0.036298882,0,113.0466474,110.5995535,1.450226934,-8.958017198,2451,27.6,99.9,0,22.75,0,1.142
207.192,0.036259015,0,113.0369411,110.6189331,1.469647121,-8.965986849,2451,27.6,99.9,0,22.75,0,1.142
207.292,0.036378615,0,113.0078228,110.5898637,1.45670033,-8.858396559,2451,27.6,99.9,0,22.75,0,1.142
207.392,0.036298882,0,113.027235,110.5704844,1.459937028,-8.894259989,2451,27.6,99.9,0,22.75,0,1.142
207.492,0.036298882,0,113.0078228,110.5511052,1.41138656,-8.946062721,2451,27.6,99.9,0,22.75,0,1.142
207.592,0.036338748,0,112.9884109,110.5414157,1.41138656,-8.969971675,2451,27.6,99.9,0,22.75,0,1.142
207.692,0.036219148,0,112.9884109,110.492969,1.408149863,-8.926138594,2451,27.6,99.9,0,22.75,0,1.142
207.792,0.036259015,0,112.978705,110.5220369,1.401676467,-9.021774407,2437,27.6,99.9,0,22.75,0,1.142
207.892,0.036338748,0,112.9689992,110.5123476,1.404913165,-8.977941326,2437,27.6,99.9,0,22.75,0,1.142
207.992,0.036259015,0,112.9495877,110.492969,1.434043445,-8.997865453,2437,27.6,99.9,0,22.75,0,1.142
208.092,0.036259015,0,112.9495877,110.4735907,1.446990236,-8.930123419,2437,27.6,99.9,0,22.75,0,1.142
208.192,0.036259015,0,112.9689992,110.5026583,1.443753539,-8.93809307,2437,27.6,99.9,0,22.75,0,1.142
208.292,0.036179282,0,112.939882,110.4735907,1.41138656,-9.021774407,2437,27.6,99.9,0,22.75,0,1.142
208.392,0.036219148,0,112.9107653,110.4445237,1.437280143,-8.906214466,2437,27.6,99.9,0,22.75,0,1.142
208.492,0.036219148,0,112.9204708,110.4251459,1.421096654,-8.958017198,2437,27.6,99.9,0,22.75,0,1.142
208.592,0.036219148,0,112.8913544,110.4445237,1.404913165,-8.906214466,2437,27.6,99.9,0,22.75,0,1.142
208.692,0.036099549,0,112.8913544,110.4154571,1.395203071,-8.882305512,2437,27.6,99.9,0,22.75,0,1.142
208.792,0.036179282,0,112.9010598,110.4251459,1.385492978,-8.822533129,2437,27.6,99.9,0,22.75,0,1.142
208.892,0.036219148,0,112.8816491,110.4057683,1.391966374,-9.001850279,2423,27.6,99.9,0,22.75,0,1.141
208.992,0.036099549,0,112.8913544,110.3960796,1.424333352,-8.950047547,2423,27.6,99.9,0,22.75,0,1.141
209.092,0.036099549,0,112.8622385,110.386391,1.414623258,-8.870351036,2423,27.6,99.9,0,22.75,0,1.141
209.192,0.036179282,0,112.8622385,110.4057683,1.408149863,-8.90222964,2423,27.6,99.9,0,22.75,0,1.141
209.292,0.036059682,0,112.8525333,110.3960796,1.424333352,-8.918168942,2423,27.6,99.9,0,22.75,0,1.141
209.392,0.036139415,0,112.8331231,110.3670138,1.437280143,-8.946062721,2423,27.6,99.9,0,22.75,0,1.141
209.492,0.036139415,0,112.8137131,110.3670138,1.404913165,-8.898244815,2423,27.6,99.9,0,22.75,0,1.141
209.592,0.036059682,0,112.8137131,110.386391,1.414623258,-8.874335861,2423,27.6,99.9,0,22.75,0,1.141
209.692,0.036059682,0,112.8040082,110.3767024,1.41138656,-8.977941326,2423,27.6,99.9,0,22.75,0,1.141
209.792,0.036059682,0,112.7943033,110.3573253,1.401676467,-8.922153768,2423,27.6,99.9,0,22.75,0,1.141
209.892,0.036019815,0,112.765189,110.3476369,1.38225628,-8.854411734,2423,27.6,99.9,0,22.75,0,1.141
209.992,0.035979949,0,112.7943033,110.3767024,1.42757005,-8.798624176,2408,27.6,99.9,0,22.75,0,1.141
210.092,0.035979949,0,112.7748938,110.3476369,1.388729676,-8.934108245,2408,27.6,99.9,0,22.75,0,1.141
210.192,0.035979949,0,112.7166663,110.3379485,1.38225628,-8.882305512,2408,27.6,99.9,0,22.75,0,1.141
210.292,0.035940082,0,112.7360752,110.3670138,1.430806747,-8.878320687,2408,27.6,99.9,0,22.75,0,1.141
210.392,0.035900216,0,112.7166663,110.3379485,1.379019582,-8.834487606,2408,27.6,99.9,0,22.75,0,1.141
210.492,0.035940082,0,112.6972576,110.3282602,1.369309489,-8.890275164,2408,27.6,99.9,0,22.75,0,1.141
210.592,0.035900216,0,112.6875533,110.3185719,1.375782885,-8.838472431,2408,27.6,99.9,0,22.75,0,1.142
210.692,0.035900216,0,112.6972576,110.2895073,1.401676467,-8.886290338,2408,27.6,99.9,0,22.75,0,1.142
210.792,0.035900216,0,112.6681449,110.2991955,1.359599395,-8.814563478,2408,27.6,99.9,0,22.75,0,1.142
210.892,0.035979949,0,112.6778491,110.2895073,1.375782885,-8.870351036,2408,27.6,99.9,0,22.75,0,1.142
210.992,0.035820483,0,112.6778491,110.2991955,1.356362698,-8.898244815,2408,27.6,99.9,0,22.75,0,1.142
211.092,0.035979949,0,112.6584408,110.2507553,1.391966374,-8.90222964,2392,27.6,99.9,0,22.75,0,1.142
211.192,0.035860349,0,112.6293288,110.2604433,1.353126,-8.862381385,2392,27.6,99.9,0,22.75,0,1.142
211.292,0.035820483,0,112.6293288,110.2507553,1.356362698,-8.882305512,2392,27.6,99.9,0,22.78125,0,1.142
211.392,0.035860349,0,112.6196249,110.2313797,1.362836093,-8.878320687,2392,27.6,99.9,0,22.78125,0,1.142
211.492,0.035860349,0,112.6002172,110.2313797,1.366072791,-8.810578653,2392,27.6,99.9,0,22.78125,0,1.142
211.592,0.035820483,0,112.6293288,110.1345044,1.349889302,-8.858396559,2392,27.6,99.9,0,22.78125,0,1.142
211.692,0.035820483,0,112.6584408,110.0473211,1.362836093,-8.83050278,2392,27.6,99.9,0,22.78125,0,1.142
211.792,0.035780616,0,112.6584408,110.0279477,1.349889302,-8.894259989,2392,27.6,99.9,0,22.78125,0,1.142
211.892,0.035700883,0,112.609921,110.1829414,1.359599395,-8.822533129,2392,27.6,99.9,0,22.78125,0,1.142
211.992,0.035820483,0,112.6681449,109.9601421,1.323995719,-8.790654525,2392,27.6,99.9,0,22.78125,0,1.142
212.092,0.035780616,0,112.6778491,109.9020251,1.398439769,-8.862381385,2392,27.6,99.9,0,22.78125,0,1.142
212.192,0.035700883,0,112.6875533,109.84391,1.379019582,-8.746821444,2380,27.6,99.9,0,22.78125,0,1.142
212.292,0.035700883,0,112.6875533,109.8342243,1.346652604,-8.806593827,2380,27.6,99.9,0,22.78125,0,1.142
212.392,0.035700883,0,112.6778491,109.8051676,1.366072791,-8.862381385,2380,27.6,99.9,0,22.78125,0,1.142
212.492,0.035661016,0,112.6778491,109.8051676,1.336942511,-8.766745572,2380,27.6,99.9,0,22.78125,0,1.142
212.592,0.03562115,0,112.6778491,109.7954822,1.369309489,-8.822533129,2380,27.6,99.9,0,22.78125,0,1.142
212.692,0.035700883,0,112.6584408,109.7761114,1.304575533,-8.834487606,2380,27.6,99.9,0,22.78125,0,1.142
212.792,0.035700883,0,112.6584408,109.7664261,1.349889302,-8.770730397,2380,27.6,99.9,0,22.78125,0,1.142
212.892,0.035541416,0,112.6487367,109.7761114,1.375782885,-8.862381385,2380,27.6,99.9,0,22.78125,0,1.142
212.992,0.03562115,0,112.6293288,109.7567408,1.359599395,-8.738851793,2380,27.6,99.9,0,22.78125,0,1.142
213.092,0.035541416,0,112.6196249,109.7373705,1.294865439,-8.71494284,2380,27.6,99.9,0,22.78125,0,1.142
213.192,0.03550155,0,112.6002172,109.7664261,1.323995719,-8.71494284,2380,27.6,99.9,0,22.78125,0,1.142
213.292,0.035541416,0,112.6196249,109.7761114,1.30781223,-8.683064235,2372,27.6,99.9,0,22.78125,0,1.142
213.392,0.035541416,0,112.5808098,109.7276854,1.311048928,-8.766745572,2372,27.6,99.9,0,22.78125,0,1.142
213.492,0.03550155,0,112.5905135,109.7276854,1.30781223,-8.790654525,2372,27.6,99.9,0,22.78125,0,1.142
213.592,0.035541416,0,112.5808098,109.7276854,1.362836093,-8.774715223,2372,27.6,99.9,0,22.78125,0,1.142
213.692,0.035421817,0,112.5419956,109.7373705,1.349889302,-8.766745572,2372,27.6,99.9,0,22.78125,0,1.142
213.792,0.035461683,0,112.5614026,109.6986304,1.333705813,-8.726897316,2372,27.6,99.9,0,22.78125,0,1.142
213.892,0.03538195,0,112.5516991,109.7083153,1.294865439,-8.770730397,2372,27.6,99.9,0,22.78125,0,1.142
213.992,0.035342083,0,112.5031822,109.7373705,1.349889302,-8.778700048,2372,27.6,99.9,0,22.78125,0,1.142
214.092,0.03538195,0,112.5128855,109.7470556,1.330469115,-8.726897316,2372,27.6,99.9,0,22.78125,0,1.141
214.192,0.03538195,0,112.5322922,109.7083153,1.404913165,-8.914184117,2372,27.6,99.9,0,22.78125,0,1.141
214.292,0.035302217,0,112.493479,109.6986304,1.356362698,-8.738851793,2372,27.6,99.9,0,22.78125,0,1.141
214.392,0.03538195,0,112.4740728,109.6792607,1.349889302,-8.699003537,2352,27.6,99.9,0,22.78125,0,1.141
214.492,0.035342083,0,112.4643697,109.6792607,1.294865439,-8.774715223,2352,27.6,99.9,0,22.78125,0,1.141
214.592,0.035302217,0,112.4837759,109.6502065,1.356362698,-8.627276678,2352,27.6,99.9,0,22.78125,0,1.141
214.692,0.035302217,0,112.4837759,109.6695759,1.311048928,-8.906214466,2352,27.6,99.9,0,22.78125,0,1.141
214.792,0.035302217,0,112.4643697,109.6405218,1.320759022,-8.726897316,2352,27.6,99.9,0,22.78125,0,1.141
214.892,0.035342083,0,112.4546667,109.6502065,1.314285626,-8.778700048,2352,27.6,99.9,0,22.78125,0,1.141
214.992,0.035342083,0,112.4449638,109.6405218,1.327232417,-8.675094584,2352,27.6,99.9,0,22.78125,0,1.141
215.092,0.035342083,0,112.4061526,109.6502065,1.330469115,-8.778700048,2352,27.6,99.9,0,22.78125,0,1.141
215.192,0.035342083,0,112.3867473,109.6598912,1.30781223,-8.782684874,2352,27.6,99.9,0,22.78125,0,1.141
215.292,0.03526235,0,112.4061526,109.6211527,1.311048928,-8.67907941,2352,27.6,99.9,0,22.78125,0,1.141
215.392,0.03526235,0,112.4061526,109.6211527,1.30781223,-8.79463935,2352,27.6,99.9,0,22.78125,0,1.141
215.492,0.03526235,0,112.3867473,109.6211527,1.336942511,-8.647200805,2340,27.6,99.9,0,22.78125,0,1.141
215.592,0.035222484,0,112.3479374,109.6308373,1.327232417,-8.695018712,2340,27.6,99.9,0,22.78125,0,1.141
215.692,0.035222484,0,112.3285327,109.5920995,1.330469115,-8.758775921,2340,27.6,99.9,0,22.78125,0,1.141
215.792,0.035222484,0,112.3479374,109.6211527,1.285155346,-8.699003537,2340,27.6,99.9,0,22.78125,0,1.141
215.892,0.035222484,0,112.3576398,109.5920995,1.265735159,-8.663140107,2340,27.6,99.9,0,22.78125,0,1.14
215.992,0.03526235,0,112.3091283,109.5824152,1.27868195,-8.631261503,2340,27.6,99.9,0,22.78125,0,1.14
216.092,0.03514275,0,112.3285327,109.5920995,1.285155346,-8.726897316,2340,27.6,99.9,0,22.78125,0,1.14
216.192,0.035222484,0,112.3285327,109.5824152,1.294865439,-8.758775921,2340,27.6,99.9,0,22.78125,0,1.14
216.292,0.03526235,0,112.2994262,109.5920995,1.327232417,-8.746821444,2340,27.6,99.9,0,22.78125,0,1.14
216.392,0.03514275,0,112.2703201,109.5920995,1.317522324,-8.699003537,2340,27.6,99.9,0,22.78125,0,1.14
216.492,0.035182617,0,112.2509163,109.5533625,1.340179209,-8.750806269,2340,27.6,99.9,0,22.78125,0,1.14
216.592,0.035182617,0,112.2703201,109.5920995,1.311048928,-8.60735255,2326,27.6,99.9,0,22.78125,0,1.14
216.692,0.035063017,0,112.280022,109.5436784,1.268971857,-8.67907941,2326,27.6,99.9,0,22.78125,0,1.14
216.792,0.03514275,0,112.2315127,109.5533625,1.320759022,-8.695018712,2326,27.6,99.9,0,22.78125,0,1.14
216.892,0.035182617,0,112.2412145,109.5339944,1.301338835,-8.687049061,2326,27.6,99.9,0,22.78125,0,1.14
216.992,0.035063017,0,112.2121093,109.5533625,1.265735159,-8.71494284,2326,27.6,99.9,0,22.78125,0,1.14
217.092,0.035102884,0,112.2121093,109.5243104,1.24955167,-8.691033886,2326,27.6,99.9,0,22.78125,0,1.14
217.192,0.03514275,0,112.1733033,109.5146264,1.291628741,-8.639231154,2326,27.6,99.9,0,22.78125,0,1.14
217.292,0.035102884,0,112.1927062,109.4758911,1.314285626,-8.746821444,2326,27.6,99.9,0,22.78125,0,1.14
217.392,0.035023151,0,112.1927062,109.5146264,1.268971857,-8.67907941,2326,27.6,99.9,0,22.78125,0,1.14
217.492,0.035063017,0,112.1733033,109.4758911,1.275445252,-8.615322201,2326,27.6,99.9,0,22.78125,0,1.142
217.592,0.035063017,0,112.1636019,109.4565238,1.298102137,-8.647200805,2326,27.6,99.9,0,22.78125,0,1.142
217.692,0.035102884,0,112.1636019,109.4662074,1.275445252,-8.615322201,2313,27.6,99.9,0,22.78125,0,1.142
217.792,0.035023151,0,112.1539005,109.4662074,1.317522324,-8.639231154,2313,27.6,99.9,0,22.78125,0,1.142
217.892,0.034983284,0,112.134498,109.4468402,1.333705813,-8.603367724,2313,27.6,99.9,0,22.78125,0,1.142
217.992,0.035063017,0,112.1247969,109.4565238,1.281918648,-8.691033886,2313,27.6,99.9,0,22.78125,0,1.142
218.092,0.034983284,0,112.1441993,109.4274732,1.288392044,-8.651185631,2313,27.6,99.9,0,22.78125,0,1.142
218.192,0.034983284,0,112.0762918,109.4468402,1.288392044,-8.738851793,2313,27.6,99.9,0,22.78125,0,1.142
218.292,0.034903551,0,112.0956936,109.4274732,1.281918648,-8.619307026,2313,27.6,99.9,0,22.78125,0,1.142
218.392,0.034943418,0,112.0665909,109.4468402,1.236604878,-8.67907941,2313,27.6,99.9,0,22.78125,0,1.142
218.492,0.034903551,0,112.0956936,109.4371566,1.268971857,-8.718927665,2313,27.6,99.9,0,22.78125,0,1.142
218.592,0.034863684,0,112.0762918,109.3887397,1.301338835,-8.551564992,2313,27.6,99.9,0,22.78125,0,1.142
218.692,0.034903551,0,112.0568901,109.3887397,1.272208554,-8.491792609,2313,27.6,99.9,0,22.78125,0,1.142
218.792,0.034783951,0,112.0374887,109.3887397,1.220421389,-8.647200805,2301,27.6,99.9,0,22.78125,0,1.142
218.892,0.034943418,0,112.0471894,109.3790565,1.272208554,-8.627276678,2301,27.6,99.9,0,22.78125,0,1.142
218.992,0.034903551,0,112.0374887,109.3596902,1.2042379,-8.742836618,2301,27.6,99.9,0,22.78125,0,1.142
219.092,0.034823818,0,112.0083869,109.3209582,1.301338835,-8.599382899,2301,27.6,99.9,0,22.78125,0,1.142
219.192,0.034823818,0,112.0083869,109.3403241,1.275445252,-8.619307026,2301,27.6,99.9,0,22.78125,0,1.141
219.292,0.034823818,0,111.9792856,109.3209582,1.281918648,-8.691033886,2301,27.6,99.9,0,22.78125,0,1.141
219.392,0.034823818,0,111.9792856,109.3015926,1.233368181,-8.60735255,2301,27.6,99.9,0,22.8125,0,1.141
219.492,0.034863684,0,111.988986,109.3209582,1.259261763,-8.603367724,2301,27.6,99.9,0,22.8125,0,1.141
219.592,0.034823818,0,111.9695853,109.3015926,1.24955167,-8.559534643,2301,27.6,99.9,0,22.8125,0,1.141
219.692,0.034744085,0,111.9695853,109.2919098,1.265735159,-8.635246329,2301,27.6,99.9,0,22.8125,0,1.141
219.792,0.034823818,0,111.9598851,109.2628618,1.262498461,-8.675094584,2301,27.6,99.9,0,22.8125,0,1.141
219.892,0.034744085,0,111.9404847,109.2725444,1.239841576,-8.53562569,2291,27.6,99.9,0,22.8125,0,1.141
219.992,0.034744085,0,111.9307846,109.2628618,1.27868195,-8.539610516,2291,27.6,99.9,0,22.8125,0,1.141
220.092,0.034704218,0,111.9501848,109.2241319,1.259261763,-8.559534643,2291,27.6,99.9,0,22.8125,0,1.141
220.192,0.034704218,0,111.9016846,109.2338143,1.259261763,-8.651185631,2291,27.6,99.9,0,22.8125,0,1.141
220.292,0.034783951,0,111.8919847,109.195085,1.291628741,-8.531640865,2291,27.6,99.9,0,22.8125,0,1.141
220.392,0.034823818,0,111.9210845,109.2434968,1.294865439,-8.575473946,2291,27.6,99.9,0,22.8125,0,1.141
220.492,0.034664351,0,111.8919847,109.2047673,1.281918648,-8.619307026,2291,27.6,99.9,0,22.8125,0,1.141
220.592,0.034704218,0,111.8822848,109.1854029,1.27868195,-8.531640865,2291,27.6,99.9,0,22.8125,0,1.141
220.692,0.034664351,0,111.8725851,109.1854029,1.275445252,-8.49976226,2291,27.6,99.9,0,22.8125,0,1.141
220.792,0.034664351,0,111.8822848,109.1854029,1.281918648,-8.591413248,2291,27.6,99.9,0,22.8125,0,1.141
220.892,0.034664351,0,111.8822848,109.1563566,1.275445252,-8.491792609,2291,27.6,99.9,0,22.8125,0,1.141
220.992,0.034624485,0,111.843486,109.1563566,1.27868195,-8.647200805,2281,27.6,99.9,0,22.8125,0,1.141
221.092,0.034664351,0,111.8628853,109.1466746,1.256025065,-8.575473946,2281,27.6,99.9,0,22.8125,0,1.141
221.192,0.034624485,0,111.843486,109.1273108,1.262498461,-8.627276678,2281,27.6,99.9,0,22.8125,0,1.141
221.292,0.034664351,0,111.8143874,109.0982655,1.226894785,-8.60735255,2281,27.6,99.9,0,22.8125,0,1.141
221.392,0.034544752,0,111.8240869,109.0982655,1.256025065,-8.60735255,2281,27.6,99.9,0,22.8125,0,1.141
221.492,0.034544752,0,111.804688,109.0982655,1.24955167,-8.619307026,2281,27.6,99.9,0,22.8125,0,1.141
221.592,0.034664351,0,111.804688,109.0885838,1.236604878,-8.575473946,2281,27.6,99.9,0,22.8125,0,1.141
221.692,0.034624485,0,111.7755901,109.0885838,1.246314972,-8.523671213,2281,27.6,99.9,0,22.8125,0,1.141
221.792,0.034544752,0,111.7658909,109.0982655,1.239841576,-8.591413248,2281,27.6,99.9,0,22.8125,0,1.141
221.892,0.034465018,0,111.7658909,109.0789022,1.197764505,-8.60735255,2281,27.6,99.9,0,22.8125,0,1.141
221.992,0.034544752,0,111.7561918,109.0304949,1.239841576,-8.611337375,2281,27.6,99.9,0,22.8125,0,1.141
222.092,0.034584618,0,111.7367936,109.0498576,1.24955167,-8.583443597,2270,28,99.9,0,22.8125,0,1.141
222.192,0.034584618,0,111.7270946,109.0304949,1.230131483,-8.547580167,2270,28,99.9,0,22.8125,0,1.141
222.292,0.034584618,0,111.7270946,109.0304949,1.213947994,-8.603367724,2270,28,99.9,0,22.8125,0,1.141
222.392,0.034504885,0,111.7173957,109.0304949,1.207474598,-8.531640865,2270,28,99.9,0,22.8125,0,1.141
222.492,0.034465018,0,111.6786005,109.0304949,1.256025065,-8.583443597,2270,28,99.9,0,22.8125,0,1.141
222.592,0.034504885,0,111.697998,108.9917699,1.233368181,-8.432020226,2270,28,99.9,0,22.8125,0,1.141
222.692,0.034504885,0,111.6689018,108.9820888,1.262498461,-8.451944354,2270,28,99.9,0,22.8125,0,1.141
222.792,0.034504885,0,111.6689018,108.9627268,1.220421389,-8.591413248,2270,28,99.9,0,22.8125,0,1.141
222.892,0.034504885,0,111.6689018,108.9627268,1.252788368,-8.479838132,2270,28,99.9,0,22.8125,0,1.141
222.992,0.034425152,0,111.6495046,108.9627268,1.262498461,-8.475853307,2270,28,99.9,0,22.8125,0,1.141
223.092,0.034425152,0,111.6592032,108.9336841,1.243078274,-8.619307026,2270,28,99.9,0,22.8125,0,1.141
223.192,0.034425152,0,111.6301077,108.9627268,1.236604878,-8.511716737,2259,28,99.9,0,22.8125,0,1.141
223.292,0.034465018,0,111.6495046,108.9530458,1.233368181,-8.575473946,2259,28,99.9,0,22.8125,0,1.141
223.392,0.034465018,0,111.6301077,108.8949612,1.233368181,-8.49976226,2259,28,99.9,0,22.8125,0,1.141
223.492,0.034465018,0,111.6107109,108.9240033,1.230131483,-8.583443597,2259,28,99.9,0,22.8125,0,1.141
223.592,0.034385285,0,111.5816162,108.9143225,1.226894785,-8.547580167,2259,28,99.9,0,22.8125,0,1.141
223.692,0.034385285,0,111.5816162,108.8756001,1.236604878,-8.555549818,2259,28,99.9,0,22.8125,0,1.141
223.792,0.034305552,0,111.5913144,108.8756001,1.226894785,-8.579458771,2259,28,99.9,0,22.8125,0,1.141
223.892,0.034305552,0,111.5428239,109.0014511,1.236604878,-8.555549818,2259,28,99.9,0,22.8125,0,1.141
223.992,0.034385285,0,111.5525219,108.9627268,1.230131483,-8.503747086,2259,28,99.9,0,22.8125,0,1.141
224.092,0.034425152,0,111.533126,108.9336841,1.2042379,-8.583443597,2259,28,99.9,0,22.8125,0,1.141
224.192,0.034345419,0,111.4846372,108.9336841,1.197764505,-8.471868481,2259,28,99.9,0,22.8125,0,1.141
224.292,0.034265686,0,111.5040325,108.9143225,1.256025065,-8.567504294,2249,28,99.9,0,22.8125,0,1.141
224.392,0.034345419,0,111.4846372,108.8949612,1.223658087,-8.475853307,2249,28,99.9,0,22.8125,0,1.14
224.492,0.034385285,0,111.4846372,108.8852806,1.210711296,-8.511716737,2249,28,99.9,0,22.8125,0,1.14
224.592,0.034265686,0,111.4749396,108.8949612,1.220421389,-8.404126447,2249,28,99.9,0,22.8125,0,1.14
224.692,0.034305552,0,111.4555445,108.8659196,1.188054411,-8.53562569,2249,28,99.9,0,22.8125,0,1.14
224.792,0.034305552,0,111.4555445,108.8756001,1.243078274,-8.487807784,2249,28,99.9,0,22.8125,0,1.14
224.892,0.034225819,0,111.4361497,108.8756001,1.210711296,-8.459914005,2249,28,99.9,0,22.8125,0,1.14
224.992,0.034265686,0,111.4361497,108.8368784,1.197764505,-8.436005052,2249,28,99.9,0,22.8125,0,1.14
225.092,0.034305552,0,111.416755,108.8852806,1.178344318,-8.551564992,2249,28,99.9,0,22.8125,0,1.14
225.192,0.034225819,0,111.4264523,108.8368784,1.207474598,-8.412096098,2249,28,99.9,0,22.8125,0,1.14
225.292,0.034185952,0,111.4264523,108.8175179,1.226894785,-8.443974703,2249,28,99.9,0,22.8125,0,1.14
225.392,0.034146086,0,111.3779664,108.8078378,1.197764505,-8.420065749,2240,28,99.9,0,22.8125,0,1.14
225.492,0.034225819,0,111.3973606,108.8271982,1.220421389,-8.364278192,2240,28,99.9,0,22.8125,0,1.14
225.592,0.034185952,0,111.3779664,108.8175179,1.243078274,-8.503747086,2240,28,99.9,0,22.8125,0,1.14
225.692,0.034225819,0,111.3779664,108.7691176,1.239841576,-8.436005052,2240,28,99.9,0,22.8125,0,1.14
225.792,0.034146086,0,111.3779664,108.7884776,1.191291109,-8.559534643,2240,28,99.9,0,22.8125,0,1.14
225.892,0.034185952,0,111.3876635,108.7594376,1.181581016,-8.424050575,2240,28,99.9,0,22.8125,0,1.14
225.992,0.034106219,0,111.3682694,108.7303982,1.210711296,-8.487807784,2240,28,99.9,0,22.8125,0,1.14
226.092,0.034106219,0,111.3682694,108.7497578,1.17510762,-8.451944354,2240,28,99.9,0,22.8125,0,1.14
226.192,0.034106219,0,111.3197851,108.7594376,1.191291109,-8.483822958,2240,28,99.9,0,22.8125,0,1.141
226.292,0.034026486,0,111.3391786,108.740078,1.184817713,-8.447959528,2240,28,99.9,0,22.8125,0,1.141
226.392,0.034066353,0,111.3294818,108.6820001,1.2042379,-8.380217494,2240,28,99.9,0,22.8125,0,1.141
226.492,0.034026486,0,111.3003917,108.7207185,1.226894785,-8.439989877,2227,28,99.9,0,22.8125,0,1.141
226.592,0.033946753,0,111.3003917,108.6820001,1.201001203,-8.447959528,2227,28,99.9,0,22.8125,0,1.141
226.692,0.034026486,0,111.2713021,108.6723207,1.236604878,-8.412096098,2227,28,99.9,0,22.8125,0,1.141
226.792,0.034106219,0,111.2906951,108.6626413,1.191291109,-8.416080924,2227,28,99.9,0,22.8125,0,1.141
226.892,0.034026486,0,111.2809986,108.6626413,1.223658087,-8.436005052,2227,28,99.9,0,22.8125,0,1.141
226.992,0.034066353,0,111.2616056,108.6626413,1.191291109,-8.340369239,2227,28,99.9,0,22.8125,0,1.141
227.092,0.033986619,0,111.2616056,108.6432826,1.181581016,-8.503747086,2227,28,99.9,0,22.8125,0,1.141
227.192,0.033946753,0,111.2422129,108.614245,1.2042379,-8.515701562,2227,28,99.9,0,22.8125,0,1.141
227.292,0.034026486,0,111.2422129,108.6432826,1.201001203,-8.38420232,2227,28,99.9,0,22.8125,0,1.141
227.392,0.033986619,0,111.2422129,108.575529,1.184817713,-8.412096098,2227,28,99.9,0,22.8125,0,1.141
227.492,0.033906886,0,111.2034281,108.575529,1.230131483,-8.288566507,2227,28,99.9,0,22.8125,0,1.141
227.592,0.03386702,0,111.2228204,108.5852079,1.162160829,-8.328414762,2215,28,99.9,0,22.8125,0,1.141
227.692,0.03386702,0,111.2325166,108.5561712,1.210711296,-8.364278192,2215,28,99.9,0,22.84375,0,1.141
227.792,0.033906886,0,111.2131242,108.5561712,1.181581016,-8.352323715,2215,28,99.9,0,22.84375,0,1.141
227.892,0.033827153,0,111.184036,108.5368137,1.171870922,-8.34833889,2215,28,99.9,0,22.8125,0,1.14
227.992,0.033906886,0,111.17434,108.527135,1.201001203,-8.4280354,2215,28,99.9,0,22.8125,0,1.14
228.092,0.033787286,0,111.2034281,108.5077778,1.243078274,-8.380217494,2215,28,99.9,0,22.8125,0,1.14
228.192,0.033787286,0,111.1646441,108.5077778,1.162160829,-8.352323715,2215,28,99.9,0,22.84375,0,1.14
228.292,0.033707553,0,111.184036,108.4593857,1.217184692,-8.380217494,2215,28,99.9,0,22.8125,0,1.14
228.392,0.03374742,0,111.1549483,108.4787424,1.184817713,-8.328414762,2215,28,99.9,0,22.8125,0,1.14
228.492,0.03374742,0,111.184036,108.4497074,1.191291109,-8.4280354,2215,28,99.9,0,22.84375,0,1.14
228.592,0.03374742,0,111.1452525,108.430351,1.181581016,-8.332399587,2215,28,99.9,0,22.84375,0,1.14
228.692,0.03386702,0,111.1161654,108.4497074,1.178344318,-8.439989877,2204,28,99.9,0,22.84375,0,1.14
228.792,0.03374742,0,111.1355567,108.430351,1.191291109,-8.332399587,2204,28,99.9,0,22.84375,0,1.14
228.892,0.033667687,0,111.1452525,108.3916388,1.223658087,-8.364278192,2204,28,99.9,0,22.84375,0,1.14
228.992,0.033707553,0,111.1355567,108.3916388,1.2042379,-8.284581681,2204,28,99.9,0,22.84375,0,1.14
229.092,0.033548087,0,111.1064698,108.3916388,1.191291109,-8.284581681,2204,28,99.9,0,22.84375,0,1.14
229.192,0.033707553,0,111.0967742,108.3335721,1.217184692,-8.360293366,2204,28,99.9,0,22.84375,0,1.14
229.292,0.033667687,0,111.0967742,108.3335721,1.213947994,-8.372247843,2204,28,99.9,0,22.84375,0,1.14
229.392,0.033667687,0,111.0870787,108.3238945,1.181581016,-8.280596855,2204,28,99.9,0,22.84375,0,1.14
229.492,0.033707553,0,111.0870787,108.3238945,1.14597734,-8.352323715,2204,28,99.9,0,22.84375,0,1.14
229.592,0.03362782,0,111.0773833,108.3045394,1.2042379,-8.280596855,2204,28,99.9,0,22.84375,0,1.14
229.692,0.033587953,0,111.0967742,108.294862,1.165397527,-8.368263017,2204,28,99.9,0,22.84375,0,1.14
229.792,0.033707553,0,111.0579926,108.2851846,1.210711296,-8.248718251,2194,28,99.9,0,22.84375,0,1.14
229.892,0.033587953,0,111.0676879,108.2561527,1.152450735,-8.324429936,2194,28,99.9,0,22.84375,0,1.14
229.992,0.033548087,0,111.0482973,108.2367983,1.171870922,-8.308490634,2194,28,99.9,0,22.84375,0,1.14
230.092,0.033548087,0,111.0289069,108.2464755,1.155687433,-8.328414762,2194,28,99.9,0,22.84375,0,1.14
230.192,0.033548087,0,111.0192118,108.2271212,1.226894785,-8.224809298,2194,28,99.9,0,22.84375,0,1.14
230.292,0.033587953,0,111.0192118,108.2174442,1.207474598,-8.304505809,2194,28,99.9,0,22.84375,0,1.14
230.392,0.03350822,0,111.0095167,108.1980902,1.2042379,-8.404126447,2194,28,99.9,0,22.84375,0,1.14
230.492,0.033548087,0,110.9998217,108.1787365,1.171870922,-8.360293366,2194,28,99.9,0,22.84375,0,1.14
230.592,0.03350822,0,110.9901267,108.159383,1.162160829,-8.304505809,2194,28,99.9,0,22.84375,0,1.14
230.692,0.03350822,0,110.970737,108.1400297,1.171870922,-8.308490634,2194,28,99.9,0,22.84375,0,1.14
230.792,0.033468354,0,110.970737,108.1690597,1.171870922,-8.296536158,2194,28,99.9,0,22.84375,0,1.14
230.892,0.033388621,0,110.970737,108.1110001,1.226894785,-8.292551332,2185,28,99.9,0,22.84375,0,1.14
230.992,0.033468354,0,110.9804318,108.0819709,1.155687433,-8.216839647,2185,28,99.9,0,22.84375,0,1.14
231.092,0.033428487,0,110.8447087,108.372283,1.165397527,-8.284581681,2185,28,99.9,0,22.84375,0,1.14
231.192,0.033388621,0,110.8350146,108.3529275,1.162160829,-8.304505809,2185,28,99.9,0,22.84375,0,1.14
231.292,0.033388621,0,110.7962386,108.3529275,1.181581016,-8.300520983,2185,28,99.9,0,22.84375,0,1.14
231.392,0.033348754,0,110.8447087,108.3335721,1.139503944,-8.2407486,2185,28,99.9,0,22.84375,0,1.14
231.492,0.033348754,0,110.7865448,108.3335721,1.168634224,-8.300520983,2185,28,99.9,0,22.84375,0,1.14
231.592,0.033269021,0,110.7671572,108.3142169,1.197764505,-8.256687902,2185,28,99.9,0,22.84375,0,1.14
231.692,0.033388621,0,110.7962386,108.294862,1.165397527,-8.260672728,2185,28,99.9,0,22.84375,0,1.14
231.792,0.033388621,0,110.7380763,108.294862,1.165397527,-8.180976217,2185,28,99.9,0,22.84375,0,1.14
231.892,0.033229154,0,110.7671572,108.3238945,1.168634224,-8.188945868,2185,28,99.9,0,22.84375,0,1.14
231.992,0.033229154,0,110.7380763,108.2851846,1.178344318,-8.260672728,2182,28,99.9,0,22.84375,0,1.14
232.092,0.033308887,0,110.7477699,108.2755072,1.181581016,-8.304505809,2182,28,99.9,0,22.84375,0,1.14
232.192,0.033229154,0,110.7380763,108.2658299,1.17510762,-8.188945868,2182,28,99.9,0,22.84375,0,1.14
232.292,0.033269021,0,110.7283828,108.2755072,1.155687433,-8.256687902,2182,28,99.9,0,22.84375,0,1.14
232.392,0.033229154,0,110.6993025,108.2271212,1.139503944,-8.180976217,2182,28,99.9,0,22.84375,0,1.14
232.492,0.033229154,0,110.6799159,108.2367983,1.171870922,-8.296536158,2182,28,99.9,0,22.84375,0,1.14
232.592,0.033189288,0,110.6993025,108.2271212,1.17510762,-8.256687902,2182,28,99.9,0,22.84375,0,1.14
232.692,0.033109554,0,110.6896091,108.2174442,1.178344318,-8.264657553,2182,28,99.9,0,22.84375,0,1.14
232.792,0.033229154,0,110.6896091,108.2174442,1.113610361,-8.288566507,2182,28,99.9,0,22.84375,0,1.14
232.892,0.033189288,0,110.6702227,108.2077672,1.14597734,-8.224809298,2182,28,99.9,0,22.84375,0,1.14
232.992,0.033189288,0,110.6605295,108.1690597,1.162160829,-8.180976217,2182,28,99.9,0,22.84375,0,1.14
233.092,0.033069688,0,110.6605295,108.1690597,1.142740642,-8.252703077,2178,28,99.9,0,22.84375,0,1.14
233.192,0.033149421,0,110.7186893,108.023914,1.155687433,-8.192930694,2178,28,99.9,0,22.84375,0,1.14
233.292,0.033149421,0,110.6799159,107.9755346,1.14597734,-8.200900345,2178,28,99.9,0,22.84375,0,1.14
233.392,0.033149421,0,110.6993025,107.9271566,1.139503944,-8.248718251,2178,28,99.9,0,22.84375,0,1.14
233.492,0.033069688,0,110.7089959,107.9078057,1.14597734,-8.316460285,2178,28,99.9,0,22.84375,0,1.14
233.592,0.032989955,0,110.7089959,107.9078057,1.184817713,-8.2407486,2178,28,99.9,0,22.84375,0,1.14
233.692,0.033069688,0,110.7186893,107.8304042,1.188054411,-8.176991391,2178,28,99.9,0,22.84375,0,1.14
233.792,0.033109554,0,110.7186893,107.8400792,1.120083757,-8.328414762,2178,28,99.9,0,22.84375,0,1.14
233.892,0.033069688,0,110.6896091,107.8110544,1.188054411,-8.200900345,2178,28,99.9,0,22.84375,0,1.14
233.992,0.033029821,0,110.6896091,107.7917047,1.129793851,-8.188945868,2178,28,99.9,0,22.84375,0,1.14
234.092,0.032989955,0,110.7186893,107.753006,1.155687433,-8.304505809,2178,28,99.9,0,22.84375,0,1.14
234.192,0.033069688,0,110.6896091,107.7723553,1.133030548,-8.224809298,2172,28,99.9,0,22.84375,0,1.14
234.292,0.032989955,0,110.6702227,107.733657,1.17510762,-8.20488517,2172,28,99.9,0,22.84375,0,1.14
234.392,0.032989955,0,110.6799159,107.7239825,1.149214037,-8.157067264,2172,28,99.9,0,22.84375,0,1.14
234.492,0.033029821,0,110.6799159,107.7046338,1.139503944,-8.200900345,2172,28,99.9,0,22.84375,0,1.14
234.592,0.032950088,0,110.6702227,107.6659369,1.152450735,-8.216839647,2172,28,99.9,0,22.84375,0,1.14
234.692,0.033029821,0,110.6799159,107.6369148,1.136267246,-8.149097613,2172,28,99.9,0,22.84375,0,1.14
234.792,0.032989955,0,110.6702227,107.617567,1.165397527,-8.208869996,2172,28,99.9,0,22.84375,0,1.14
234.892,0.032950088,0,110.6605295,107.5691983,1.094190175,-8.180976217,2172,28,99.9,0,22.84375,0,1.14
234.992,0.032950088,0,110.6411433,107.5691983,1.165397527,-8.196915519,2172,28,99.9,0,22.84375,0,1.14
235.092,0.032910221,0,110.6411433,107.5401777,1.139503944,-8.192930694,2172,28,99.9,0,22.84375,0,1.14
235.192,0.032910221,0,110.6411433,107.5498512,1.139503944,-8.149097613,2172,28,99.9,0,22.84375,0,1.14
235.292,0.032950088,0,110.6217573,107.5014843,1.126557153,-8.133158311,2166,28,99.9,0,22.84375,0,1.14
235.392,0.032950088,0,110.6508364,107.4821378,1.168634224,-8.260672728,2166,28,99.9,0,22.84375,0,1.14
235.492,0.032870355,0,110.6314503,107.4724647,1.17510762,-8.105264532,2166,28,99.9,0,22.84375,0,1.14
235.592,0.032870355,0,110.6411433,107.491811,1.178344318,-8.073385928,2166,28,99.9,0,22.84375,0,1.14
235.692,0.032830488,0,110.6120644,107.4531186,1.136267246,-8.129173485,2166,28,99.9,0,22.84375,0,1.14
235.792,0.032830488,0,110.6217573,107.4240998,1.139503944,-8.12518866,2166,28,99.9,0,22.875,0,1.14
235.892,0.032830488,0,110.6023716,107.4531186,1.165397527,-8.180976217,2166,28,99.9,0,22.875,0,1.14
235.992,0.032870355,0,110.6023716,107.3854088,1.149214037,-8.176991391,2166,28,99.9,0,22.875,0,1.14
236.092,0.032830488,0,110.5926788,107.3563911,1.155687433,-8.248718251,2166,28,99.9,0,22.875,0,1.14
236.192,0.032830488,0,110.582986,107.3370462,1.168634224,-8.20488517,2166,28,99.9,0,22.875,0,1.14
236.292,0.032870355,0,110.582986,107.3370462,1.152450735,-8.121203834,2166,28,99.9,0,22.875,0,1.14
236.392,0.032750755,0,110.582986,107.3177016,1.165397527,-8.12518866,2161,28,99.9,0,22.875,0,1.14
236.492,0.032830488,0,110.5636007,107.2983571,1.123320455,-8.165036915,2161,28,99.9,0,22.875,0,1.14
236.592,0.032790622,0,110.582986,107.2596687,1.152450735,-8.12518866,2161,28,99.9,0,22.875,0,1.14
236.692,0.032750755,0,110.5345231,107.2596687,1.194527807,-8.109249357,2161,28,99.9,0,22.875,0,1.14
236.792,0.032710889,0,110.5732934,107.230653,1.155687433,-8.184961043,2161,28,99.9,0,22.875,0,1.14
236.892,0.032710889,0,110.5442156,107.2403248,1.152450735,-8.121203834,2161,28,99.9,0,22.875,0,1.14
236.992,0.032750755,0,110.5442156,107.2499967,1.110373664,-8.145112787,2161,28,99.9,0,22.875,0,1.14
237.092,0.032631155,0,110.5248307,107.2113094,1.133030548,-8.137143136,2161,28,99.9,0,22.875,0,1.14
237.192,0.032671022,0,110.5442156,107.191966,1.126557153,-8.069401102,2161,28,99.9,0,22.875,0,1.14
237.292,0.032631155,0,110.5345231,107.1339371,1.136267246,-8.184961043,2161,28,99.9,0,22.875,0,1.14
237.392,0.032671022,0,110.505446,107.1436084,1.110373664,-8.121203834,2161,28,99.9,0,22.875,0,1.14
237.492,0.032591289,0,110.5345231,107.0952521,1.152450735,-8.077370753,2157,28,99.9,0,22.875,0,1.14
237.592,0.032591289,0,110.5442156,107.0952521,1.155687433,-8.137143136,2157,28,99.9,0,22.875,0,1.14
237.692,0.032591289,0,110.5151383,107.0468971,1.162160829,-8.105264532,2157,28,99.9,0,22.875,0,1.14
237.792,0.032591289,0,110.505446,107.0372262,1.149214037,-8.137143136,2157,28,99.9,0,22.875,0,1.14
237.892,0.032591289,0,110.5151383,107.0275554,1.120083757,-8.101279706,2157,28,99.9,0,22.875,0,1.14
237.992,0.032551422,0,110.505446,106.9985433,1.10066357,-8.093310055,2157,28,99.9,0,22.875,0,1.14
238.092,0.032511556,0,110.4957537,106.9985433,1.126557153,-8.061431451,2157,28,99.9,0,22.875,0,1.14
238.192,0.032471689,0,110.4957537,107.0178847,1.142740642,-8.157067264,2157,28,99.9,0,22.875,0,1.14
238.292,0.032551422,0,110.4860615,106.9695317,1.107136966,-8.049476974,2157,28,99.9,0,22.875,0,1.14
238.392,0.032511556,0,110.4957537,106.9598612,1.110373664,-7.993689417,2157,28,99.9,0,22.875,0,1.14
238.492,0.032511556,0,110.4569851,106.9695317,1.10066357,-8.105264532,2157,28,99.9,0,22.875,0,1.14
238.592,0.032471689,0,110.4569851,106.9985433,1.084480081,-8.141127962,2152,28,99.9,0,22.875,0,1.14
238.692,0.032352089,0,110.4472931,106.9308501,1.113610361,-8.073385928,2152,28,99.9,0,22.875,0,1.14
238.792,0.032431822,0,110.4472931,106.9405204,1.129793851,-8.113234183,2152,28,99.9,0,22.875,0,1.14
238.892,0.032511556,0,110.4085256,106.9501908,1.158924131,-8.12518866,2152,28,99.9,0,22.875,0,1.14
238.992,0.032391956,0,110.3891422,106.9405204,1.133030548,-8.129173485,2152,28.4,99.9,0,22.875,0,1.14
239.092,0.032431822,0,110.4279093,106.8824994,1.14597734,-8.01759837,2152,28.4,99.9,0,22.875,0,1.14
239.192,0.032352089,0,110.4182174,106.8921694,1.107136966,-8.109249357,2152,28.4,99.9,0,22.875,0,1.14
239.292,0.032431822,0,110.4182174,106.8631594,1.116847059,-8.133158311,2152,28.4,99.9,0,22.875,0,1.14
239.392,0.032431822,0,110.4182174,106.8631594,1.113610361,-8.061431451,2152,28.4,99.9,0,22.875,0,1.14
239.492,0.032391956,0,110.3891422,106.8341499,1.142740642,-7.961810813,2152,28.4,99.9,0,22.875,0,1.14
239.592,0.032352089,0,110.3891422,106.8534895,1.129793851,-8.145112787,2152,28.4,99.9,0,22.875,0,1.14
239.692,0.032312223,0,110.3794505,106.8438197,1.129793851,-8.057446625,2145,28.4,99.9,0,22.875,0,1.14
239.792,0.032352089,0,110.3406845,106.7954711,1.123320455,-8.08932523,2145,28.4,99.9,0,22.875,0,1.14
239.892,0.032471689,0,110.3697589,106.8244801,1.155687433,-8.025568021,2145,28.4,99.9,0,22.875,0,1.14
239.992,0.032391956,0,110.3309931,106.8244801,1.136267246,-8.021583196,2145,28.4,99.9,0,22.875,0,1.139
240.092,0.032352089,0,110.3116105,106.8244801,1.126557153,-8.057446625,2145,28.4,99.9,0,22.875,0,1.139
240.192,0.032312223,0,110.3116105,106.8051407,1.126557153,-7.957825987,2145,28.4,99.9,0,22.875,0,1.139
240.292,0.032312223,0,110.3019193,106.8148104,1.103900268,-8.029552847,2145,28.4,99.9,0,22.875,0,1.139
240.392,0.032272356,0,110.2922281,106.8244801,1.110373664,-7.977750115,2145,28.4,99.9,0,22.875,0,1.139
240.492,0.032272356,0,110.2728459,106.8244801,1.149214037,-8.049476974,2145,28.4,99.9,0,22.875,0,1.139
240.592,0.032272356,0,110.2631549,106.8341499,1.094190175,-8.009628719,2145,28.4,99.9,0,22.875,0,1.139
240.692,0.032272356,0,110.2534639,106.8341499,1.120083757,-7.957825987,2145,28.4,99.9,0,22.875,0,1.139
240.792,0.032232489,0,110.2340822,106.8534895,1.090953477,-8.021583196,2140,28.4,99.9,0,22.875,0,1.139
240.892,0.032272356,0,110.2243914,106.8438197,1.113610361,-7.997674242,2140,28.4,99.9,0,22.875,0,1.139
240.992,0.032192623,0,110.243773,106.8148104,1.107136966,-8.041507323,2140,28.4,99.9,0,22.875,0,1.139
241.092,0.032192623,0,110.2147006,106.8341499,1.158924131,-8.077370753,2140,28.4,99.9,0,22.875,0,1.139
241.192,0.032312223,0,110.2050099,106.8438197,1.113610361,-7.997674242,2140,28.4,99.9,0,22.875,0,1.139
241.292,0.032192623,0,110.1759381,106.8244801,1.090953477,-8.153082438,2140,28.4,99.9,0,22.875,0,1.139
241.392,0.032192623,0,110.1759381,106.8244801,1.078006686,-7.985719766,2140,28.4,99.9,0,22.875,0,1.139
241.492,0.032272356,0,110.1371765,106.8244801,1.136267246,-8.057446625,2140,28.4,99.9,0,22.875,0,1.139
241.592,0.032232489,0,110.1371765,106.8631594,1.120083757,-8.045492149,2140,28.4,99.9,0,22.875,0,1.139
241.692,0.032192623,0,110.117796,106.8728294,1.097426872,-8.097294881,2140,28.4,99.9,0,22.875,0,1.14
241.792,0.032192623,0,110.1371765,106.8438197,1.158924131,-7.989704591,2140,28.4,99.9,0,22.875,0,1.14
241.892,0.032192623,0,110.0984157,106.9018395,1.087716779,-8.013613545,2129,28.4,99.9,0,22.875,0,1.14
241.992,0.032152756,0,110.0790356,106.8921694,1.107136966,-8.025568021,2129,28.4,99.9,0,22.875,0,1.14
242.092,0.03211289,0,110.0790356,106.9018395,1.113610361,-7.949856336,2129,28.4,99.9,0,22.875,0,1.14
242.192,0.03211289,0,110.0693456,106.9115097,1.120083757,-8.001659068,2129,28.4,99.9,0,22.875,0,1.14
242.292,0.032073023,0,110.0499659,106.9211799,1.158924131,-7.882114302,2129,28.4,99.9,0,22.875,0,1.14
242.392,0.03211289,0,110.0305863,106.9308501,1.084480081,-8.041507323,2129,28.4,99.9,0,22.875,0,1.14
242.492,0.032033157,0,110.0112069,106.9598612,1.123320455,-8.073385928,2129,28.4,99.9,0,22.875,0,1.14
242.592,0.031953423,0,110.0015173,106.9211799,1.107136966,-7.993689417,2129,28.4,99.9,0,22.875,0,1.14
242.692,0.032152756,0,109.9821383,106.9598612,1.10066357,-8.021583196,2129,28.4,99.9,0,22.875,0,1.14
242.792,0.032033157,0,109.9724489,106.9405204,1.113610361,-7.882114302,2129,28.4,99.9,0,22.875,0,1.14
242.892,0.03211289,0,109.9530701,106.9695317,1.097426872,-8.001659068,2129,28.4,99.9,0,22.875,0,1.14
242.992,0.032033157,0,109.9433808,106.9888727,1.103900268,-7.917977732,2125,28.4,99.9,0,22.875,0,1.14
243.092,0.031953423,0,109.9046242,107.0372262,1.058586499,-7.985719766,2125,28.4,99.9,0,22.875,0,1.14
243.192,0.032033157,0,109.8949352,107.008214,1.152450735,-7.906023255,2125,28.4,99.9,0,22.875,0,1.14
243.292,0.03199329,0,109.9046242,107.0178847,1.110373664,-7.894068778,2125,28.4,99.9,0,22.875,0,1.14
243.392,0.03199329,0,109.8658684,107.0275554,1.120083757,-8.013613545,2125,28.4,99.9,0,22.875,0,1.14
243.492,0.03199329,0,109.8561796,107.056568,1.129793851,-8.077370753,2125,28.4,99.9,0,22.875,0,1.14
243.592,0.031953423,0,109.8271135,107.056568,1.113610361,-7.866175,2125,28.4,99.9,0,22.875,0,1.14
243.692,0.031913557,0,109.8174249,107.066239,1.133030548,-7.937901859,2125,28.4,99.9,0,22.875,0,1.14
243.792,0.031913557,0,109.8174249,107.066239,1.090953477,-7.913992906,2125,28.4,99.9,0,22.875,0,1.14
243.892,0.032033157,0,109.8077363,107.056568,1.123320455,-7.898053604,2125,28.4,99.9,0,22.875,0,1.14
243.992,0.03187369,0,109.778671,107.0952521,1.094190175,-7.90203843,2125,28.4,99.9,0,22.875,0,1.14
244.092,0.031833824,0,109.7689826,107.1049233,1.084480081,-7.898053604,2122,28.4,99.9,0,22.875,0,1.14
244.192,0.03187369,0,109.7496061,107.1049233,1.110373664,-7.977750115,2122,28.4,99.9,0,22.875,0,1.14
244.292,0.031953423,0,109.7496061,107.1049233,1.084480081,-7.921962557,2122,28.4,99.9,0,22.875,0,1.14
244.392,0.03187369,0,109.7108536,107.1532799,1.097426872,-7.90203843,2122,28.4,99.9,0,22.875,0,1.14
244.492,0.031833824,0,109.7108536,107.1629513,1.090953477,-7.898053604,2122,28.4,99.9,0,22.875,0,1.14
244.592,0.031793957,0,109.7108536,107.1726228,1.087716779,-7.925947383,2122,28.4,99.9,0,22.90625,0,1.14
244.692,0.03187369,0,109.6914777,107.1726228,1.120083757,-7.933917034,2122,28.4,99.9,0,22.90625,0,1.14
244.792,0.031793957,0,109.672102,107.1822944,1.136267246,-7.937901859,2122,28.4,99.9,0,22.90625,0,1.14
244.892,0.031793957,0,109.6817898,107.191966,1.116847059,-7.937901859,2122,28.4,99.9,0,22.90625,0,1.14
244.992,0.03187369,0,109.6527265,107.1822944,1.116847059,-7.941886685,2122,28.4,99.9,0,22.90625,0,1.14
245.092,0.031793957,0,109.6139762,107.2016377,1.090953477,-7.953841161,2122,28.4,99.9,0,22.90625,0,1.14
245.192,0.031714224,0,109.6236637,107.1822944,1.081243383,-7.937901859,2119,28.4,99.9,0,22.90625,0,1.139
245.292,0.031674357,0,109.6139762,107.2209811,1.113610361,-7.882114302,2119,28.4,99.9,0,22.90625,0,1.139
245.392,0.03175409,0,109.6236637,107.191966,1.074769988,-7.83031157,2119,28.4,99.9,0,22.90625,0,1.139
245.492,0.031714224,0,109.5752266,107.2113094,1.068296592,-7.890083953,2119,28.4,99.9,0,22.90625,0,1.139
245.592,0.031634491,0,109.5849139,107.2113094,1.123320455,-7.94587151,2119,28.4,99.9,0,22.90625,0,1.139
245.692,0.031674357,0,109.5752266,107.2113094,1.094190175,-7.790463315,2119,28.4,99.9,0,22.90625,0,1.139
245.792,0.031634491,0,109.5849139,107.230653,1.123320455,-7.862190174,2119,28.4,99.9,0,22.90625,0,1.139
245.892,0.031634491,0,109.5267909,107.2209811,1.087716779,-7.870159825,2119,28.4,99.9,0,22.90625,0,1.139
245.992,0.031594624,0,109.5267909,107.2113094,1.110373664,-7.834296395,2119,28.4,99.9,0,22.90625,0,1.139
246.092,0.031634491,0,109.5364779,107.2209811,1.107136966,-7.842266047,2119,28.4,99.9,0,22.90625,0,1.139
246.192,0.031634491,0,109.5074169,107.2113094,1.07153329,-7.882114302,2119,28.4,99.9,0,22.90625,0,1.139
246.292,0.031634491,0,109.5074169,107.191966,1.103900268,-7.913992906,2119,28.4,99.9,0,22.90625,0,1.139
246.392,0.031674357,0,109.4783564,107.1822944,1.090953477,-7.858205349,2116,28.4,99.9,0,22.90625,0,1.139
246.492,0.031594624,0,109.4783564,107.1822944,1.081243383,-7.882114302,2116,28.4,99.9,0,22.90625,0,1.139
246.592,0.031634491,0,109.4783564,107.2209811,1.068296592,-7.862190174,2116,28.4,99.9,0,22.90625,0,1.139
246.692,0.031594624,0,109.458983,107.2209811,1.081243383,-7.929932208,2116,28.4,99.9,0,22.90625,0,1.139
246.792,0.031594624,0,109.4396098,107.230653,1.113610361,-7.941886685,2116,28.4,99.9,0,22.90625,0,1.139
246.892,0.031554757,0,109.4105504,107.1822944,1.103900268,-7.818357093,2116,28.4,99.9,0,22.90625,0,1.139
246.992,0.031594624,0,109.4202368,107.2016377,1.116847059,-7.862190174,2116,28.4,99.9,0,22.90625,0,1.139
247.092,0.031554757,0,109.4202368,107.2113094,1.074769988,-7.838281221,2116,28.4,99.9,0,22.90625,0,1.139
247.192,0.031475024,0,109.3911777,107.2113094,1.126557153,-7.850235698,2116,28.4,99.9,0,22.90625,0,1.139
247.292,0.031395291,0,109.400864,107.2016377,1.10066357,-7.834296395,2116,28.4,99.9,0,22.90625,0,1.139
247.392,0.031554757,0,109.3718052,107.2209811,1.074769988,-7.786478489,2116,28.4,99.9,0,22.90625,0,1.139
247.492,0.031395291,0,109.3718052,107.2113094,1.120083757,-7.834296395,2114,28.4,99.9,0,22.90625,0,1.139
247.592,0.031435158,0,109.3621191,107.2016377,1.081243383,-7.898053604,2114,28.4,99.9,0,22.90625,0,1.139
247.692,0.031514891,0,109.3330609,107.191966,1.123320455,-7.858205349,2114,28.4,99.9,0,22.90625,0,1.139
247.792,0.031475024,0,109.3427469,107.2016377,1.103900268,-7.854220523,2114,28.4,99.9,0,22.90625,0,1.139
247.892,0.031514891,0,109.3233749,107.2016377,1.055349801,-7.782493664,2114,28.4,99.9,0,22.90625,0,1.139
247.992,0.031435158,0,109.3233749,107.191966,1.078006686,-7.730690932,2114,28.4,99.9,0,22.90625,0,1.139
248.092,0.031435158,0,109.2943174,107.1726228,1.07153329,-7.826326744,2114,28.4,99.9,0,22.90625,0,1.139
248.192,0.031475024,0,109.2652603,107.1822944,1.081243383,-7.742645408,2114,28.4,99.9,0,22.90625,0,1.139
248.292,0.031395291,0,109.2652603,107.1726228,1.097426872,-7.834296395,2114,28.4,99.9,0,22.90625,0,1.139
248.392,0.031514891,0,109.2555747,107.1436084,1.061823196,-7.850235698,2114,28.4,99.9,0,22.90625,0,1.139
248.492,0.031315558,0,109.2652603,107.1532799,1.081243383,-7.806402617,2114,28.4,99.9,0,22.90625,0,1.139
248.592,0.031355424,0,109.2458892,107.1532799,1.136267246,-7.790463315,2105,28.4,99.9,0,22.90625,0,1.139
248.692,0.031355424,0,109.2555747,107.1532799,1.123320455,-7.810387442,2105,28.4,99.9,0,22.90625,0,1.139
248.792,0.031435158,0,109.2555747,107.1339371,1.113610361,-7.774524013,2105,28.4,99.9,0,22.90625,0,1.139
248.892,0.031315558,0,109.2265182,107.1436084,1.142740642,-7.850235698,2105,28.4,99.9,0,22.90625,0,1.139
248.992,0.031315558,0,109.2362037,107.1242658,1.087716779,-7.898053604,2105,28.4,99.9,0,22.90625,0,1.139
249.092,0.031355424,0,109.1974622,107.1145945,1.048876405,-7.798432966,2105,28.4,99.9,0,22.90625,0,1.139
249.192,0.031395291,0,109.1974622,107.1145945,1.097426872,-7.782493664,2105,28.4,99.9,0,22.90625,0,1.139
249.292,0.031355424,0,109.2265182,107.1049233,1.139503944,-7.806402617,2105,28.4,99.9,0,22.90625,0,1.139
249.392,0.031315558,0,109.187777,107.0952521,1.068296592,-7.818357093,2105,28.4,99.9,0,22.90625,0,1.139
249.492,0.031315558,0,109.1780918,107.1145945,1.103900268,-7.850235698,2105,28.4,99.9,0,22.90625,0,1.139
249.592,0.031315558,0,109.1587216,107.066239,1.123320455,-7.790463315,2105,28.4,99.9,0,22.90625,0,1.139
249.692,0.031235825,0,109.1490366,107.0952521,1.081243383,-7.834296395,2098,28.4,99.9,0,22.90625,0,1.139
249.792,0.031235825,0,109.1684067,107.056568,1.14597734,-7.770539187,2098,28.4,99.9,0,22.90625,0,1.139
249.892,0.031315558,0,109.1296667,107.0372262,1.061823196,-7.906023255,2098,28.4,99.9,0,22.90625,0,1.139
249.992,0.031235825,0,109.1393516,107.056568,1.084480081,-7.822341919,2098,28.4,99.9,0,22.90625,0,1.139
250.092,0.031235825,0,109.1490366,107.0178847,1.074769988,-7.762569536,2098,28.4,99.9,0,22.90625,0,1.139
250.192,0.031235825,0,109.1587216,107.008214,1.097426872,-7.706781978,2098,28.4,99.9,0,22.90625,0,1.139
250.292,0.031275691,0,109.1296667,107.0178847,1.07153329,-7.742645408,2098,28.4,99.9,0,22.90625,0,1.139
250.392,0.031275691,0,109.1199819,106.9792022,1.068296592,-7.734675757,2098,28.4,99.9,0,22.90625,0,1.139
250.492,0.031156092,0,109.1006123,106.9985433,1.107136966,-7.79444814,2098,28.4,99.9,0,22.90625,0,1.139
250.592,0.031235825,0,109.2071475,106.7277853,1.129793851,-7.730690932,2098,28.4,99.9,0,22.90625,0,1.139
250.692,0.031116225,0,109.1780918,106.7858016,1.061823196,-7.814372268,2098,28.4,99.9,0,22.90625,0,1.139
250.792,0.031116225,0,109.1490366,106.7664626,1.04240301,-7.670918549,2092,28.4,99.9,0,22.90625,0,1.139
250.892,0.031156092,0,109.1490366,106.8051407,1.107136966,-7.866175,2092,28.4,99.9,0,22.90625,0,1.139
250.992,0.031156092,0,109.110297,106.8244801,1.110373664,-7.818357093,2092,28.4,99.9,0,22.90625,0,1.139
251.092,0.031116225,0,109.110297,106.7954711,1.107136966,-7.778508838,2092,28.4,99.9,0,22.90625,0,1.139
251.192,0.031036492,0,109.110297,106.7567932,1.087716779,-7.742645408,2092,28.4,99.9,0,22.90625,0,1.139
251.292,0.031076358,0,109.1296667,106.7664626,1.090953477,-7.83031157,2092,28.4,99.9,0,22.90625,0,1.139
251.392,0.031036492,0,109.1006123,106.8244801,1.107136966,-7.766554361,2092,28.4,99.9,0,22.90625,0,1.139
251.492,0.031036492,0,109.0909276,106.7761321,1.084480081,-7.862190174,2092,28.4,99.9,0,22.90625,0,1.139
251.592,0.031076358,0,109.1006123,106.7471239,1.061823196,-7.806402617,2092,28.4,99.9,0,22.90625,0,1.139
251.692,0.031076358,0,109.0521892,106.7567932,1.039166312,-7.75858471,2092,28.4,99.9,0,22.90625,0,1.139
251.792,0.031116225,0,109.0521892,106.7664626,1.07153329,-7.941886685,2092,28.4,99.9,0,22.90625,0,1.139
251.892,0.030996625,0,109.0328204,106.7664626,1.097426872,-7.734675757,2087,28.4,99.9,0,22.90625,0,1.139
251.992,0.030996625,0,109.023136,106.7471239,1.10066357,-7.762569536,2087,28.4,99.9,0,22.90625,0,1.139
252.092,0.030877025,0,109.0618738,106.7277853,1.078006686,-7.79444814,2087,28.4,99.9,0,22.90625,0,1.139
252.192,0.030956759,0,109.0134517,106.708447,1.110373664,-7.802417791,2087,28.4,99.9,0,22.90625,0,1.14
252.292,0.031036492,0,108.9940833,106.7277853,1.103900268,-7.858205349,2087,28.4,99.9,0,22.90625,0,1.14
252.392,0.030956759,0,108.9940833,106.7181161,1.058586499,-7.770539187,2087,28.4,99.9,0,22.90625,0,1.14
252.492,0.030916892,0,108.9747151,106.6891088,1.087716779,-7.738660583,2087,28.4,99.9,0,22.90625,0,1.14
252.592,0.030956759,0,108.9843992,106.7181161,1.048876405,-7.754599885,2087,28.4,99.9,0,22.90625,0,1.14
252.692,0.030916892,0,108.9940833,106.6794398,1.07153329,-7.6788882,2087,28.4,99.9,0,22.9375,0,1.14
252.792,0.030877025,0,108.9747151,106.6891088,1.032692916,-7.734675757,2087,28.4,99.9,0,22.9375,0,1.14
252.892,0.030916892,0,108.965031,106.6987779,1.078006686,-7.750615059,2087,28.4,99.9,0,22.9375,0,1.14
252.992,0.030916892,0,108.955347,106.6987779,1.113610361,-7.782493664,2081,28.4,99.9,0,22.9375,0,1.14
253.092,0.030916892,0,108.9359792,106.6891088,1.032692916,-7.726706106,2081,28.4,99.9,0,22.9375,0,1.14
253.192,0.030916892,0,108.9456631,106.6697709,1.055349801,-7.631070293,2081,28.4,99.9,0,22.9375,0,1.14
253.292,0.030797292,0,108.9166116,106.6310956,1.081243383,-7.71475163,2081,28.8,99.9,0,22.9375,0,1.14
253.392,0.030837159,0,108.9166116,106.6504331,1.032692916,-7.71475163,2081,28.8,99.9,0,22.9375,0,1.14
253.492,0.030837159,0,108.8972442,106.6407643,1.103900268,-7.690842676,2081,28.8,99.9,0,22.9375,0,1.14
253.592,0.030797292,0,108.9166116,106.6020896,1.110373664,-7.686857851,2081,28.8,99.9,0,22.9375,0,1.14
253.692,0.030797292,0,108.8972442,106.6310956,1.055349801,-7.694827502,2081,28.8,99.9,0,22.9375,0,1.14
253.792,0.030916892,0,108.8681935,106.6310956,1.055349801,-7.631070293,2081,28.8,99.9,0,22.9375,0,1.14
253.892,0.030837159,0,108.8972442,106.6020896,1.078006686,-7.647009596,2081,28.8,99.9,0,22.9375,0,1.139
253.992,0.030757426,0,108.877877,106.6214269,1.084480081,-7.631070293,2081,28.8,99.9,0,22.9375,0,1.139
254.092,0.030797292,0,108.85851,106.5730841,1.103900268,-7.722721281,2075,28.8,99.9,0,22.9375,0,1.139
254.192,0.030717559,0,108.8488266,106.6020896,1.07153329,-7.730690932,2075,28.8,99.9,0,22.9375,0,1.139
254.292,0.030677692,0,108.85851,106.5924211,1.10066357,-7.79444814,2075,28.8,99.9,0,22.9375,0,1.139
254.392,0.030757426,0,108.8391432,106.5730841,1.081243383,-7.674903374,2075,28.8,99.9,0,22.9375,0,1.139
254.492,0.030757426,0,108.8391432,106.5537474,1.055349801,-7.694827502,2075,28.8,99.9,0,22.9375,0,1.139
254.592,0.030677692,0,108.8004103,106.5537474,1.120083757,-7.635055119,2075,28.8,99.9,0,22.9375,0,1.139
254.692,0.030757426,0,108.8004103,106.5537474,1.078006686,-7.718736455,2075,28.8,99.9,0,22.9375,0,1.139
254.792,0.030637826,0,108.8004103,106.5344108,1.065059894,-7.686857851,2075,28.8,99.9,0,22.9375,0,1.139
254.892,0.030677692,0,108.8004103,106.5247426,1.10066357,-7.706781978,2075,28.8,99.9,0,22.9375,0,1.139
254.992,0.030677692,0,108.8004103,106.5150745,1.087716779,-7.658964072,2075,28.8,99.9,0,22.9375,0,1.139
255.092,0.030757426,0,108.7907272,106.5150745,1.087716779,-7.682873025,2075,28.8,99.9,0,22.9375,0,1.139
255.192,0.030677692,0,108.7713611,106.4860703,1.081243383,-7.658964072,2070,28.8,99.9,0,22.9375,0,1.139
255.292,0.030717559,0,108.7810441,106.4860703,1.084480081,-7.670918549,2070,28.8,99.9,0,22.9375,0,1.139
255.392,0.030637826,0,108.8004103,106.3990605,1.090953477,-7.64302477,2070,28.8,99.9,0,22.9375,0,1.139
255.492,0.030637826,0,108.7616781,106.3797256,1.07153329,-7.595206864,2070,28.8,99.9,0,22.9375,0,1.139
255.592,0.030597959,0,108.7907272,106.3410563,1.068296592,-7.627085468,2070,28.8,99.9,0,22.9375,0,1.139
255.692,0.030597959,0,108.8100934,106.3313891,1.068296592,-7.706781978,2070,28.8,99.9,0,22.9375,0,1.138
255.792,0.030558093,0,108.8004103,106.3120548,1.074769988,-7.587237213,2070,28.8,99.9,0,22.9375,0,1.138
255.892,0.030558093,0,108.7810441,106.2733869,1.061823196,-7.579267562,2070,28.8,99.9,0,22.9375,0,1.138
255.992,0.030597959,0,108.7810441,106.2927207,1.078006686,-7.623100642,2070,28.8,99.9,0,22.9375,0,1.138
256.092,0.030597959,0,108.7810441,106.3023877,1.032692916,-7.670918549,2070,28.8,99.9,0,22.9375,0,1.138
256.192,0.030558093,0,108.7810441,106.2830538,1.068296592,-7.750615059,2070,28.8,99.9,0,22.9375,0,1.138
256.292,0.030597959,0,108.7713611,106.26372,1.074769988,-7.694827502,2059,28.8,99.9,0,22.9375,0,1.138
256.392,0.030518226,0,108.8004103,106.2540532,1.110373664,-7.627085468,2059,28.8,99.9,0,22.9375,0,1.138
256.492,0.030518226,0,108.7519952,106.2153865,1.074769988,-7.698812327,2059,28.8,99.9,0,22.9375,0,1.138
256.592,0.030518226,0,108.7519952,106.2443865,1.084480081,-7.64302477,2059,28.8,99.9,0,22.9375,0,1.138
256.692,0.030558093,0,108.7616781,106.2250531,1.074769988,-7.623100642,2059,28.8,99.9,0,22.9375,0,1.138
256.792,0.030518226,0,108.7229468,106.2347197,1.068296592,-7.650994421,2059,28.8,99.9,0,22.9375,0,1.138
256.892,0.030518226,0,108.7616781,106.2153865,1.081243383,-7.60716134,2059,28.8,99.9,0,22.9375,0,1.138
256.992,0.03047836,0,108.7229468,106.186387,1.058586499,-7.674903374,2059,28.8,99.9,0,22.9375,0,1.138
257.092,0.03047836,0,108.7035815,106.2057199,1.068296592,-7.615130991,2059,28.8,99.9,0,22.9375,0,1.138
257.192,0.030398626,0,108.7035815,106.2057199,1.068296592,-7.666933723,2059,28.8,99.9,0,22.9375,0,1.138
257.292,0.030398626,0,108.6938989,106.1960534,1.068296592,-7.631070293,2059,28.8,99.9,0,22.9375,0,1.138
257.392,0.03047836,0,108.6938989,106.1767205,1.065059894,-7.710766804,2052,28.8,99.9,0,22.9375,0,1.139
257.492,0.030438493,0,108.6648514,106.1573879,1.113610361,-7.64302477,2052,28.8,99.9,0,22.9375,0,1.139
257.592,0.03035876,0,108.655169,106.1670542,1.048876405,-7.639039944,2052,28.8,99.9,0,22.9375,0,1.139
257.692,0.030438493,0,108.6648514,106.1573879,1.048876405,-7.666933723,2052,28.8,99.9,0,22.9375,0,1.139
257.792,0.030438493,0,108.655169,106.1477216,1.081243383,-7.619115817,2052,28.8,99.9,0,22.9375,0,1.139
257.892,0.03035876,0,108.6454867,106.1283892,1.097426872,-7.64302477,2052,28.8,99.9,0,22.9375,0,1.139
257.992,0.030279027,0,108.6648514,106.1283892,1.061823196,-7.591222038,2052,28.8,99.9,0,22.9375,0,1.139
258.092,0.03035876,0,108.6454867,106.0993911,1.107136966,-7.547388957,2052,28.8,99.9,0,22.9375,0,1.139
258.192,0.030279027,0,108.6261222,106.1187231,1.084480081,-7.591222038,2052,28.8,99.9,0,22.9375,0,1.139
258.292,0.030318893,0,108.6261222,106.1090571,1.087716779,-7.60716134,2052,28.8,99.9,0,22.9375,0,1.139
258.392,0.030398626,0,108.6261222,106.0993911,1.087716779,-7.647009596,2052,28.8,99.9,0,22.9375,0,1.139
258.492,0.03035876,0,108.6067578,106.1187231,1.094190175,-7.619115817,2044,28.8,99.9,0,22.9375,0,1.139
258.592,0.030279027,0,108.5873937,106.0993911,1.094190175,-7.615130991,2044,28.8,99.9,0,22.9375,0,1.139
258.692,0.03035876,0,108.6067578,106.0897251,1.074769988,-7.635055119,2044,28.8,99.9,0,22.9375,0,1.139
258.792,0.03035876,0,108.5777118,106.0703933,1.052113103,-7.599191689,2044,28.8,99.9,0,22.9375,0,1.139
258.892,0.030279027,0,108.5970758,106.0800592,1.052113103,-7.619115817,2044,28.8,99.9,0,22.9375,0,1.139
258.992,0.030279027,0,108.5873937,106.0607275,1.074769988,-7.595206864,2044,28.8,99.9,0,22.9375,0,1.139
259.092,0.030318893,0,108.558348,106.041396,1.061823196,-7.555358608,2044,28.8,99.9,0,22.9375,0,1.139
259.192,0.03023916,0,108.558348,106.0317304,1.04240301,-7.6788882,2044,28.8,99.9,0,22.9375,0,1.139
259.292,0.030199293,0,108.5293026,106.0317304,1.081243383,-7.587237213,2044,28.8,99.9,0,22.9375,0,1.139
259.392,0.030159427,0,108.519621,106.0317304,1.029456218,-7.627085468,2044,28.8,99.9,0,22.9375,0,1.139
259.492,0.030199293,0,108.5293026,106.0027337,1.078006686,-7.623100642,2044,28.8,99.9,0,22.9375,0,1.139
259.592,0.030199293,0,108.4905763,106.0123992,1.087716779,-7.475662098,2025,28.8,99.9,0,22.9375,0,1.139
259.692,0.030159427,0,108.5002578,105.9930682,1.094190175,-7.583252387,2025,28.8,99.9,0,22.9375,0,1.139
259.792,0.030159427,0,108.5002578,105.9834028,1.090953477,-7.559343434,2025,28.8,99.9,0,22.9375,0,1.139
259.892,0.03011956,0,108.4808948,105.9930682,1.006799334,-7.499571051,2025,28.8,99.9,0,22.9375,0,1.139
259.992,0.03011956,0,108.5002578,105.9640721,1.081243383,-7.654979247,2025,28.8,99.9,0,22.9375,0,1.139
260.092,0.030159427,0,108.4518507,105.9834028,1.061823196,-7.650994421,2025,28.8,99.9,0,22.9375,0,1.139
260.192,0.03011956,0,108.461532,105.9640721,1.074769988,-7.519495179,2025,28.8,99.9,0,22.9375,0,1.139
260.292,0.03011956,0,108.461532,105.9447416,1.065059894,-7.507540702,2025,28.8,99.9,0,22.9375,0,1.139
260.392,0.030039827,0,108.461532,105.9254113,1.048876405,-7.650994421,2025,28.8,99.9,0,22.9375,0,1.139
260.492,0.030039827,0,108.4518507,105.9640721,1.103900268,-7.483631749,2025,28.8,99.9,0,22.9375,0,1.139
260.592,0.02999996,0,108.5002578,105.9544068,1.07153329,-7.619115817,2025,28.8,99.9,0,22.9375,0,1.139
260.692,0.030079694,0,108.4421695,105.9254113,1.090953477,-7.563328259,2011,28.8,99.9,0,22.9375,0,1.139
260.792,0.02999996,0,108.4324883,105.9157462,1.035929614,-7.639039944,2011,28.8,99.9,0,22.9375,0,1.139
260.892,0.030039827,0,108.4324883,105.9350764,1.074769988,-7.627085468,2011,28.8,99.9,0,22.9375,0,1.139
260.992,0.030039827,0,108.4228071,105.8964162,1.094190175,-7.507540702,2011,28.8,99.9,0,22.9375,0,1.139
261.092,0.030039827,0,108.413126,105.8867513,1.013272729,-7.60716134,2011,28.8,99.9,0,22.9375,0,1.139
261.192,0.029960094,0,108.4034449,105.8964162,1.110373664,-7.4916014,2011,28.8,99.9,0,22.9375,0,1.139
261.292,0.02999996,0,108.3744021,105.8770864,1.074769988,-7.619115817,2011,28.8,99.9,0,22.96875,0,1.139
261.392,0.030039827,0,108.384083,105.8770864,1.10066357,-7.539419306,2011,28.8,99.9,0,22.96875,0,1.139
261.492,0.029920227,0,108.4034449,105.8577568,1.068296592,-7.523480004,2011,28.8,99.9,0,22.96875,0,1.139
261.592,0.030039827,0,108.384083,105.8770864,1.07153329,-7.41987454,2011,28.8,99.9,0,22.96875,0,1.139
261.692,0.02999996,0,108.335679,105.8287628,1.078006686,-7.567313085,2011,28.8,99.9,0,22.96875,0,1.139
261.792,0.029840494,0,108.384083,105.8577568,1.061823196,-7.45573797,1995,28.8,99.9,0,22.96875,0,1.139
261.892,0.029960094,0,108.3550404,105.8384274,1.074769988,-7.443783494,1995,28.8,99.9,0,22.96875,0,1.139
261.992,0.029960094,0,108.3744021,105.8577568,1.081243383,-7.591222038,1995,28.8,99.9,0,22.96875,0,1.139
262.092,0.029960094,0,108.3550404,105.8190982,1.078006686,-7.535434481,1995,28.8,99.9,0,22.96875,0,1.139
262.192,0.02999996,0,108.335679,105.8190982,1.032692916,-7.495586225,1995,28.8,99.9,0,22.96875,0,1.139
262.292,0.029960094,0,108.3066372,105.7997692,1.084480081,-7.483631749,1995,28.8,99.9,0,22.96875,0,1.139
262.392,0.029960094,0,108.3163178,105.7804404,1.045639707,-7.551373783,1995,28.8,99.9,0,22.96875,0,1.139
262.492,0.029960094,0,108.3163178,105.7514476,1.048876405,-7.495586225,1995,28.8,99.9,0,22.96875,0,1.139
262.592,0.029960094,0,108.2969567,105.7997692,1.048876405,-7.515510353,1995,28.8,99.9,0,22.96875,0,1.138
262.692,0.029920227,0,108.2775959,105.7804404,1.052113103,-7.543404132,1995,28.8,99.9,0,22.96875,0,1.138
262.792,0.029880361,0,108.2679156,105.7611118,1.07153329,-7.599191689,1995,28.8,99.9,0,22.96875,0,1.138
262.892,0.029840494,0,108.2872763,105.7514476,1.04240301,-7.503555876,1980,28.8,99.9,0,22.96875,0,1.138
262.992,0.029880361,0,108.2872763,105.7224552,1.032692916,-7.499571051,1980,28.8,99.9,0,22.96875,0,1.138
263.092,0.029760761,0,108.2872763,105.7514476,1.074769988,-7.487616574,1980,28.8,99.9,0,22.96875,0,1.138
263.192,0.029840494,0,108.2775959,105.7127911,1.048876405,-7.415889715,1980,28.8,99.9,0,22.96875,0,1.138
263.292,0.029880361,0,108.2388749,105.6934632,1.068296592,-7.555358608,1980,28.8,99.9,0,22.96875,0,1.138
263.392,0.029840494,0,108.2388749,105.7031272,1.10066357,-7.515510353,1980,28.8,99.9,0,22.96875,0,1.138
263.492,0.029760761,0,108.2582353,105.6837993,1.02621952,-7.511525528,1980,28.8,99.9,0,22.96875,0,1.138
263.592,0.029760761,0,108.2001546,105.6837993,1.04240301,-7.511525528,1980,28.8,99.9,0,22.96875,0,1.138
263.692,0.029760761,0,108.2388749,105.6837993,1.029456218,-7.435813842,1980,28.8,99.9,0,22.96875,0,1.138
263.792,0.029760761,0,108.2098346,105.7031272,1.061823196,-7.503555876,1980,28.8,99.9,0,22.96875,0,1.138
263.892,0.029800627,0,108.2001546,105.654808,1.022982823,-7.479646923,1980,28.8,99.9,0,22.96875,0,1.138
263.992,0.029800627,0,108.2098346,105.6451443,1.081243383,-7.479646923,1968,28.8,99.9,0,22.96875,0,1.138
264.092,0.029760761,0,108.171115,105.6354806,1.052113103,-7.41987454,1968,28.8,99.9,0,22.96875,0,1.138
264.192,0.029760761,0,108.1807948,105.6644717,1.074769988,-7.451753145,1968,28.8,99.9,0,22.96875,0,1.138
264.292,0.029720894,0,108.2001546,105.6354806,1.052113103,-7.503555876,1968,28.8,99.9,0,22.96875,0,1.138
264.392,0.029720894,0,108.1904747,105.625817,1.048876405,-7.384011111,1968,28.8,99.9,0,22.96875,0,1.138
264.492,0.029681028,0,108.171115,105.6161535,1.074769988,-7.423859366,1968,28.8,99.9,0,22.96875,0,1.138
264.592,0.029641161,0,108.171115,105.654808,1.094190175,-7.41987454,1968,28.8,99.9,0,22.96875,0,1.138
264.692,0.029601295,0,108.1420759,105.5968266,1.103900268,-7.399950413,1968,28.8,99.9,0,22.96875,0,1.138
264.792,0.029641161,0,108.1807948,105.5968266,1.058586499,-7.423859366,1968,28.8,99.9,0,22.96875,0,1.138
264.892,0.029641161,0,108.171115,105.60649,1.055349801,-7.451753145,1968,28.8,99.9,0,22.96875,0,1.138
264.992,0.029601295,0,108.1517555,105.5968266,1.013272729,-7.387995936,1968,28.8,99.9,0,22.96875,0,1.138
265.092,0.029681028,0,108.1323962,105.5774998,1.07153329,-7.407920064,1957,28.8,99.9,0,22.96875,0,1.138
265.192,0.029601295,0,108.1323962,105.5678365,1.097426872,-7.463707621,1957,28.8,99.9,0,22.96875,0,1.138
265.292,0.029641161,0,108.1227167,105.5485101,1.074769988,-7.495586225,1957,28.8,99.9,0,22.96875,0,1.138
265.392,0.029561428,0,108.1323962,105.5485101,1.032692916,-7.372056634,1957,28.8,99.9,0,22.96875,0,1.138
265.492,0.029561428,0,108.0936783,105.5388469,1.058586499,-7.387995936,1957,28.8,99.9,0,22.96875,0,1.138
265.592,0.029561428,0,108.1033577,105.5291838,1.055349801,-7.45573797,1957,28.8,99.9,0,22.96875,0,1.138
265.692,0.029521561,0,108.1033577,105.5098578,1.045639707,-7.507540702,1957,28.8,99.9,0,22.96875,0,1.138
265.792,0.029561428,0,108.1033577,105.5291838,1.045639707,-7.372056634,1957,28.8,99.9,0,22.96875,0,1.138
265.892,0.029561428,0,108.0936783,105.4905319,1.055349801,-7.435813842,1957,28.8,99.9,0,22.96875,0,1.138
265.992,0.029481695,0,108.0936783,105.5195208,1.048876405,-7.336193204,1957,28.8,99.9,0,22.96875,0,1.138
266.092,0.029601295,0,108.0743196,105.4905319,1.032692916,-7.45573797,1957,28.8,99.9,0,22.96875,0,1.138
266.192,0.029481695,0,108.0549611,105.4905319,1.090953477,-7.395965587,1938,28.8,99.9,0,22.96875,0,1.138
266.292,0.029441828,0,108.0549611,105.4808691,1.022982823,-7.479646923,1938,28.8,99.9,0,22.96875,0,1.138
266.392,0.029521561,0,108.0549611,105.4808691,1.078006686,-7.360102157,1938,28.8,99.9,0,22.96875,0,1.138
266.492,0.029441828,0,108.0549611,105.4615435,1.058586499,-7.495586225,1938,28.8,99.9,0,22.96875,0,1.138
266.592,0.029441828,0,108.0356028,105.4808691,1.074769988,-7.443783494,1938,28.8,99.9,0,22.96875,0,1.138
266.692,0.029481695,0,108.0356028,105.4518808,1.02621952,-7.407920064,1938,28.8,99.9,0,22.96875,0,1.138
266.792,0.029481695,0,108.0452819,105.4518808,1.068296592,-7.41987454,1938,28.8,99.9,0,22.96875,0,1.138
266.892,0.029401962,0,108.0259238,105.4518808,1.035929614,-7.399950413,1938,28.8,99.9,0,22.96875,0,1.138
266.992,0.029401962,0,108.0259238,105.422893,1.094190175,-7.447768319,1938,28.8,99.9,0,22.96875,0,1.138
267.092,0.029322228,0,108.0259238,105.3939056,1.052113103,-7.399950413,1938,28.8,99.9,0,22.96875,0,1.138
267.192,0.029362095,0,108.0162448,105.4132305,1.010036031,-7.34017803,1938,28.8,99.9,0,22.96875,0,1.138
267.292,0.029322228,0,108.0065658,105.3745809,1.07153329,-7.427844191,1921,28.8,99.9,0,22.96875,0,1.138
267.392,0.029362095,0,108.0065658,105.3842432,1.084480081,-7.368071809,1921,28.8,99.9,0,22.96875,0,1.138
267.492,0.029362095,0,107.9872081,105.3842432,1.107136966,-7.37604146,1921,28.8,99.9,0,22.96875,0,1.138
267.592,0.029282362,0,107.9775293,105.3649186,1.065059894,-7.423859366,1921,28.8,99.9,0,22.96875,0,1.138
267.692,0.029322228,0,108.0065658,105.3745809,1.055349801,-7.248527043,1921,28.8,99.9,0,22.96875,0,1.138
267.792,0.029362095,0,107.9872081,105.3552564,1.097426872,-7.395965587,1921,28.8,99.9,0,22.96875,0,1.139
267.892,0.029282362,0,107.9872081,105.3262701,1.058586499,-7.4916014,1921,28.8,99.9,0,22.96875,0,1.139
267.992,0.029242495,0,107.9775293,105.3359321,1.04240301,-7.328223553,1921,28.8,99.9,0,22.96875,0,1.139
268.092,0.029282362,0,107.9678505,105.3552564,1.094190175,-7.380026285,1921,28.8,99.9,0,22.96875,0,1.139
268.192,0.029322228,0,107.9484931,105.3069461,1.04240301,-7.415889715,1921,28.8,99.9,0,22.96875,0,1.139
268.292,0.029282362,0,107.9484931,105.3262701,1.061823196,-7.41987454,1921,28.8,99.9,0,22.96875,0,1.139
268.392,0.029282362,0,107.929136,105.3166081,1.074769988,-7.292360124,1905,29.2,99.9,0,22.96875,0,1.139
268.492,0.029282362,0,107.9388146,105.3069461,1.078006686,-7.380026285,1905,29.2,99.9,0,22.96875,0,1.139
268.592,0.029162762,0,107.9388146,105.2972842,1.058586499,-7.312284251,1905,29.2,99.9,0,22.96875,0,1.139
268.692,0.029242495,0,107.9194575,105.2876223,1.029456218,-7.352132506,1905,29.2,99.9,0,22.96875,0,1.139
268.792,0.029242495,0,107.929136,105.2972842,1.058586499,-7.332208379,1905,29.2,99.9,0,22.96875,0,1.139
268.892,0.029122895,0,107.9097791,105.2779605,1.081243383,-7.403935238,1905,29.2,99.9,0,22.96875,0,1.139
268.992,0.029083029,0,107.8904223,105.258637,1.022982823,-7.284390472,1905,29.2,99.9,0,22.96875,0,1.139
269.092,0.029162762,0,107.9001007,105.2876223,1.048876405,-7.403935238,1905,29.2,99.9,0,22.96875,0,1.139
269.192,0.029043162,0,107.880744,105.2393136,1.078006686,-7.403935238,1905,29.2,99.9,0,22.96875,0,1.139
269.292,0.029242495,0,107.8710658,105.2489753,1.065059894,-7.427844191,1905,29.2,99.9,0,22.96875,0,1.139
269.392,0.029162762,0,107.8710658,105.2296521,1.045639707,-7.360102157,1905,29.2,99.9,0,22.96875,0,1.139
269.492,0.029122895,0,107.8710658,105.2489753,1.087716779,-7.34017803,1889,29.2,99.9,0,22.96875,0,1.138
269.592,0.029043162,0,107.8517094,105.1813449,1.087716779,-7.332208379,1889,29.2,99.9,0,22.96875,0,1.138
269.692,0.029122895,0,107.8613876,105.210329,1.07153329,-7.276420821,1889,29.2,99.9,0,22.96875,0,1.138
269.792,0.029083029,0,107.8710658,105.210329,1.084480081,-7.308299426,1889,29.2,99.9,0,22.96875,0,1.138
269.892,0.029043162,0,107.8323533,105.2006676,1.04240301,-7.320253902,1889,29.2,99.9,0,22.96875,0,1.138
269.992,0.029083029,0,107.8226753,105.1910062,1.058586499,-7.248527043,1889,29.2,99.9,0,22.96875,0,1.138
270.092,0.028963429,0,107.8420314,105.1813449,1.013272729,-7.292360124,1889,29.2,99.9,0,22.96875,0,1.138
270.192,0.029003296,0,107.8033195,105.1716836,1.068296592,-7.391980762,1889,29.2,99.9,0,22.96875,0,1.138
270.292,0.029083029,0,107.7936417,105.1620224,1.074769988,-7.395965587,1889,29.2,99.9,0,22.96875,0,1.138
270.392,0.028963429,0,107.8226753,105.1427,1.10066357,-7.296344949,1889,29.2,99.9,0,22.96875,0,1.138
270.492,0.029043162,0,107.8033195,105.1233779,1.061823196,-7.312284251,1889,29.2,99.9,0,22.96875,0,1.138
270.592,0.028963429,0,107.7549308,105.1427,1.04240301,-7.284390472,1874,29.2,99.9,0,22.96875,0,1.138
270.692,0.028923563,0,107.7839639,105.1427,1.045639707,-7.280405647,1874,29.2,99.9,0,22.96875,0,1.138
270.792,0.029003296,0,107.7549308,105.104056,1.058586499,-7.252511868,1874,29.2,99.9,0,22.96875,0,1.138
270.892,0.029003296,0,107.7646085,105.1137169,1.061823196,-7.316269077,1874,29.2,99.9,0,22.96875,0,1.138
270.992,0.029003296,0,107.7549308,105.104056,1.045639707,-7.328223553,1874,29.2,99.9,0,22.96875,0,1.138
271.092,0.028963429,0,107.7742862,105.104056,1.039166312,-7.244542217,1874,29.2,99.9,0,22.96875,0,1.138
271.192,0.028963429,0,107.7549308,105.0654127,1.052113103,-7.407920064,1874,29.2,99.9,0,22.96875,0,1.138
271.292,0.028923563,0,107.6968661,105.0847342,1.090953477,-7.236572566,1874,29.2,99.9,0,22.96875,0,1.138
271.392,0.028923563,0,107.7258982,105.0654127,1.068296592,-7.380026285,1874,29.2,99.9,0,22.96875,0,1.138
271.492,0.028963429,0,107.7258982,105.0847342,1.078006686,-7.399950413,1874,29.2,99.9,0,23,0,1.138
271.592,0.028923563,0,107.7162208,105.0654127,1.04240301,-7.276420821,1874,29.2,99.9,0,23,0,1.138
271.692,0.028923563,0,107.6968661,105.0460913,1.052113103,-7.348147681,1849,29.2,99.9,0,23,0,1.138
271.792,0.028843829,0,107.6968661,105.0460913,1.055349801,-7.280405647,1849,29.2,99.9,0,23,0,1.138
271.892,0.028803963,0,107.6871888,105.0074492,1.000325938,-7.292360124,1849,29.2,99.9,0,23,0,1.138
271.992,0.028764096,0,107.6871888,105.0364307,1.065059894,-7.280405647,1849,29.2,99.9,0,23,0,1.138
272.092,0.028843829,0,107.6678344,104.9977888,1.019746125,-7.316269077,1849,29.2,99.9,0,23,0,1.138
272.192,0.028764096,0,107.6871888,105.0171096,1.029456218,-7.252511868,1849,29.2,99.9,0,23,0,1.138
272.292,0.028764096,0,107.6484802,104.9977888,1.02621952,-7.260481519,1849,29.2,99.9,0,23,0,1.138
272.392,0.02872423,0,107.6388032,105.0074492,1.055349801,-7.168830532,1849,29.2,99.9,0,23,0,1.138
272.492,0.028764096,0,107.6291262,104.9977888,1.078006686,-7.395965587,1849,29.2,99.9,0,23,0,1.138
272.592,0.028764096,0,107.5904189,104.9784681,1.045639707,-7.296344949,1849,29.2,99.9,0,23,0,1.138
272.692,0.028764096,0,107.5904189,104.9591476,1.055349801,-7.248527043,1849,29.2,99.9,0,23,0,1.138
272.792,0.02872423,0,107.6194493,104.9494874,1.032692916,-7.264466345,1837,29.2,99.9,0,23,0,1.138
272.892,0.028684363,0,107.6000956,104.9301673,1.052113103,-7.208678788,1837,29.2,99.9,0,23,0,1.138
272.992,0.02872423,0,107.5710655,104.9494874,1.035929614,-7.284390472,1837,29.2,99.9,0,23,0,1.137
273.092,0.02872423,0,107.5807421,104.9301673,1.039166312,-7.228602915,1837,29.2,99.9,0,23,0,1.137
273.192,0.028644496,0,107.5807421,104.9205072,1.068296592,-7.300329775,1837,29.2,99.9,0,23,0,1.137
273.292,0.028684363,0,107.5613889,104.9205072,1.039166312,-7.292360124,1837,29.2,99.9,0,23,0,1.137
273.392,0.028684363,0,107.5420358,104.9108473,1.074769988,-7.34017803,1837,29.2,99.9,0,23,0,1.137
273.492,0.028764096,0,107.5420358,104.8722079,1.019746125,-7.332208379,1837,29.2,99.9,0,23,0,1.137
273.592,0.028644496,0,107.5226829,104.8915275,1.016509427,-7.18875466,1837,29.2,99.9,0,23,0,1.137
273.692,0.02860463,0,107.5130065,104.8915275,1.048876405,-7.244542217,1837,29.2,99.9,0,23,0,1.137
273.792,0.028644496,0,107.5130065,104.8915275,1.068296592,-7.308299426,1837,29.2,99.9,0,23,0,1.137
273.892,0.028644496,0,107.5130065,104.8722079,1.058586499,-7.264466345,1823,29.2,99.9,0,23,0,1.137
273.992,0.028564763,0,107.4839778,104.8528885,1.035929614,-7.204693962,1823,29.2,99.9,0,23,0,1.137
274.092,0.028524897,0,107.4839778,104.8625481,1.039166312,-7.276420821,1823,29.2,99.9,0,23,0,1.137
274.192,0.02848503,0,107.493654,104.8142502,1.019746125,-7.260481519,1823,29.2,99.9,0,23,0,1.137
274.292,0.028524897,0,107.4646255,104.8239097,1.039166312,-7.148906405,1823,29.2,99.9,0,23,0,1.137
274.392,0.028564763,0,107.493654,104.8239097,1.035929614,-7.332208379,1823,29.2,99.9,0,23,0,1.137
274.492,0.028524897,0,107.4646255,104.8335692,1.07153329,-7.3043146,1823,29.2,99.9,0,23,0,1.137
274.592,0.02848503,0,107.4452734,104.8142502,1.065059894,-7.328223553,1823,29.2,99.9,0,23,0,1.138
274.692,0.028445163,0,107.4065699,104.8142502,1.029456218,-7.276420821,1823,29.2,99.9,0,23,0,1.138
274.792,0.028445163,0,107.4259216,104.7852721,1.068296592,-7.292360124,1823,29.2,99.9,0,23,0,1.138
274.892,0.028524897,0,107.4065699,104.7659535,1.065059894,-7.312284251,1823,29.2,99.9,0,23,0,1.138
274.992,0.02848503,0,107.3968941,104.7756128,1.029456218,-7.15289123,1809,29.2,99.9,0,23,0,1.138
275.092,0.028445163,0,107.3678672,104.7562943,1.045639707,-7.284390472,1809,29.2,99.9,0,23,0,1.138
275.192,0.02848503,0,107.4065699,104.7562943,1.078006686,-7.18875466,1809,29.2,99.9,0,23,0,1.138
275.292,0.028325564,0,107.3968941,104.7562943,1.048876405,-7.212663613,1809,29.2,99.9,0,23,0,1.138
275.392,0.028405297,0,107.3775428,104.7369761,1.04240301,-7.336193204,1809,29.2,99.9,0,23,0,1.138
275.492,0.02848503,0,107.3678672,104.7369761,1.029456218,-7.256496694,1809,29.2,99.9,0,23,0,1.138
275.592,0.028445163,0,107.3581916,104.6983402,1.04240301,-7.220633264,1809,29.2,99.9,0,23,0,1.138
275.692,0.02836543,0,107.3485161,104.6886813,1.052113103,-7.248527043,1809,29.2,99.9,0,23,0,1.138
275.792,0.02848503,0,107.3485161,104.6983402,1.032692916,-7.148906405,1809,29.2,99.9,0,23,0,1.138
275.892,0.02836543,0,107.3194899,104.659705,1.032692916,-7.280405647,1809,29.2,99.9,0,23,0,1.138
275.992,0.028405297,0,107.3194899,104.6886813,1.039166312,-7.364086983,1809,29.2,99.9,0,23,0,1.138
276.092,0.028325564,0,107.3291653,104.6790225,1.013272729,-7.196724311,1797,29.2,99.9,0,23,0,1.138
276.192,0.02836543,0,107.3194899,104.6790225,1.045639707,-7.136951928,1797,29.2,99.9,0,23,0,1.138
276.292,0.02836543,0,107.3194899,104.659705,1.048876405,-7.168830532,1797,29.2,99.9,0,23,0,1.138
276.392,0.028205964,0,107.3098146,104.6210707,1.094190175,-7.236572566,1797,29.2,99.9,0,23,0,1.137
276.492,0.028285697,0,107.2904642,104.6403878,1.029456218,-7.204693962,1797,29.2,99.9,0,23,0,1.137
276.592,0.028245831,0,107.280789,104.6403878,1.045639707,-7.244542217,1797,29.2,99.9,0,23,0,1.137
276.692,0.028205964,0,107.2711139,104.6403878,1.058586499,-7.164845707,1797,29.2,99.9,0,23,0,1.137
276.792,0.028205964,0,107.280789,104.6210707,1.052113103,-7.236572566,1797,29.2,99.9,0,23,0,1.137
276.892,0.028166097,0,107.2711139,104.6210707,0.99708924,-7.113042975,1797,29.2,99.9,0,23,0,1.137
276.992,0.028205964,0,107.2517639,104.6017538,1.045639707,-7.156876056,1797,29.2,99.9,0,23,0,1.137
277.092,0.028205964,0,107.2517639,104.5631206,1.029456218,-7.1170278,1797,29.2,99.9,0,23,0,1.137
277.192,0.028205964,0,107.232414,104.5824371,1.055349801,-7.204693962,1778,29.2,99.9,0,23,0,1.137
277.292,0.028285697,0,107.232414,104.5727788,1.032692916,-7.121012626,1778,29.2,99.9,0,23,0,1.137
277.392,0.028205964,0,107.2130644,104.5438043,1.032692916,-7.148906405,1778,29.2,99.9,0,23,0,1.137
277.492,0.028205964,0,107.2130644,104.5824371,1.065059894,-7.252511868,1778,29.2,99.9,0,23,0,1.137
277.592,0.028166097,0,107.232414,104.5438043,1.039166312,-7.236572566,1778,29.2,99.9,0,23,0,1.137
277.692,0.028046498,0,107.1937149,104.5534624,1.04240301,-7.105073324,1778,29.2,99.9,0,23,0,1.137
277.792,0.028166097,0,107.1743657,104.5244882,1.039166312,-7.109058149,1778,29.2,99.9,0,23,0,1.137
277.892,0.028166097,0,107.1840403,104.5341462,1.065059894,-7.164845707,1778,29.2,99.9,0,23,0,1.137
277.992,0.028285697,0,107.1840403,104.5244882,1.055349801,-7.228602915,1778,29.2,99.9,0,23,0,1.137
278.092,0.028126231,0,107.1743657,104.5051722,1.010036031,-7.244542217,1778,29.2,99.9,0,23,0,1.138
278.192,0.028205964,0,107.1646912,104.4858565,1.048876405,-7.081164371,1778,29.2,99.9,0,23,0,1.138
278.292,0.028126231,0,107.1356678,104.5051722,1.04240301,-7.128982277,1761,29.2,99.9,0,23,0,1.138
278.392,0.028086364,0,107.1356678,104.4761987,1.084480081,-7.256496694,1761,29.2,99.9,0,23,0,1.138
278.492,0.028086364,0,107.1646912,104.4858565,1.065059894,-7.18875466,1761,29.2,99.9,0,23,0,1.138
278.592,0.028126231,0,107.1259935,104.4568833,1.032692916,-7.140936754,1761,29.2,99.9,0,23,0,1.138
278.692,0.028126231,0,107.1356678,104.466541,1.061823196,-7.212663613,1761,29.2,99.9,0,23,0,1.138
278.792,0.028086364,0,107.0969708,104.4472256,1.07153329,-7.101088498,1761,29.2,99.9,0,23,0,1.138
278.892,0.028046498,0,107.0969708,104.4472256,1.055349801,-7.132967103,1761,29.2,99.9,0,23,0,1.138
278.992,0.027966764,0,107.1259935,104.4472256,1.039166312,-7.200709136,1761,29.2,99.9,0,23,0,1.138
279.092,0.028126231,0,107.0969708,104.4472256,1.035929614,-7.113042975,1761,29.2,99.9,0,23,0,1.138
279.192,0.027966764,0,107.0776225,104.3989381,1.04240301,-7.15289123,1761,29.2,99.9,0,23,0,1.138
279.292,0.028046498,0,107.0872966,104.3989381,1.035929614,-7.160860881,1761,29.2,99.9,0,23,0,1.138
279.392,0.028046498,0,107.0679485,104.4085955,1.04240301,-7.148906405,1746,29.2,99.9,0,23,0,1.138
279.492,0.027887031,0,107.0776225,104.4085955,1.04240301,-7.156876056,1746,29.2,99.9,0,23,0,1.138
279.592,0.028006631,0,107.0776225,104.3989381,1.087716779,-7.105073324,1746,29.2,99.9,0,23,0,1.138
279.692,0.027887031,0,107.0582745,104.3699662,1.039166312,-7.124997452,1746,29.2,99.9,0,23,0,1.138
279.792,0.027887031,0,107.0582745,104.3699662,1.052113103,-7.029361639,1746,29.2,99.9,0,23,0,1.138
279.892,0.028006631,0,107.0582745,104.3506518,1.045639707,-7.1170278,1746,29.2,99.9,0,23,0,1.138
279.992,0.027847165,0,107.0486006,104.3699662,1.010036031,-7.148906405,1746,29.2,99.9,0,23,0,1.138
280.092,0.027887031,0,107.0486006,104.3506518,1.010036031,-7.097103673,1746,29.2,99.9,0,23,0,1.138
280.192,0.027887031,0,107.0195791,104.3313376,1.068296592,-7.164845707,1746,29.2,99.9,0,23,0,1.138
280.292,0.027767431,0,107.0195791,104.3120236,1.04240301,-7.128982277,1746,29.2,99.9,0,23,0,1.138
280.392,0.027847165,0,107.0099053,104.3120236,1.006799334,-7.140936754,1746,29.2,99.9,0,23,0,1.138
280.492,0.027807298,0,107.0002316,104.3120236,1.04240301,-7.248527043,1734,29.2,99.9,0,23,0,1.138
280.592,0.027727565,0,107.0195791,104.3023667,1.055349801,-7.061240243,1734,29.2,99.9,0,23,0,1.138
280.692,0.027926898,0,106.990558,104.3120236,1.048876405,-7.168830532,1734,29.2,99.9,0,23,0,1.138
280.792,0.027807298,0,106.9808844,104.283053,1.052113103,-6.997483035,1734,29.2,99.9,0,23,0,1.138
280.892,0.027807298,0,106.9808844,104.2927098,1.04240301,-7.045300941,1734,29.2,99.9,0,23,0,1.138
280.992,0.027767431,0,106.9712109,104.2444261,1.055349801,-7.121012626,1734,29.2,99.9,0,23,0,1.138
281.092,0.027727565,0,106.9808844,104.2733962,1.084480081,-7.033346464,1734,29.2,99.9,0,23,0,1.138
281.192,0.027767431,0,106.9712109,104.2540828,1.078006686,-7.101088498,1734,29.2,99.9,0,23,0,1.138
281.292,0.027807298,0,106.9615374,104.2347695,1.02621952,-7.132967103,1734,29.2,99.9,0,23,0,1.138
281.392,0.027767431,0,106.9615374,104.225113,1.029456218,-7.1170278,1734,29.2,99.9,0,23.03125,0,1.138
281.492,0.027727565,0,106.9421906,104.2154565,1.068296592,-7.172815358,1734,29.2,99.9,0,23.03125,0,1.138
281.592,0.027727565,0,106.9615374,104.2058001,1.061823196,-7.105073324,1718,29.2,99.9,0,23.03125,0,1.137
281.692,0.027687698,0,106.9325172,104.2058001,1.068296592,-7.065225069,1718,29.2,99.9,0,23.03125,0,1.137
281.792,0.027647832,0,106.9325172,104.176831,1.065059894,-7.093118847,1718,29.2,99.9,0,23.03125,0,1.137
281.892,0.027687698,0,106.9131707,104.1864873,1.016509427,-7.065225069,1718,29.2,99.9,0,23.03125,0,1.137
281.992,0.027687698,0,106.8938244,104.1961437,1.013272729,-6.961619605,1718,29.2,99.9,0,23.03125,0,1.137
282.092,0.027727565,0,106.8938244,104.176831,1.035929614,-7.132967103,1718,29.2,99.9,0,23.03125,0,1.137
282.192,0.027687698,0,106.9034975,104.1478624,1.029456218,-6.969589256,1718,29.2,99.9,0,23.03125,0,1.137
282.292,0.027568098,0,106.8841513,104.1285502,1.022982823,-7.009437511,1718,29.2,99.9,0,23.03125,0,1.137
282.392,0.027647832,0,106.8841513,104.1285502,1.061823196,-6.981543733,1718,29.2,99.9,0,23.03125,0,1.137
282.492,0.027687698,0,106.8551324,104.1285502,1.029456218,-7.061240243,1718,29.2,99.9,0,23.03125,0,1.137
282.592,0.027568098,0,106.8648053,104.1188942,1.035929614,-7.085149196,1689,29.2,99.9,0,23.03125,0,1.137
282.692,0.027687698,0,106.8551324,104.1188942,1.010036031,-7.061240243,1689,29.2,99.9,0,23.03125,0,1.137
282.792,0.027647832,0,106.8648053,104.1092382,1.084480081,-7.065225069,1689,29.2,99.9,0,23.03125,0,1.137
282.892,0.027607965,0,106.8454595,104.0995823,1.016509427,-7.045300941,1689,29.2,99.9,0,23.03125,0,1.137
282.992,0.027687698,0,106.8454595,104.0802706,1.087716779,-7.136951928,1689,29.2,99.9,0,23.03125,0,1.137
283.092,0.027647832,0,106.8357867,104.0513035,1.04240301,-7.085149196,1689,29.2,99.9,0,23.03125,0,1.137
283.192,0.027568098,0,106.8067685,104.0609591,1.016509427,-7.049285767,1689,29.2,99.9,0,23.03125,0,1.137
283.292,0.027647832,0,106.7970958,104.0802706,1.032692916,-7.061240243,1689,29.2,99.9,0,23.03125,0,1.137
283.392,0.027607965,0,106.8261139,104.0416478,1.048876405,-6.965604431,1689,29.2,99.9,0,23.03125,0,1.137
283.492,0.027568098,0,106.7874232,104.0223367,1.035929614,-6.981543733,1689,29.2,99.9,0,23.03125,0,1.137
283.592,0.027528232,0,106.8067685,104.0319922,1.048876405,-7.045300941,1689,29.2,99.9,0,23.03125,0,1.137
283.692,0.027528232,0,106.7970958,104.0223367,0.993852542,-7.101088498,1675,29.2,99.9,0,23.03125,0,1.137
283.792,0.027488365,0,106.7777507,104.0126812,0.987379147,-7.085149196,1675,29.2,99.9,0,23.03125,0,1.137
283.892,0.027528232,0,106.7777507,104.0126812,1.058586499,-6.989513384,1675,29.2,99.9,0,23.03125,0,1.137
283.992,0.027528232,0,106.7777507,104.0030258,1.048876405,-6.981543733,1675,29.2,99.9,0,23.03125,0,1.137
284.092,0.027488365,0,106.7680782,104.0030258,1.048876405,-7.057255418,1675,29.2,99.9,0,23.03125,0,1.137
284.192,0.027488365,0,106.7390611,103.9740597,1.035929614,-6.973574082,1675,29.6,99.9,0,23.03125,0,1.137
284.292,0.027568098,0,106.7487334,103.983715,0.984142449,-7.009437511,1675,29.6,99.9,0,23.03125,0,1.137
284.392,0.027448499,0,106.7390611,103.935439,1.02621952,-6.989513384,1675,29.6,99.9,0,23.03125,0,1.137
284.492,0.027408632,0,106.7197166,103.9450941,1.022982823,-6.977558907,1675,29.6,99.9,0,23.03125,0,1.137
284.592,0.027328899,0,106.7100444,103.9644045,1.081243383,-6.989513384,1675,29.6,99.9,0,23.03125,0,1.137
284.692,0.027408632,0,106.7293888,103.925784,1.016509427,-6.993498209,1675,29.6,99.9,0,23.03125,0,1.137
284.792,0.027408632,0,106.7197166,103.906474,1.04240301,-6.901847222,1662,29.6,99.9,0,23.03125,0,1.137
284.892,0.027408632,0,106.7100444,103.906474,0.990615844,-7.053270592,1662,29.6,99.9,0,23.03125,0,1.138
284.992,0.027368766,0,106.7100444,103.906474,1.039166312,-7.021391988,1662,29.6,99.9,0,23.03125,0,1.138
285.092,0.027368766,0,106.6907002,103.8871642,1.029456218,-6.981543733,1662,29.6,99.9,0,23.03125,0,1.138
285.192,0.027368766,0,106.6520124,103.8871642,1.065059894,-6.937710652,1662,29.6,99.9,0,23.03125,0,1.138
285.292,0.027368766,0,106.6713562,103.8775094,1.006799334,-6.965604431,1662,29.6,99.9,0,23.03125,0,1.138
285.392,0.027368766,0,106.6616842,103.8581999,1.029456218,-6.933725826,1662,29.6,99.9,0,23.03125,0,1.138
285.492,0.027368766,0,106.6326687,103.8678546,1.058586499,-6.949665129,1662,29.6,99.9,0,23.03125,0,1.138
285.592,0.027328899,0,106.6520124,103.8678546,1.039166312,-6.993498209,1662,29.6,99.9,0,23.03125,0,1.138
285.692,0.027328899,0,106.6423405,103.829236,1.035929614,-7.03733129,1662,29.6,99.9,0,23.03125,0,1.138
285.792,0.027249166,0,106.6423405,103.8388906,1.045639707,-6.953649954,1662,29.6,99.9,0,23.03125,0,1.138
285.892,0.027328899,0,106.622997,103.829236,1.022982823,-7.069209894,1650,29.6,99.9,0,23.03125,0,1.138
285.992,0.027328899,0,106.622997,103.809927,1.087716779,-7.013422337,1650,29.6,99.9,0,23.03125,0,1.138
286.092,0.027289032,0,106.6133253,103.7906182,1.061823196,-6.961619605,1650,29.6,99.9,0,23.03125,0,1.138
286.192,0.027249166,0,106.6133253,103.8002726,1.02621952,-7.017407162,1650,29.6,99.9,0,23.03125,0,1.138
286.292,0.027249166,0,106.6036537,103.809927,1.016509427,-6.985528558,1650,29.6,99.9,0,23.03125,0,1.138
286.392,0.027289032,0,106.622997,103.7809638,1.032692916,-7.021391988,1650,29.6,99.9,0,23.03125,0,1.138
286.492,0.027209299,0,106.5843106,103.7616553,1.006799334,-6.949665129,1650,29.6,99.9,0,23.03125,0,1.138
286.592,0.027169433,0,106.5843106,103.7520011,1.029456218,-6.949665129,1650,29.6,99.9,0,23.03125,0,1.138
286.692,0.027169433,0,106.5939821,103.7713096,1.010036031,-6.929741001,1650,29.6,99.9,0,23.03125,0,1.137
286.792,0.027249166,0,106.5843106,103.742347,1.068296592,-6.981543733,1650,29.6,99.9,0,23.03125,0,1.137
286.892,0.027129566,0,106.5552963,103.742347,1.055349801,-7.049285767,1650,29.6,99.9,0,23.03125,0,1.137
286.992,0.027209299,0,106.5552963,103.7037308,1.061823196,-7.021391988,1638,29.6,99.9,0,23.03125,0,1.137
287.092,0.027249166,0,106.5746391,103.7230388,1.048876405,-6.933725826,1638,29.6,99.9,0,23.03125,0,1.137
287.192,0.027249166,0,106.5552963,103.684423,1.058586499,-6.92177135,1638,29.6,99.9,0,23.03125,0,1.137
287.292,0.027129566,0,106.5262825,103.6940769,1.029456218,-6.909816873,1638,29.6,99.9,0,23.03125,0,1.137
287.392,0.027129566,0,106.5359537,103.7133848,1.07153329,-6.925756175,1638,29.6,99.9,0,23.03125,0,1.137
287.492,0.027089699,0,106.4972691,103.6651155,1.061823196,-6.917786524,1638,29.6,99.9,0,23.03125,0,1.137
287.592,0.027089699,0,106.5262825,103.6747692,1.052113103,-6.909816873,1638,29.6,99.9,0,23.03125,0,1.137
287.692,0.027049833,0,106.5166113,103.6747692,1.045639707,-6.949665129,1638,29.6,99.9,0,23.03125,0,1.137
287.792,0.027009966,0,106.4972691,103.6458081,1.032692916,-6.945680303,1638,29.6,99.9,0,23.03125,0,1.137
287.892,0.027089699,0,106.5166113,103.6458081,1.022982823,-6.961619605,1638,29.6,99.9,0,23.03125,0,1.137
287.992,0.027049833,0,106.5069401,103.6361544,1.039166312,-6.901847222,1638,29.6,99.9,0,23.03125,0,1.137
288.092,0.027089699,0,106.477927,103.6071938,1.045639707,-6.826135537,1623,29.6,99.9,0,23.03125,0,1.137
288.192,0.027049833,0,106.4489144,103.6265008,1.029456218,-6.818165886,1623,29.6,99.9,0,23.03125,0,1.137
288.292,0.027089699,0,106.4682561,103.6071938,1.003562636,-6.953649954,1623,29.6,99.9,0,23.03125,0,1.137
288.392,0.027089699,0,106.4392436,103.5975404,1.045639707,-6.909816873,1623,29.6,99.9,0,23.03125,0,1.137
288.492,0.027049833,0,106.4392436,103.6168473,1.019746125,-6.953649954,1623,29.6,99.9,0,23.03125,0,1.137
288.592,0.027009966,0,106.4585852,103.5782336,1.048876405,-6.937710652,1623,29.6,99.9,0,23.03125,0,1.137
288.692,0.026930233,0,106.4295729,103.5782336,1.032692916,-6.953649954,1623,29.6,99.9,0,23.03125,0,1.137
288.792,0.027009966,0,106.4199022,103.5589271,1.039166312,-6.913801699,1623,29.6,99.9,0,23.03125,0,1.137
288.892,0.027009966,0,106.4102316,103.5396207,1.016509427,-6.949665129,1623,29.6,99.9,0,23.03125,0,1.137
288.992,0.026930233,0,106.4199022,103.5396207,1.019746125,-6.893877571,1623,29.6,99.9,0,23.03125,0,1.137
289.092,0.026890366,0,106.3908905,103.5396207,1.003562636,-6.993498209,1623,29.6,99.9,0,23.03125,0,1.137
289.192,0.0268505,0,106.400561,103.5203146,1.029456218,-6.901847222,1610,29.6,99.9,0,23.03125,0,1.137
289.292,0.027009966,0,106.3908905,103.5396207,1.016509427,-6.977558907,1610,29.6,99.9,0,23.03125,0,1.137
289.392,0.026890366,0,106.400561,103.5010086,1.078006686,-6.937710652,1610,29.6,99.9,0,23.03125,0,1.137
289.492,0.026930233,0,106.3618792,103.5010086,1.061823196,-6.917786524,1610,29.6,99.9,0,23.03125,0,1.137
289.592,0.0268505,0,106.3908905,103.5010086,1.045639707,-6.854029316,1610,29.6,99.9,0,23.03125,0,1.137
289.692,0.026930233,0,106.3618792,103.5010086,1.048876405,-6.973574082,1610,29.6,99.9,0,23.03125,0,1.137
289.792,0.026810633,0,106.3715496,103.4623972,0.99708924,-6.861998967,1610,29.6,99.9,0,23.03125,0,1.137
289.892,0.026930233,0,106.3425386,103.4527445,1.022982823,-6.881923095,1610,29.6,99.9,0,23.03125,0,1.137
289.992,0.026890366,0,106.313528,103.4623972,1.006799334,-6.901847222,1610,29.6,99.9,0,23.03125,0,1.137
290.092,0.026770767,0,106.3231981,103.4527445,1.058586499,-6.881923095,1610,29.6,99.9,0,23.03125,0,1.137
290.192,0.026810633,0,106.3038579,103.4623972,1.016509427,-6.838090014,1610,29.6,99.9,0,23.03125,0,1.137
290.292,0.026810633,0,106.3425386,103.4334392,1.006799334,-6.865983793,1596,29.6,99.9,0,23.03125,0,1.137
290.392,0.0268505,0,106.3231981,103.3851767,1.003562636,-6.810196235,1596,29.6,99.9,0,23.03125,0,1.137
290.492,0.026810633,0,106.3038579,103.3851767,1.074769988,-6.981543733,1596,29.6,99.9,0,23.03125,0,1.137
290.592,0.0268505,0,106.2941879,103.3851767,1.003562636,-6.858014142,1596,29.6,99.9,0,23.03125,0,1.137
290.692,0.0267309,0,106.313528,103.3851767,1.055349801,-6.814181061,1596,29.6,99.9,0,23.03125,0,1.137
290.792,0.0268505,0,106.2458385,103.3562198,1.04240301,-6.889892746,1596,29.6,99.9,0,23.03125,0,1.137
290.892,0.026890366,0,106.2845179,103.3755244,1.019746125,-6.794256933,1596,29.6,99.9,0,23.03125,0,1.137
290.992,0.026770767,0,106.2845179,103.3851767,1.048876405,-6.901847222,1596,29.6,99.9,0,23.03125,0,1.137
291.092,0.026810633,0,106.2651781,103.3465676,1.010036031,-6.913801699,1596,29.6,99.9,0,23.03125,0,1.137
291.192,0.026770767,0,106.2651781,103.3755244,1.016509427,-6.762378329,1596,29.6,99.9,0,23.03125,0,1.137
291.292,0.0267309,0,106.2555082,103.3465676,1.074769988,-6.830120363,1596,29.6,99.9,0,23.03125,0,1.137
291.392,0.026691034,0,106.2361687,103.3369154,1.019746125,-6.861998967,1584,29.6,99.9,0,23.03125,0,1.137
291.492,0.0267309,0,106.2458385,103.3176113,1.039166312,-6.889892746,1584,29.6,99.9,0,23.03125,0,1.137
291.592,0.026691034,0,106.2361687,103.2983073,1.04240301,-6.850044491,1584,29.6,99.9,0,23.03125,0,1.137
291.692,0.026651167,0,106.2361687,103.2983073,1.02621952,-6.854029316,1584,29.6,99.9,0,23.03125,0,1.137
291.792,0.0267309,0,106.2168294,103.3079592,1.003562636,-6.925756175,1584,29.6,99.9,0,23.03125,0,1.137
291.892,0.0267309,0,106.2071598,103.2790035,0.96795896,-6.858014142,1584,29.6,99.9,0,23.03125,0,1.137
291.992,0.026770767,0,106.2168294,103.2500481,1.065059894,-6.790272108,1584,29.6,99.9,0,23.03125,0,1.137
292.092,0.0267309,0,106.2071598,103.2500481,1.048876405,-6.873953444,1584,29.6,99.9,0,23.03125,0,1.137
292.192,0.026770767,0,106.2071598,103.2693516,1.04240301,-6.794256933,1584,29.6,99.9,0,23.03125,0,1.137
292.292,0.026691034,0,106.168482,103.2500481,1.029456218,-6.794256933,1584,29.6,99.9,0,23.03125,0,1.137
292.392,0.026651167,0,106.168482,103.2307448,1.013272729,-6.818165886,1584,29.6,99.9,0,23.03125,0,1.137
292.492,0.0267309,0,106.1878208,103.2500481,1.035929614,-6.814181061,1569,29.6,99.9,0,23.0625,0,1.137
292.592,0.0267309,0,106.1491433,103.1921387,1.04240301,-6.865983793,1569,29.6,99.9,0,23.0625,0,1.137
292.692,0.026651167,0,106.1394741,103.2210932,1.022982823,-6.858014142,1569,29.6,99.9,0,23.0625,0,1.137
292.792,0.0266113,0,106.1491433,103.2017901,1.068296592,-6.881923095,1569,29.6,99.9,0,23.0625,0,1.137
292.892,0.0266113,0,106.1588126,103.2114416,1.048876405,-6.754408678,1569,29.6,99.9,0,23.0625,0,1.137
292.992,0.026571434,0,106.1298049,103.1728359,1.032692916,-6.869968618,1569,29.6,99.9,0,23.0625,0,1.137
293.092,0.026571434,0,106.1104667,103.1535333,1.029456218,-6.822150712,1569,29.6,99.9,0,23.0625,0,1.137
293.192,0.026651167,0,106.1104667,103.1535333,1.016509427,-6.790272108,1569,29.6,99.9,0,23.0625,0,1.137
293.292,0.026491701,0,106.1298049,103.1438821,1.016509427,-6.738469376,1569,29.6,99.9,0,23.0625,0,1.137
293.392,0.026451834,0,106.1007976,103.1245798,1.052113103,-6.941695477,1569,29.6,99.9,0,23.0625,0,1.137
293.492,0.0266113,0,106.0911287,103.1342309,1.029456218,-6.778317631,1569,29.6,99.9,0,23.0625,0,1.137
293.592,0.026451834,0,106.1104667,103.1245798,1.029456218,-6.802226584,1555,29.6,99.9,0,23.0625,0,1.137
293.692,0.026491701,0,106.0911287,103.1149287,1.035929614,-6.80621141,1555,29.6,99.9,0,23.0625,0,1.137
293.792,0.026491701,0,106.0524532,103.1149287,1.016509427,-6.766363155,1555,29.6,99.9,0,23.0625,0,1.137
293.892,0.026491701,0,106.0524532,103.0859758,1.065059894,-6.742454201,1555,29.6,99.9,0,23.0625,0,1.137
293.992,0.026451834,0,106.0524532,103.0859758,1.032692916,-6.794256933,1555,29.6,99.9,0,23.0625,0,1.137
294.092,0.026411967,0,106.0427844,103.0859758,1.013272729,-6.702605946,1555,29.6,99.9,0,23.0625,0,1.137
294.192,0.026411967,0,106.0427844,103.0666741,1.029456218,-6.850044491,1555,29.6,99.9,0,23.0625,0,1.137
294.292,0.026411967,0,106.0427844,103.0763249,1.048876405,-6.774332806,1555,29.6,99.9,0,23.0625,0,1.137
294.392,0.026411967,0,106.0331158,103.0763249,1.02621952,-6.746439027,1555,29.6,99.9,0,23.0625,0,1.137
294.492,0.026411967,0,106.00411,103.0473725,1.02621952,-6.818165886,1555,29.6,99.9,0,23.0625,0,1.137
294.592,0.026531567,0,106.0137785,103.0473725,1.032692916,-6.742454201,1555,29.6,99.9,0,23.0625,0,1.137
294.692,0.026411967,0,105.9944415,103.0280712,1.006799334,-6.774332806,1555,29.6,99.9,0,23.0625,0,1.137
294.792,0.026411967,0,105.9944415,103.0280712,1.045639707,-6.893877571,1530,29.6,99.9,0,23.0625,0,1.137
294.892,0.026451834,0,105.9654363,103.00877,1.003562636,-6.758393504,1530,29.6,99.9,0,23.0625,0,1.137
294.992,0.026332234,0,105.984773,102.9798186,1.022982823,-6.730499725,1530,29.6,99.9,0,23.0625,0,1.137
295.092,0.026332234,0,105.984773,102.9991195,1.035929614,-6.726514899,1530,29.6,99.9,0,23.0625,0,1.137
295.192,0.026332234,0,105.9751046,102.9798186,1.04240301,-6.774332806,1530,29.6,99.9,0,23.0625,0,1.137
295.292,0.026332234,0,105.9364315,102.9701682,1.006799334,-6.718545248,1530,29.6,99.9,0,23.0625,0,1.137
295.392,0.026332234,0,105.9364315,102.9701682,1.022982823,-6.726514899,1530,29.6,99.9,0,23.0625,0,1.137
295.492,0.026292368,0,105.9364315,102.9315672,1.032692916,-6.738469376,1530,29.6,99.9,0,23.0625,0,1.137
295.592,0.026292368,0,105.9364315,102.921917,1.022982823,-6.674712168,1530,29.6,99.9,0,23.0625,0,1.137
295.692,0.026332234,0,105.9267634,102.9412174,1.04240301,-6.706590772,1530,29.6,99.9,0,23.0625,0,1.137
295.792,0.026212634,0,105.9267634,102.9315672,1.019746125,-6.846059665,1530,29.6,99.9,0,23.0625,0,1.137
295.892,0.026252501,0,105.9074272,102.8929669,1.013272729,-6.706590772,1520,29.6,99.9,0,23.0625,0,1.137
295.992,0.026292368,0,105.8977592,102.921917,1.003562636,-6.730499725,1520,29.6,99.9,0,23.0625,0,1.137
296.092,0.026212634,0,105.8977592,102.8929669,1.032692916,-6.73448455,1520,29.6,99.9,0,23.0625,0,1.137
296.192,0.026252501,0,105.8880913,102.921917,1.039166312,-6.822150712,1520,29.6,99.9,0,23.0625,0,1.137
296.292,0.026132901,0,105.8687555,102.883317,1.052113103,-6.638848738,1520,29.6,99.9,0,23.0625,0,1.137
296.392,0.026212634,0,105.8784234,102.8543674,1.022982823,-6.750423853,1520,29.6,99.9,0,23.0625,0,1.137
296.492,0.026132901,0,105.8687555,102.8447176,1.04240301,-6.810196235,1520,29.6,99.9,0,23.0625,0,1.137
296.592,0.026132901,0,105.8784234,102.8640172,1.032692916,-6.77034798,1520,29.6,99.9,0,23.0625,0,1.137
296.692,0.026132901,0,105.8590877,102.8447176,1.087716779,-6.738469376,1520,29.6,99.9,0,23.0625,0,1.137
296.792,0.026132901,0,105.84942,102.8350679,1.02621952,-6.662757691,1520,29.6,99.9,0,23.0625,0,1.137
296.892,0.026132901,0,105.8300846,102.8350679,1.087716779,-6.73448455,1520,29.6,99.9,0,23.0625,0,1.137
296.992,0.026093035,0,105.8107495,102.8447176,1.022982823,-6.642833564,1511,29.6,99.9,0,23.0625,0,1.137
297.092,0.026053168,0,105.820417,102.8254182,0.990615844,-6.73448455,1511,29.6,99.9,0,23.0625,0,1.136
297.192,0.026053168,0,105.820417,102.8254182,1.081243383,-6.786287282,1511,29.6,99.9,0,23.0625,0,1.136
297.292,0.026093035,0,105.801082,102.8157686,1.055349801,-6.73448455,1511,29.6,99.9,0,23.0625,0,1.136
297.392,0.025973435,0,105.801082,102.806119,1.032692916,-6.754408678,1511,29.6,99.9,0,23.0625,0,1.136
297.492,0.026093035,0,105.7914145,102.78682,1.032692916,-6.802226584,1511,29.6,99.9,0,23.0625,0,1.136
297.592,0.026053168,0,105.801082,102.7771706,0.980905751,-6.718545248,1511,29.6,99.9,0,23.0625,0,1.136
297.692,0.026093035,0,105.7817471,102.7482225,1.045639707,-6.726514899,1511,29.6,99.9,0,23.0625,0,1.136
297.792,0.026013302,0,105.7914145,102.7385733,1.010036031,-6.746439027,1511,29.6,99.9,0,23.0625,0,1.136
297.892,0.026013302,0,105.7527452,102.7675212,1.058586499,-6.674712168,1511,29.6,99.9,0,23.0625,0,1.136
297.992,0.026013302,0,105.7720797,102.7385733,1.019746125,-6.730499725,1511,29.6,99.9,0,23.0625,0,1.136
298.092,0.026093035,0,105.7624124,102.6999767,1.003562636,-6.698621121,1501,29.6,99.9,0,23.0625,0,1.136
298.192,0.025893702,0,105.7334108,102.7289241,1.02621952,-6.678696993,1501,29.6,99.9,0,23.0625,0,1.136
298.292,0.025973435,0,105.7527452,102.7096258,1.029456218,-6.738469376,1501,29.6,99.9,0,23.0625,0,1.136
298.392,0.025973435,0,105.7237437,102.6806787,1.02621952,-6.638848738,1501,29.6,99.9,0,23.0625,0,1.136
298.492,0.025933568,0,105.743078,102.6903277,1.019746125,-6.774332806,1501,29.6,99.9,0,23.0625,0,1.136
298.592,0.025893702,0,105.7237437,102.6806787,1.032692916,-6.634863912,1501,29.6,99.9,0,23.0625,0,1.136
298.692,0.026053168,0,105.7334108,102.6613809,1.013272729,-6.563137053,1501,29.6,99.9,0,23.0625,0,1.136
298.792,0.025933568,0,105.7044096,102.6517321,1.061823196,-6.670727342,1501,29.6,99.9,0,23.0625,0,1.136
298.892,0.025973435,0,105.7237437,102.6517321,1.016509427,-6.678696993,1501,29.6,99.9,0,23.0625,0,1.137
298.992,0.025853835,0,105.6754089,102.6324346,1.061823196,-6.786287282,1501,29.6,99.9,0,23.0625,0,1.137
299.092,0.025853835,0,105.6947427,102.6420833,1.016509427,-6.591030832,1501,29.6,99.9,0,23.0625,0,1.137
299.192,0.025973435,0,105.6754089,102.6131372,1.045639707,-6.65478804,1491,29.6,99.9,0,23.0625,0,1.137
299.292,0.025933568,0,105.6947427,102.5938401,1.035929614,-6.61892461,1491,29.6,99.9,0,23.0625,0,1.137
299.392,0.025893702,0,105.6657421,102.5938401,1.029456218,-6.694636295,1491,29.6,99.9,0,23.0625,0,1.137
299.492,0.025893702,0,105.6850757,102.6131372,1.022982823,-6.670727342,1491,29.6,99.9,0,23.0625,0,1.137
299.592,0.025893702,0,105.6560753,102.5841916,1.02621952,-6.614939785,1491,29.6,99.9,0,23.0625,0,1.137
299.692,0.025893702,0,105.6270753,102.5938401,1.022982823,-6.666742517,1491,29.6,99.9,0,23.0625,0,1.137
299.792,0.025933568,0,105.6367419,102.5745431,1.039166312,-6.638848738,1491,29.6,99.9,0,23.0625,0,1.137
299.892,0.025893702,0,105.6270753,102.5552463,1.045639707,-6.718545248,1491,29.6,99.9,0,23.0625,0,1.137
299.992,0.025853835,0,105.6270753,102.545598,1.019746125,-6.646818389,1491,29.6,99.9,0,23.0625,0,1.137
300.092,0.025893702,0,105.6077422,102.545598,1.016509427,-6.742454201,1491,29.6,99.9,0,23.0625,0,1.137
300.192,0.025853835,0,105.6174087,102.5359497,1.052113103,-6.630879087,1491,29.6,99.9,0,23.0625,0,1.137
300.292,0.025853835,0,105.6174087,102.5070052,1.058586499,-6.694636295,1481,29.6,99.9,0,23.0625,0,1.137
300.392,0.025813969,0,105.5980757,102.5166533,1.032692916,-6.686666644,1481,29.6,99.9,0,23.0625,0,1.137
300.492,0.025774102,0,105.5884093,102.5070052,1.032692916,-6.646818389,1481,29.6,99.9,0,23.0625,0,1.137
300.592,0.025774102,0,105.5884093,102.4780611,1.039166312,-6.626894261,1481,29.6,99.9,0,23.0625,0,1.137
300.692,0.025774102,0,105.578743,102.5070052,0.99708924,-6.61892461,1481,29.6,99.9,0,23.0625,0,1.137
300.792,0.025813969,0,105.578743,102.5166533,1.048876405,-6.698621121,1481,29.6,99.9,0,23.0625,0,1.137
300.892,0.025774102,0,105.5594104,102.4684131,1.010036031,-6.686666644,1481,29.6,99.9,0,23.0625,0,1.137
300.992,0.025734235,0,105.5594104,102.4587652,1.045639707,-6.571106704,1481,29.6,99.9,0,23.0625,0,1.137
301.092,0.025694369,0,105.578743,102.4780611,1.016509427,-6.638848738,1481,29.6,99.9,0,23.0625,0,1.137
301.192,0.025734235,0,105.540078,102.4491173,1.048876405,-6.642833564,1481,29.6,99.9,0,23.0625,0,1.137
301.292,0.025694369,0,105.540078,102.4298218,1.02621952,-6.634863912,1481,29.6,99.9,0,23.0625,0,1.137
301.392,0.025654502,0,105.5497441,102.4201741,1.016509427,-6.571106704,1472,29.6,99.9,0,23.0625,0,1.137
301.492,0.025734235,0,105.5110797,102.4201741,1.022982823,-6.69065147,1472,29.6,99.9,0,23.0625,0,1.137
301.592,0.025654502,0,105.5207458,102.4008788,1.035929614,-6.622909436,1472,29.6,99.9,0,23.0625,0,1.137
301.692,0.025654502,0,105.4917478,102.4008788,1.04240301,-6.602985308,1472,29.6,99.9,0,23.0625,0,1.137
301.792,0.025694369,0,105.5014137,102.3622887,1.019746125,-6.602985308,1472,29.6,99.9,0,23.0625,0,1.137
301.892,0.025614636,0,105.5014137,102.3526413,1.035929614,-6.614939785,1472,29.6,99.9,0,23.0625,0,1.137
301.992,0.025614636,0,105.5014137,102.3815836,1.055349801,-6.674712168,1472,29.6,99.9,0,23.0625,0,1.137
302.092,0.025614636,0,105.4820819,102.3526413,1.035929614,-6.662757691,1472,29.6,99.9,0,23.0625,0,1.137
302.192,0.025614636,0,105.4917478,102.3526413,0.984142449,-6.638848738,1472,29.6,99.9,0,23.0625,0,1.137
302.292,0.025574769,0,105.4724161,102.3333467,1.045639707,-6.678696993,1472,29.6,99.9,0,23.0625,0,1.136
302.392,0.025614636,0,105.4917478,102.2947579,1.019746125,-6.738469376,1472,29.6,99.9,0,23.0625,0,1.136
302.492,0.025574769,0,105.4530846,102.3140522,1.02621952,-6.610954959,1464,29.6,99.9,0,23.0625,0,1.136
302.592,0.025574769,0,105.4724161,102.3140522,1.013272729,-6.595015657,1464,29.6,99.9,0,23.0625,0,1.136
302.692,0.025574769,0,105.4434189,102.2851109,1.010036031,-6.606970134,1464,29.6,99.9,0,23.0625,0,1.136
302.792,0.025534902,0,105.4627503,102.304405,1.045639707,-6.567121879,1464,29.6,99.9,0,23.0625,0,1.136
302.892,0.025534902,0,105.4434189,102.2947579,1.048876405,-6.610954959,1464,29.6,99.9,0,23.0625,0,1.136
302.992,0.025495036,0,105.4530846,102.2561699,1.029456218,-6.57509153,1464,29.6,99.9,0,23.0625,0,1.136
303.092,0.025455169,0,105.4337533,102.2851109,1.029456218,-6.559152228,1464,29.6,99.9,0,23.0625,0,1.136
303.192,0.025574769,0,105.4530846,102.2658169,1.048876405,-6.591030832,1464,29.6,99.9,0,23.0625,0,1.136
303.292,0.025415303,0,105.4047567,102.246523,1.019746125,-6.57509153,1464,29.6,99.9,0,23.0625,0,1.136
303.392,0.025455169,0,105.4337533,102.2368762,1.052113103,-6.57509153,1464,29.6,99.9,0,23.0625,0,1.136
303.492,0.025495036,0,105.3950912,102.2658169,1.016509427,-6.587046006,1464,29.6,99.9,0,23.0625,0,1.136
303.592,0.025495036,0,105.3854258,102.2272294,1.04240301,-6.634863912,1451,29.6,99.9,0,23.0625,0,1.136
303.692,0.025455169,0,105.3950912,102.2175827,1.006799334,-6.622909436,1451,29.6,99.9,0,23.0625,0,1.136
303.792,0.025415303,0,105.3950912,102.2175827,1.02621952,-6.662757691,1451,29.6,99.9,0,23.0625,0,1.136
303.892,0.025415303,0,105.3950912,102.1886427,1.039166312,-6.642833564,1451,29.6,99.9,0,23.0625,0,1.136
303.992,0.025415303,0,105.4047567,102.1982893,1.052113103,-6.559152228,1451,29.6,99.9,0,23.0625,0,1.137
304.092,0.025375436,0,105.3757605,102.1886427,1.006799334,-6.543212926,1451,29.6,99.9,0,23.0625,0,1.137
304.192,0.025375436,0,105.3757605,102.1693496,1.019746125,-6.551182577,1451,29.6,99.9,0,23.0625,0,1.137
304.292,0.025335569,0,105.3757605,102.1693496,1.010036031,-6.491410194,1451,29.6,99.9,0,23.0625,0,1.137
304.392,0.025375436,0,105.35643,102.1693496,1.019746125,-6.583061181,1451,29.6,99.9,0,23.0625,0,1.137
304.492,0.025455169,0,105.35643,102.1404103,1.006799334,-6.487425368,1451,29.6,99.9,0,23.0625,0,1.137
304.592,0.025415303,0,105.3757605,102.130764,1.048876405,-6.535243275,1451,29.6,99.9,0,23.0625,0,1.137
304.692,0.025335569,0,105.35643,102.1211177,1.029456218,-6.519303972,1437,29.6,99.9,0,23.0625,0,1.137
304.792,0.025335569,0,105.3370996,102.1114715,1.039166312,-6.610954959,1437,29.6,99.9,0,23.0625,0,1.137
304.892,0.025255836,0,105.3177695,102.1114715,1.016509427,-6.591030832,1437,29.6,99.9,0,23.0625,0,1.137
304.992,0.025255836,0,105.35643,102.0921791,1.039166312,-6.447577113,1437,29.6,99.9,0,23.0625,0,1.137
305.092,0.025255836,0,105.3370996,102.1211177,1.010036031,-6.579076355,1437,29.6,99.9,0,23.0625,0,1.137
305.192,0.025255836,0,105.3081045,102.082533,1.019746125,-6.559152228,1437,29.6,99.9,0,23.0625,0,1.137
305.292,0.02521597,0,105.3274345,102.053595,0.990615844,-6.547197751,1437,29.6,99.9,0,23.0625,0,1.137
305.392,0.025255836,0,105.3081045,102.053595,1.000325938,-6.595015657,1437,29.6,99.9,0,23.0625,0,1.137
305.492,0.025295703,0,105.2887746,102.0343032,1.07153329,-6.646818389,1437,29.6,99.9,0,23.0625,0,1.137
305.592,0.025295703,0,105.2984395,102.0439491,1.052113103,-6.551182577,1437,29.6,99.9,0,23.09375,0,1.137
305.692,0.025255836,0,105.2887746,102.0246574,1.074769988,-6.515319147,1437,29.6,99.9,0,23.09375,0,1.137
305.792,0.025176103,0,105.3081045,102.0343032,1.010036031,-6.555167402,1416,29.6,99.9,0,23.09375,0,1.137
305.892,0.02521597,0,105.2791098,102.0150116,1.006799334,-6.511334321,1416,29.6,99.9,0,23.09375,0,1.137
305.992,0.025176103,0,105.269445,102.0053659,1.016509427,-6.602985308,1416,29.6,99.9,0,23.09375,0,1.137
306.092,0.025255836,0,105.2791098,102.0246574,1.029456218,-6.57509153,1416,30,99.9,0,23.09375,0,1.137
306.192,0.025136237,0,105.2501155,101.9764289,1.065059894,-6.65478804,1416,30,99.9,0,23.09375,0,1.137
306.292,0.02509637,0,105.269445,101.9957202,0.984142449,-6.587046006,1416,30,99.9,0,23.09375,0,1.137
306.392,0.025136237,0,105.2307863,101.9571379,1.029456218,-6.579076355,1416,30,99.9,0,23.09375,0,1.137
306.492,0.02509637,0,105.2501155,101.9571379,0.99708924,-6.547197751,1416,30,99.9,0,23.09375,0,1.137
306.592,0.025016637,0,105.2307863,101.9571379,0.99708924,-6.547197751,1416,30,99.9,0,23.09375,0,1.137
306.692,0.025016637,0,105.2404509,101.9282016,1.000325938,-6.451561939,1416,30,99.9,0,23.09375,0,1.137
306.792,0.02509637,0,105.2307863,101.9282016,1.032692916,-6.451561939,1416,30,99.9,0,23.09375,0,1.137
306.892,0.025056503,0,105.2114572,101.8992658,1.006799334,-6.499379845,1407,30,99.9,0,23.09375,0,1.137
306.992,0.02509637,0,105.2114572,101.9282016,1.006799334,-6.551182577,1407,30,99.9,0,23.09375,0,1.137
307.092,0.025016637,0,105.2017927,101.8992658,1.013272729,-6.415698509,1407,30,99.9,0,23.09375,0,1.137
307.192,0.025016637,0,105.2211217,101.8992658,1.013272729,-6.475470892,1407,30,99.9,0,23.09375,0,1.137
307.292,0.025056503,0,105.2017927,101.8992658,1.022982823,-6.535243275,1407,30,99.9,0,23.09375,0,1.137
307.392,0.025016637,0,105.1921283,101.8992658,1.032692916,-6.483440543,1407,30,99.9,0,23.09375,0,1.137
307.492,0.025016637,0,105.1921283,101.8606853,1.02621952,-6.499379845,1407,30,99.9,0,23.09375,0,1.136
307.592,0.025056503,0,105.1727997,101.8510403,0.990615844,-6.523288798,1407,30,99.9,0,23.09375,0,1.136
307.692,0.025016637,0,105.182464,101.8221056,1.032692916,-6.447577113,1407,30,99.9,0,23.09375,0,1.136
307.792,0.02497677,0,105.1631354,101.8317505,1.055349801,-6.443592288,1407,30,99.9,0,23.09375,0,1.136
307.892,0.025016637,0,105.1727997,101.8221056,1.029456218,-6.491410194,1407,30,99.9,0,23.09375,0,1.136
307.992,0.02497677,0,105.1631354,101.8221056,1.045639707,-6.543212926,1394,30,99.9,0,23.09375,0,1.136
308.092,0.02497677,0,105.1727997,101.8221056,1.061823196,-6.519303972,1394,30,99.9,0,23.09375,0,1.136
308.192,0.02497677,0,105.143807,101.802816,1.029456218,-6.50336467,1394,30,99.9,0,23.09375,0,1.136
308.292,0.024897037,0,105.143807,101.7931713,1.000325938,-6.411713684,1394,30,99.9,0,23.09375,0,1.136
308.392,0.024897037,0,105.1631354,101.802816,1.04240301,-6.50336467,1394,30,99.9,0,23.09375,0,1.136
308.492,0.02485717,0,105.143807,101.7642374,1.016509427,-6.519303972,1394,30,99.9,0,23.09375,0,1.136
308.592,0.024936904,0,105.1244788,101.7835266,1.065059894,-6.479455717,1394,30,99.9,0,23.09375,0,1.136
308.692,0.02485717,0,105.1244788,101.7642374,1.022982823,-6.443592288,1394,30,99.9,0,23.09375,0,1.136
308.792,0.024817304,0,105.1341429,101.773882,1.022982823,-6.447577113,1394,30,99.9,0,23.09375,0,1.136
308.892,0.024897037,0,105.1051508,101.7449483,1.035929614,-6.491410194,1394,30,99.9,0,23.09375,0,1.136
308.992,0.024817304,0,105.085823,101.7256595,1.032692916,-6.491410194,1394,30,99.9,0,23.09375,0,1.136
309.092,0.024817304,0,105.1051508,101.7256595,1.032692916,-6.499379845,1382,30,99.9,0,23.09375,0,1.136
309.192,0.024817304,0,105.1148148,101.7256595,1.035929614,-6.455546764,1382,30,99.9,0,23.09375,0,1.136
309.292,0.024737571,0,105.1148148,101.7160151,1.019746125,-6.547197751,1382,30,99.9,0,23.09375,0,1.137
309.392,0.02485717,0,105.0954869,101.6870823,1.052113103,-6.487425368,1382,30,99.9,0,23.09375,0,1.137
309.492,0.024897037,0,105.047168,101.7063708,1.039166312,-6.447577113,1382,30,99.9,0,23.09375,0,1.137
309.592,0.024777437,0,105.085823,101.7063708,0.990615844,-6.367880603,1382,30,99.9,0,23.09375,0,1.137
309.692,0.024817304,0,105.0761592,101.6870823,1.078006686,-6.403744033,1382,30,99.9,0,23.09375,0,1.137
309.792,0.024897037,0,105.047168,101.667794,1.013272729,-6.363895777,1382,30,99.9,0,23.09375,0,1.137
309.892,0.024817304,0,105.0568317,101.6581499,1.016509427,-6.495395019,1382,30,99.9,0,23.09375,0,1.137
309.992,0.024697704,0,105.0664954,101.6388618,0.993852542,-6.483440543,1382,30,99.9,0,23.09375,0,1.137
310.092,0.024777437,0,105.047168,101.6485058,0.980905751,-6.427652986,1382,30,99.9,0,23.09375,0,1.137
310.192,0.024737571,0,105.0664954,101.6002863,1.016509427,-6.483440543,1371,30,99.9,0,23.09375,0,1.137
310.292,0.024697704,0,105.047168,101.6292179,0.980905751,-6.455546764,1371,30,99.9,0,23.09375,0,1.137
310.392,0.024697704,0,105.0664954,101.6099301,1.029456218,-6.443592288,1371,30,99.9,0,23.09375,0,1.137
310.492,0.024737571,0,105.0085138,101.5809988,1.016509427,-6.451561939,1371,30,99.9,0,23.09375,0,1.137
310.592,0.024657837,0,105.0181773,101.5809988,1.019746125,-6.403744033,1371,30,99.9,0,23.09375,0,1.137
310.692,0.024657837,0,105.0085138,101.5809988,1.048876405,-6.383819905,1371,30,99.9,0,23.09375,0,1.137
310.792,0.024697704,0,104.9988504,101.5906425,0.99708924,-6.45953159,1371,30,99.9,0,23.09375,0,1.137
310.892,0.024578104,0,105.0375044,101.5617115,0.971195658,-6.483440543,1371,30,99.9,0,23.09375,0,1.136
310.992,0.024657837,0,104.989187,101.5617115,1.022982823,-6.435622637,1371,30,99.9,0,23.09375,0,1.136
311.092,0.024617971,0,105.0085138,101.5231374,1.022982823,-6.407728858,1371,30,99.9,0,23.09375,0,1.136
311.192,0.024697704,0,104.989187,101.5231374,0.96795896,-6.447577113,1371,30,99.9,0,23.09375,0,1.136
311.292,0.024657837,0,105.0085138,101.5038506,1.003562636,-6.367880603,1362,30,99.9,0,23.09375,0,1.136
311.392,0.024617971,0,104.9601971,101.5231374,0.99708924,-6.427652986,1362,30,99.9,0,23.09375,0,1.136
311.492,0.024617971,0,104.9795237,101.4942073,1.048876405,-6.375850254,1362,30,99.9,0,23.09375,0,1.136
311.592,0.024617971,0,104.9795237,101.4749208,0.99708924,-6.447577113,1362,30,99.9,0,23.09375,0,1.136
311.692,0.024498371,0,104.9505339,101.4652776,1.02621952,-6.483440543,1362,30,99.9,0,23.09375,0,1.136
311.792,0.024617971,0,104.9698604,101.4942073,1.04240301,-6.479455717,1362,30,99.9,0,23.09375,0,1.136
311.892,0.024617971,0,104.9312077,101.4652776,1.039166312,-6.483440543,1362,30,99.9,0,23.09375,0,1.136
311.992,0.024578104,0,104.9312077,101.4556345,1.010036031,-6.312093046,1362,30,99.9,0,23.09375,0,1.136
312.092,0.024578104,0,104.9601971,101.4556345,1.035929614,-6.375850254,1362,30,99.9,0,23.09375,0,1.136
312.192,0.024418638,0,104.9505339,101.4267054,1.022982823,-6.399759207,1362,30,99.9,0,23.09375,0,1.136
312.292,0.024418638,0,104.9118817,101.4267054,1.003562636,-6.439607462,1362,30,99.9,0,23.09375,0,1.136
312.392,0.024538238,0,104.9312077,101.4170624,1.07153329,-6.483440543,1357,30,99.9,0,23.09375,0,1.136
312.492,0.024538238,0,104.9215447,101.3977767,1.010036031,-6.38780473,1357,30,99.9,0,23.09375,0,1.136
312.592,0.024498371,0,104.9408708,101.3784911,1.055349801,-6.371865428,1357,30,99.9,0,23.09375,0,1.136
312.692,0.024578104,0,104.9118817,101.4074195,1.003562636,-6.427652986,1357,30,99.9,0,23.09375,0,1.136
312.792,0.024458505,0,104.9118817,101.3881338,1.022982823,-6.304123395,1357,30,99.9,0,23.09375,0,1.136
312.892,0.024458505,0,104.8732302,101.3784911,1.003562636,-6.367880603,1357,30,99.9,0,23.09375,0,1.136
312.992,0.024458505,0,104.8925558,101.3592057,1.035929614,-6.411713684,1357,30,99.9,0,23.09375,0,1.136
313.092,0.024498371,0,104.8732302,101.3592057,1.022982823,-6.375850254,1357,30,99.9,0,23.09375,0,1.136
313.192,0.024498371,0,104.8732302,101.3592057,1.003562636,-6.339986824,1357,30,99.9,0,23.09375,0,1.136
313.292,0.024418638,0,104.882893,101.3109929,0.980905751,-6.399759207,1357,30,99.9,0,23.09375,0,1.136
313.392,0.024458505,0,104.844242,101.3302779,1.07153329,-6.42366816,1357,30,99.9,0,23.09375,0,1.136
313.492,0.024378771,0,104.8732302,101.3206354,0.990615844,-6.42366816,1351,30,99.9,0,23.09375,0,1.136
313.592,0.024378771,0,104.8345794,101.2917082,1.003562636,-6.38780473,1351,30,99.9,0,23.09375,0,1.136
313.692,0.024338905,0,104.8635674,101.2724236,1.013272729,-6.391789556,1351,30,99.9,0,23.09375,0,1.136
313.792,0.024378771,0,104.8345794,101.2820658,1.087716779,-6.324047522,1351,30,99.9,0,23.09375,0,1.136
313.892,0.024418638,0,104.8055919,101.2627813,0.99708924,-6.38780473,1351,30,99.9,0,23.09375,0,1.136
313.992,0.024338905,0,104.844242,101.2724236,1.02621952,-6.351941301,1351,30,99.9,0,23.09375,0,1.136
314.092,0.024378771,0,104.8152544,101.2338549,0.993852542,-6.280214442,1351,30,99.9,0,23.09375,0,1.136
314.192,0.024299038,0,104.7862671,101.243497,1.019746125,-6.339986824,1351,30,99.9,0,23.09375,0,1.136
314.292,0.024338905,0,104.8249169,101.2242129,0.964722262,-6.336001999,1351,30,99.9,0,23.09375,0,1.136
314.392,0.024259172,0,104.7959295,101.2145709,1.013272729,-6.284199267,1351,30,99.9,0,23.09375,0,1.135
314.492,0.024219305,0,104.7862671,101.2338549,1.048876405,-6.403744033,1351,30,99.9,0,23.09375,0,1.135
314.592,0.024378771,0,104.8055919,101.195287,1.003562636,-6.371865428,1346,30,99.9,0,23.09375,0,1.135
314.692,0.024259172,0,104.7862671,101.1760033,0.99708924,-6.38780473,1346,30,99.9,0,23.09375,0,1.135
314.792,0.024259172,0,104.7572803,101.1663615,1.013272729,-6.296153744,1346,30,99.9,0,23.09375,0,1.135
314.892,0.024219305,0,104.7766048,101.1760033,1.013272729,-6.320062697,1346,30,99.9,0,23.09375,0,1.135
314.992,0.024219305,0,104.7862671,101.1856451,1.02621952,-6.252320663,1346,30,99.9,0,23.09375,0,1.135
315.092,0.024299038,0,104.7572803,101.1470781,0.977669053,-6.324047522,1346,30,99.9,0,23.09375,0,1.135
315.192,0.024139572,0,104.7572803,101.1470781,1.000325938,-6.38780473,1346,30,99.9,0,23.09375,0,1.135
315.292,0.024259172,0,104.7186319,101.1181533,1.035929614,-6.399759207,1346,30,99.9,0,23.09375,0,1.135
315.392,0.024299038,0,104.7476182,101.1181533,0.980905751,-6.252320663,1346,30,99.9,0,23.09375,0,1.135
315.492,0.024139572,0,104.7572803,101.1277948,1.04240301,-6.332017173,1346,30,99.9,0,23.09375,0,1.135
315.592,0.024179438,0,104.728294,101.0892289,1.006799334,-6.300138569,1346,30,99.9,0,23.09375,0,1.135
315.692,0.024099705,0,104.7186319,101.0892289,0.99708924,-6.232396535,1335,30,99.9,0,23.09375,0,1.135
315.792,0.024179438,0,104.70897,101.0699462,1.000325938,-6.22841171,1335,30,99.9,0,23.09375,0,1.135
315.892,0.024139572,0,104.7186319,101.0603049,1.010036031,-6.304123395,1335,30,99.9,0,23.09375,0,1.135
315.992,0.024139572,0,104.699308,101.0506637,1.029456218,-6.26427514,1335,30,99.9,0,23.09375,0,1.135
316.092,0.024099705,0,104.699308,101.0795875,0.993852542,-6.324047522,1335,30,99.9,0,23.09375,0,1.135
316.192,0.024139572,0,104.6799843,101.0410225,1.045639707,-6.38780473,1335,30,99.9,0,23.09375,0,1.135
316.292,0.024019972,0,104.6799843,101.0313813,0.977669053,-6.252320663,1335,30,99.9,0,23.09375,0,1.135
316.392,0.024099705,0,104.6799843,101.0120992,0.99708924,-6.248335837,1335,30,99.9,0,23.09375,0,1.135
316.492,0.024059839,0,104.6606608,101.0217402,1.04240301,-6.292168918,1335,30,99.9,0,23.09375,0,1.135
316.592,0.024059839,0,104.6799843,101.0217402,1.032692916,-6.351941301,1335,30,99.9,0,23.09375,0,1.135
316.692,0.023940239,0,104.6413375,101.0313813,0.984142449,-6.268259965,1335,30,99.9,0,23.09375,0,1.135
316.792,0.023980105,0,104.6509991,100.9735354,1.003562636,-6.296153744,1315,30,99.9,0,23.09375,0,1.135
316.892,0.024059839,0,104.6703225,100.9831763,1.003562636,-6.244351012,1315,30,99.9,0,23.09375,0,1.135
316.992,0.023980105,0,104.6509991,100.9542537,0.971195658,-6.224426884,1315,30,99.9,0,23.09375,0,1.135
317.092,0.024019972,0,104.6413375,100.9735354,1.032692916,-6.240366186,1315,30,99.9,0,23.09375,0,1.135
317.192,0.023980105,0,104.6123529,100.9735354,0.96795896,-6.256305489,1315,30,99.9,0,23.09375,0,1.135
317.292,0.024019972,0,104.6220144,100.9349723,1.07153329,-6.224426884,1315,30,99.9,0,23.09375,0,1.135
317.392,0.023940239,0,104.6703225,100.915691,1.013272729,-6.224426884,1315,30,99.9,0,23.09375,0,1.135
317.492,0.023980105,0,104.6316759,100.9253316,1.003562636,-6.260290314,1315,30,99.9,0,23.09375,0,1.135
317.592,0.024059839,0,104.6026914,100.915691,0.980905751,-6.268259965,1315,30,99.9,0,23.09375,0,1.135
317.692,0.023980105,0,104.59303,100.915691,1.022982823,-6.304123395,1315,30,99.9,0,23.09375,0,1.135
317.792,0.023900372,0,104.6220144,100.915691,1.000325938,-6.240366186,1315,30,99.9,0,23.09375,0,1.135
317.892,0.023980105,0,104.5833687,100.877129,0.987379147,-6.332017173,1307,30,99.9,0,23.09375,0,1.136
317.992,0.023940239,0,104.5833687,100.877129,1.039166312,-6.256305489,1307,30,99.9,0,23.09375,0,1.136
318.092,0.023900372,0,104.5833687,100.8578483,0.977669053,-6.260290314,1307,30,99.9,0,23.09375,0,1.136
318.192,0.023940239,0,104.5640461,100.848208,0.984142449,-6.244351012,1307,30,99.9,0,23.09375,0,1.136
318.292,0.023860506,0,104.5447238,100.848208,0.96795896,-6.244351012,1307,30,99.9,0,23.125,0,1.136
318.392,0.023900372,0,104.5640461,100.8578483,1.016509427,-6.260290314,1307,30,99.9,0,23.125,0,1.136
318.492,0.023820639,0,104.5447238,100.8096473,1.003562636,-6.260290314,1307,30,99.9,0,23.125,0,1.136
318.592,0.023900372,0,104.5447238,100.8192874,1.003562636,-6.224426884,1307,30,99.9,0,23.125,0,1.136
318.692,0.023860506,0,104.5254016,100.8096473,1.022982823,-6.316077871,1307,30,99.9,0,23.125,0,1.136
318.792,0.023940239,0,104.5350627,100.7903672,1.02621952,-6.324047522,1307,30,99.9,0,23.125,0,1.136
318.892,0.023820639,0,104.5254016,100.8000072,0.980905751,-6.248335837,1307,30,99.9,0,23.125,0,1.136
318.992,0.023860506,0,104.5157406,100.7807272,1.039166312,-6.208487582,1307,30,99.9,0,23.125,0,1.136
319.092,0.023740906,0,104.5060796,100.7325279,1.022982823,-6.196533106,1301,30,99.9,0,23.125,0,1.136
319.192,0.023780772,0,104.5060796,100.7614473,0.99708924,-6.200517931,1301,30,99.9,0,23.125,0,1.136
319.292,0.023780772,0,104.5157406,100.7228882,1.039166312,-6.300138569,1301,30,99.9,0,23.125,0,1.136
319.392,0.023860506,0,104.5060796,100.7228882,1.035929614,-6.355926126,1301,30,99.9,0,23.125,0,1.136
319.492,0.023780772,0,104.4867579,100.7036089,0.977669053,-6.168639327,1301,30,99.9,0,23.125,0,1.136
319.592,0.023820639,0,104.4577756,100.7132485,1.003562636,-6.256305489,1301,30,99.9,0,23.125,0,1.136
319.692,0.023701039,0,104.5060796,100.7132485,0.984142449,-6.19254828,1301,30,99.9,0,23.125,0,1.136
319.792,0.023780772,0,104.477097,100.6939693,1.016509427,-6.168639327,1301,30,99.9,0,23.125,0,1.135
319.892,0.023701039,0,104.4577756,100.6939693,1.04240301,-6.244351012,1301,30,99.9,0,23.125,0,1.135
319.992,0.023740906,0,104.4384543,100.6939693,0.990615844,-6.22841171,1301,30,99.9,0,23.125,0,1.135
320.092,0.023661173,0,104.4481149,100.6650508,1.035929614,-6.200517931,1301,30,99.9,0,23.125,0,1.135
320.192,0.023701039,0,104.4384543,100.6650508,1.022982823,-6.22841171,1294,30,99.9,0,23.125,0,1.135
320.292,0.023701039,0,104.4191332,100.6650508,0.971195658,-6.208487582,1294,30,99.9,0,23.125,0,1.135
320.392,0.023661173,0,104.3998123,100.6650508,1.010036031,-6.152700025,1294,30,99.9,0,23.125,0,1.135
320.492,0.023661173,0,104.4287937,100.6361327,1.029456218,-6.208487582,1294,30,99.9,0,23.125,0,1.135
320.592,0.023661173,0,104.4094727,100.607215,0.990615844,-6.180593804,1294,30,99.9,0,23.125,0,1.135
320.692,0.023661173,0,104.4287937,100.6264935,1.003562636,-6.132775898,1294,30,99.9,0,23.125,0,1.135
320.792,0.023701039,0,104.4094727,100.6264935,1.016509427,-6.220442059,1294,30,99.9,0,23.125,0,1.135
320.892,0.02358144,0,104.4094727,100.5879368,1.035929614,-6.232396535,1294,30,99.9,0,23.125,0,1.135
320.992,0.02358144,0,104.3998123,100.5782978,0.987379147,-6.1487152,1294,30,99.9,0,23.125,0,1.135
321.092,0.023661173,0,104.3901519,100.5686587,1.010036031,-6.140745549,1294,30,99.9,0,23.125,0,1.135
321.192,0.023621306,0,104.3804915,100.5493809,1.006799334,-6.108866945,1294,30,99.9,0,23.125,0,1.135
321.292,0.02358144,0,104.3804915,100.5493809,1.039166312,-6.160669676,1287,30,99.9,0,23.125,0,1.135
321.392,0.023621306,0,104.3515108,100.5493809,1.019746125,-6.224426884,1287,30,99.9,0,23.125,0,1.135
321.492,0.023501706,0,104.3515108,100.539742,1.055349801,-6.200517931,1287,30,99.9,0,23.125,0,1.136
321.592,0.023541573,0,104.3515108,100.539742,1.010036031,-6.128791072,1287,30,99.9,0,23.125,0,1.136
321.692,0.02358144,0,104.361171,100.5108256,1.010036031,-6.180593804,1287,30,99.9,0,23.125,0,1.136
321.792,0.02358144,0,104.3128706,100.5011869,1.052113103,-6.184578629,1287,30,99.9,0,23.125,0,1.136
321.892,0.023501706,0,104.3128706,100.4915483,1.016509427,-6.136760723,1287,30,99.9,0,23.125,0,1.136
321.992,0.02346184,0,104.3128706,100.5011869,0.990615844,-6.156684851,1287,30,99.9,0,23.125,0,1.136
322.092,0.023421973,0,104.3128706,100.4915483,1.006799334,-6.176608978,1287,30,99.9,0,23.125,0,1.136
322.192,0.02346184,0,104.3128706,100.4819097,0.980905751,-6.212472408,1287,30,99.9,0,23.125,0,1.136
322.292,0.02358144,0,104.2935507,100.4722711,1.013272729,-5.977367703,1287,30,99.9,0,23.125,0,1.136
322.392,0.023421973,0,104.3128706,100.4433557,0.951775471,-6.172624153,1277,30,99.9,0,23.125,0,1.136
322.492,0.023382107,0,104.3032106,100.4337173,0.951775471,-6.108866945,1277,30,99.9,0,23.125,0,1.136
322.592,0.023382107,0,104.2935507,100.4048024,1.013272729,-6.1487152,1277,30,99.9,0,23.125,0,1.136
322.692,0.023501706,0,104.2935507,100.4144407,1.000325938,-6.220442059,1277,30,99.9,0,23.125,0,1.136
322.792,0.02346184,0,104.2935507,100.3951642,1.016509427,-6.200517931,1277,30,99.9,0,23.125,0,1.136
322.892,0.023421973,0,104.2549116,100.385526,1.003562636,-6.152700025,1277,30,99.9,0,23.125,0,1.136
322.992,0.023382107,0,104.2549116,100.385526,1.010036031,-6.168639327,1277,30,99.9,0,23.125,0,1.136
323.092,0.02346184,0,104.2645713,100.3758879,1.016509427,-6.144730374,1277,30,99.9,0,23.125,0,1.135
323.192,0.02334224,0,104.2549116,100.3758879,0.99708924,-6.088942817,1277,30,99.9,0,23.125,0,1.135
323.292,0.023421973,0,104.2162732,100.3469738,1.010036031,-6.128791072,1277,30,99.9,0,23.125,0,1.135
323.392,0.023421973,0,104.2355923,100.3373359,1.035929614,-6.080973166,1277,30,99.9,0,23.125,0,1.135
323.492,0.023421973,0,104.1969544,100.327698,0.958248866,-6.120821421,1268,30,99.9,0,23.125,0,1.135
323.592,0.023421973,0,104.1969544,100.3180601,0.990615844,-6.084957991,1268,30,99.9,0,23.125,0,1.135
323.692,0.02334224,0,104.187295,100.327698,1.022982823,-6.176608978,1268,30,99.9,0,23.125,0,1.135
323.792,0.02334224,0,104.187295,100.2891468,0.99708924,-6.19254828,1268,30,99.9,0,23.125,0,1.135
323.892,0.02346184,0,104.1776357,100.2891468,1.019746125,-6.164654502,1268,30,99.9,0,23.125,0,1.135
323.992,0.023262507,0,104.2162732,100.3084223,1.045639707,-6.029170434,1268,30,99.9,0,23.125,0,1.135
324.092,0.023382107,0,104.1776357,100.2987845,1.013272729,-6.144730374,1268,30,99.9,0,23.125,0,1.135
324.192,0.02334224,0,104.1776357,100.2602339,0.993852542,-6.256305489,1268,30,99.9,0,23.125,0,1.135
324.292,0.023262507,0,104.1776357,100.2698715,1.010036031,-6.088942817,1268,30,99.9,0,23.125,0,1.135
324.392,0.023182774,0,104.148658,100.2409589,1.003562636,-6.096912468,1268,30,99.9,0,23.125,0,1.135
324.492,0.023302373,0,104.1679764,100.2313214,1.019746125,-6.128791072,1268,30,99.9,0,23.125,0,1.135
324.592,0.023262507,0,104.1583172,100.2409589,1.003562636,-6.116836596,1259,30,99.9,0,23.125,0,1.135
324.692,0.023262507,0,104.1389989,100.2024093,0.99708924,-6.057064213,1259,30,99.9,0,23.125,0,1.135
324.792,0.023302373,0,104.148658,100.2024093,0.99708924,-6.19254828,1259,30,99.9,0,23.125,0,1.135
324.892,0.02322264,0,104.1293398,100.1831348,0.971195658,-6.144730374,1259,30,99.9,0,23.125,0,1.135
324.992,0.02322264,0,104.1196807,100.1831348,1.003562636,-6.096912468,1259,30,99.9,0,23.125,0,1.135
325.092,0.023262507,0,104.1003628,100.1638604,1.032692916,-6.176608978,1259,30,99.9,0,23.125,0,1.135
325.192,0.02322264,0,104.1003628,100.1638604,0.99708924,-6.108866945,1259,30,99.9,0,23.125,0,1.135
325.292,0.02322264,0,104.148658,100.1734976,0.948538773,-6.11285177,1259,30,99.9,0,23.125,0,1.135
325.392,0.02322264,0,104.1100217,100.1156753,0.977669053,-6.037140085,1259,30,99.9,0,23.125,0,1.135
325.492,0.023182774,0,104.1196807,100.1349492,1.000325938,-6.120821421,1259,30,99.9,0,23.125,0,1.135
325.592,0.02322264,0,104.0810451,100.1253123,0.993852542,-6.132775898,1259,30,99.9,0,23.125,0,1.135
325.692,0.023182774,0,104.0713863,100.1060384,1.02621952,-6.07698834,1251,30,99.9,0,23.125,0,1.135
325.792,0.023142907,0,104.0713863,100.1060384,1.02621952,-6.005261481,1251,30,99.9,0,23.125,0,1.135
325.892,0.023182774,0,104.0617275,100.0964016,1.003562636,-6.045109736,1251,30,99.9,0,23.125,0,1.135
325.992,0.02310304,0,104.0617275,100.0867648,1.003562636,-6.005261481,1251,30,99.9,0,23.125,0,1.135
326.092,0.02310304,0,104.0520688,100.077128,0.993852542,-6.049094562,1251,30,99.9,0,23.125,0,1.135
326.192,0.023182774,0,104.0424102,100.0578547,0.971195658,-6.080973166,1251,30,99.9,0,23.125,0,1.135
326.292,0.023023307,0,104.0520688,100.0674913,1.035929614,-6.11285177,1251,30,99.9,0,23.125,0,1.135
326.392,0.02310304,0,104.0424102,100.048218,0.977669053,-6.116836596,1251,30,99.9,0,23.125,0,1.135
326.492,0.02310304,0,104.0424102,100.0289449,1.029456218,-6.092927643,1251,30,99.9,0,23.125,0,1.135
326.592,0.023023307,0,104.023093,100.0385815,1.006799334,-6.140745549,1251,30,99.9,0,23.125,0,1.136
326.692,0.023023307,0,104.003776,100.009672,1.039166312,-6.057064213,1251,30,99.9,0,23.125,0,1.136
326.792,0.023023307,0,104.003776,99.9903992,1.045639707,-6.128791072,1243,30,99.9,0,23.125,0,1.136
326.892,0.022943574,0,103.9748009,99.9903992,0.990615844,-6.005261481,1243,30,99.9,0,23.125,0,1.136
326.992,0.023063174,0,103.9941176,99.97112661,0.984142449,-6.061049038,1243,30,99.9,0,23.125,0,1.136
327.092,0.023063174,0,104.0134345,99.96149038,1.022982823,-6.100897294,1243,30,99.9,0,23.125,0,1.136
327.192,0.023063174,0,103.9554845,99.9903992,1.006799334,-6.073003515,1243,30,99.9,0,23.125,0,1.136
327.292,0.022983441,0,103.9941176,99.96149038,0.993852542,-6.104882119,1243,30,99.9,0,23.125,0,1.136
327.392,0.022943574,0,103.9554845,99.93258195,1.022982823,-5.925564971,1243,30,99.9,0,23.125,0,1.136
327.492,0.022983441,0,103.9651427,99.90367391,1.039166312,-6.049094562,1243,30,99.9,0,23.125,0,1.136
327.592,0.022943574,0,103.9651427,99.91330988,1.04240301,-6.029170434,1243,30,99.9,0,23.125,0,1.136
327.692,0.022823974,0,103.9651427,99.92294589,1.003562636,-6.100897294,1243,30,99.9,0,23.125,0,1.136
327.792,0.022943574,0,103.9361682,99.89403799,1.016509427,-5.985337354,1243,30,99.9,0,23.125,0,1.136
327.892,0.022903708,0,103.9458263,99.92294589,1.013272729,-6.124806247,1225,30,99.9,0,23.125,0,1.136
327.992,0.022903708,0,103.9265101,99.87476627,1.032692916,-5.99729183,1225,30,99.9,0,23.125,0,1.136
328.092,0.022943574,0,103.9458263,99.87476627,0.993852542,-5.99729183,1225,30,99.9,0,23.125,0,1.136
328.192,0.022943574,0,103.9168521,99.85549472,0.96795896,-6.069018689,1225,30,99.9,0,23.125,0,1.136
328.292,0.022863841,0,103.9071941,99.85549472,1.019746125,-6.057064213,1225,30,99.9,0,23.125,0,1.136
328.392,0.022863841,0,103.8975361,99.85549472,1.000325938,-6.009246307,1225,30,99.9,0,23.125,0,1.135
328.492,0.022863841,0,103.9071941,99.83622335,0.961485564,-6.001276656,1225,30,99.9,0,23.125,0,1.135
328.592,0.022863841,0,103.8975361,99.80731663,0.977669053,-6.073003515,1225,30,99.9,0,23.125,0,1.135
328.692,0.022863841,0,103.8685626,99.79768114,1.003562636,-5.95345875,1225,30,99.9,0,23.125,0,1.135
328.792,0.022823974,0,103.8685626,99.79768114,0.987379147,-6.084957991,1225,30,99.9,0,23.125,0,1.135
328.892,0.022823974,0,103.8782204,99.77841029,1.019746125,-5.973382877,1225,30,99.9,0,23.125,0,1.135
328.992,0.022823974,0,103.8685626,99.78804569,1.000325938,-5.985337354,1216,30,99.9,0,23.125,0,1.135
329.092,0.022863841,0,103.8685626,99.77841029,0.993852542,-6.029170434,1216,30,99.9,0,23.125,0,1.135
329.192,0.022744241,0,103.8589049,99.77841029,0.980905751,-5.957443575,1216,30,99.9,0,23.125,0,1.135
329.292,0.022784108,0,103.8492472,99.76877493,1.003562636,-6.021200783,1216,30,99.9,0,23.125,0,1.135
329.392,0.022744241,0,103.8589049,99.73986912,0.993852542,-5.973382877,1216,30,99.9,0,23.125,0,1.135
329.492,0.022744241,0,103.8299319,99.72059879,1.019746125,-6.100897294,1216,30,99.9,0,23.125,0,1.135
329.592,0.022744241,0,103.8299319,99.73023393,0.955012169,-6.041124911,1216,30,99.9,0,23.125,0,1.135
329.692,0.022744241,0,103.8395895,99.72059879,0.980905751,-5.973382877,1216,30,99.9,0,23.125,0,1.135
329.792,0.022744241,0,103.8106169,99.70132864,1.006799334,-6.053079387,1216,30,99.9,0,23.125,0,1.135
329.892,0.022744241,0,103.8106169,99.68205866,1.000325938,-5.949473924,1216,30,99.9,0,23.125,0,1.135
329.992,0.022744241,0,103.7816446,99.69169363,0.955012169,-6.057064213,1216,30,99.9,0,23.125,0,1.135
330.092,0.022704375,0,103.8009594,99.67242374,1.010036031,-5.945489099,1207,30,99.9,0,23.125,0,1.135
330.192,0.022704375,0,103.7816446,99.66278885,0.987379147,-5.889701541,1207,30,99.9,0,23.125,0,1.135
330.292,0.022704375,0,103.7816446,99.65315402,0.964722262,-6.041124911,1207,30,99.9,0,23.125,0,1.135
330.392,0.022704375,0,103.7719873,99.63388447,0.987379147,-6.07698834,1207,30,99.9,0,23.125,0,1.135
330.492,0.022624641,0,103.7526728,99.63388447,0.984142449,-5.945489099,1207,30,99.9,0,23.125,0,1.135
330.592,0.022664508,0,103.7719873,99.62424977,0.987379147,-6.009246307,1207,30,99.9,0,23.125,0,1.135
330.692,0.022624641,0,103.7816446,99.5953459,0.974432355,-6.037140085,1207,30,99.9,0,23.125,0,1.135
330.792,0.022584775,0,103.7430157,99.60498048,1.019746125,-5.937519448,1207,30,99.9,0,23.125,0,1.135
330.892,0.022624641,0,103.7430157,99.58571137,1.000325938,-5.957443575,1207,30,99.9,0,23.125,0,1.135
330.992,0.022624641,0,103.7333585,99.57607688,1.006799334,-5.961428401,1207,30,99.9,0,23.125,0,1.135
331.092,0.022624641,0,103.7237015,99.57607688,0.984142449,-5.993307005,1207,30,99.9,0,23.125,0,1.135
331.192,0.022624641,0,103.7430157,99.56644243,0.971195658,-5.941504273,1198,30,99.9,0,23.125,0,1.135
331.292,0.022624641,0,103.7043875,99.55680803,1.029456218,-5.95345875,1198,30,99.9,0,23.125,0,1.135
331.392,0.022544908,0,103.7043875,99.52790507,1.010036031,-6.053079387,1198,30,99.9,0,23.125,0,1.135
331.492,0.022544908,0,103.6850736,99.54717367,0.980905751,-5.853838112,1198,30,99.9,0,23.125,0,1.135
331.592,0.022584775,0,103.6947305,99.51827084,0.984142449,-5.973382877,1198,30,99.9,0,23.125,0,1.135
331.692,0.022505042,0,103.6850736,99.52790507,0.980905751,-5.981352528,1198,30,99.9,0,23.125,0,1.135
331.792,0.022584775,0,103.6754168,99.49900251,0.987379147,-6.073003515,1198,30,99.9,0,23.125,0,1.135
331.892,0.022624641,0,103.6947305,99.51827084,1.035929614,-5.913610495,1198,30,99.9,0,23.125,0,1.135
331.992,0.022465175,0,103.6561033,99.47010034,0.984142449,-5.929549797,1198,30,99.9,0,23.125,0,1.135
332.092,0.022584775,0,103.6367899,99.47010034,0.990615844,-5.993307005,1198,30,99.9,0,23.125,0,1.135
332.192,0.022465175,0,103.6561033,99.48936841,1.003562636,-5.897671192,1198,30,99.9,0,23.125,0,1.135
332.292,0.022505042,0,103.6464466,99.44119855,0.961485564,-5.981352528,1189,30,99.9,0,23.125,0,1.135
332.392,0.022465175,0,103.6464466,99.43156471,1.010036031,-5.933534622,1189,30,99.9,0,23.125,0,1.135
332.492,0.022425308,0,103.6367899,99.45083243,1.029456218,-5.937519448,1189,30,99.9,0,23.125,0,1.135
332.592,0.022425308,0,103.6367899,99.40266344,1.010036031,-5.989322179,1189,30,99.9,0,23.125,0,1.135
332.692,0.022465175,0,103.6078203,99.41229715,1.019746125,-5.925564971,1189,30,99.9,0,23.125,0,1.135
332.792,0.022385442,0,103.6174768,99.41229715,0.964722262,-5.941504273,1189,30,99.9,0,23.125,0,1.135
332.892,0.022385442,0,103.5885074,99.41229715,0.96795896,-5.937519448,1189,30,99.9,0,23.125,0,1.135
332.992,0.022505042,0,103.6078203,99.39302977,0.987379147,-5.869777414,1189,30,99.9,0,23.125,0,1.135
333.092,0.022425308,0,103.5981638,99.39302977,0.99708924,-5.977367703,1189,30,99.9,0,23.125,0,1.135
333.192,0.022465175,0,103.5981638,99.39302977,0.958248866,-5.825944333,1189,30,99.9,0,23.125,0,1.135
333.292,0.022385442,0,103.5691947,99.35449552,0.971195658,-5.925564971,1189,30,99.9,0,23.125,0,1.135
333.392,0.022425308,0,103.5595384,99.31596195,1.003562636,-5.909625669,1181,30,99.9,0,23.125,0,1.135
333.492,0.022425308,0,103.5691947,99.34486206,0.990615844,-5.973382877,1181,30,99.9,0,23.125,0,1.135
333.592,0.022425308,0,103.5498822,99.31596195,0.99708924,-5.989322179,1181,30,99.9,0,23.125,0,1.135
333.692,0.022305709,0,103.5691947,99.31596195,0.984142449,-5.88173189,1181,30,99.9,0,23.125,0,1.135
333.792,0.022345575,0,103.5595384,99.33522865,0.99708924,-5.949473924,1181,30,99.9,0,23.125,0,1.135
333.892,0.022345575,0,103.5595384,99.31596195,1.003562636,-5.913610495,1181,30,99.9,0,23.125,0,1.135
333.992,0.022305709,0,103.5209138,99.29669543,0.977669053,-5.869777414,1181,30,99.9,0,23.125,0,1.135
334.092,0.022305709,0,103.540226,99.26779597,0.984142449,-5.929549797,1181,30,99.9,0,23.125,0,1.135
334.192,0.022305709,0,103.5305699,99.29669543,1.010036031,-5.913610495,1181,30,99.9,0,23.125,0,1.135
334.292,0.022305709,0,103.5209138,99.2581629,0.987379147,-5.841883635,1181,30,99.9,0,23.125,0,1.135
334.392,0.022305709,0,103.5112578,99.23889689,1.045639707,-5.869777414,1181,30,99.9,0,23.125,0,1.135
334.492,0.022225976,0,103.4919459,99.22926395,0.980905751,-5.893686367,1173,30,99.9,0,23.125,0,1.135
334.592,0.022225976,0,103.5016018,99.22926395,0.987379147,-5.929549797,1173,30,99.9,0,23.125,0,1.135
334.692,0.022186109,0,103.48229,99.20036539,0.990615844,-5.861807763,1173,30,99.9,0,23.125,0,1.135
334.792,0.022305709,0,103.5112578,99.18109989,0.984142449,-5.873762239,1173,30,99.9,0,23.125,0,1.135
334.892,0.022225976,0,103.5016018,99.20036539,0.993852542,-6.005261481,1173,30,99.9,0,23.125,0,1.135
334.992,0.022225976,0,103.48229,99.17146721,0.993852542,-6.025185609,1173,30,99.9,0,23.125,0,1.135
335.092,0.022225976,0,103.48229,99.20036539,0.96795896,-5.901656018,1173,30,99.9,0,23.125,0,1.135
335.192,0.022225976,0,103.4629784,99.16183457,1.010036031,-5.766171951,1173,30,99.9,0,23.125,0,1.135
335.292,0.022186109,0,103.4436669,99.17146721,1.016509427,-5.845868461,1173,30,99.9,0,23.125,0,1.135
335.392,0.022146242,0,103.4629784,99.15220198,0.99708924,-5.957443575,1173,30,99.9,0,23.125,0,1.135
335.492,0.022225976,0,103.4533226,99.13293691,1.000325938,-5.885716716,1173,30,99.9,0,23.125,0,1.135
335.592,0.022146242,0,103.4243556,99.12330444,0.980905751,-5.949473924,1166,30,99.9,0,23.125,0,1.135
335.692,0.022225976,0,103.4436669,99.14256942,1.013272729,-5.88173189,1166,30,99.9,0,23.125,0,1.135
335.792,0.022186109,0,103.4243556,99.15220198,1.003562636,-5.889701541,1166,30,99.9,0,23.125,0,1.135
335.892,0.022186109,0,103.3953891,99.10403963,0.951775471,-5.905640844,1166,30,99.9,0,23.125,0,1.135
335.992,0.022146242,0,103.4243556,99.08477499,0.974432355,-5.821959508,1166,30,99.9,0,23.125,0,1.135
336.092,0.022106376,0,103.4147001,99.11367201,1.003562636,-5.849853286,1166,30,99.9,0,23.125,0,1.135
336.192,0.022106376,0,103.366423,99.08477499,1.016509427,-5.877747065,1166,30,99.9,0,23.15625,0,1.135
336.292,0.022066509,0,103.3857337,99.04624623,0.96795896,-5.853838112,1166,30,99.9,0,23.15625,0,1.135
336.392,0.022026643,0,103.366423,99.07514274,1.032692916,-5.901656018,1166,30,99.9,0,23.15625,0,1.135
336.492,0.022106376,0,103.4050446,99.04624623,0.993852542,-5.770156776,1166,30,99.9,0,23.15625,0,1.135
336.592,0.022106376,0,103.3953891,99.0269821,0.925881888,-5.893686367,1166,30,99.9,0,23.15625,0,1.135
336.692,0.022026643,0,103.3857337,99.05587836,1.000325938,-5.869777414,1153,30,99.9,0,23.15625,0,1.135
336.792,0.022026643,0,103.3857337,99.0173501,0.964722262,-5.794065729,1153,30,99.9,0,23.15625,0,1.135
336.892,0.022106376,0,103.366423,99.0269821,0.974432355,-5.889701541,1153,30,99.9,0,23.15625,0,1.135
336.992,0.022026643,0,103.3567677,98.98845436,0.977669053,-5.821959508,1153,30,99.9,0,23.15625,0,1.135
337.092,0.021986776,0,103.3567677,98.97882253,0.984142449,-5.794065729,1153,30,99.9,0,23.15625,0,1.135
337.192,0.021986776,0,103.3567677,98.96919075,0.955012169,-5.849853286,1153,30,99.9,0,23.15625,0,1.135
337.292,0.021986776,0,103.3278022,98.959559,0.958248866,-5.806020206,1153,30,99.9,0,23.15625,0,1.135
337.392,0.021986776,0,103.3181471,98.959559,0.990615844,-5.905640844,1153,30,99.9,0,23.15625,0,1.135
337.492,0.021946909,0,103.3471125,98.94029565,1.032692916,-5.813989857,1153,30,99.9,0,23.15625,0,1.135
337.592,0.021986776,0,103.2988371,98.93066403,1.013272729,-5.877747065,1153,30,99.9,0,23.15625,0,1.135
337.692,0.021986776,0,103.2988371,98.93066403,1.013272729,-5.833913984,1153,30,99.9,0,23.15625,0,1.135
337.792,0.021986776,0,103.3084921,98.90176944,0.964722262,-5.845868461,1141,30,99.9,0,23.15625,0,1.135
337.892,0.021946909,0,103.2988371,98.91140093,0.955012169,-5.91759532,1141,30,99.9,0,23.15625,0,1.135
337.992,0.021867176,0,103.2891821,98.89213799,0.984142449,-5.80203538,1141,30,99.9,0,23.15625,0,1.135
338.092,0.02182731,0,103.2795272,98.90176944,1.003562636,-5.841883635,1141,30,99.9,0,23.15625,0,1.135
338.192,0.021867176,0,103.2698724,98.88250659,1.02621952,-5.786096078,1141,30,99.9,0,23.15625,0,1.135
338.292,0.02182731,0,103.2602176,98.8439814,0.961485564,-5.746247823,1141,30,99.9,0,23.15625,0,1.135
338.392,0.02182731,0,103.2698724,98.87287523,0.990615844,-5.80203538,1141,30,99.9,0,23.15625,0,1.135
338.492,0.02182731,0,103.2505628,98.83435021,0.990615844,-5.817974682,1141,30,99.9,0,23.15625,0,1.135
338.592,0.02182731,0,103.2409081,98.83435021,1.016509427,-5.810005031,1141,30,99.9,0,23.15625,0,1.135
338.692,0.02182731,0,103.2312535,98.82471906,1.029456218,-5.790080904,1141,30,99.9,0,23.15625,0,1.135
338.792,0.021867176,0,103.2312535,98.80545689,0.99708924,-5.817974682,1141,30,99.9,0,23.15625,0,1.135
338.892,0.021787443,0,103.2505628,98.81508795,1.010036031,-5.817974682,1122,30,99.9,0,23.15625,0,1.135
338.992,0.02182731,0,103.2312535,98.80545689,1.000325938,-5.730308521,1122,30,99.9,0,23.15625,0,1.135
339.092,0.021787443,0,103.2505628,98.79582587,1.019746125,-5.873762239,1122,30,99.9,0,23.15625,0,1.135
339.192,0.02182731,0,103.1733265,98.76693306,0.971195658,-5.782111253,1122,30,99.9,0,23.15625,0,1.135
339.292,0.02182731,0,103.2119443,98.76693306,0.964722262,-5.83789881,1122,30,99.9,0,23.15625,0,1.135
339.392,0.021747576,0,103.1926353,98.75730221,0.945302075,-5.734293347,1122,30,99.9,0,23.15625,0,1.135
339.492,0.021747576,0,103.1733265,98.76693306,1.006799334,-5.742262998,1122,30,99.9,0,23.15625,0,1.135
339.592,0.021747576,0,103.2022898,98.75730221,0.974432355,-5.778126427,1122,30,99.9,0,23.15625,0,1.135
339.692,0.02170771,0,103.1733265,98.70914858,1.022982823,-5.901656018,1122,30,99.9,0,23.15625,0,1.135
339.792,0.021747576,0,103.1733265,98.7284099,1.013272729,-5.825944333,1122,30,99.9,0,23.15625,0,1.135
339.892,0.021747576,0,103.1636721,98.71877922,1.010036031,-5.833913984,1122,30,99.9,0,23.15625,0,1.135
339.992,0.021627977,0,103.1347094,98.70914858,1.032692916,-5.817974682,1115,30,99.9,0,23.15625,0,1.135
340.092,0.021667843,0,103.1443636,98.68988743,1.022982823,-5.774141602,1115,30,99.9,0,23.15625,0,1.135
340.192,0.02170771,0,103.1443636,98.68025691,0.990615844,-5.794065729,1115,30,99.9,0,23.15625,0,1.135
340.292,0.021667843,0,103.1443636,98.68988743,0.984142449,-5.794065729,1115,30,99.9,0,23.15625,0,1.135
340.392,0.02170771,0,103.1443636,98.65136562,0.980905751,-5.794065729,1115,30,99.9,0,23.15625,0,1.135
340.492,0.021627977,0,103.1347094,98.65136562,0.977669053,-5.810005031,1115,30,99.9,0,23.15625,0,1.135
340.592,0.02158811,0,103.1347094,98.64173528,1.000325938,-5.782111253,1115,30,99.9,0,23.15625,0,1.135
340.692,0.02158811,0,103.1154012,98.62247471,0.977669053,-5.766171951,1115,30,99.9,0,23.15625,0,1.135
340.792,0.021667843,0,103.1057471,98.65136562,0.977669053,-5.774141602,1115,30,99.9,0,23.15625,0,1.135
340.892,0.02158811,0,103.1057471,98.59358419,0.971195658,-5.734293347,1115,30,99.9,0,23.15625,0,1.135
340.992,0.021548243,0,103.1250553,98.60321432,1.003562636,-5.786096078,1115,30,99.9,0,23.15625,0,1.135
341.092,0.021548243,0,103.0671314,98.58395409,1.006799334,-5.714369219,1109,30,99.9,0,23.15625,0,1.135
341.192,0.021627977,0,103.0960931,98.58395409,0.974432355,-5.829929159,1109,30,99.9,0,23.15625,0,1.135
341.292,0.021548243,0,103.0767853,98.58395409,1.013272729,-5.726323696,1109,30,99.9,0,23.15625,0,1.135
341.392,0.021548243,0,103.0767853,98.55506407,0.980905751,-5.770156776,1109,30,99.9,0,23.15625,0,1.135
341.492,0.021627977,0,103.0671314,98.55506407,0.971195658,-5.718354045,1109,30,99.9,0,23.15625,0,1.135
341.592,0.021548243,0,103.0574776,98.54543415,0.984142449,-5.662566488,1109,30,99.9,0,23.15625,0,1.135
341.692,0.021508377,0,103.0767853,98.54543415,0.987379147,-5.794065729,1109,30,99.9,0,23.15625,0,1.135
341.792,0.02146851,0,103.0381701,98.52617442,0.980905751,-5.750232649,1109,30,99.9,0,23.15625,0,1.135
341.892,0.021548243,0,103.0574776,98.51654463,1.000325938,-5.770156776,1109,30,99.9,0,23.15625,0,1.135
341.992,0.02146851,0,103.0285164,98.51654463,0.974432355,-5.686475441,1109,30,99.9,0,23.15625,0,1.135
342.092,0.021508377,0,103.0381701,98.50691487,0.987379147,-5.710384394,1109,30,99.9,0,23.15625,0,1.135
342.192,0.02146851,0,103.0188628,98.48765549,1.006799334,-5.698429917,1102,30,99.9,0,23.15625,0,1.134
342.292,0.021428644,0,103.0188628,98.46839627,0.964722262,-5.730308521,1102,30,99.9,0,23.15625,0,1.134
342.392,0.02146851,0,103.0188628,98.48765549,0.955012169,-5.746247823,1102,30,99.9,0,23.15625,0,1.134
342.492,0.021508377,0,103.0092092,98.45876672,0.948538773,-5.798050555,1102,30,99.9,0,23.15625,0,1.134
342.592,0.02146851,0,102.9899022,98.43950776,0.961485564,-5.798050555,1102,30,99.9,0,23.15625,0,1.134
342.692,0.021388777,0,102.9802488,98.43950776,0.971195658,-5.694445092,1102,30,99.9,0,23.15625,0,1.134
342.792,0.021309044,0,102.9802488,98.44913722,1.000325938,-5.774141602,1102,30,99.9,0,23.15625,0,1.134
342.892,0.021388777,0,102.960942,98.41061963,0.99708924,-5.698429917,1102,30,99.9,0,23.15625,0,1.134
342.992,0.021428644,0,102.960942,98.3721027,0.990615844,-5.726323696,1102,30,99.9,0,23.15625,0,1.134
343.092,0.021428644,0,102.9802488,98.42987834,1.003562636,-5.67850579,1102,30,99.9,0,23.15625,0,1.134
343.192,0.021388777,0,102.960942,98.39136108,0.971195658,-5.706399568,1102,30,99.9,0,23.15625,0,1.134
343.292,0.021388777,0,102.9705954,98.36247357,0.984142449,-5.702414743,1096,30,99.9,0,23.15625,0,1.134
343.392,0.021309044,0,102.9512887,98.3721027,0.977669053,-5.714369219,1096,30,99.9,0,23.15625,0,1.134
343.492,0.021309044,0,102.9416355,98.36247357,1.022982823,-5.782111253,1096,30,99.9,0,23.15625,0,1.134
343.592,0.021309044,0,102.9416355,98.34321545,1.022982823,-5.825944333,1096,30,99.9,0,23.15625,0,1.134
343.692,0.021309044,0,102.912676,98.33358645,1.022982823,-5.650612011,1096,30,99.9,0,23.15625,0,1.134
343.792,0.021348911,0,102.9319823,98.32395749,0.971195658,-5.738278172,1096,30,99.9,0,23.15625,0,1.134
343.892,0.021388777,0,102.912676,98.30469969,0.984142449,-5.666551313,1096,30,99.9,0,23.15625,0,1.134
343.992,0.021348911,0,102.9223291,98.29507086,0.993852542,-5.690460266,1096,30,99.9,0,23.15625,0,1.134
344.092,0.021309044,0,102.9223291,98.29507086,1.006799334,-5.726323696,1096,30,99.9,0,23.15625,0,1.134
344.192,0.021309044,0,102.883717,98.28544207,0.971195658,-5.798050555,1096,30,99.9,0,23.15625,0,1.134
344.292,0.021229311,0,102.903023,98.29507086,1.016509427,-5.742262998,1096,30,99.9,0,23.15625,0,1.134
344.392,0.021229311,0,102.8740641,98.28544207,1.000325938,-5.666551313,1091,30,99.9,0,23.15625,0,1.134
344.492,0.021229311,0,102.883717,98.27581332,0.980905751,-5.670536139,1091,30,99.9,0,23.15625,0,1.134
344.592,0.021189444,0,102.883717,98.22767019,0.984142449,-5.694445092,1091,30,99.9,0,23.15625,0,1.134
344.692,0.021309044,0,102.8740641,98.21804169,0.987379147,-5.710384394,1091,30,99.9,0,23.15625,0,1.134
344.792,0.021109711,0,102.883717,98.24692732,0.951775471,-5.706399568,1091,30,99.9,0,23.15625,0,1.134
344.892,0.021269177,0,102.8644112,98.20841323,0.925881888,-5.610763756,1091,30,99.9,0,23.15625,0,1.134
344.992,0.021149578,0,102.8644112,98.21804169,0.96795896,-5.766171951,1091,30,99.9,0,23.15625,0,1.134
345.092,0.021109711,0,102.8644112,98.17952811,0.977669053,-5.598809279,1091,30,99.9,0,23.15625,0,1.134
345.192,0.021109711,0,102.8547583,98.19878482,0.977669053,-5.622718232,1091,30,99.9,0,23.15625,0,1.134
345.292,0.021149578,0,102.8258001,98.19878482,0.987379147,-5.682490615,1091,30,99.9,0,23.15625,0,1.134
345.392,0.021149578,0,102.8354528,98.16989982,0.987379147,-5.666551313,1091,30,99.9,0,23.15625,0,1.134
345.492,0.021149578,0,102.8354528,98.17952811,1.006799334,-5.710384394,1086,30,99.9,0,23.15625,0,1.134
345.592,0.021149578,0,102.8161475,98.15064336,1.010036031,-5.634672709,1086,30,99.9,0,23.15625,0,1.134
345.692,0.021069844,0,102.8064949,98.14101519,0.961485564,-5.586854803,1086,30,99.9,0,23.15625,0,1.134
345.792,0.021109711,0,102.8064949,98.15064336,0.961485564,-5.646627185,1086,30,99.9,0,23.15625,0,1.134
345.892,0.021029978,0,102.8161475,98.13138706,0.96795896,-5.602794105,1086,30,99.9,0,23.15625,0,1.134
345.992,0.021029978,0,102.8161475,98.12175898,1.003562636,-5.658581662,1086,30,99.9,0,23.15625,0,1.134
346.092,0.021069844,0,102.7871898,98.08324706,0.951775471,-5.646627185,1086,30,99.9,0,23.15625,0,1.134
346.192,0.021069844,0,102.7968423,98.08324706,0.96795896,-5.702414743,1086,30,99.9,0,23.15625,0,1.134
346.292,0.021029978,0,102.7775374,98.11213094,0.974432355,-5.578885152,1086,30,99.9,0,23.15625,0,1.134
346.392,0.021069844,0,102.767885,98.05436356,0.925881888,-5.650612011,1086,30,99.9,0,23.15625,0,1.134
346.492,0.020990111,0,102.7485803,98.08324706,0.964722262,-5.654596836,1086,30,99.9,0,23.15625,0,1.134
346.592,0.021109711,0,102.7485803,98.06399135,1.013272729,-5.662566488,1080,30,99.9,0,23.15625,0,1.134
346.692,0.021069844,0,102.7485803,98.06399135,1.02621952,-5.582869977,1080,30,99.9,0,23.15625,0,1.134
346.792,0.020990111,0,102.7582326,98.03510809,0.971195658,-5.682490615,1080,30,99.9,0,23.15625,0,1.134
346.892,0.020990111,0,102.767885,98.03510809,0.974432355,-5.718354045,1080,30,99.9,0,23.15625,0,1.134
346.992,0.020990111,0,102.7485803,98.00622521,0.955012169,-5.626703058,1080,30,99.9,0,23.15625,0,1.134
347.092,0.020990111,0,102.7196236,98.0158528,0.990615844,-5.614748581,1080,30,99.9,0,23.15625,0,1.134
347.192,0.020990111,0,102.7485803,98.0158528,0.974432355,-5.602794105,1080,30,99.9,0,23.15625,0,1.134
347.292,0.020950245,0,102.7099715,97.98697016,1.016509427,-5.626703058,1080,30,99.9,0,23.15625,0,1.134
347.392,0.020870511,0,102.7196236,97.96771528,0.948538773,-5.610763756,1080,30,99.9,0,23.15625,0,1.134
347.492,0.020950245,0,102.7003194,97.94846056,0.990615844,-5.586854803,1080,30,99.9,0,23.15625,0,1.134
347.592,0.021029978,0,102.7099715,97.94846056,0.958248866,-5.654596836,1080,30,99.9,0,23.15625,0,1.134
347.692,0.020870511,0,102.7003194,97.93883327,0.977669053,-5.674520964,1069,30,99.9,0,23.15625,0,1.134
347.792,0.020990111,0,102.7099715,97.93883327,1.006799334,-5.543021722,1069,30,99.9,0,23.15625,0,1.134
347.892,0.020950245,0,102.7099715,97.94846056,0.99708924,-5.487234165,1069,30,99.9,0,23.15625,0,1.134
347.992,0.020870511,0,102.6906674,97.92920601,0.964722262,-5.566930675,1069,30,99.9,0,23.15625,0,1.134
348.092,0.020830645,0,102.6713635,97.92920601,0.951775471,-5.523097595,1069,30,99.9,0,23.15625,0,1.134
348.192,0.020830645,0,102.6906674,97.90995163,0.938828679,-5.566930675,1069,30,99.9,0,23.15625,0,1.134
348.292,0.020830645,0,102.6713635,97.90032449,0.977669053,-5.646627185,1069,30,99.9,0,23.15625,0,1.134
348.392,0.020870511,0,102.6810154,97.87144335,0.964722262,-5.634672709,1069,30,99.9,0,23.15625,0,1.134
348.492,0.020790778,0,102.6617116,97.87144335,0.961485564,-5.511143118,1069,30,99.9,0,23.15625,0,1.134
348.592,0.020830645,0,102.6424079,97.87144335,0.938828679,-5.654596836,1069,30,99.9,0,23.15625,0,1.134
348.692,0.020790778,0,102.6327561,97.85218946,0.987379147,-5.56294585,1069,30,99.9,0,23.15625,0,1.134
348.792,0.020790778,0,102.6520597,97.83293573,0.945302075,-5.658581662,1060,30,99.9,0,23.15625,0,1.134
348.892,0.020790778,0,102.6327561,97.85218946,0.974432355,-5.566930675,1060,30,99.9,0,23.15625,0,1.134
348.992,0.020790778,0,102.6327561,97.83293573,0.955012169,-5.554976199,1060,30,99.9,0,23.15625,0,1.134
349.092,0.020750912,0,102.6424079,97.80405545,0.955012169,-5.531067246,1060,30,99.9,0,23.15625,0,1.134
349.192,0.020750912,0,102.6038012,97.80405545,0.99708924,-5.507158293,1060,30,99.9,0,23.15625,0,1.134
349.292,0.020750912,0,102.6134528,97.81368217,0.980905751,-5.56294585,1060,30,99.9,0,23.15625,0,1.134
349.392,0.020711045,0,102.5941496,97.77517554,0.96795896,-5.602794105,1060,30,99.9,0,23.15625,0,1.134
349.492,0.020711045,0,102.5941496,97.79442877,0.955012169,-5.622718232,1060,30,99.9,0,23.15625,0,1.134
349.592,0.020790778,0,102.6038012,97.77517554,0.964722262,-5.618733407,1060,30,99.9,0,23.15625,0,1.134
349.692,0.020711045,0,102.5748466,97.75592247,0.99708924,-5.602794105,1060,30,99.9,0,23.15625,0,1.134
349.792,0.020750912,0,102.5651952,97.73666957,0.984142449,-5.52708242,1060,30,99.9,0,23.15625,0,1.134
349.892,0.020711045,0,102.5555438,97.71741683,0.99708924,-5.550991373,1054,30,99.9,0,23.15625,0,1.134
349.992,0.020711045,0,102.5555438,97.73666957,0.974432355,-5.475279689,1054,30,99.9,0,23.15625,0,1.134
350.092,0.020750912,0,102.5748466,97.71741683,0.929118586,-5.463325212,1054,30,99.9,0,23.15625,0,1.134
350.192,0.020591445,0,102.5362411,97.70779052,0.990615844,-5.515127944,1054,30,99.9,0,23.15625,0,1.134
350.292,0.020711045,0,102.5362411,97.69816425,0.990615844,-5.558961024,1054,30,99.9,0,23.15625,0,1.134
350.392,0.020551579,0,102.5265899,97.67891184,1.003562636,-5.594824454,1054,30,99.9,0,23.15625,0,1.134
350.492,0.020631312,0,102.5458924,97.6692857,0.993852542,-5.531067246,1054,30,99.9,0,23.15625,0,1.134
350.592,0.020591445,0,102.5169387,97.6596596,0.993852542,-5.491218991,1054,30,99.9,0,23.15625,0,1.134
350.692,0.020631312,0,102.5362411,97.64040751,0.980905751,-5.56294585,1054,30,99.9,0,23.15625,0,1.134
350.792,0.020631312,0,102.4976364,97.62115559,0.958248866,-5.519112769,1054,30,99.9,0,23.15625,0,1.134
350.892,0.020551579,0,102.4783344,97.63078153,0.951775471,-5.499188642,1054,30,99.9,0,23.15625,0,1.134
350.992,0.020551579,0,102.4879854,97.62115559,0.948538773,-5.554976199,1042,30,99.9,0,23.15625,0,1.134
351.092,0.020631312,0,102.4590325,97.60190384,0.984142449,-5.48324934,1042,30,99.9,0,23.15625,0,1.134
351.192,0.020591445,0,102.4783344,97.6115297,0.987379147,-5.487234165,1042,30,99.9,0,23.15625,0,1.134
351.292,0.020471846,0,102.4590325,97.60190384,0.945302075,-5.499188642,1042,30,99.9,0,23.15625,0,1.134
351.392,0.020551579,0,102.4493816,97.57302651,0.980905751,-5.550991373,1042,30,99.9,0,23.15625,0,1.134
351.492,0.020551579,0,102.4397308,97.56340082,0.96795896,-5.463325212,1042,30,99.9,0,23.15625,0,1.134
351.592,0.020511712,0,102.4204293,97.53452398,0.977669053,-5.550991373,1042,30,99.9,0,23.15625,0,1.134
351.692,0.020431979,0,102.4397308,97.54414955,0.990615844,-5.479264514,1042,30,99.9,0,23.15625,0,1.134
351.792,0.020551579,0,102.4204293,97.53452398,1.006799334,-5.578885152,1042,30,99.9,0,23.15625,0,1.134
351.892,0.020511712,0,102.4107786,97.52489845,0.945302075,-5.535052071,1042,30,99.9,0,23.15625,0,1.134
351.992,0.020591445,0,102.3914773,97.52489845,0.955012169,-5.491218991,1042,30,99.9,0,23.15625,0,1.134
352.092,0.020431979,0,102.3721763,97.49602211,0.971195658,-5.535052071,1037,30,99.9,0,23.15625,0,1.134
352.192,0.020591445,0,102.3625258,97.48639674,0.948538773,-5.519112769,1037,30,99.9,0,23.15625,0,1.134
352.292,0.020551579,0,102.3528754,97.48639674,0.993852542,-5.479264514,1037,30,99.9,0,23.15625,0,1.134
352.392,0.020392112,0,102.3625258,97.48639674,0.971195658,-5.582869977,1037,30.4,99.9,0,23.15625,0,1.134
352.492,0.020431979,0,102.3625258,97.48639674,0.974432355,-5.523097595,1037,30.4,99.9,0,23.15625,0,1.134
352.592,0.020392112,0,102.3432251,97.46714613,0.964722262,-5.519112769,1037,30.4,99.9,0,23.15625,0,1.134
352.692,0.020431979,0,102.3432251,97.44789568,0.935591982,-5.539036897,1037,30.4,99.9,0,23.15625,0,1.134
352.792,0.020431979,0,102.3432251,97.39977027,0.958248866,-5.594824454,1037,30.4,99.9,0,23.15625,0,1.134
352.892,0.020392112,0,102.3239245,97.41902031,0.951775471,-5.495203816,1037,30.4,99.9,0,23.15625,0,1.134
352.992,0.020352246,0,102.3335747,97.42864539,0.984142449,-5.614748581,1037,30.4,99.9,0,23.15625,0,1.134
353.092,0.020312379,0,102.3142742,97.39014531,0.935591982,-5.459340387,1037,30.4,99.9,0,23.15625,0,1.134
353.192,0.020312379,0,102.2949739,97.39014531,1.000325938,-5.467310038,1035,30.4,99.9,0,23.15625,0,1.134
353.292,0.020352246,0,102.2756738,97.39014531,0.938828679,-5.463325212,1035,30.4,99.9,0,23.15625,0,1.134
353.392,0.020392112,0,102.2660238,97.36127067,0.951775471,-5.499188642,1035,30.4,99.9,0,23.15625,0,1.134
353.492,0.020352246,0,102.2756738,97.34202111,0.977669053,-5.471294863,1035,30.4,99.9,0,23.15625,0,1.134
353.592,0.020392112,0,102.246724,97.37089551,1.003562636,-5.523097595,1035,30.4,99.9,0,23.15625,0,1.134
353.692,0.020392112,0,102.2370741,97.3323964,0.935591982,-5.56294585,1035,30.4,99.9,0,23.15625,0,1.134
353.792,0.020272513,0,102.2081248,97.34202111,0.961485564,-5.423476957,1035,30.4,99.9,0,23.15625,0,1.134
353.892,0.020232646,0,102.2177745,97.30352249,0.951775471,-5.451370736,1035,30.4,99.9,0,23.15625,0,1.134
353.992,0.020272513,0,102.2081248,97.30352249,0.958248866,-5.554976199,1035,30.4,99.9,0,23.15625,0,1.134
354.092,0.020272513,0,102.2274243,97.28427342,0.955012169,-5.363704575,1035,30.4,99.9,0,23.15625,0,1.134
354.192,0.020352246,0,102.1888255,97.30352249,0.948538773,-5.507158293,1035,30.4,99.9,0,23.15625,0,1.134
354.292,0.020192779,0,102.1888255,97.27464895,0.942065377,-5.387613528,1034,30.4,99.9,0,23.15625,0,1.134
354.392,0.020192779,0,102.1791759,97.26502452,0.964722262,-5.586854803,1034,30.4,99.9,0,23.15625,0,1.134
354.492,0.020272513,0,102.1502275,97.25540012,0.938828679,-5.435431434,1034,30.4,99.9,0,23.15625,0,1.134
354.592,0.020232646,0,102.1502275,97.24577577,0.925881888,-5.499188642,1034,30.4,99.9,0,23.15625,0,1.134
354.692,0.020192779,0,102.1502275,97.21690296,0.948538773,-5.391598353,1034,30.4,99.9,0,23.15625,0,1.134
354.792,0.020152913,0,102.1502275,97.21690296,0.932355284,-5.558961024,1034,30.4,99.9,0,23.15625,0,1.134
354.892,0.020192779,0,102.1405781,97.19765462,0.945302075,-5.467310038,1034,30.4,99.9,0,23.15625,0,1.134
354.992,0.020152913,0,102.1309287,97.18803051,0.958248866,-5.427461783,1034,30.4,99.9,0,23.15625,0,1.134
355.092,0.020152913,0,102.1405781,97.18803051,0.951775471,-5.499188642,1034,30.4,99.9,0,23.15625,0,1.134
355.192,0.020192779,0,102.1212794,97.15915842,0.958248866,-5.399568004,1034,30.4,99.9,0,23.15625,0,1.134
355.292,0.020232646,0,102.1116302,97.17840644,0.951775471,-5.491218991,1034,30.4,99.9,0,23.15625,0,1.134
355.392,0.020192779,0,102.101981,97.14953448,0.951775471,-5.471294863,1033,30.4,99.9,0,23.15625,0,1.134
355.492,0.020192779,0,102.1116302,97.15915842,0.971195658,-5.415507306,1033,30.4,99.9,0,23.15625,0,1.134
355.592,0.020152913,0,102.0730336,97.13991057,0.932355284,-5.399568004,1033,30.4,99.9,0,23.15625,0,1.134
355.692,0.02007318,0,102.0730336,97.12066287,0.990615844,-5.459340387,1033,30.4,99.9,0,23.15625,0,1.134
355.792,0.020113046,0,102.0730336,97.11103909,1.003562636,-5.467310038,1033,30.4,99.9,0,23.15625,0,1.134
355.892,0.020113046,0,102.0537356,97.10141534,1.006799334,-5.32385632,1033,30.4,99.9,0,23.15625,0,1.134
355.992,0.020033313,0,102.0344378,97.11103909,0.96795896,-5.443401085,1033,30.4,99.9,0,23.15625,0,1.134
356.092,0.020192779,0,102.0633846,97.09179164,0.935591982,-5.3676894,1033,30.4,99.9,0,23.15625,0,1.134
356.192,0.020152913,0,102.0344378,97.06292076,0.945302075,-5.343780447,1033,30.4,99.9,0,23.15625,0,1.134
356.292,0.020033313,0,102.0633846,97.07254434,1.010036031,-5.399568004,1033,30.4,99.9,0,23.15625,0,1.134
356.392,0.02007318,0,102.0344378,97.03405024,0.935591982,-5.395583179,1033,30.4,99.9,0,23.15625,0,1.134
356.492,0.020113046,0,102.0151401,97.02442682,0.974432355,-5.40355283,1031,30.4,99.9,0,23.15625,0,1.134
356.592,0.019993447,0,102.0151401,97.02442682,1.022982823,-5.319871494,1031,30.4,99.9,0,23.15625,0,1.134
356.692,0.019993447,0,101.9958427,97.02442682,0.96795896,-5.347765273,1031,30.4,99.9,0,23.1875,0,1.134
356.792,0.01995358,0,101.9958427,97.01480343,0.951775471,-5.455355561,1031,30.4,99.9,0,23.1875,0,1.134
356.892,0.020033313,0,101.9958427,96.99555679,0.984142449,-5.419492132,1031,30.4,99.9,0,23.1875,0,1.134
356.992,0.01995358,0,102.0054914,97.01480343,0.99708924,-5.363704575,1031,30.4,99.9,0,23.1875,0,1.134
357.092,0.02007318,0,101.9765454,96.95706397,0.951775471,-5.383628702,1031,30.4,99.9,0,23.1875,0,1.134
357.192,0.01995358,0,101.9572483,96.9763103,0.993852542,-5.443401085,1031,30.4,99.9,0,23.1875,0,1.134
357.292,0.019913713,0,101.9475999,96.95706397,0.974432355,-5.451370736,1031,30.4,99.9,0,23.1875,0,1.134
357.392,0.019913713,0,101.9572483,96.9378178,0.958248866,-5.399568004,1031,30.4,99.9,0,23.1875,0,1.134
357.492,0.019993447,0,101.9379514,96.90894885,0.929118586,-5.383628702,1031,30.4,99.9,0,23.1875,0,1.134
357.592,0.01995358,0,101.9475999,96.9378178,0.948538773,-5.435431434,1024,30.4,99.9,0,23.1875,0,1.134
357.692,0.019873847,0,101.9186547,96.9378178,0.96795896,-5.423476957,1024,30.4,99.9,0,23.1875,0,1.133
357.792,0.019913713,0,101.9186547,96.88970309,0.935591982,-5.459340387,1024,30.4,99.9,0,23.1875,0,1.133
357.892,0.019913713,0,101.8993582,96.89932595,0.955012169,-5.379643877,1024,30.4,99.9,0,23.1875,0,1.133
357.992,0.01983398,0,101.9186547,96.88970309,0.980905751,-5.331825971,1024,30.4,99.9,0,23.15625,0,1.133
358.092,0.019873847,0,101.9090064,96.89932595,0.971195658,-5.359719749,1024,30.4,99.9,0,23.15625,0,1.133
358.192,0.01995358,0,101.88971,96.88970309,1.006799334,-5.423476957,1024,30.4,99.9,0,23.1875,0,1.133
358.292,0.01983398,0,101.88971,96.84158937,0.987379147,-5.371674226,1024,30.4,99.9,0,23.1875,0,1.133
358.392,0.019913713,0,101.9186547,96.86083474,0.955012169,-5.419492132,1024,30.4,99.9,0,23.1875,0,1.133
358.492,0.019754247,0,101.8993582,96.85121203,0.945302075,-5.415507306,1024,30.4,99.9,0,23.1875,0,1.133
358.592,0.019873847,0,101.8800618,96.80309911,0.945302075,-5.379643877,1024,30.4,99.9,0,23.1875,0,1.133
358.692,0.019794114,0,101.8607657,96.81272162,0.980905751,-5.407537655,1018,30.4,99.9,0,23.1875,0,1.133
358.792,0.01983398,0,101.8511176,96.82234416,0.961485564,-5.391598353,1018,30.4,99.9,0,23.1875,0,1.133
358.892,0.01983398,0,101.8511176,96.7646095,0.990615844,-5.443401085,1018,30.4,99.9,0,23.1875,0,1.133
358.992,0.019794114,0,101.812526,96.7646095,0.919408493,-5.280023239,1018,30.4,99.9,0,23.1875,0,1.133
359.092,0.019794114,0,101.8607657,96.75498719,0.955012169,-5.427461783,1018,30.4,99.9,0,23.1875,0,1.133
359.192,0.019794114,0,101.8318217,96.77423184,0.929118586,-5.303932192,1018,30.4,99.9,0,23.1875,0,1.133
359.292,0.01971438,0,101.7932305,96.74536493,0.938828679,-5.3676894,1018,30.4,99.9,0,23.1875,0,1.133
359.392,0.019794114,0,101.812526,96.72612052,1.000325938,-5.343780447,1018,30.4,99.9,0,23.1875,0,1.133
359.492,0.019754247,0,101.8028782,96.70687627,0.958248866,-5.319871494,1018,30.4,99.9,0,23.1875,0,1.133
359.592,0.01971438,0,101.8028782,96.68763217,0.971195658,-5.299947367,1018,30.4,99.9,0,23.1875,0,1.133
359.692,0.01983398,0,101.8028782,96.70687627,0.951775471,-5.295962541,1018,30.4,99.9,0,23.1875,0,1.133
359.792,0.019754247,0,101.7835828,96.6972542,0.971195658,-5.375659051,1011,30.4,99.9,0,23.1875,0,1.133
359.892,0.019594781,0,101.7739351,96.67801019,0.990615844,-5.363704575,1011,30.4,99.9,0,23.1875,0,1.133
359.992,0.019674514,0,101.7835828,96.67801019,0.919408493,-5.355734924,1011,30.4,99.9,0,23.1875,0,1.133
360.092,0.01971438,0,101.7642875,96.67801019,0.980905751,-5.327841145,1011,30.4,99.9,0,23.1875,0,1.133
360.192,0.01971438,0,101.7642875,96.64914447,0.971195658,-5.379643877,1011,30.4,99.9,0,23.1875,0,1.133
360.292,0.019634647,0,101.7256976,96.6202791,0.961485564,-5.303932192,1011,30.4,99.9,0,23.1875,0,1.133
360.392,0.019674514,0,101.75464,96.6202791,0.955012169,-5.371674226,1011,30.4,99.9,0,23.1875,0,1.133
360.492,0.01971438,0,101.7064029,96.6202791,0.974432355,-5.276038414,1011,30.4,99.9,0,23.1875,0,1.133
360.592,0.019754247,0,101.7064029,96.6202791,0.932355284,-5.295962541,1011,30.4,99.9,0,23.1875,0,1.133
360.692,0.01971438,0,101.6967556,96.59141409,0.932355284,-5.335810796,1011,30.4,99.9,0,23.1875,0,1.133
360.792,0.01971438,0,101.7064029,96.5817925,0.990615844,-5.315886669,1011,30.4,99.9,0,23.1875,0,1.133
360.892,0.019594781,0,101.7064029,96.5817925,0.984142449,-5.347765273,1005,30.4,99.9,0,23.1875,0,1.133
360.992,0.019594781,0,101.6967556,96.54330654,0.948538773,-5.291977716,1005,30.4,99.9,0,23.1875,0,1.133
361.092,0.019435314,0,101.6871083,96.55292797,0.964722262,-5.347765273,1005,30.4,99.9,0,23.1875,0,1.133
361.192,0.019594781,0,101.6774612,96.57217095,0.951775471,-5.32385632,1005,30.4,99.9,0,23.1875,0,1.133
361.292,0.019594781,0,101.667814,96.55292797,0.96795896,-5.327841145,1005,30.4,99.9,0,23.1875,0,1.134
361.392,0.019594781,0,101.6485198,96.5240638,0.92264519,-5.339795622,1005,30.4,99.9,0,23.1875,0,1.134
361.492,0.019554914,0,101.667814,96.5240638,0.951775471,-5.331825971,1005,30.4,99.9,0,23.1875,0,1.134
361.592,0.019515047,0,101.667814,96.5240638,0.932355284,-5.264083937,1005,30.4,99.9,0,23.1875,0,1.134
361.692,0.019594781,0,101.6485198,96.49519998,0.964722262,-5.303932192,1005,30.4,99.9,0,23.1875,0,1.134
361.792,0.019475181,0,101.6485198,96.48557878,0.955012169,-5.387613528,1005,30.4,99.9,0,23.1875,0,1.134
361.892,0.019515047,0,101.6292259,96.48557878,0.984142449,-5.347765273,1005,30.4,99.9,0,23.1875,0,1.134
361.992,0.019515047,0,101.6002852,96.46633651,0.955012169,-5.303932192,995,30.4,99.9,0,23.1875,0,1.134
362.092,0.019515047,0,101.571345,96.46633651,0.938828679,-5.355734924,995,30.4,99.9,0,23.1875,0,1.134
362.192,0.019515047,0,101.6195789,96.4470944,0.92264519,-5.268068762,995,30.4,99.9,0,23.1875,0,1.134
362.292,0.019515047,0,101.5809917,96.4374734,0.971195658,-5.280023239,995,30.4,99.9,0,23.1875,0,1.134
362.392,0.019515047,0,101.6099321,96.4374734,0.977669053,-5.331825971,995,30.4,99.9,0,23.1875,0,1.134
362.492,0.019435314,0,101.5906385,96.4470944,0.961485564,-5.240174984,995,30.4,99.9,0,23.1875,0,1.134
362.592,0.019355581,0,101.571345,96.40861065,0.935591982,-5.25212946,995,30.4,99.9,0,23.1875,0,1.134
362.692,0.019475181,0,101.571345,96.39898981,0.971195658,-5.347765273,995,30.4,99.9,0,23.1875,0,1.134
362.792,0.019395448,0,101.5616984,96.37974825,0.925881888,-5.319871494,995,30.4,99.9,0,23.1875,0,1.134
362.892,0.019435314,0,101.5520518,96.37012752,0.961485564,-5.347765273,995,30.4,99.9,0,23.1875,0,1.133
362.992,0.019435314,0,101.5424052,96.37974825,0.951775471,-5.236190158,995,30.4,99.9,0,23.1875,0,1.133
363.092,0.019395448,0,101.5134658,96.3508862,0.961485564,-5.291977716,991,30.4,99.9,0,23.1875,0,1.133
363.192,0.019395448,0,101.5327587,96.3220245,0.925881888,-5.299947367,991,30.4,99.9,0,23.1875,0,1.133
363.292,0.019315714,0,101.5424052,96.31240402,0.971195658,-5.256114286,991,30.4,99.9,0,23.1875,0,1.133
363.392,0.019315714,0,101.4941731,96.29316316,0.961485564,-5.160478474,991,30.4,99.9,0,23.1875,0,1.133
363.492,0.019355581,0,101.5038194,96.31240402,0.974432355,-5.363704575,991,30.4,99.9,0,23.1875,0,1.133
363.592,0.019355581,0,101.5038194,96.27392247,0.961485564,-5.25212946,991,30.4,99.9,0,23.1875,0,1.133
363.692,0.019355581,0,101.4941731,96.27392247,0.971195658,-5.280023239,991,30.4,99.9,0,23.1875,0,1.133
363.792,0.019275848,0,101.4941731,96.27392247,0.925881888,-5.256114286,991,30.4,99.9,0,23.1875,0,1.133
363.892,0.019315714,0,101.4748806,96.24506171,0.948538773,-5.236190158,991,30.4,99.9,0,23.1875,0,1.133
363.992,0.019395448,0,101.4652344,96.23544154,0.919408493,-5.284008065,991,30.4,99.9,0,23.1875,0,1.133
364.092,0.019275848,0,101.4652344,96.24506171,0.948538773,-5.232205333,991,30.4,99.9,0,23.1875,0,1.133
364.192,0.019355581,0,101.4555882,96.19696124,0.945302075,-5.200326729,986,30.4,99.9,0,23.1875,0,1.133
364.292,0.019355581,0,101.4170041,96.19696124,0.961485564,-5.216266031,986,30.4,99.9,0,23.1875,0,1.133
364.392,0.019235981,0,101.4362961,96.19696124,0.964722262,-5.132584695,986,30.4,99.9,0,23.1875,0,1.133
364.492,0.019235981,0,101.4170041,96.19696124,0.942065377,-5.192357078,986,30.4,99.9,0,23.1875,0,1.133
364.592,0.019235981,0,101.3977123,96.19696124,0.961485564,-5.212281205,986,30.4,99.9,0,23.1875,0,1.133
364.692,0.019275848,0,101.4073582,96.19696124,0.961485564,-5.188372252,986,30.4,99.9,0,23.1875,0,1.133
364.792,0.019275848,0,101.4170041,96.17772133,0.938828679,-5.212281205,986,30.4,99.9,0,23.1875,0,1.133
364.892,0.019196115,0,101.3977123,96.14886175,0.912935097,-5.244159809,986,30.4,99.9,0,23.1875,0,1.133
364.992,0.019196115,0,101.3784207,96.15848157,0.919408493,-5.248144635,986,30.4,99.9,0,23.1875,0,1.133
365.092,0.019196115,0,101.3880665,96.13924197,0.938828679,-5.276038414,986,30.4,99.9,0,23.1875,0,1.133
365.192,0.019196115,0,101.3591293,96.12000252,0.964722262,-5.228220507,986,30.4,99.9,0,23.1875,0,1.133
365.292,0.019156248,0,101.3591293,96.10076323,0.932355284,-5.188372252,980,30.4,99.9,0,23.1875,0,1.133
365.392,0.019235981,0,101.3591293,96.12962222,1.010036031,-5.144539172,980,30.4,99.9,0,23.1875,0,1.133
365.492,0.019235981,0,101.368775,96.0815241,0.935591982,-5.216266031,980,30.4,99.9,0,23.1875,0,1.133
365.592,0.019116382,0,101.339838,96.0815241,0.964722262,-5.196341903,980,30.4,99.9,0,23.1875,0,1.133
365.692,0.019196115,0,101.3301924,96.0815241,0.96795896,-5.25212946,980,30.4,99.9,0,23.1875,0,1.133
365.792,0.019156248,0,101.3205469,96.0815241,0.912935097,-5.25212946,980,30.4,99.9,0,23.1875,0,1.133
365.892,0.019116382,0,101.301256,96.05266569,0.932355284,-5.164463299,980,30.4,99.9,0,23.1875,0,1.133
365.992,0.019156248,0,101.3109015,96.04304629,0.971195658,-5.228220507,980,30.4,99.9,0,23.1875,0,1.133
366.092,0.019156248,0,101.3109015,96.05266569,0.909698399,-5.212281205,980,30.4,99.9,0,23.1875,0,1.133
366.192,0.019116382,0,101.3109015,96.02380763,0.948538773,-5.17243295,980,30.4,99.9,0,23.1875,0,1.133
366.292,0.019076515,0,101.301256,96.01418835,0.987379147,-5.295962541,980,30.4,99.9,0,23.1875,0,1.133
366.392,0.019036648,0,101.27232,96.00456911,0.945302075,-5.140554346,976,30.4,99.9,0,23.1875,0,1.133
366.492,0.019116382,0,101.2626748,95.98533076,0.919408493,-5.216266031,976,30.4,99.9,0,23.1875,0,1.133
366.592,0.019036648,0,101.2819653,95.97571164,0.961485564,-5.204311554,976,30.4,99.9,0,23.1875,0,1.133
366.692,0.019036648,0,101.2626748,95.96609255,0.951775471,-5.216266031,976,30.4,99.9,0,23.1875,0,1.133
366.792,0.019116382,0,101.27232,95.96609255,0.955012169,-5.196341903,976,30.4,99.9,0,23.1875,0,1.133
366.892,0.019156248,0,101.2530296,95.94685451,0.945302075,-5.204311554,976,30.4,99.9,0,23.1875,0,1.133
366.992,0.019036648,0,101.2240943,95.92761661,0.984142449,-5.220250856,976,30.4,99.9,0,23.1875,0,1.133
367.092,0.019116382,0,101.2240943,95.91799773,0.964722262,-5.180402601,976,30.4,99.9,0,23.1875,0,1.133
367.192,0.019116382,0,101.2144493,95.90837888,0.971195658,-5.25212946,976,30.4,99.9,0,23.1875,0,1.133
367.292,0.018956915,0,101.1951594,95.89876007,0.938828679,-5.196341903,976,30.4,99.9,0,23.1875,0,1.133
367.392,0.019036648,0,101.2240943,95.8891413,0.916171795,-5.148523997,976,30.4,99.9,0,23.1875,0,1.133
367.492,0.018996782,0,101.2144493,95.8891413,0.935591982,-5.100706091,976,30.4,99.9,0,23.1875,0,1.133
367.592,0.018956915,0,101.1855145,95.87952256,0.92264519,-5.156493648,972,30.4,99.9,0,23.1875,0,1.133
367.692,0.018956915,0,101.1758696,95.86990387,0.938828679,-5.204311554,972,30.4,99.9,0,23.1875,0,1.133
367.792,0.018996782,0,101.1758696,95.82181098,0.942065377,-5.136569521,972,30.4,99.9,0,23.1875,0,1.133
367.892,0.019036648,0,101.1662249,95.82181098,0.942065377,-5.188372252,972,30.4,99.9,0,23.1875,0,1.133
367.992,0.018917049,0,101.1662249,95.7929557,0.945302075,-5.164463299,972,30.4,99.9,0,23.1875,0,1.133
368.092,0.018956915,0,101.1372908,95.80257409,0.951775471,-5.120630219,972,30.4,99.9,0,23.1875,0,1.133
368.192,0.019036648,0,101.1372908,95.80257409,0.955012169,-5.156493648,972,30.4,99.9,0,23.1875,0,1.133
368.292,0.018956915,0,101.1469354,95.7929557,0.912935097,-5.144539172,972,30.4,99.9,0,23.1875,0,1.133
368.392,0.018956915,0,101.1372908,95.77371905,0.945302075,-5.20829638,972,30.4,99.9,0,23.1875,0,1.133
368.492,0.018917049,0,101.1372908,95.78333736,0.971195658,-5.084766789,972,30.4,99.9,0,23.1875,0,1.133
368.592,0.018956915,0,101.1083571,95.74486435,0.951775471,-5.144539172,972,30.4,99.9,0,23.1875,0,1.133
368.692,0.018797449,0,101.0987126,95.71601,0.867621327,-5.188372252,968,30.4,99.9,0,23.1875,0,1.133
368.792,0.018837315,0,101.1083571,95.74486435,0.929118586,-5.200326729,968,30.4,99.9,0,23.1875,0,1.133
368.892,0.018917049,0,101.0890681,95.72562808,0.929118586,-5.120630219,968,30.4,99.9,0,23.1875,0,1.133
368.992,0.018837315,0,101.0697794,95.71601,0.948538773,-5.160478474,968,30.4,99.9,0,23.1875,0,1.133
369.092,0.018837315,0,101.0601351,95.67753808,0.925881888,-5.140554346,968,30.4,99.9,0,23.1875,0,1.133
369.192,0.018837315,0,101.0601351,95.67753808,0.984142449,-5.184387427,968,30.4,99.9,0,23.1875,0,1.133
369.292,0.018797449,0,101.0408467,95.687156,0.974432355,-5.088751615,968,30.4,99.9,0,23.1875,0,1.133
369.392,0.018877182,0,101.0504909,95.67753808,0.945302075,-5.160478474,968,30.4,99.9,0,23.1875,0,1.133
369.492,0.018837315,0,101.0408467,95.66792019,0.948538773,-5.148523997,968,30.4,99.9,0,23.1875,0,1.133
369.592,0.018837315,0,101.0504909,95.65830234,0.955012169,-5.028979232,968,30.4,99.9,0,23.1875,0,1.133
369.692,0.018797449,0,101.0215584,95.62944903,0.932355284,-5.124615044,968,30.4,99.9,0,23.1875,0,1.133
369.792,0.018797449,0,101.0119143,95.64868453,0.919408493,-5.188372252,965,30.4,99.9,0,23.1875,0,1.133
369.892,0.018757582,0,101.0215584,95.61983134,0.929118586,-5.04890336,965,30.4,99.9,0,23.1875,0,1.132
369.992,0.018757582,0,101.0215584,95.62944903,0.961485564,-5.088751615,965,30.4,99.9,0,23.1875,0,1.132
370.092,0.018917049,0,100.9733385,95.60059606,0.942065377,-5.116645393,965,30.4,99.9,0,23.1875,0,1.132
370.192,0.018757582,0,100.9926263,95.59097849,0.916171795,-5.152508823,965,30.4,99.9,0,23.1875,0,1.132
370.292,0.018797449,0,100.9926263,95.58136095,0.971195658,-5.144539172,965,30.4,99.9,0,23.1875,0,1.132
370.392,0.018677849,0,100.9733385,95.58136095,0.951775471,-5.09273644,965,30.4,99.9,0,23.1875,0,1.132
370.492,0.018677849,0,100.9540508,95.56212598,0.977669053,-5.096721266,965,30.4,99.9,0,23.1875,0,1.132
370.592,0.018717716,0,100.9347634,95.54289116,0.948538773,-5.124615044,965,30.4,99.9,0,23.1875,0,1.132
370.692,0.018717716,0,100.9444071,95.56212598,0.951775471,-5.01303993,965,30.4,99.9,0,23.1875,0,1.132
370.792,0.018677849,0,100.9154761,95.5236565,0.877331421,-5.032964058,965,30.4,99.9,0,23.1875,0,1.132
370.892,0.018757582,0,100.9444071,95.50442199,0.945302075,-5.168448125,962,30.4,99.9,0,23.1875,0,1.132
370.992,0.018637982,0,100.9251197,95.48518764,0.912935097,-5.017024756,962,30.4,99.9,0,23.1875,0,1.132
371.092,0.018598116,0,100.9251197,95.47557052,0.980905751,-5.104690917,962,30.4,99.9,0,23.1875,0,1.132
371.192,0.018637982,0,100.9058325,95.46595343,0.964722262,-5.100706091,962,30.4,99.9,0,23.1875,0,1.132
371.292,0.018637982,0,100.8961889,95.45633639,0.925881888,-5.044918534,962,30.4,99.9,0,23.1875,0,1.132
371.392,0.018677849,0,100.876902,95.48518764,0.942065377,-5.116645393,962,30.4,99.9,0,23.1875,0,1.132
371.492,0.018637982,0,100.876902,95.45633639,0.971195658,-5.09273644,962,30.4,99.9,0,23.1875,0,1.132
371.592,0.018598116,0,100.8672586,95.45633639,0.935591982,-5.072812313,962,30.4,99.9,0,23.1875,0,1.132
371.692,0.018677849,0,100.8383287,95.42748548,0.971195658,-4.953267548,962,30.4,99.9,0,23.1875,0,1.133
371.792,0.018598116,0,100.847972,95.40825174,0.961485564,-5.060857836,962,30.4,99.9,0,23.1875,0,1.133
371.892,0.018558249,0,100.8383287,95.40825174,0.96795896,-5.036948883,962,30.4,99.9,0,23.1875,0,1.133
371.992,0.018637982,0,100.8576153,95.38901814,0.951775471,-5.076797138,960,30.4,99.9,0,23.1875,0,1.133
372.092,0.018558249,0,100.8190423,95.38901814,0.955012169,-5.088751615,960,30.4,99.9,0,23.1875,0,1.133
372.192,0.018518383,0,100.8190423,95.36016804,0.935591982,-5.100706091,960,30.4,99.9,0,23.1875,0,1.133
372.292,0.018518383,0,100.7997561,95.35055141,0.925881888,-4.985146152,960,30.4,99.9,0,23.1875,0,1.133
372.392,0.01843865,0,100.790113,95.35055141,0.916171795,-5.084766789,960,30.4,99.9,0,23.1875,0,1.133
372.492,0.018558249,0,100.78047,95.34093482,0.912935097,-5.044918534,960,30.4,99.9,0,23.1875,0,1.133
372.592,0.018598116,0,100.790113,95.32170176,0.912935097,-5.021009581,960,30.4,99.9,0,23.1875,0,1.133
372.692,0.018518383,0,100.790113,95.32170176,0.899988306,-5.01303993,960,30.4,99.9,0,23.1875,0,1.133
372.792,0.018478516,0,100.790113,95.32170176,0.984142449,-5.001085454,960,30.4,99.9,0,23.1875,0,1.133
372.892,0.018518383,0,100.7611842,95.26400348,0.951775471,-5.112660568,960,30.4,99.9,0,23.1875,0,1.133
372.992,0.018518383,0,100.7611842,95.27361976,0.938828679,-5.017024756,960,30.4,99.9,0,23.1875,0,1.133
373.092,0.01843865,0,100.7515413,95.26400348,0.903225003,-5.01303993,950,30.4,99.9,0,23.1875,0,1.133
373.192,0.018558249,0,100.722613,95.29285245,0.912935097,-5.017024756,950,30.4,99.9,0,23.1875,0,1.133
373.292,0.018518383,0,100.722613,95.26400348,0.955012169,-5.120630219,950,30.4,99.9,0,23.1875,0,1.133
373.392,0.018478516,0,100.7033277,95.24477102,0.971195658,-5.116645393,950,30.4,99.9,0,23.1875,0,1.133
373.492,0.018478516,0,100.6936851,95.24477102,0.977669053,-5.040933709,950,30.4,99.9,0,23.1875,0,1.133
373.592,0.018398783,0,100.7033277,95.19669054,0.945302075,-5.032964058,950,30.4,99.9,0,23.1875,0,1.133
373.692,0.018398783,0,100.7033277,95.18707455,0.932355284,-5.084766789,950,30.4,99.9,0,23.1875,0,1.133
373.792,0.018478516,0,100.6744,95.20630656,1.003562636,-5.04890336,950,30.4,99.9,0,23.1875,0,1.133
373.892,0.018398783,0,100.6454728,95.19669054,0.96795896,-5.01303993,950,30.4,99.9,0,23.1875,0,1.133
373.992,0.018478516,0,100.6647575,95.148611,0.938828679,-5.056873011,950,30.4,99.9,0,23.1875,0,1.133
374.092,0.018358916,0,100.6744,95.15822683,0.906461701,-4.929358595,940,30.4,99.9,0,23.1875,0,1.133
374.192,0.01843865,0,100.6647575,95.15822683,0.955012169,-5.052888185,940,30.4,99.9,0,23.1875,0,1.133
374.292,0.018358916,0,100.6647575,95.15822683,0.951775471,-5.112660568,940,30.4,99.9,0,23.1875,0,1.133
374.392,0.018358916,0,100.6358304,95.1389952,0.903225003,-5.084766789,940,30.4,99.9,0,23.1875,0,1.133
374.492,0.01831905,0,100.6358304,95.12937944,0.929118586,-4.977176501,940,30.4,99.9,0,23.1875,0,1.133
374.592,0.01831905,0,100.6165459,95.11976372,0.945302075,-5.108675742,940,30.4,99.9,0,23.1875,0,1.133
374.692,0.01831905,0,100.6165459,95.1389952,0.938828679,-5.028979232,940,30.4,99.9,0,23.1875,0,1.133
374.792,0.018398783,0,100.5972616,95.07168569,0.896751608,-5.024994407,940,30.4,99.9,0,23.1875,0,1.133
374.892,0.018239317,0,100.5972616,95.11014804,0.912935097,-5.01303993,940,30.4,99.9,0,23.1875,0,1.133
374.992,0.01831905,0,100.5779774,95.08130122,0.948538773,-5.01303993,940,30.4,99.9,0,23.1875,0,1.133
375.092,0.018358916,0,100.5683354,95.08130122,0.942065377,-5.144539172,940,30.4,99.9,0,23.1875,0,1.133
375.192,0.01831905,0,100.5779774,95.07168569,0.938828679,-5.017024756,932,30.4,99.9,0,23.1875,0,1.133
375.292,0.018239317,0,100.5490515,95.03322394,0.903225003,-5.108675742,932,30.4,99.9,0,23.1875,0,1.133
375.392,0.018279183,0,100.5394096,95.05245474,0.932355284,-5.064842662,932,30.4,99.9,0,23.1875,0,1.133
375.492,0.018279183,0,100.5586934,95.04283932,0.929118586,-4.917404118,932,30.4,99.9,0,23.1875,0,1.133
375.592,0.018279183,0,100.5297677,95.02360859,0.916171795,-4.953267548,932,30.4,99.9,0,23.1875,0,1.133
375.692,0.018279183,0,100.5104842,95.02360859,0.964722262,-5.001085454,932,30.4,99.9,0,23.1875,0,1.133
375.792,0.018279183,0,100.520126,95.01399329,0.958248866,-4.96920685,932,30.4,99.9,0,23.1875,0,1.133
375.892,0.018239317,0,100.5008425,94.99476278,0.932355284,-5.021009581,932,30.4,99.9,0,23.1875,0,1.133
375.992,0.01831905,0,100.4912008,94.97553243,0.909698399,-5.001085454,932,30.4,99.9,0,23.1875,0,1.133
376.092,0.01819945,0,100.4912008,94.95630223,0.935591982,-5.052888185,932,30.4,99.9,0,23.1875,0,1.133
376.192,0.018279183,0,100.4912008,94.94668719,0.971195658,-5.060857836,932,30.4,99.9,0,23.1875,0,1.133
376.292,0.018239317,0,100.4815592,94.96591731,0.932355284,-5.017024756,927,30.4,99.9,0,23.1875,0,1.133
376.392,0.018279183,0,100.4719176,94.94668719,0.929118586,-5.044918534,927,30.4,99.9,0,23.1875,0,1.133
376.492,0.018239317,0,100.4719176,94.93707218,0.925881888,-5.036948883,927,30.4,99.9,0,23.1875,0,1.133
376.592,0.018159583,0,100.4429932,94.91784228,0.925881888,-5.044918534,927,30.4,99.9,0,23.1875,0,1.133
376.692,0.01819945,0,100.4333518,94.8889977,0.916171795,-5.060857836,927,30.4,99.9,0,23.1875,0,1.133
376.792,0.01819945,0,100.4333518,94.90822738,0.964722262,-4.965222024,927,30.4,99.9,0,23.1875,0,1.133
376.892,0.018159583,0,100.4333518,94.90822738,0.938828679,-4.981161326,927,30.4,99.9,0,23.1875,0,1.133
376.992,0.018119717,0,100.3947866,94.86976817,0.935591982,-4.985146152,927,30.4,99.9,0,23.1875,0,1.133
377.092,0.01819945,0,100.4044279,94.86976817,0.890278212,-5.01303993,927,30.4,99.9,0,23.1875,0,1.133
377.192,0.01807985,0,100.3755043,94.86976817,0.909698399,-5.024994407,927,30.4,99.9,0,23.1875,0,1.133
377.292,0.018159583,0,100.3947866,94.86015346,0.909698399,-5.036948883,927,30.4,99.9,0,23.1875,0,1.133
377.392,0.01819945,0,100.3947866,94.85053879,0.932355284,-5.024994407,922,30.4,99.9,0,23.1875,0,1.133
377.492,0.018119717,0,100.3851455,94.83130956,0.919408493,-4.957252373,922,30.4,99.9,0,23.1875,0,1.133
377.592,0.018119717,0,100.3851455,94.80246599,0.890278212,-5.028979232,922,30.4,99.9,0,23.1875,0,1.133
377.692,0.018000117,0,100.3465812,94.78323713,0.909698399,-5.084766789,922,30.4,99.9,0,23.1875,0,1.133
377.792,0.018159583,0,100.3851455,94.80246599,0.919408493,-5.009055105,922,30.4,99.9,0,23.1875,0,1.133
377.892,0.018039984,0,100.3369403,94.77362276,0.958248866,-4.997100628,922,30.4,99.9,0,23.1875,0,1.133
377.992,0.01796025,0,100.3272993,94.76400842,0.919408493,-4.937328246,922,30.4,99.9,0,23.1875,0,1.133
378.092,0.01807985,0,100.3369403,94.77362276,0.925881888,-5.040933709,922,30.4,99.9,0,23.1875,0,1.133
378.192,0.018000117,0,100.3176585,94.77362276,0.909698399,-4.901464816,922,30.4,99.9,0,23.1875,0,1.133
378.292,0.018039984,0,100.2983769,94.72555144,0.925881888,-4.921388944,922,30.4,99.9,0,23.1875,0,1.133
378.392,0.01796025,0,100.2887361,94.71593729,0.925881888,-4.913419293,922,30.4,99.9,0,23.1875,0,1.133
378.492,0.018039984,0,100.2887361,94.71593729,0.932355284,-4.997100628,918,30.4,99.9,0,23.1875,0,1.133
378.592,0.018039984,0,100.3176585,94.71593729,0.906461701,-4.961237199,918,30.4,99.9,0,23.1875,0,1.133
378.692,0.01796025,0,100.2983769,94.67748106,0.971195658,-4.905449642,918,30.4,99.9,0,23.1875,0,1.133
378.792,0.018000117,0,100.2501737,94.68709506,0.948538773,-4.989130977,918,30.4,99.9,0,23.1875,0,1.133
378.892,0.017920384,0,100.2598142,94.67748106,0.870858025,-4.941313071,918,30.4,99.9,0,23.1875,0,1.133
378.992,0.018039984,0,100.2694548,94.64863927,0.906461701,-4.985146152,918,30.4,99.9,0,23.1875,0,1.133
379.092,0.017880517,0,100.2598142,94.65825316,0.86438463,-4.985146152,918,30.4,99.9,0,23.1875,0,1.133
379.192,0.017920384,0,100.2598142,94.62941159,0.938828679,-5.036948883,918,30.4,99.9,0,23.1875,0,1.133
379.292,0.017880517,0,100.2405331,94.62941159,0.925881888,-5.005070279,918,30.4,99.9,0,23.1875,0,1.133
379.392,0.017880517,0,100.2501737,94.63902541,0.945302075,-4.957252373,918,30.4,99.9,0,23.1875,0,1.133
379.492,0.017840651,0,100.2405331,94.60057036,0.916171795,-4.929358595,918,30.4,99.9,0,23.1875,0,1.133
379.592,0.017840651,0,100.2501737,94.57172946,0.909698399,-4.973191675,914,30.4,99.9,0,23.1875,0,1.133
379.692,0.017840651,0,100.2019715,94.59095669,0.971195658,-4.981161326,914,30.4,99.9,0,23.1875,0,1.133
379.792,0.017920384,0,100.2019715,94.57172946,0.916171795,-4.941313071,914,30.4,99.9,0,23.1875,0,1.133
379.892,0.017840651,0,100.2019715,94.55250237,0.906461701,-4.869586212,914,30.4,99.9,0,23.1875,0,1.133
379.992,0.017800784,0,100.182691,94.5621159,0.925881888,-4.925373769,914,30.4,99.9,0,23.1875,0,1.133
380.092,0.017760917,0,100.2019715,94.53327543,0.932355284,-4.929358595,914,30.4,99.9,0,23.1875,0,1.133
380.192,0.017800784,0,100.182691,94.54288888,0.896751608,-4.88951034,914,30.4,99.9,0,23.1875,0,1.132
380.292,0.017840651,0,100.1441304,94.51404864,0.932355284,-4.909434467,914,30.4,99.9,0,23.21875,0,1.132
380.392,0.017760917,0,100.1730508,94.51404864,0.945302075,-4.93334342,914,30.4,99.9,0,23.21875,0,1.132
380.492,0.017760917,0,100.1441304,94.5044353,0.932355284,-5.009055105,914,30.4,99.9,0,23.1875,0,1.132
380.592,0.017721051,0,100.1634106,94.494822,0.935591982,-4.873571038,914,30.4,99.9,0,23.1875,0,1.132
380.692,0.017721051,0,100.1537705,94.494822,0.909698399,-4.953267548,911,30.4,99.9,0,23.21875,0,1.132
380.792,0.017800784,0,100.1344904,94.46598231,0.925881888,-4.929358595,911,30.4,99.9,0,23.21875,0,1.132
380.892,0.017721051,0,100.1248504,94.45636916,0.932355284,-4.857631736,911,30.4,99.9,0,23.21875,0,1.132
380.992,0.017800784,0,100.1344904,94.44675604,0.938828679,-4.941313071,911,30.4,99.9,0,23.21875,0,1.132
381.092,0.017721051,0,100.0959307,94.4179169,0.86438463,-4.949282722,911,30.4,99.9,0,23.21875,0,1.132
381.192,0.017760917,0,100.1248504,94.4179169,0.912935097,-4.833722783,911,30.4,99.9,0,23.21875,0,1.132
381.292,0.017760917,0,100.1248504,94.4179169,0.916171795,-4.917404118,911,30.4,99.9,0,23.21875,0,1.132
381.392,0.017681184,0,100.0862909,94.40830393,0.935591982,-4.929358595,911,30.4,99.9,0,23.21875,0,1.132
381.492,0.017681184,0,100.0959307,94.4179169,0.92264519,-4.877555863,911,30.4,99.9,0,23.21875,0,1.132
381.592,0.017641318,0,100.1152105,94.3698524,0.945302075,-4.841692434,911,30.4,99.9,0,23.21875,0,1.132
381.692,0.017681184,0,100.0670114,94.36023961,0.925881888,-4.949282722,911,30.4,99.9,0,23.21875,0,1.132
381.792,0.017641318,0,100.0573718,94.3698524,0.932355284,-4.981161326,908,30.4,99.9,0,23.21875,0,1.132
381.892,0.017721051,0,100.0380925,94.35062686,0.916171795,-4.837707608,908,30.4,99.9,0,23.21875,0,1.132
381.992,0.017601451,0,100.0573718,94.35062686,0.974432355,-4.937328246,908,30.4,99.9,0,23.21875,0,1.132
382.092,0.017641318,0,100.0188135,94.33140146,0.903225003,-4.833722783,908,30.4,99.9,0,23.21875,0,1.132
382.192,0.017601451,0,100.028453,94.33140146,0.880568119,-4.945297897,908,30.4,99.9,0,23.21875,0,1.132
382.292,0.017641318,0,100.0477321,94.2929511,0.880568119,-4.917404118,908,30.4,99.9,0,23.21875,0,1.132
382.392,0.017601451,0,100.0477321,94.30256364,0.906461701,-4.901464816,908,30.4,99.9,0,23.21875,0,1.132
382.492,0.017601451,0,100.0188135,94.2929511,0.903225003,-4.897479991,908,30.4,99.9,0,23.21875,0,1.132
382.592,0.017561585,0,100.009174,94.24488897,0.906461701,-4.93334342,908,30.4,99.9,0,23.21875,0,1.132
382.692,0.017561585,0,100.009174,94.26411372,0.909698399,-4.893495165,908,30.4,99.9,0,23.21875,0,1.132
382.792,0.017601451,0,100.009174,94.26411372,0.945302075,-4.829737957,908,30.4,99.9,0,23.21875,0,1.132
382.892,0.017601451,0,99.98989523,94.27372614,0.942065377,-4.929358595,902,30.4,99.9,0,23.21875,0,1.132
382.992,0.017601451,0,100.009174,94.23527666,0.919408493,-4.865601387,902,30.4,99.9,0,23.21875,0,1.132
383.092,0.017601451,0,99.96097738,94.23527666,0.919408493,-4.841692434,902,30.4,99.9,0,23.21875,0,1.132
383.192,0.017521718,0,99.97061662,94.22566438,0.874094723,-4.877555863,902,30.4,99.9,0,23.21875,0,1.132
383.292,0.017601451,0,99.96097738,94.21605214,0.909698399,-4.861616561,902,30.4,99.9,0,23.21875,0,1.132
383.392,0.017441985,0,99.97061662,94.17760352,0.903225003,-4.873571038,902,30.4,99.9,0,23.21875,0,1.132
383.492,0.017521718,0,99.97061662,94.20643993,0.909698399,-4.833722783,902,30.4,99.9,0,23.21875,0,1.132
383.592,0.017681184,0,99.95133819,94.18721562,0.912935097,-4.873571038,902,30.4,99.9,0,23.21875,0,1.133
383.692,0.017521718,0,99.94169903,94.17760352,0.912935097,-4.85364691,902,30.4,99.9,0,23.21875,0,1.133
383.792,0.017481851,0,99.93205992,94.14876745,0.89351491,-4.913419293,902,30.4,99.9,0,23.21875,0,1.133
383.892,0.017441985,0,99.93205992,94.14876745,0.971195658,-4.913419293,902,30.4,99.9,0,23.21875,0,1.133
383.992,0.017441985,0,99.95133819,94.14876745,0.890278212,-4.829737957,892,30.4,99.9,0,23.21875,0,1.133
384.092,0.017481851,0,99.92242086,94.11031985,0.919408493,-4.877555863,892,30.4,99.9,0,23.21875,0,1.133
384.192,0.017441985,0,99.91278184,94.1199317,0.938828679,-4.845677259,892,30.4,99.9,0,23.21875,0,1.133
384.292,0.017481851,0,99.94169903,94.11031985,0.916171795,-4.817783481,892,30.4,99.9,0,23.21875,0,1.133
384.392,0.017441985,0,99.89350393,94.11031985,0.903225003,-4.754026273,892,30.4,99.9,0,23.21875,0,1.133
384.492,0.017441985,0,99.90314286,94.10070804,0.912935097,-4.805829004,892,30.4,99.9,0,23.21875,0,1.133
384.592,0.017521718,0,99.90314286,94.05264954,0.877331421,-4.817783481,892,30.4,99.9,0,23.21875,0,1.133
384.692,0.017481851,0,99.92242086,94.08148454,0.880568119,-4.905449642,892,30.4,99.9,0,23.21875,0,1.133
384.792,0.017481851,0,99.85494863,94.08148454,0.916171795,-4.7739504,892,30.4,99.9,0,23.21875,0,1.133
384.892,0.017362252,0,99.89350393,94.08148454,0.916171795,-4.873571038,892,30.4,99.9,0,23.21875,0,1.133
384.992,0.017402118,0,99.87422619,94.06226117,0.916171795,-4.85364691,892,30.4,99.9,0,23.21875,0,1.133
385.092,0.017402118,0,99.86458739,94.02381488,0.903225003,-4.905449642,885,30.4,99.9,0,23.21875,0,1.133
385.192,0.017362252,0,99.84530991,94.00459195,0.938828679,-4.917404118,885,30.4,99.9,0,23.21875,0,1.133
385.292,0.017282518,0,99.84530991,94.00459195,0.938828679,-4.80981383,885,30.4,99.9,0,23.21875,0,1.133
385.392,0.017362252,0,99.82603261,93.97575782,0.974432355,-4.813798655,885,30.4,99.9,0,23.21875,0,1.133
385.492,0.017441985,0,99.82603261,93.99498053,0.848201141,-4.909434467,885,30.4,99.9,0,23.21875,0,1.133
385.592,0.017362252,0,99.84530991,93.96614652,0.942065377,-4.801844179,885,30.4,99.9,0,23.21875,0,1.133
385.692,0.017322385,0,99.81639403,93.98536916,0.870858025,-4.821768306,885,30.4,99.9,0,23.21875,0,1.133
385.792,0.017282518,0,99.83567124,93.95653525,0.912935097,-4.785904877,885,30.4,99.9,0,23.21875,0,1.133
385.892,0.017402118,0,99.83567124,93.94692402,0.92264519,-4.797859353,885,30.4,99.9,0,23.21875,0,1.133
385.992,0.017282518,0,99.80675549,93.95653525,0.916171795,-4.837707608,885,30.4,99.9,0,23.21875,0,1.133
386.092,0.017282518,0,99.76820176,93.93731282,0.909698399,-4.861616561,885,30.4,99.9,0,23.21875,0,1.133
386.192,0.017282518,0,99.80675549,93.91809054,0.909698399,-4.913419293,882,30.4,99.9,0,23.21875,0,1.133
386.292,0.017362252,0,99.78747853,93.91809054,0.86438463,-4.750041447,882,30.4,99.9,0,23.21875,0,1.133
386.392,0.017322385,0,99.75856343,93.90847945,0.925881888,-4.698238716,882,30.4,99.9,0,23.21875,0,1.133
386.492,0.017242652,0,99.78747853,93.8796464,0.935591982,-4.837707608,882,30.4,99.9,0,23.21875,0,1.133
386.592,0.017242652,0,99.75856343,93.87003546,0.935591982,-4.7739504,882,30.4,99.9,0,23.21875,0,1.133
386.692,0.017202785,0,99.75856343,93.8796464,0.874094723,-4.80981383,882,30.4,99.9,0,23.21875,0,1.133
386.792,0.017242652,0,99.75856343,93.83159204,0.919408493,-4.722147669,882,30.4,99.9,0,23.21875,0,1.133
386.892,0.017202785,0,99.74892515,93.82198127,0.92264519,-4.805829004,882,30.4,99.9,0,23.21875,0,1.133
386.992,0.017242652,0,99.72964872,93.83159204,0.948538773,-4.80981383,882,30.4,99.9,0,23.21875,0,1.133
387.092,0.017202785,0,99.73928692,93.82198127,0.906461701,-4.865601387,882,30.4,99.9,0,23.21875,0,1.132
387.192,0.017202785,0,99.7007344,93.79314919,0.89351491,-4.765980749,882,30.4,99.9,0,23.21875,0,1.132
387.292,0.017202785,0,99.7007344,93.82198127,0.903225003,-4.682299414,877,30.4,99.9,0,23.21875,0,1.132
387.392,0.017242652,0,99.7007344,93.80275985,0.925881888,-4.73011732,877,30.4,99.9,0,23.21875,0,1.132
387.492,0.017202785,0,99.71037247,93.81237054,0.906461701,-4.746056622,877,30.4,99.9,0,23.21875,0,1.132
387.592,0.017083185,0,99.69109638,93.79314919,0.938828679,-4.734102145,877,30.4,99.9,0,23.21875,0,1.132
387.692,0.017162919,0,99.68145841,93.75470692,0.925881888,-4.781920051,877,30.4,99.9,0,23.21875,0,1.132
387.792,0.017123052,0,99.67182048,93.75470692,0.867621327,-4.893495165,877,30.4,99.9,0,23.21875,0,1.132
387.892,0.017162919,0,99.66218259,93.74509644,0.942065377,-4.777935226,877,30.4,99.9,0,23.21875,0,1.132
387.992,0.017162919,0,99.68145841,93.73548599,0.955012169,-4.734102145,877,30.4,99.9,0,23.21875,0,1.132
388.092,0.017083185,0,99.68145841,93.72587558,0.916171795,-4.805829004,877,30.4,99.9,0,23.21875,0,1.132
388.192,0.017083185,0,99.67182048,93.71626521,0.89351491,-4.69425389,877,30.4,99.9,0,23.21875,0,1.132
388.292,0.017123052,0,99.63326918,93.73548599,0.903225003,-4.765980749,877,30.4,99.9,0,23.21875,0,1.132
388.392,0.017043319,0,99.63326918,93.71626521,0.906461701,-4.602602904,875,30.4,99.9,0,23.21875,0,1.132
388.492,0.017083185,0,99.64290694,93.68743431,0.899988306,-4.758011098,875,30.4,99.9,0,23.21875,0,1.132
388.592,0.017003452,0,99.62363147,93.66821388,0.912935097,-4.710193192,875,30.4,99.9,0,23.21875,0,1.132
388.692,0.017083185,0,99.64290694,93.6489936,0.89351491,-4.817783481,875,30.4,99.9,0,23.21875,0,1.132
388.792,0.017043319,0,99.62363147,93.62977346,0.92264519,-4.754026273,875,30.4,99.9,0,23.21875,0,1.132
388.892,0.017083185,0,99.60435616,93.6489936,0.912935097,-4.702223541,875,30.4,99.9,0,23.21875,0,1.132
388.992,0.016963586,0,99.58508104,93.62977346,0.935591982,-4.781920051,875,30.4,99.9,0,23.21875,0,1.132
389.092,0.017003452,0,99.58508104,93.60094351,0.932355284,-4.765980749,875,30.4,99.9,0,23.21875,0,1.132
389.192,0.017043319,0,99.56580608,93.58172372,0.912935097,-4.781920051,875,30.4,99.9,0,23.21875,0,1.132
389.292,0.017003452,0,99.56580608,93.5913336,0.92264519,-4.777935226,875,30.4,99.9,0,23.21875,0,1.132
389.392,0.016963586,0,99.55616867,93.60094351,0.877331421,-4.666360112,875,30.4,99.9,0,23.21875,0,1.132
389.492,0.017003452,0,99.52725669,93.56250408,0.890278212,-4.754026273,871,30.4,99.9,0,23.21875,0,1.132
389.592,0.017043319,0,99.53689398,93.56250408,0.919408493,-4.777935226,871,30.4,99.9,0,23.21875,0,1.132
389.692,0.017003452,0,99.53689398,93.55289431,0.877331421,-4.670344937,871,30.4,99.9,0,23.21875,0,1.132
389.792,0.016963586,0,99.51761946,93.57211388,0.896751608,-4.666360112,871,30.4,99.9,0,23.21875,0,1.132
389.892,0.017003452,0,99.50798226,93.52406521,0.916171795,-4.69425389,871,30.4,99.9,0,23.21875,0,1.132
389.992,0.016923719,0,99.50798226,93.54328458,0.867621327,-4.754026273,871,30.4,99.9,0,23.21875,0,1.132
390.092,0.016923719,0,99.50798226,93.51445558,0.890278212,-4.754026273,871,30.4,99.9,0,23.21875,0,1.132
390.192,0.016963586,0,99.47907093,93.50484599,0.909698399,-4.765980749,871,30.4,99.9,0,23.21875,0,1.132
390.292,0.016923719,0,99.47907093,93.49523643,0.935591982,-4.698238716,871,30.4,99.9,0,23.21875,0,1.132
390.392,0.016883853,0,99.46943391,93.48562691,0.870858025,-4.706208367,871,30.4,99.9,0,23.21875,0,1.132
390.492,0.016963586,0,99.45015999,93.49523643,0.906461701,-4.726132494,871,30.4,99.9,0,23.21875,0,1.132
390.592,0.016923719,0,99.4405231,93.46640797,0.899988306,-4.742071796,867,30.4,99.9,0,23.21875,0,1.132
390.692,0.016963586,0,99.4405231,93.44718918,0.929118586,-4.785904877,867,30.4,99.9,0,23.21875,0,1.132
390.792,0.016923719,0,99.4405231,93.42797052,0.932355284,-4.706208367,867,30.4,99.9,0,23.21875,0,1.132
390.892,0.016883853,0,99.45015999,93.43757983,0.890278212,-4.666360112,867,30.4,99.9,0,23.21875,0,1.132
390.992,0.016804119,0,99.43088625,93.408752,0.906461701,-4.710193192,867,30.4,99.9,0,23.21875,0,1.132
391.092,0.016963586,0,99.42124944,93.42797052,0.880568119,-4.666360112,867,30.4,99.9,0,23.21875,0,1.132
391.192,0.016883853,0,99.41161268,93.3991428,0.929118586,-4.7739504,867,30.4,99.9,0,23.21875,0,1.132
391.292,0.016843986,0,99.37306605,93.38953363,0.877331421,-4.754026273,867,30.4,99.9,0,23.21875,0,1.132
391.392,0.016883853,0,99.39233928,93.36070633,0.912935097,-4.754026273,867,30.4,99.9,0,23.21875,0,1.132
391.492,0.016843986,0,99.39233928,93.37031539,0.948538773,-4.622527031,867,30.4,99.9,0,23.21875,0,1.132
391.592,0.016764253,0,99.39233928,93.3510973,0.887041514,-4.73011732,867,30.4,99.9,0,23.21875,0,1.132
391.692,0.01668452,0,99.3634295,93.33187934,0.883804817,-4.670344937,867,30.4,99.9,0,23.21875,0,1.132
391.792,0.016843986,0,99.353793,93.33187934,0.874094723,-4.69425389,861,30.4,99.9,0,23.21875,0,1.132
391.892,0.016764253,0,99.353793,93.32227042,0.919408493,-4.777935226,861,30.4,99.9,0,23.21875,0,1.132
391.992,0.016843986,0,99.353793,93.32227042,0.874094723,-4.702223541,861,30.4,99.9,0,23.21875,0,1.132
392.092,0.016843986,0,99.33452012,93.30305267,0.883804817,-4.662375286,861,30.4,99.9,0,23.21875,0,1.132
392.192,0.016843986,0,99.353793,93.33187934,0.906461701,-4.726132494,861,30.4,99.9,0,23.21875,0,1.132
392.292,0.016764253,0,99.30561111,93.29344385,0.919408493,-4.734102145,861,30.4,99.9,0,23.21875,0,1.132
392.392,0.016764253,0,99.30561111,93.28383507,0.916171795,-4.606587729,861,30.4,99.9,0,23.21875,0,1.132
392.492,0.016804119,0,99.31524741,93.27422632,0.880568119,-4.610572555,861,30.4,99.9,0,23.21875,0,1.132
392.592,0.016804119,0,99.30561111,93.23579167,0.903225003,-4.618542206,861,30.4,99.9,0,23.21875,0,1.132
392.692,0.016843986,0,99.29597487,93.23579167,0.942065377,-4.738086971,861,30.4,99.9,0,23.21875,0,1.132
392.792,0.016724386,0,99.2767025,93.25500892,0.912935097,-4.718162843,861,30.4,99.9,0,23.21875,0,1.132
392.892,0.016764253,0,99.28633866,93.21657455,0.92264519,-4.662375286,855,30.4,99.9,0,23.21875,0,1.132
392.992,0.016724386,0,99.2767025,93.17814074,0.890278212,-4.61455738,855,30.4,99.9,0,23.21875,0,1.132
393.092,0.016724386,0,99.2767025,93.20696605,0.909698399,-4.777935226,855,30.4,99.9,0,23.21875,0,1.132
393.192,0.016764253,0,99.2767025,93.17814074,0.857911234,-4.734102145,855,30.4,99.9,0,23.21875,0,1.132
393.292,0.01668452,0,99.26706638,93.16853237,0.916171795,-4.646435984,855,30.4,99.9,0,23.21875,0,1.132
393.392,0.016724386,0,99.23815829,93.17814074,0.932355284,-4.666360112,855,30.4,99.9,0,23.21875,0,1.132
393.492,0.016724386,0,99.24779427,93.17814074,0.867621327,-4.785904877,855,30.4,99.9,0,23.21875,0,1.132
393.592,0.016604786,0,99.21888643,93.13009925,0.896751608,-4.678314588,855,30.4,99.9,0,23.21875,0,1.132
393.692,0.016724386,0,99.20925057,93.13970748,0.874094723,-4.662375286,855,30.4,99.9,0,23.21875,0,1.132
393.792,0.01656492,0,99.21888643,93.12049106,0.861147932,-4.734102145,855,30.4,99.9,0,23.21875,0,1.132
393.892,0.016644653,0,99.19961476,93.13970748,0.883804817,-4.670344937,855,30.4,99.9,0,23.21875,0,1.132
393.992,0.016644653,0,99.20925057,93.12049106,0.89351491,-4.61455738,854,30.4,99.9,0,23.21875,0,1.132
394.092,0.016644653,0,99.19961476,93.10127478,0.92264519,-4.714178018,854,30.4,99.9,0,23.21875,0,1.132
394.192,0.016604786,0,99.15143631,93.10127478,0.870858025,-4.674329763,854,30.4,99.9,0,23.21875,0,1.133
394.292,0.01656492,0,99.16107191,93.08205864,0.899988306,-4.654405635,854,30.4,99.9,0,23.21875,0,1.133
394.392,0.016644653,0,99.17070756,93.07245062,0.874094723,-4.594633253,854,30.4,99.9,0,23.21875,0,1.133
394.492,0.01668452,0,99.18034325,93.05323469,0.89351491,-4.706208367,854,30.4,99.9,0,23.21875,0,1.133
394.592,0.016644653,0,99.12252975,93.05323469,0.877331421,-4.602602904,854,30.4,99.9,0,23.21875,0,1.133
394.692,0.016604786,0,99.14180075,93.05323469,0.916171795,-4.666360112,854,30.4,99.9,0,23.21875,0,1.133
394.792,0.01656492,0,99.13216523,93.02441104,0.929118586,-4.530876045,854,30.4,99.9,0,23.21875,0,1.133
394.892,0.016604786,0,99.14180075,93.01480323,0.935591982,-4.690269065,854,30.4,99.9,0,23.21875,0,1.133
394.992,0.016485187,0,99.11289432,93.00519546,0.919408493,-4.674329763,854,30.4,99.9,0,23.21875,0,1.133
395.092,0.01656492,0,99.10325893,93.02441104,0.874094723,-4.654405635,851,30.4,99.9,0,23.21875,0,1.133
395.192,0.01656492,0,99.12252975,92.98598001,0.867621327,-4.594633253,851,30.4,99.9,0,23.21875,0,1.133
395.292,0.016525053,0,99.09362358,92.96676469,0.925881888,-4.718162843,851,30.4,99.9,0,23.21875,0,1.133
395.392,0.01656492,0,99.10325893,92.99558771,0.909698399,-4.686284239,851,30.4,99.9,0,23.21875,0,1.133
395.492,0.01644532,0,99.0647178,92.97637233,0.857911234,-4.546815347,851,30.4,99.9,0,23.21875,0,1.133
395.592,0.01656492,0,99.07435302,92.94754952,0.874094723,-4.602602904,851,30.4,99.9,0,23.21875,0,1.133
395.692,0.016485187,0,99.07435302,92.92833448,0.909698399,-4.594633253,851,30.4,99.9,0,23.21875,0,1.133
395.792,0.016485187,0,99.0647178,92.93794199,0.896751608,-4.638466333,851,30.4,99.9,0,23.21875,0,1.132
395.892,0.016485187,0,99.04544749,92.91872702,0.912935097,-4.506967092,851,30.4,99.9,0,23.21875,0,1.132
395.992,0.016525053,0,99.05508262,92.90911959,0.903225003,-4.658390461,851,30.4,99.9,0,23.21875,0,1.132
396.092,0.016485187,0,99.02617735,92.92833448,0.887041514,-4.678314588,851,30.4,99.9,0,23.21875,0,1.132
396.192,0.01644532,0,99.02617735,92.89951219,0.887041514,-4.642451159,850,30.4,99.9,0,23.21875,0,1.132
396.292,0.016525053,0,99.02617735,92.8706902,0.883804817,-4.594633253,850,30.4,99.9,0,23.21875,0,1.132
396.392,0.01644532,0,99.00690738,92.86108294,0.916171795,-4.630496682,850,30.4,99.9,0,23.21875,0,1.132
396.492,0.016525053,0,98.99727246,92.86108294,0.916171795,-4.550800173,850,30.4,99.9,0,23.21875,0,1.132
396.592,0.016485187,0,99.02617735,92.86108294,0.870858025,-4.634481508,850,30.4,99.9,0,23.21875,0,1.132
396.692,0.016405453,0,98.97800275,92.83226137,0.89351491,-4.586663602,850,30.4,99.9,0,23.21875,0,1.132
396.792,0.01644532,0,98.99727246,92.81304715,0.912935097,-4.582678776,850,30.4,99.9,0,23.21875,0,1.132
396.892,0.01644532,0,98.96836795,92.83226137,0.919408493,-4.630496682,850,30.4,99.9,0,23.21875,0,1.132
396.992,0.016485187,0,98.9490985,92.81304715,0.896751608,-4.622527031,850,30.4,99.9,0,23.21875,0,1.132
397.092,0.01644532,0,98.96836795,92.81304715,0.906461701,-4.586663602,850,30.4,99.9,0,23.21875,0,1.132
397.192,0.016365587,0,98.9490985,92.77461914,0.89351491,-4.630496682,850,30.4,99.9,0,23.21875,0,1.132
397.292,0.016365587,0,98.92982921,92.78422609,0.890278212,-4.638466333,848,30.4,99.9,0,23.21875,0,1.132
397.392,0.016365587,0,98.92982921,92.75540534,0.857911234,-4.558769824,848,30.4,99.9,0,23.21875,0,1.132
397.492,0.016405453,0,98.92982921,92.75540534,0.89351491,-4.586663602,848,30.4,99.9,0,23.21875,0,1.132
397.592,0.016405453,0,98.93946383,92.75540534,0.877331421,-4.670344937,848,30.4,99.9,0,23.21875,0,1.132
397.692,0.016405453,0,98.9009256,92.71697815,0.838491047,-4.542830522,848,30.4,99.9,0,23.21875,0,1.132
397.792,0.016405453,0,98.89129115,92.7265849,0.874094723,-4.626511857,848,30.4,99.9,0,23.21875,0,1.132
397.892,0.016405453,0,98.87202237,92.71697815,0.899988306,-4.590648427,848,30.4,99.9,0,23.21875,0,1.132
397.992,0.01632572,0,98.87202237,92.70737144,0.916171795,-4.495012616,848,30.4,99.9,0,23.21875,0,1.132
398.092,0.01632572,0,98.89129115,92.6785515,0.880568119,-4.626511857,848,30.4,99.9,0,23.21875,0,1.132
398.192,0.016285854,0,98.87202237,92.6785515,0.880568119,-4.538845696,848,30.4,99.9,0,23.21875,0,1.132
398.292,0.016285854,0,98.85275377,92.68815811,0.861147932,-4.622527031,848,30.4,99.9,0,23.21875,0,1.132
398.392,0.016285854,0,98.84311953,92.6785515,0.86438463,-4.510951918,846,30.4,99.9,0,23.21875,0,1.132
398.492,0.016245987,0,98.86238805,92.66894492,0.86438463,-4.610572555,846,30.4,99.9,0,23.21875,0,1.132
398.592,0.01632572,0,98.82385117,92.64973187,0.903225003,-4.65042081,846,30.4,99.9,0,23.21875,0,1.132
398.692,0.01632572,0,98.83348533,92.6401254,0.916171795,-4.502982267,846,30.4,99.9,0,23.21875,0,1.132
398.792,0.016206121,0,98.81421706,92.61130618,0.912935097,-4.582678776,846,30.4,99.9,0,23.21875,0,1.132
398.892,0.016285854,0,98.81421706,92.61130618,0.844964443,-4.479073314,846,30.4,99.9,0,23.21875,0,1.132
398.992,0.016245987,0,98.81421706,92.57288103,0.832017651,-4.554784998,846,30.4,99.9,0,23.21875,0,1.132
399.092,0.016245987,0,98.82385117,92.58248727,0.890278212,-4.52689122,846,30.4,99.9,0,23.21875,0,1.132
399.192,0.016166254,0,98.80458299,92.58248727,0.880568119,-4.582678776,846,30.4,99.9,0,23.21875,0,1.132
399.292,0.01632572,0,98.79494896,92.56327483,0.874094723,-4.558769824,846,30.4,99.9,0,23.21875,0,1.131
399.392,0.016166254,0,98.78531498,92.58248727,0.890278212,-4.558769824,846,30.4,99.9,0,23.21875,0,1.131
399.492,0.016285854,0,98.77568104,92.53445642,0.912935097,-4.550800173,844,30.4,99.9,0,23.21875,0,1.131
399.592,0.016245987,0,98.77568104,92.54406252,0.899988306,-4.566739475,844,30.4,99.9,0,23.21875,0,1.131
399.692,0.01632572,0,98.77568104,92.52485035,0.906461701,-4.606587729,844,30.4,99.9,0,23.21875,0,1.131
399.792,0.016245987,0,98.73714569,92.51524432,0.861147932,-4.554784998,844,30.4,99.9,0,23.21875,0,1.131
399.892,0.016166254,0,98.69861102,92.50563832,0.912935097,-4.522906394,844,30.4,99.9,0,23.21875,0,1.131
399.992,0.016206121,0,98.72751196,92.48642642,0.867621327,-4.666360112,844,30.4,99.9,0,23.21875,0,1.131
400.092,0.016166254,0,98.71787827,92.48642642,0.870858025,-4.562754649,844,30.4,99.9,0,23.21875,0,1.131
400.192,0.016126387,0,98.72751196,92.50563832,0.877331421,-4.590648427,844,30.4,99.9,0,23.21875,0,1.131
400.292,0.016126387,0,98.70824462,92.47682052,0.906461701,-4.602602904,844,30.4,99.9,0,23.21875,0,1.131
400.392,0.016126387,0,98.69861102,92.46721466,0.890278212,-4.52689122,844,30.4,99.9,0,23.21875,0,1.131
400.492,0.016126387,0,98.70824462,92.44800303,0.874094723,-4.498997441,844,30.4,99.9,0,23.21875,0,1.131
400.592,0.016206121,0,98.67934394,92.41918584,0.854674536,-4.562754649,841,30.4,99.9,0,23.21875,0,1.131
400.692,0.016126387,0,98.68897746,92.41918584,0.851437838,-4.514936743,841,30.4,99.9,0,23.21875,0,1.131
400.792,0.016126387,0,98.66971046,92.43839726,0.887041514,-4.518921569,841,30.4,99.9,0,23.21875,0,1.131
400.892,0.016086521,0,98.68897746,92.39036895,0.825544256,-4.574709125,841,30.4,99.9,0,23.21875,0,1.131
400.992,0.016086521,0,98.65044363,92.37115786,0.874094723,-4.61455738,841,30.4,99.9,0,23.21875,0,1.131
401.092,0.016086521,0,98.66007703,92.40958017,0.854674536,-4.534860871,841,30.4,99.9,0,23.21875,0,1.132
401.192,0.016046654,0,98.65044363,92.37115786,0.890278212,-4.550800173,841,30.4,99.9,0,23.21875,0,1.132
401.292,0.016046654,0,98.63117697,92.37115786,0.844964443,-4.558769824,841,30.4,99.9,0,23.21875,0,1.132
401.392,0.016086521,0,98.62154371,92.38076339,0.919408493,-4.518921569,841,30.4,99.9,0,23.21875,0,1.132
401.492,0.016086521,0,98.62154371,92.36155236,0.880568119,-4.558769824,841,30.4,99.9,0,23.21875,0,1.132
401.592,0.016046654,0,98.6022773,92.34234147,0.880568119,-4.534860871,841,30.4,99.9,0,23.21875,0,1.132
401.692,0.016046654,0,98.59264416,92.32313072,0.880568119,-4.435240233,837,30.4,99.9,0,23.21875,0,1.132
401.792,0.016046654,0,98.57337801,92.28470961,0.887041514,-4.558769824,837,30.4,99.9,0,23.21875,0,1.132
401.892,0.016086521,0,98.58301107,92.32313072,0.890278212,-4.423285757,837,30.4,99.9,0,23.21875,0,1.132
401.992,0.016006788,0,98.58301107,92.27510442,0.883804817,-4.558769824,837,30.4,99.9,0,23.21875,0,1.132
402.092,0.015966921,0,98.57337801,92.27510442,0.903225003,-4.626511857,837,30.4,99.9,0,23.21875,0,1.132
402.192,0.016126387,0,98.58301107,92.25589413,0.861147932,-4.455164361,837,30.4,99.9,0,23.21875,0,1.132
402.292,0.016006788,0,98.57337801,92.29431484,0.867621327,-4.550800173,837,30.4,99.9,0,23.21875,0,1.132
402.392,0.016046654,0,98.53484621,92.25589413,0.854674536,-4.443209884,837,30.4,99.9,0,23.21875,0,1.132
402.492,0.016006788,0,98.5444791,92.25589413,0.903225003,-4.44719471,837,30.4,99.9,0,23.21875,0,1.132
402.592,0.016046654,0,98.5444791,92.23668398,0.883804817,-4.578693951,837,30.4,99.9,0,23.21875,0,1.132
402.692,0.015966921,0,98.51558056,92.21747396,0.877331421,-4.566739475,837,30.4,99.9,0,23.21875,0,1.132
402.792,0.015966921,0,98.52521337,92.207869,0.870858025,-4.502982267,834,30.4,99.9,0,23.21875,0,1.132
402.892,0.015887188,0,98.49631508,92.21747396,0.883804817,-4.419300931,834,30.4,99.9,0,23.21875,0,1.132
402.992,0.015966921,0,98.48668241,92.19826407,0.903225003,-4.578693951,834,30.4,99.9,0,23.21875,0,1.132
403.092,0.016006788,0,98.48668241,92.17905432,0.861147932,-4.459149186,834,30.4,99.9,0,23.21875,0,1.132
403.192,0.015966921,0,98.48668241,92.16944949,0.86438463,-4.415316106,834,30.4,99.9,0,23.21875,0,1.132
403.292,0.015966921,0,98.44815212,92.13103052,0.880568119,-4.427270582,834,30.4,99.9,0,23.21875,0,1.132
403.392,0.015966921,0,98.46741718,92.14063521,0.857911234,-4.518921569,834,30.4,99.9,0,23.21875,0,1.132
403.492,0.015887188,0,98.47704977,92.14063521,0.890278212,-4.435240233,834,30.4,99.9,0,23.21875,0,1.132
403.592,0.015887188,0,98.42888723,92.14063521,0.874094723,-4.451179535,834,30.4,99.9,0,23.21875,0,1.132
403.692,0.015966921,0,98.43851965,92.11182123,0.870858025,-4.423285757,834,30.4,99.9,0,23.21875,0,1.132
403.792,0.015807455,0,98.41925485,92.10221664,0.854674536,-4.451179535,834,30.4,99.9,0,23.21875,0,1.132
403.892,0.015927054,0,98.42888723,92.10221664,0.877331421,-4.538845696,831,30.4,99.9,0,23.21875,0,1.132
403.992,0.015847321,0,98.40962251,92.09261208,0.861147932,-4.479073314,831,30.4,99.9,0,23.21875,0,1.132
404.092,0.015887188,0,98.41925485,92.08300755,0.890278212,-4.510951918,831,30.4,99.9,0,23.21875,0,1.132
404.192,0.015847321,0,98.39035795,92.06379859,0.877331421,-4.546815347,831,30.4,99.9,0,23.21875,0,1.132
404.292,0.015887188,0,98.39035795,92.05419417,0.883804817,-4.506967092,831,30.4,99.9,0,23.21875,0,1.132
404.392,0.015927054,0,98.39999021,92.04458977,0.89351491,-4.391407153,831,30.4,99.9,0,23.21875,0,1.132
404.492,0.015847321,0,98.39035795,92.03498541,0.857911234,-4.435240233,831,30.4,99.9,0,23.21875,0,1.133
404.592,0.015887188,0,98.36146143,92.03498541,0.896751608,-4.514936743,831,30.4,99.9,0,23.21875,0,1.133
404.692,0.015727721,0,98.37109356,92.00617252,0.903225003,-4.443209884,831,30.4,99.9,0,23.21875,0,1.133
404.792,0.015767588,0,98.35182934,92.01577678,0.916171795,-4.439225059,831,30.4,99.9,0,23.21875,0,1.133
404.892,0.015727721,0,98.33256529,92.03498541,0.92264519,-4.455164361,831,30.4,99.9,0,23.21875,0,1.133
404.992,0.015727721,0,98.35182934,91.97735993,0.86438463,-4.407346455,829,30.4,99.9,0,23.21875,0,1.133
405.092,0.015807455,0,98.34219729,91.98696409,0.92264519,-4.363513374,829,30.4,99.9,0,23.21875,0,1.133
405.192,0.015767588,0,98.3133014,91.9677558,0.887041514,-4.506967092,829,30.4,99.9,0,23.21875,0,1.133
405.292,0.015767588,0,98.32293332,91.97735993,0.890278212,-4.483058139,829,30.4,99.9,0,23.21875,0,1.133
405.392,0.015767588,0,98.30366952,91.94854763,0.880568119,-4.479073314,829,30.4,99.9,0,23.21875,0,1.133
405.492,0.015807455,0,98.29403768,91.94854763,0.841727745,-4.415316106,829,30.4,99.9,0,23.21875,0,1.133
405.592,0.015727721,0,98.27477413,91.9389436,0.857911234,-4.44719471,829,30.4,99.9,0,23.21875,0,1.133
405.692,0.015687855,0,98.27477413,91.91973563,0.899988306,-4.487042965,829,30.4,99.9,0,23.21875,0,1.133
405.792,0.015767588,0,98.27477413,91.8813201,0.89351491,-4.415316106,829,30.4,99.9,0,23.21875,0,1.133
405.892,0.015687855,0,98.25551075,91.9005278,0.861147932,-4.502982267,829,30.4,99.9,0,23.21875,0,1.133
405.992,0.015767588,0,98.24587912,91.9101317,0.909698399,-4.415316106,829,30.4,99.9,0,23.21875,0,1.133
406.092,0.015687855,0,98.25551075,91.87171629,0.89351491,-4.443209884,828,30.4,99.9,0,23.21875,0,1.133
406.192,0.015727721,0,98.27477413,91.86211252,0.835254349,-4.451179535,828,30.4,99.9,0,23.21875,0,1.132
406.292,0.015727721,0,98.25551075,91.83330141,0.887041514,-4.427270582,828,30.4,99.9,0,23.21875,0,1.132
406.392,0.015767588,0,98.22661598,91.85250879,0.870858025,-4.395391978,828,30.4,99.9,0,23.21875,0,1.132
406.492,0.015727721,0,98.25551075,91.84290508,0.809360767,-4.343589247,828,30.4,99.9,0,23.21875,0,1.132
406.592,0.015727721,0,98.20735302,91.8044906,0.887041514,-4.49102779,828,30.4,99.9,0,23.25,0,1.132
406.692,0.015727721,0,98.20735302,91.81409417,0.854674536,-4.495012616,828,30.4,99.9,0,23.25,0,1.132
406.792,0.015687855,0,98.19772159,91.79488705,0.916171795,-4.355543723,828,30.4,99.9,0,23.25,0,1.132
406.892,0.015687855,0,98.15919633,91.77568007,0.874094723,-4.475088488,828,30.4,99.9,0,23.25,0,1.132
406.992,0.015727721,0,98.19772159,91.79488705,0.854674536,-4.355543723,828,30.4,99.9,0,23.21875,0,1.132
407.092,0.015647988,0,98.16882758,91.79488705,0.887041514,-4.391407153,828,30.4,99.9,0,23.21875,0,1.132
407.192,0.015647988,0,98.16882758,91.76607663,0.861147932,-4.459149186,828,30.4,99.9,0,23.25,0,1.132
407.292,0.015608122,0,98.16882758,91.77568007,0.912935097,-4.479073314,828,30.4,99.9,0,23.25,0,1.132
407.392,0.015608122,0,98.15919633,91.75647322,0.890278212,-4.522906394,828,30.4,99.9,0,23.25,0,1.132
407.492,0.015568255,0,98.13993394,91.72766319,0.861147932,-4.44719471,828,30.4,99.9,0,23.25,0,1.132
407.592,0.015568255,0,98.12067172,91.72766319,0.887041514,-4.423285757,828,30.4,99.9,0,23.25,0,1.132
407.692,0.015727721,0,98.13993394,91.69885344,0.887041514,-4.431255408,828,30.4,99.9,0,23.25,0,1.132
407.792,0.015568255,0,98.12067172,91.69885344,0.89351491,-4.41133128,828,30.4,99.9,0,23.25,0,1.132
407.892,0.015568255,0,98.10140967,91.69885344,0.86438463,-4.439225059,828,30.4,99.9,0,23.25,0,1.132
407.992,0.015608122,0,98.12067172,91.67964711,0.890278212,-4.502982267,828,30.4,99.9,0,23.25,0,1.132
408.092,0.015488522,0,98.08214779,91.67964711,0.880568119,-4.399376804,828,30.4,99.9,0,23.25,0,1.132
408.192,0.015608122,0,98.07251691,91.670044,0.86438463,-4.431255408,828,30.4,99.9,0,23.25,0,1.132
408.292,0.015568255,0,98.07251691,91.68925026,0.870858025,-4.435240233,827,30.4,99.9,0,23.25,0,1.132
408.392,0.015568255,0,98.06288607,91.65083786,0.870858025,-4.335619596,827,30.4,99.9,0,23.25,0,1.132
408.492,0.015488522,0,98.08214779,91.64123484,0.89351491,-4.271862388,827,30.4,99.9,0,23.25,0,1.132
408.592,0.015448655,0,98.04362452,91.63163185,0.89351491,-4.498997441,827,30.4,99.9,0,23.25,0,1.132
408.692,0.015608122,0,98.02436313,91.61242598,0.86438463,-4.391407153,827,30.4,99.9,0,23.25,0,1.132
408.792,0.015528388,0,98.02436313,91.60282309,0.880568119,-4.355543723,827,30.4,99.9,0,23.25,0,1.132
408.892,0.015568255,0,98.0339938,91.60282309,0.870858025,-4.475088488,827,30.4,99.9,0,23.25,0,1.132
408.992,0.015528388,0,98.0339938,91.60282309,0.906461701,-4.407346455,827,30.4,99.9,0,23.25,0,1.132
409.092,0.015528388,0,98.00510191,91.57401461,0.883804817,-4.383437502,827,30.4,99.9,0,23.25,0,1.132
409.192,0.015488522,0,97.96657996,91.54520643,0.851437838,-4.375467851,827,30.4,99.9,0,23.25,0,1.132
409.292,0.015488522,0,98.00510191,91.53560376,0.877331421,-4.383437502,827,30.4,99.9,0,23.25,0,1.132
409.392,0.015488522,0,97.97621039,91.54520643,0.835254349,-4.407346455,827,30.4,99.9,0,23.25,0,1.132
409.492,0.015528388,0,97.97621039,91.51639853,0.890278212,-4.403361629,827,30.4,99.9,0,23.25,0,1.132
409.592,0.015448655,0,97.99547136,91.51639853,0.832017651,-4.339604421,827,30.4,99.9,0,23.25,0,1.132
409.692,0.015528388,0,97.96657996,91.49719343,0.883804817,-4.483058139,827,30.4,99.9,0,23.25,0,1.132
409.792,0.015408789,0,97.94731924,91.50679597,0.867621327,-4.311710643,827,30.4,99.9,0,23.25,0,1.132
409.892,0.015408789,0,97.94731924,91.50679597,0.861147932,-4.471103663,827,30.4,99.9,0,23.25,0,1.132
409.992,0.015408789,0,97.95694958,91.46838602,0.838491047,-4.3674982,827,30.4,99.9,0,23.25,0,1.132
410.092,0.015408789,0,97.94731924,91.46838602,0.86438463,-4.3674982,827,30.4,99.9,0,23.25,0,1.132
410.192,0.015408789,0,97.93768894,91.42997659,0.844964443,-4.423285757,827,30.4,99.9,0,23.25,0,1.132
410.292,0.015488522,0,97.92805868,91.42997659,0.906461701,-4.423285757,827,30.4,99.9,0,23.25,0,1.132
410.392,0.015408789,0,97.90879828,91.42997659,0.880568119,-4.427270582,827,30.4,99.9,0,23.25,0,1.132
410.492,0.015408789,0,97.90879828,91.42037431,0.838491047,-4.263892737,823,30.4,99.9,0,23.25,0,1.132
410.592,0.015368922,0,97.88953806,91.41077207,0.867621327,-4.327649945,823,30.4,99.9,0,23.25,0,1.132
410.692,0.015368922,0,97.89916815,91.41077207,0.857911234,-4.375467851,823,30.4,99.9,0,23.25,0,1.132
410.792,0.015368922,0,97.87027799,91.40116985,0.838491047,-4.379452676,823,30.4,99.9,0,23.25,0,1.132
410.892,0.015368922,0,97.87027799,91.37236341,0.870858025,-4.371483025,823,30.4,99.9,0,23.25,0,1.132
410.992,0.015368922,0,97.85101809,91.37236341,0.870858025,-4.311710643,823,30.4,99.9,0,23.25,0,1.132
411.092,0.015289189,0,97.84138821,91.37236341,0.874094723,-4.359528549,823,30.4,99.9,0,23.25,0,1.132
411.192,0.015408789,0,97.83175836,91.36276132,0.838491047,-4.263892737,823,30.4,99.9,0,23.25,0,1.132
411.292,0.015289189,0,97.86064802,91.35315927,0.838491047,-4.419300931,823,30.4,99.9,0,23.25,0,1.132
411.392,0.015289189,0,97.83175836,91.33395526,0.867621327,-4.363513374,823,30.4,99.9,0,23.25,0,1.132
411.492,0.015289189,0,97.83175836,91.31475137,0.874094723,-4.327649945,823,30.4,99.9,0,23.25,0,1.132
411.592,0.015289189,0,97.81249879,91.30514948,0.815834162,-4.335619596,823,30.4,99.9,0,23.25,0,1.132
411.692,0.015289189,0,97.80286907,91.30514948,0.906461701,-4.33163477,823,30.4,99.9,0,23.25,0,1.132
411.792,0.015249322,0,97.80286907,91.29554762,0.828780954,-4.455164361,823,30.4,99.9,0,23.25,0,1.132
411.892,0.015209456,0,97.78360975,91.29554762,0.86438463,-4.3674982,823,30.4,99.9,0,23.25,0,1.132
411.992,0.015289189,0,97.78360975,91.27634399,0.828780954,-4.355543723,823,30.4,99.9,0,23.25,0,1.132
412.092,0.015289189,0,97.76435059,91.25714049,0.848201141,-4.375467851,823,30.4,99.9,0,23.25,0,1.132
412.192,0.015289189,0,97.75472108,91.24753879,0.841727745,-4.423285757,823,30.4,99.9,0,23.25,0,1.132
412.292,0.015209456,0,97.78360975,91.21873387,0.838491047,-4.355543723,823,30.4,99.9,0,23.25,0,1.132
412.392,0.015209456,0,97.73546217,91.21873387,0.883804817,-4.323665119,823,30.4,99.9,0,23.25,0,1.132
412.492,0.015209456,0,97.73546217,91.2091323,0.848201141,-4.327649945,823,30.4,99.9,0,23.25,0,1.132
412.592,0.015169589,0,97.73546217,91.19953075,0.844964443,-4.391407153,823,30.4,99.9,0,23.25,0,1.132
412.692,0.015209456,0,97.70657411,91.2091323,0.877331421,-4.283816864,819,30.4,99.9,0,23.25,0,1.132
412.792,0.015249322,0,97.71620342,91.1611249,0.883804817,-4.247953435,819,30.4,99.9,0,23.25,0,1.132
412.892,0.015249322,0,97.68731561,91.1611249,0.890278212,-4.387422327,819,30.4,99.9,0,23.25,0,1.132
412.992,0.015209456,0,97.67768642,91.1611249,0.916171795,-4.291786515,819,30.4,99.9,0,23.25,0,1.132
413.092,0.015209456,0,97.69694484,91.1611249,0.838491047,-4.299756166,819,30.4,99.9,0,23.25,0,1.132
413.192,0.015249322,0,97.67768642,91.13232084,0.877331421,-4.303740992,819,30.4,99.9,0,23.25,0,1.132
413.292,0.015209456,0,97.68731561,91.13232084,0.874094723,-4.375467851,819,30.4,99.9,0,23.25,0,1.132
413.392,0.015169589,0,97.67768642,91.13232084,0.883804817,-4.363513374,819,30.4,99.9,0,23.25,0,1.132
413.492,0.015289189,0,97.6295411,91.10351706,0.883804817,-4.407346455,819,30.4,99.9,0,23.25,0,1.132
413.592,0.015089856,0,97.6295411,91.10351706,0.848201141,-4.327649945,819,30.4,99.9,0,23.25,0,1.132
413.692,0.015129723,0,97.60065439,91.09391587,0.86438463,-4.363513374,819,30.4,99.9,0,23.25,0,1.132
413.792,0.015049989,0,97.61028325,91.0843147,0.874094723,-4.25193826,816,30.4,99.9,0,23.25,0,1.132
413.892,0.015169589,0,97.61991216,91.03630936,0.916171795,-4.363513374,816,30.4,99.9,0,23.25,0,1.132
413.992,0.015169589,0,97.60065439,91.06511247,0.867621327,-4.371483025,816,30.4,99.9,0,23.25,0,1.132
414.092,0.015169589,0,97.5813968,91.04591036,0.86438463,-4.275847213,816,30.4,99.9,0,23.25,0,1.132
414.192,0.015129723,0,97.5813968,91.07471357,0.870858025,-4.319680294,816,30.4,99.9,0,23.25,0,1.132
414.292,0.015129723,0,97.5813968,91.02670838,0.854674536,-4.387422327,816,30.4,99.9,0,23.25,0,1.132
414.392,0.015089856,0,97.5813968,91.01710744,0.883804817,-4.351558898,816,30.4,99.9,0,23.25,0,1.132
414.492,0.015049989,0,97.57176806,91.00750653,0.861147932,-4.319680294,816,30.4,99.9,0,23.25,0,1.132
414.592,0.015129723,0,97.56213936,91.00750653,0.848201141,-4.415316106,816,30.4,99.9,0,23.25,0,1.132
414.692,0.015049989,0,97.55251071,90.99790565,0.880568119,-4.327649945,816,30.4,99.9,0,23.25,0,1.132
414.792,0.015169589,0,97.54288209,90.9883048,0.86438463,-4.28780169,816,30.4,99.9,0,23.25,0,1.132
414.892,0.015010123,0,97.52362499,90.95950244,0.844964443,-4.327649945,811,30.4,99.9,0,23.25,0,1.132
414.992,0.015089856,0,97.54288209,90.94990171,0.880568119,-4.33163477,811,30.4,99.9,0,23.25,0,1.132
415.092,0.015049989,0,97.53325352,90.94030102,0.867621327,-4.323665119,811,30.4,99.9,0,23.25,0,1.132
415.192,0.015049989,0,97.51399649,90.92109973,0.89351491,-4.319680294,811,30.4,99.9,0,23.25,0,1.132
415.292,0.015089856,0,97.50436804,90.92109973,0.841727745,-4.359528549,811,30.4,99.9,0,23.25,0,1.132
415.392,0.015049989,0,97.48511126,90.90189857,0.861147932,-4.3674982,811,30.4,99.9,0,23.25,0,1.132
415.492,0.015010123,0,97.49473963,90.91149913,0.870858025,-4.327649945,811,30.4,99.9,0,23.25,0,1.132
415.592,0.015089856,0,97.48511126,90.91149913,0.89351491,-4.216074831,811,30.4,99.9,0,23.25,0,1.132
415.692,0.015049989,0,97.47548293,90.87309705,0.896751608,-4.28780169,811,30.4,99.9,0,23.25,0,1.132
415.792,0.015010123,0,97.46585464,90.89229803,0.867621327,-4.216074831,811,30.4,99.9,0,23.25,0,1.132
415.892,0.015049989,0,97.43697002,90.8538962,0.887041514,-4.451179535,811,30.4,99.9,0,23.25,0,1.132
415.992,0.014970256,0,97.44659819,90.84429582,0.86438463,-4.359528549,806,30.4,99.9,0,23.25,0,1.132
416.092,0.014970256,0,97.43697002,90.84429582,0.903225003,-4.279832039,806,30.4,99.9,0,23.25,0,1.132
416.192,0.014970256,0,97.4273419,90.82509515,0.857911234,-4.235998958,806,30.4,99.9,0,23.25,0,1.132
416.292,0.01493039,0,97.39845777,90.82509515,0.867621327,-4.228029307,806,30.4,99.9,0,23.25,0,1.132
416.392,0.01493039,0,97.40808577,90.81549487,0.867621327,-4.263892737,806,30.4,99.9,0,23.25,0,1.132
416.492,0.01493039,0,97.3888298,90.80589461,0.870858025,-4.283816864,806,30.4,99.9,0,23.25,0,1.132
416.592,0.014970256,0,97.40808577,90.79629439,0.877331421,-4.255923086,806,30.4,99.9,0,23.25,0,1.132
416.692,0.015049989,0,97.35994616,90.79629439,0.835254349,-4.335619596,806,30.4,99.9,0,23.25,0,1.132
416.792,0.014970256,0,97.3888298,90.7674939,0.841727745,-4.339604421,806,30.4,99.9,0,23.25,0,1.132
416.892,0.01493039,0,97.35994616,90.73869369,0.857911234,-4.228029307,806,30.4,99.9,0,23.25,0,1.132
416.992,0.01493039,0,97.35031836,90.7578938,0.857911234,-4.259907911,806,30.4,99.9,0,23.25,0,1.132
417.092,0.014970256,0,97.3406906,90.7674939,0.854674536,-4.228029307,801,30.4,99.9,0,23.25,0,1.132
417.192,0.01493039,0,97.3214352,90.73869369,0.880568119,-4.17224175,801,30.4,99.9,0,23.25,0,1.132
417.292,0.014850656,0,97.31180757,90.69069397,0.828780954,-4.216074831,801,30.4,99.9,0,23.25,0,1.132
417.392,0.014890523,0,97.33106288,90.7578938,0.89351491,-4.279832039,801,30.4,99.9,0,23.25,0,1.132
417.492,0.01493039,0,97.30217997,90.70989376,0.861147932,-4.295771341,801,30.4,99.9,0,23.25,0,1.132
417.592,0.014890523,0,97.3214352,90.70029385,0.812597465,-4.267877562,801,30.4,99.9,0,23.25,0,1.132
417.692,0.01493039,0,97.29255241,90.68109411,0.912935097,-4.20810518,801,30.4,99.9,0,23.25,0,1.132
417.792,0.014890523,0,97.25404259,90.67149429,0.825544256,-4.239983784,801,30.4,99.9,0,23.25,0,1.132
417.892,0.01493039,0,97.27329742,90.65229474,0.825544256,-4.267877562,801,30.4,99.9,0,23.25,0,1.132
417.992,0.014890523,0,97.27329742,90.6618945,0.841727745,-4.239983784,801,30.4,99.9,0,23.25,0,1.132
418.092,0.014850656,0,97.25404259,90.65229474,0.857911234,-4.327649945,801,30.4,99.9,0,23.25,0,1.132
418.192,0.01493039,0,97.25404259,90.62349565,0.861147932,-4.204120354,795,30.4,99.9,0,23.25,0,1.132
418.292,0.014890523,0,97.23478793,90.61389601,0.841727745,-4.243968609,795,30.4,99.9,0,23.25,0,1.132
418.392,0.014890523,0,97.23478793,90.63309531,0.832017651,-4.379452676,795,30.4,99.9,0,23.25,0,1.132
418.492,0.014850656,0,97.21553342,90.6042964,0.844964443,-4.235998958,795,30.4,99.9,0,23.25,0,1.132
418.592,0.014850656,0,97.20590623,90.58509729,0.848201141,-4.299756166,795,30.4,99.9,0,23.25,0,1.132
418.692,0.014850656,0,97.19627908,90.58509729,0.825544256,-4.224044482,795,30.4,99.9,0,23.25,0,1.132
418.792,0.014890523,0,97.17702489,90.57549777,0.812597465,-4.323665119,795,30.4,99.9,0,23.25,0,1.132
418.892,0.01493039,0,97.18665197,90.56589829,0.877331421,-4.239983784,795,30.4,99.9,0,23.25,0,1.132
418.992,0.01481079,0,97.15777087,90.56589829,0.838491047,-4.279832039,795,30.4,99.9,0,23.25,0,1.132
419.092,0.01481079,0,97.17702489,90.53710002,0.877331421,-4.247953435,795,30.4,99.9,0,23.25,0,1.132
419.192,0.014770923,0,97.13851701,90.52750066,0.874094723,-4.235998958,795,30.4,99.9,0,23.25,0,1.132
419.292,0.01481079,0,97.14814392,90.50830204,0.890278212,-4.271862388,792,30.4,99.9,0,23.25,0,1.132
419.392,0.014770923,0,97.13851701,90.50830204,0.887041514,-4.164272099,792,30.4,99.9,0,23.25,0,1.132
419.492,0.014770923,0,97.11926332,90.49870277,0.848201141,-4.168256925,792,30.4,99.9,0,23.25,0,1.132
419.592,0.014850656,0,97.11926332,90.48910353,0.841727745,-4.176226576,792,30.4,99.9,0,23.25,0,1.132
419.692,0.01481079,0,97.10000978,90.48910353,0.851437838,-4.180211401,792,30.4,99.9,0,23.25,0,1.132
419.792,0.014651324,0,97.09038307,90.48910353,0.828780954,-4.247953435,792,30.4,99.9,0,23.25,0,1.132
419.892,0.014731057,0,97.08075641,90.460306,0.854674536,-4.200135529,792,30.4,99.9,0,23.25,0,1.132
419.992,0.01481079,0,97.04225014,90.48910353,0.851437838,-4.267877562,792,30.4,99.9,0,23.25,0,1.132
420.092,0.014770923,0,97.05187664,90.45070688,0.890278212,-4.176226576,792,30.4,99.9,0,23.25,0,1.132
420.192,0.014731057,0,97.05187664,90.40271176,0.857911234,-4.192165878,792,30.4,99.9,0,23.25,0,1.132
420.292,0.01481079,0,97.05187664,90.42190972,0.841727745,-4.224044482,792,30.4,99.9,0,23.25,0,1.132
420.392,0.014770923,0,97.08075641,90.39311283,0.854674536,-4.232014133,793,30.4,99.9,0,23.25,0,1.132
420.492,0.01481079,0,97.01337086,90.41231073,0.854674536,-4.283816864,793,30.4,99.9,0,23.25,0,1.132
420.592,0.014731057,0,97.04225014,90.38351393,0.870858025,-4.200135529,793,30.4,99.9,0,23.25,0,1.132
420.692,0.014731057,0,97.00374451,90.38351393,0.822307558,-4.267877562,793,30.4,99.9,0,23.25,0,1.132
420.792,0.014651324,0,97.02299725,90.34511862,0.861147932,-4.176226576,793,30.4,99.9,0,23.25,0,1.132
420.892,0.01469119,0,97.01337086,90.3547174,0.854674536,-4.212090005,793,30.4,99.9,0,23.25,0,1.132
420.992,0.01469119,0,97.00374451,90.33551987,0.851437838,-4.212090005,793,30.4,99.9,0,23.25,0,1.132
421.092,0.014770923,0,96.94598728,90.34511862,0.848201141,-4.156302448,793,30.4,99.9,0,23.25,0,1.132
421.192,0.01469119,0,96.96523953,90.33551987,0.880568119,-4.140363147,793,30.4,99.9,0,23.25,0,1.132
421.292,0.014611457,0,96.97486572,90.32592115,0.838491047,-4.168256925,793,30.4,99.9,0,23.25,0,1.132
421.392,0.014651324,0,96.98449194,90.33551987,0.880568119,-4.180211401,793,30.4,99.9,0,23.25,0,1.132
421.492,0.014651324,0,96.94598728,90.3067238,0.883804817,-4.116454194,794,30.4,99.9,0,23.25,0,1.132
421.592,0.014731057,0,96.91710921,90.27792801,0.841727745,-4.176226576,794,30.4,99.9,0,23.25,0,1.132
421.692,0.01469119,0,96.93636122,90.25873096,0.870858025,-4.243968609,794,30.4,99.9,0,23.25,0,1.132
421.792,0.01469119,0,96.90748326,90.25873096,0.851437838,-4.17224175,794,30.4,99.9,0,23.25,0,1.131
421.892,0.014651324,0,96.89785736,90.25873096,0.861147932,-4.200135529,794,30.4,99.9,0,23.25,0,1.131
421.992,0.014651324,0,96.90748326,90.22033723,0.854674536,-4.220059656,794,30.4,99.9,0,23.25,0,1.131
422.092,0.01469119,0,96.92673519,90.22993562,0.857911234,-4.176226576,794,30.4,99.9,0,23.25,0,1.131
422.192,0.01469119,0,96.88823149,90.22033723,0.861147932,-4.184196227,794,30.4,99.9,0,23.25,0,1.131
422.292,0.014651324,0,96.89785736,90.22993562,0.857911234,-4.124423845,794,30.4,99.9,0,23.25,0,1.131
422.392,0.014651324,0,96.85935414,90.20114054,0.841727745,-4.247953435,794,30.4,99.9,0,23.25,0,1.131
422.492,0.01457159,0,96.85935414,90.19154225,0.848201141,-4.184196227,794,30.4,99.9,0,23.25,0,1.131
422.592,0.014611457,0,96.85935414,90.22033723,0.844964443,-4.220059656,793,30.4,99.9,0,23.25,0,1.131
422.692,0.014611457,0,96.82085156,90.18194398,0.812597465,-4.228029307,793,30.4,99.9,0,23.25,0,1.131
422.792,0.014611457,0,96.82085156,90.16274753,0.783467184,-4.232014133,793,30.4,99.9,0,23.25,0,1.131
422.892,0.014651324,0,96.83047715,90.15314936,0.848201141,-4.192165878,793,30.4,99.9,0,23.25,0,1.131
422.992,0.014531724,0,96.82085156,90.12435501,0.861147932,-4.160287274,793,30.4,99.9,0,23.25,0,1.131
423.092,0.01457159,0,96.81122602,90.15314936,0.809360767,-4.192165878,793,30.4,99.9,0,23.25,0,1.131
423.192,0.01457159,0,96.80160051,90.12435501,0.828780954,-4.152317623,793,30.4,99.9,0,23.25,0,1.131
423.292,0.014491857,0,96.77272424,90.11475695,0.828780954,-4.152317623,793,30.4,99.9,0,23.25,0,1.131
423.392,0.01457159,0,96.77272424,90.10515892,0.838491047,-4.283816864,793,30.4,99.9,0,23.25,0,1.131
423.492,0.014611457,0,96.76309889,90.10515892,0.825544256,-4.156302448,793,30.4,99.9,0,23.25,0,1.132
423.592,0.014531724,0,96.76309889,90.08596296,0.86438463,-4.220059656,793,30.4,99.9,0,23.25,0,1.132
423.692,0.014491857,0,96.75347359,90.07636502,0.877331421,-4.20810518,792,30.4,99.9,0,23.25,0,1.132
423.792,0.014491857,0,96.75347359,90.06676711,0.880568119,-4.196150703,792,30.4,99.9,0,23.25,0,1.132
423.892,0.014412124,0,96.76309889,90.06676711,0.867621327,-4.239983784,792,30.4,99.9,0,23.25,0,1.132
423.992,0.014491857,0,96.75347359,90.05716923,0.861147932,-4.136378321,792,30.4,99.9,0,23.25,0,1.132
424.092,0.014491857,0,96.71497276,90.01877802,0.870858025,-4.12840867,792,30.4,99.9,0,23.25,0,1.132
424.192,0.014491857,0,96.7342231,90.00918029,0.854674536,-4.124423845,792,30.4,99.9,0,23.25,0,1.132
424.292,0.014491857,0,96.71497276,90.00918029,0.851437838,-4.164272099,792,30.4,99.9,0,23.25,0,1.132
424.392,0.014451991,0,96.70534766,90.00918029,0.844964443,-4.140363147,792,30.4,99.9,0,23.25,0,1.132
424.492,0.014531724,0,96.69572259,89.98998492,0.822307558,-4.116454194,792,30.4,99.9,0,23.25,0,1.132
424.592,0.014451991,0,96.67647258,89.98038729,0.854674536,-4.200135529,792,30.4,99.9,0,23.25,0,1.132
424.692,0.014531724,0,96.66684763,89.98998492,0.851437838,-4.080590764,792,30.4,99.9,0,23.25,0,1.132
424.792,0.014451991,0,96.63797303,89.95159455,0.806124069,-4.040742509,786,30.4,99.9,0,23.25,0,1.132
424.892,0.014451991,0,96.66684763,89.95159455,0.802887371,-4.112469368,786,30.4,99.9,0,23.25,0,1.132
424.992,0.014451991,0,96.64759785,89.93239953,0.880568119,-4.196150703,786,30.4,99.9,0,23.25,0,1.132
425.092,0.014451991,0,96.62834824,89.91320464,0.828780954,-4.080590764,786,30.4,99.9,0,23.25,0,1.132
425.192,0.014491857,0,96.63797303,89.92280207,0.857911234,-4.156302448,786,30.4,99.9,0,23.25,0,1.132
425.292,0.014412124,0,96.62834824,89.90360724,0.841727745,-4.160287274,786,30.4,99.9,0,23.25,0,1.132
425.392,0.014491857,0,96.61872349,89.91320464,0.867621327,-4.080590764,786,30.4,99.9,0,23.25,0,1.132
425.492,0.014412124,0,96.58984948,89.88441252,0.857911234,-4.120439019,786,30.4,99.9,0,23.25,0,1.132
425.592,0.014412124,0,96.58022489,89.89400987,0.857911234,-4.116454194,786,30.4,99.9,0,23.25,0,1.132
425.692,0.014451991,0,96.56097583,89.85562067,0.857911234,-4.120439019,786,30.4,99.9,0,23.25,0,1.132
425.792,0.014451991,0,96.57060034,89.84602345,0.841727745,-4.164272099,786,30.4,99.9,0,23.25,0,1.132
425.892,0.014372257,0,96.55135136,89.85562067,0.806124069,-4.096530066,786,30.4,99.9,0,23.25,0,1.132
425.992,0.014372257,0,96.56097583,89.84602345,0.812597465,-4.080590764,786,30.4,99.9,0,23.25,0,1.132
426.092,0.014332391,0,96.53210253,89.84602345,0.844964443,-4.124423845,786,30.4,99.9,0,23.25,0,1.132
426.192,0.014332391,0,96.52247818,89.83642625,0.838491047,-4.28780169,786,30.4,99.9,0,23.25,0,1.132
426.292,0.014332391,0,96.52247818,89.83642625,0.841727745,-4.279832039,786,30.4,99.9,0,23.25,0,1.132
426.392,0.014252658,0,96.52247818,89.79803777,0.848201141,-4.164272099,786,30.4,99.9,0,23.25,0,1.132
426.492,0.014372257,0,96.50322959,89.79803777,0.838491047,-4.108484543,786,30.4,99.9,0,23.25,0,1.132
426.592,0.014372257,0,96.50322959,89.7788437,0.764046997,-4.168256925,786,30.4,99.9,0,23.25,0,1.132
426.692,0.014332391,0,96.50322959,89.7788437,0.867621327,-4.144347972,786,30.4,99.9,0,23.25,0,1.132
426.792,0.014252658,0,96.48398117,89.76924671,0.81907086,-4.124423845,786,30.4,99.9,0,23.25,0,1.132
426.892,0.014292524,0,96.46473289,89.74045592,0.857911234,-4.212090005,786,30.4,99.9,0,23.25,0,1.132
426.992,0.014332391,0,96.46473289,89.75005282,0.844964443,-4.088560415,783,30.4,99.9,0,23.25,0,1.131
427.092,0.014332391,0,96.43586078,89.74045592,0.835254349,-4.124423845,783,30.4,99.9,0,23.25,0,1.131
427.192,0.014292524,0,96.44548478,89.73085905,0.838491047,-4.108484543,783,30.4,99.9,0,23.25,0,1.131
427.292,0.014292524,0,96.42623683,89.72126221,0.854674536,-4.120439019,783,30.4,99.9,0,23.25,0,1.131
427.392,0.014332391,0,96.38774139,89.68287513,0.861147932,-4.100514892,783,30.4,99.9,0,23.25,0,1.131
427.492,0.014292524,0,96.43586078,89.68287513,0.835254349,-4.12840867,783,30.4,99.9,0,23.25,0,1.131
427.592,0.014252658,0,96.41661291,89.69247186,0.832017651,-4.12840867,783,30.4,99.9,0,23.25,0,1.131
427.692,0.014292524,0,96.38774139,89.65408513,0.809360767,-4.028788033,783,30.4,99.9,0,23.25,0,1.131
427.792,0.014332391,0,96.38774139,89.66368177,0.848201141,-4.024803207,783,30.4,99.9,0,23.25,0,1.131
427.892,0.014252658,0,96.39736519,89.63489194,0.81907086,-4.132393496,783,30.4,99.9,0,23.25,0,1.131
427.992,0.014332391,0,96.35887022,89.66368177,0.825544256,-4.124423845,783,30.4,99.9,0,23.25,0,1.131
428.092,0.014372257,0,96.34924658,89.63489194,0.86438463,-4.096530066,782,30.4,99.9,0,23.25,0,1.131
428.192,0.014332391,0,96.32999941,89.61569887,0.851437838,-4.17224175,782,30.4,99.9,0,23.25,0,1.131
428.292,0.014212791,0,96.34924658,89.62529539,0.838491047,-4.156302448,782,30.4,99.9,0,23.25,0,1.131
428.392,0.014252658,0,96.34924658,89.58690948,0.877331421,-4.100514892,782,30.4,99.9,0,23.25,0,1.131
428.492,0.014292524,0,96.3107524,89.58690948,0.835254349,-4.220059656,782,30.4,99.9,0,23.25,0,1.131
428.592,0.014292524,0,96.29150555,89.55812036,0.832017651,-4.164272099,782,30.4,99.9,0,23.25,0,1.131
428.692,0.014292524,0,96.3107524,89.55812036,0.832017651,-4.096530066,782,30.4,99.9,0,23.25,0,1.132
428.792,0.014252658,0,96.28188218,89.54852404,0.867621327,-4.092545241,782,30.4,99.9,0,23.25,0,1.132
428.892,0.014172924,0,96.3107524,89.54852404,0.835254349,-4.12840867,782,30.4,99.9,0,23.25,0,1.132
428.992,0.014252658,0,96.26263556,89.52933149,0.832017651,-4.176226576,782,30.4,99.9,0,23.25,0,1.132
429.092,0.014252658,0,96.23376593,89.52933149,0.867621327,-4.156302448,782,30.4,99.9,0,23.25,0,1.132
429.192,0.014172924,0,96.2433891,89.51973526,0.812597465,-4.088560415,774,30.4,99.9,0,23.25,0,1.132
429.292,0.014252658,0,96.23376593,89.51013906,0.841727745,-4.140363147,774,30.4,99.9,0,23.25,0,1.132
429.392,0.014172924,0,96.2433891,89.48135063,0.81907086,-4.032772858,774,30.4,99.9,0,23.25,0,1.132
429.492,0.014133058,0,96.2145197,89.48135063,0.793177278,-4.100514892,774,30.4,99.9,0,23.25,0,1.132
429.592,0.014252658,0,96.2241428,89.47175454,0.822307558,-4.040742509,774,30.4,99.9,0,23.25,0,1.132
429.692,0.014252658,0,96.20489665,89.47175454,0.844964443,-4.192165878,774,30.4,99.9,0,23.25,0,1.132
429.792,0.014172924,0,96.17602772,89.46215849,0.870858025,-4.136378321,774,30.4,99.9,0,23.25,0,1.132
429.892,0.014252658,0,96.17602772,89.43337049,0.822307558,-4.104499717,774,30.4,99.9,0,23.25,0,1.132
429.992,0.014212791,0,96.17602772,89.44296646,0.854674536,-4.072621113,774,30.4,99.9,0,23.25,0,1.132
430.092,0.014172924,0,96.15678196,89.40458275,0.867621327,-4.132393496,774,30.4,99.9,0,23.25,0,1.132
430.192,0.014172924,0,96.15678196,89.43337049,0.841727745,-4.12840867,774,30.4,99.9,0,23.25,0,1.132
430.292,0.014252658,0,96.16640482,89.42377455,0.796413976,-4.076605939,768,30.4,99.9,0,23.25,0,1.132
430.392,0.014133058,0,96.11829091,89.40458275,0.822307558,-4.080590764,768,30.4,99.9,0,23.25,0,1.131
430.492,0.014133058,0,96.12791362,89.38539107,0.838491047,-4.028788033,768,30.4,99.9,0,23.25,0,1.131
430.592,0.014133058,0,96.09904563,89.37579527,0.815834162,-4.044727335,768,30.4,99.9,0,23.25,0,1.131
430.692,0.014133058,0,96.10866825,89.34700805,0.802887371,-4.092545241,768,30.4,99.9,0,23.25,0,1.131
430.792,0.014172924,0,96.11829091,89.35660376,0.81907086,-4.052696986,768,30.4,99.9,0,23.25,0,1.131
430.892,0.014252658,0,96.09904563,89.37579527,0.783467184,-4.024803207,768,30.4,99.9,0,23.25,0,1.131
430.992,0.014133058,0,96.09904563,89.30862548,0.828780954,-4.060666637,768,30.4,99.9,0,23.25,0,1.131
431.092,0.014133058,0,96.08942304,89.33741236,0.844964443,-4.076605939,768,30.4,99.9,0,23.25,0,1.131
431.192,0.014133058,0,96.07980049,89.31822108,0.841727745,-4.080590764,768,30.4,99.9,0,23.25,0,1.131
431.292,0.014093191,0,96.05093308,89.32781671,0.825544256,-4.116454194,768,30.4,99.9,0,23.25,0,1.131
431.392,0.014053325,0,96.05093308,89.30862548,0.78994058,-4.164272099,766,30.4,99.9,0,23.25,0,1.131
431.492,0.014133058,0,96.04131069,89.29902992,0.828780954,-4.100514892,766,30.4,99.9,0,23.25,0,1.131
431.592,0.014093191,0,96.03168834,89.29902992,0.844964443,-4.052696986,766,30.4,99.9,0,23.25,0,1.131
431.692,0.014013458,0,96.02206603,89.27983886,0.874094723,-4.024803207,766,30.4,99.9,0,23.25,0,1.131
431.792,0.014093191,0,96.01244375,89.26064793,0.854674536,-4.120439019,766,30.4,99.9,0,23.25,0,1.131
431.892,0.014053325,0,96.00282152,89.2510525,0.848201141,-4.028788033,766,30.4,99.9,0,23.25,0,1.131
431.992,0.014013458,0,95.99319932,89.26064793,0.806124069,-3.937137046,766,30.4,99.9,0,23.25,0,1.131
432.092,0.014013458,0,95.99319932,89.23186173,0.793177278,-4.104499717,766,30.4,99.9,0,23.25,0,1.131
432.192,0.014133058,0,95.95471092,89.22226639,0.825544256,-4.112469368,766,30.4,99.9,0,23.25,0,1.131
432.292,0.014172924,0,95.94508892,89.2030758,0.793177278,-4.020818382,766,30.4,99.9,0,23.25,0,1.131
432.392,0.014013458,0,95.95471092,89.2030758,0.815834162,-4.04871216,766,30.4,99.9,0,23.25,0,1.131
432.492,0.014013458,0,95.96433296,89.18388531,0.786703882,-4.016833556,764,30.4,99.9,0,23.25,0,1.131
432.592,0.013973592,0,95.94508892,89.17429012,0.844964443,-4.124423845,764,30.4,99.9,0,23.25,0,1.131
432.692,0.014053325,0,95.93546695,89.17429012,0.796413976,-3.976985301,764,30.4,99.9,0,23.25,0,1.131
432.792,0.013853992,0,95.92584503,89.1550998,0.81907086,-4.036757684,764,30.4,99.9,0,23.25,0,1.131
432.892,0.013933725,0,95.91622314,89.16469495,0.793177278,-4.000894254,764,30.4,99.9,0,23.25,0,1.131
432.992,0.014053325,0,95.90660129,89.14550469,0.822307558,-4.036757684,764,30.4,99.9,0,23.25,0,1.131
433.092,0.014013458,0,95.85849263,89.11671952,0.815834162,-4.024803207,764,30.4,99.9,0,23.25,0,1.131
433.192,0.014013458,0,95.87773598,89.12631455,0.841727745,-4.028788033,764,30.4,99.9,0,23.25,0,1.131
433.292,0.014013458,0,95.85849263,89.12631455,0.828780954,-4.140363147,764,30.4,99.9,0,23.25,0,1.131
433.392,0.014013458,0,95.85849263,89.10712452,0.828780954,-4.080590764,764,30.4,99.9,0,23.25,0,1.131
433.492,0.013933725,0,95.84887102,89.0879346,0.838491047,-3.929167395,764,30.4,99.9,0,23.25,0,1.131
433.592,0.013853992,0,95.8296279,89.07833969,0.796413976,-4.044727335,765,30.4,99.9,0,23.25,0,1.131
433.692,0.014013458,0,95.8296279,89.0687448,0.825544256,-4.032772858,765,30.4,99.9,0,23.25,0,1.131
433.792,0.013973592,0,95.81038494,89.0687448,0.806124069,-4.044727335,765,30.4,99.9,0,23.25,0,1.131
433.892,0.013814125,0,95.8200064,89.03996031,0.815834162,-4.052696986,765,30.4,99.9,0,23.25,0,1.131
433.992,0.013853992,0,95.81038494,89.04955511,0.799650673,-4.016833556,765,30.4,99.9,0,23.25,0,1.132
434.092,0.013933725,0,95.79114213,89.02077078,0.857911234,-4.076605939,765,30.4,99.9,0,23.25,0,1.132
434.192,0.013973592,0,95.78152079,89.03036553,0.796413976,-4.036757684,765,30.4,99.9,0,23.25,0,1.132
434.292,0.013853992,0,95.77189948,89.01117607,0.828780954,-4.00487908,765,30.4,99.9,0,23.25,0,1.132
434.392,0.013853992,0,95.77189948,88.99198671,0.861147932,-4.032772858,765,30.4,99.9,0,23.25,0,1.132
434.492,0.013814125,0,95.74303579,88.99198671,0.822307558,-4.08457559,765,30.4,99.9,0,23.25,0,1.132
434.592,0.013853992,0,95.77189948,88.99198671,0.802887371,-4.044727335,765,30.4,99.9,0,23.25,0,1.132
434.692,0.013853992,0,95.74303579,88.98239208,0.861147932,-4.044727335,766,30.4,99.9,0,23.25,0,1.132
434.792,0.013893858,0,95.73341464,88.95360834,0.786703882,-3.957061174,766,30.4,99.9,0,23.25,0,1.132
434.892,0.013853992,0,95.69493041,88.95360834,0.793177278,-3.980970127,766,30.4,99.9,0,23.25,0,1.132
434.992,0.013893858,0,95.70455141,88.94401382,0.835254349,-4.120439019,766,30.4,99.9,0,23.25,0,1.132
435.092,0.013814125,0,95.69493041,88.95360834,0.828780954,-4.028788033,766,30.4,99.9,0,23.25,0,1.132
435.192,0.013814125,0,95.70455141,88.91523042,0.828780954,-3.949091523,766,30.4,99.9,0,23.25,0,1.132
435.292,0.013774259,0,95.68530945,88.90563601,0.844964443,-3.992924603,766,30.4,99.9,0,23.25,0,1.132
435.392,0.013814125,0,95.69493041,88.89604163,0.799650673,-4.00487908,766,30.4,99.9,0,23.25,0,1.132
435.492,0.013774259,0,95.6564468,88.88644727,0.812597465,-4.04871216,766,30.4,99.9,0,23.25,0,1.132
435.592,0.013814125,0,95.6564468,88.89604163,0.841727745,-3.984954952,766,30.4,99.9,0,23.25,0,1.132
435.692,0.013774259,0,95.63720522,88.83847591,0.841727745,-4.028788033,766,30.4,99.9,0,23.25,0,1.132
435.792,0.013774259,0,95.6564468,88.85766437,0.822307558,-4.036757684,767,30.4,99.9,0,23.25,0,1.132
435.892,0.013774259,0,95.60834314,88.85766437,0.773757091,-4.056681811,767,30.4,99.9,0,23.25,0,1.132
435.992,0.013774259,0,95.60834314,88.85766437,0.776993789,-3.961045999,767,30.4,99.9,0,23.25,0,1.132
436.092,0.013734392,0,95.6179638,88.84807013,0.809360767,-3.953076348,767,30.4,99.9,0,23.25,0,1.132
436.192,0.013774259,0,95.58910195,88.80009933,0.81907086,-4.024803207,767,30.4,99.9,0,23.28125,0,1.132
436.292,0.013774259,0,95.57948141,88.79050525,0.841727745,-3.984954952,767,30.4,99.9,0,23.28125,0,1.132
436.392,0.013734392,0,95.57948141,88.80009933,0.832017651,-4.04871216,767,30.4,99.9,0,23.28125,0,1.132
436.492,0.013734392,0,95.57948141,88.80009933,0.848201141,-3.905258442,767,30.4,99.9,0,23.25,0,1.132
436.592,0.013774259,0,95.56024045,88.79050525,0.822307558,-4.028788033,767,30.4,99.9,0,23.25,0,1.132
436.692,0.013734392,0,95.56024045,88.76172319,0.81907086,-4.040742509,767,30.4,99.9,0,23.25,0,1.132
436.792,0.013694525,0,95.56986091,88.7809112,0.78994058,-3.88931914,767,30.4,99.9,0,23.25,0,1.132
436.892,0.013734392,0,95.54099964,88.76172319,0.815834162,-3.945106697,765,30.4,99.9,0,23.28125,0,1.132
436.992,0.013694525,0,95.51213871,88.76172319,0.832017651,-4.012848731,765,30.4,99.9,0,23.25,0,1.132
437.092,0.013694525,0,95.52175898,88.72334749,0.851437838,-4.040742509,765,30.4,99.9,0,23.25,0,1.132
437.192,0.013814125,0,95.51213871,88.7041598,0.832017651,-3.984954952,765,30.4,99.9,0,23.25,0,1.132
437.292,0.013774259,0,95.52175898,88.7041598,0.796413976,-4.052696986,765,30.4,99.9,0,23.25,0,1.131
437.392,0.013574926,0,95.50251848,88.68497223,0.786703882,-3.937137046,765,30.4,99.9,0,23.25,0,1.131
437.492,0.013694525,0,95.49289828,88.67537848,0.812597465,-3.984954952,765,30.4,99.9,0,23.25,0,1.131
437.592,0.013694525,0,95.46403793,88.7041598,0.822307558,-4.020818382,765,30.4,99.9,0,23.25,0,1.131
437.692,0.013734392,0,95.47365801,88.66578477,0.783467184,-3.996909429,765,30.4,99.9,0,23.25,0,1.131
437.792,0.013694525,0,95.47365801,88.65619108,0.835254349,-3.929167395,765,30.4,99.9,0,23.25,0,1.131
437.892,0.013654659,0,95.43517791,88.64659741,0.838491047,-3.885334315,765,30.4,99.9,0,23.25,0,1.131
437.992,0.013654659,0,95.44479788,88.64659741,0.848201141,-4.036757684,763,30.4,99.9,0,23.28125,0,1.131
438.092,0.013614792,0,95.4159381,88.64659741,0.812597465,-4.072621113,763,30.4,99.9,0,23.28125,0,1.131
438.192,0.013694525,0,95.40631824,88.61781659,0.796413976,-3.992924603,763,30.4,99.9,0,23.28125,0,1.131
438.292,0.013574926,0,95.38707865,88.61781659,0.832017651,-3.929167395,763,30.4,99.9,0,23.28125,0,1.131
438.392,0.013614792,0,95.40631824,88.58903601,0.825544256,-4.020818382,763,30.4,99.9,0,23.28125,0,1.131
438.492,0.013694525,0,95.39669843,88.56984909,0.799650673,-3.921197744,763,30.4,99.9,0,23.28125,0,1.131
438.592,0.013694525,0,95.36783922,88.56984909,0.851437838,-4.00487908,763,30.4,99.9,0,23.28125,0,1.131
438.692,0.013574926,0,95.35821955,88.58903601,0.832017651,-3.980970127,763,30.4,99.9,0,23.28125,0,1.131
438.792,0.013694525,0,95.34859993,88.54106892,0.81907086,-3.897288791,763,30.4,99.9,0,23.28125,0,1.131
438.892,0.013694525,0,95.35821955,88.54106892,0.81907086,-3.88134949,763,30.4,99.9,0,23.28125,0,1.131
438.992,0.013654659,0,95.34859993,88.53147559,0.844964443,-3.88931914,763,30.4,99.9,0,23.28125,0,1.131
439.092,0.013614792,0,95.3293608,88.53147559,0.832017651,-3.965030825,760,30.4,99.9,0,23.28125,0,1.132
439.192,0.013654659,0,95.31974128,88.53147559,0.796413976,-3.984954952,760,30.4,99.9,0,23.28125,0,1.132
439.292,0.013535059,0,95.3293608,88.53147559,0.809360767,-3.988939778,760,30.4,99.9,0,23.28125,0,1.132
439.392,0.013614792,0,95.31012181,88.50269575,0.78994058,-3.996909429,760,30.4,99.9,0,23.28125,0,1.132
439.492,0.013574926,0,95.30050238,88.49310252,0.802887371,-3.917212919,760,30.4,99.9,0,23.28125,0,1.132
439.592,0.013495192,0,95.30050238,88.47391615,0.877331421,-3.96901565,760,30.4,99.9,0,23.28125,0,1.132
439.692,0.013535059,0,95.28126362,88.50269575,0.825544256,-3.980970127,760,30.4,99.9,0,23.28125,0,1.132
439.792,0.013614792,0,95.24278657,88.46432301,0.815834162,-3.92518257,760,30.4,99.9,0,23.28125,0,1.132
439.892,0.013574926,0,95.28126362,88.4451368,0.78994058,-3.992924603,760,30.4,99.9,0,23.28125,0,1.132
439.992,0.013574926,0,95.25240577,88.43554374,0.806124069,-3.961045999,760,30.4,99.9,0,23.28125,0,1.132
440.092,0.013535059,0,95.2331674,88.4259507,0.815834162,-3.885334315,760,30.4,99.9,0,23.28125,0,1.132
440.192,0.013495192,0,95.22354827,88.4259507,0.81907086,-3.933152221,760,30.4,99.9,0,23.28125,0,1.132
440.292,0.013535059,0,95.2331674,88.38757883,0.854674536,-3.973000476,753,30.4,99.9,0,23.28125,0,1.132
440.392,0.013535059,0,95.21392917,88.41635769,0.81907086,-3.905258442,753,30.4,99.9,0,23.28125,0,1.132
440.492,0.013535059,0,95.1946911,88.37798593,0.835254349,-3.933152221,753,30.4,99.9,0,23.28125,0,1.132
440.592,0.013495192,0,95.17545317,88.3588002,0.838491047,-3.965030825,753,30.4,99.9,0,23.28125,0,1.132
440.692,0.013535059,0,95.16583427,88.37798593,0.81907086,-3.877364664,753,30.4,99.9,0,23.28125,0,1.132
440.792,0.013535059,0,95.16583427,88.34920738,0.764046997,-3.917212919,753,30.4,99.9,0,23.28125,0,1.132
440.892,0.013415459,0,95.13697778,88.33961459,0.806124069,-3.88931914,753,30.4,99.9,0,23.28125,0,1.131
440.992,0.013535059,0,95.12735902,88.32042909,0.806124069,-3.988939778,753,30.4,99.9,0,23.28125,0,1.131
441.092,0.013495192,0,95.12735902,88.33002183,0.78994058,-3.933152221,753,30.4,99.9,0,23.28125,0,1.131
441.192,0.013495192,0,95.11774031,88.30124369,0.754336904,-3.917212919,753,30.4,99.9,0,23.28125,0,1.131
441.292,0.013455326,0,95.11774031,88.30124369,0.780230486,-4.028788033,753,30.4,99.9,0,23.28125,0,1.131
441.392,0.013535059,0,95.12735902,88.2820584,0.812597465,-3.92518257,749,30.4,99.9,0,23.28125,0,1.131
441.492,0.013455326,0,95.08888438,88.30124369,0.851437838,-3.897288791,749,30.4,99.9,0,23.28125,0,1.131
441.592,0.013455326,0,95.09850299,88.27246579,0.806124069,-3.984954952,749,30.4,99.9,0,23.28125,0,1.131
441.692,0.013535059,0,95.06964729,88.27246579,0.809360767,-3.897288791,749,30.4,99.9,0,23.28125,0,1.131
441.792,0.013455326,0,95.07926582,88.24368814,0.822307558,-3.873379839,749,30.4,99.9,0,23.28125,0,1.131
441.892,0.013455326,0,95.04079193,88.25328066,0.799650673,-3.88134949,749,30.4,99.9,0,23.28125,0,1.131
441.992,0.013415459,0,95.05041034,88.24368814,0.81907086,-3.976985301,749,30.4,99.9,0,23.28125,0,1.131
442.092,0.013415459,0,95.02155521,88.22450317,0.74462681,-3.905258442,749,30.4,99.9,0,23.28125,0,1.131
442.192,0.013375593,0,95.02155521,88.21491072,0.809360767,-3.953076348,749,30.4,99.9,0,23.28125,0,1.131
442.292,0.013415459,0,95.0119369,88.19572591,0.812597465,-3.905258442,749,30.4,99.9,0,23.28125,0,1.131
442.392,0.013415459,0,95.03117355,88.20531831,0.828780954,-3.929167395,749,30.4,99.9,0,23.28125,0,1.131
442.492,0.013415459,0,94.99270041,88.18613355,0.773757091,-3.957061174,746,30.4,99.9,0,23.28125,0,1.131
442.592,0.013455326,0,94.99270041,88.18613355,0.786703882,-3.953076348,746,30.4,99.9,0,23.28125,0,1.13
442.692,0.013375593,0,95.00231864,88.18613355,0.776993789,-3.980970127,746,30.4,99.9,0,23.28125,0,1.13
442.792,0.013415459,0,94.98308222,88.14776436,0.796413976,-3.833531584,746,30.4,99.9,0,23.28125,0,1.13
442.892,0.013455326,0,94.97346406,88.12857992,0.809360767,-3.909243268,746,30.4,99.9,0,23.28125,0,1.13
442.992,0.013415459,0,94.96384595,88.12857992,0.832017651,-3.905258442,746,30.4,99.9,0,23.28125,0,1.13
443.092,0.013415459,0,94.93499182,88.12857992,0.780230486,-3.841501235,746,30.4,99.9,0,23.28125,0,1.13
443.192,0.013375593,0,94.96384595,88.10939559,0.802887371,-3.965030825,746,30.4,99.9,0,23.28125,0,1.13
443.292,0.013415459,0,94.91575593,88.09980347,0.793177278,-3.897288791,746,30.4,99.9,0,23.28125,0,1.13
443.392,0.013375593,0,94.93499182,88.09021137,0.796413976,-3.984954952,746,30.4,99.9,0,23.28125,0,1.13
443.492,0.013375593,0,94.91575593,88.09021137,0.812597465,-3.817592282,746,30.4,99.9,0,23.28125,0,1.13
443.592,0.013375593,0,94.91575593,88.04225127,0.828780954,-3.84548606,746,30.4,99.9,0,23.28125,0,1.13
443.692,0.013375593,0,94.89652018,88.09021137,0.78994058,-3.961045999,746,30.4,99.9,0,23.28125,0,1.13
443.792,0.013375593,0,94.89652018,88.05184324,0.815834162,-3.917212919,746,30.4,99.9,0,23.28125,0,1.13
443.892,0.013335726,0,94.84843147,88.06143523,0.770520393,-3.976985301,746,30.4,99.9,0,23.28125,0,1.13
443.992,0.013415459,0,94.86766684,88.02306742,0.822307558,-3.897288791,746,30.4,99.9,0,23.28125,0,1.13
444.092,0.013375593,0,94.84843147,88.05184324,0.796413976,-3.945106697,746,30.4,99.9,0,23.28125,0,1.13
444.192,0.013295859,0,94.85804913,88.03265933,0.825544256,-3.825561933,746,30.4,99.9,0,23.28125,0,1.13
444.292,0.013375593,0,94.83881384,88.02306742,0.799650673,-3.893303966,746,30.4,99.9,0,23.28125,0,1.13
444.392,0.013335726,0,94.80996117,88.01347553,0.776993789,-3.901273617,746,30.4,99.9,0,23.28125,0,1.132
444.492,0.013295859,0,94.80034368,87.96551649,0.786703882,-3.901273617,746,30.4,99.9,0,23.28125,0,1.132
444.592,0.013335726,0,94.78110883,87.96551649,0.851437838,-3.901273617,746,30.4,99.9,0,23.28125,0,1.132
444.692,0.013216126,0,94.79072624,87.97510824,0.857911234,-3.937137046,747,30.4,99.9,0,23.28125,0,1.132
444.792,0.013255993,0,94.80996117,87.96551649,0.809360767,-3.821577107,747,30.4,99.9,0,23.28125,0,1.132
444.892,0.013295859,0,94.78110883,87.92714972,0.783467184,-3.961045999,747,30.4,99.9,0,23.28125,0,1.132
444.992,0.013255993,0,94.77149146,87.94633305,0.747863508,-3.909243268,747,30.4,99.9,0,23.28125,0,1.132
445.092,0.013335726,0,94.76187413,87.92714972,0.812597465,-3.945106697,747,30.4,99.9,0,23.28125,0,1.132
445.192,0.013295859,0,94.76187413,87.9175581,0.828780954,-3.805637805,747,30.4,99.9,0,23.28125,0,1.132
445.292,0.01317626,0,94.75225683,87.92714972,0.776993789,-3.88134949,747,30.4,99.9,0,23.28125,0,1.132
445.392,0.013216126,0,94.75225683,87.89837493,0.799650673,-3.849470886,747,30.4,99.9,0,23.28125,0,1.132
445.492,0.013335726,0,94.71378802,87.9175581,0.815834162,-3.841501235,747,30.4,99.9,0,23.28125,0,1.132
445.592,0.013255993,0,94.71378802,87.88878338,0.776993789,-3.921197744,747,30.4,99.9,0,23.28125,0,1.132
445.692,0.013096527,0,94.71378802,87.87919186,0.751100206,-3.937137046,747,30.4,99.9,0,23.28125,0,1.132
445.792,0.013216126,0,94.6753198,87.87919186,0.802887371,-3.80165298,749,30.4,99.9,0,23.28125,0,1.132
445.892,0.013216126,0,94.69455383,87.87919186,0.776993789,-3.921197744,749,30.4,99.9,0,23.28125,0,1.132
445.992,0.013255993,0,94.6849368,87.85041746,0.802887371,-3.929167395,749,30.4,99.9,0,23.28125,0,1.132
446.092,0.013216126,0,94.69455383,87.85041746,0.786703882,-3.833531584,749,30.4,99.9,0,23.28125,0,1.131
446.192,0.013216126,0,94.6849368,87.84082604,0.809360767,-3.857440537,749,30.4,99.9,0,23.28125,0,1.131
446.292,0.013216126,0,94.66570283,87.85041746,0.809360767,-3.917212919,749,30.4,99.9,0,23.28125,0,1.131
446.392,0.013216126,0,94.62723535,87.81205195,0.786703882,-3.933152221,749,30.4,99.9,0,23.28125,0,1.131
446.492,0.013216126,0,94.62723535,87.81205195,0.812597465,-3.821577107,749,30.4,99.9,0,23.28125,0,1.131
446.592,0.013216126,0,94.63685217,87.79286935,0.773757091,-3.853455711,749,30.4,99.9,0,23.28125,0,1.131
446.692,0.013136393,0,94.59838513,87.79286935,0.838491047,-3.80165298,749,30.4,99.9,0,23.28125,0,1.131
446.792,0.013096527,0,94.59838513,87.78327809,0.776993789,-3.921197744,749,30.4,99.9,0,23.28125,0,1.131
446.892,0.013136393,0,94.62723535,87.78327809,0.780230486,-3.841501235,749,30.4,99.9,0,23.28125,0,1.131
446.992,0.013136393,0,94.59838513,87.77368685,0.767283695,-3.873379839,749,30.4,99.9,0,23.28125,0,1.131
447.092,0.013136393,0,94.59838513,87.75450446,0.812597465,-3.88134949,749,30.4,99.9,0,23.28125,0,1.131
447.192,0.013136393,0,94.57915183,87.73532218,0.764046997,-3.805637805,749,30.4,99.9,0,23.28125,0,1.131
447.292,0.01305666,0,94.56953524,87.77368685,0.780230486,-3.849470886,749,30.4,99.9,0,23.28125,0,1.131
447.392,0.013255993,0,94.54068568,87.72573107,0.764046997,-3.933152221,749,30.4,99.9,0,23.28125,0,1.131
447.492,0.013136393,0,94.54068568,87.72573107,0.776993789,-3.917212919,749,30.4,99.9,0,23.28125,0,1.131
447.592,0.01305666,0,94.52145283,87.67777593,0.835254349,-3.849470886,749,30.4,99.9,0,23.28125,0,1.131
447.692,0.01317626,0,94.52145283,87.70654894,0.786703882,-3.869395013,749,30.4,99.9,0,23.28125,0,1.131
447.792,0.013136393,0,94.50222012,87.69695791,0.783467184,-3.821577107,749,30.4,99.9,0,23.28125,0,1.132
447.892,0.01305666,0,94.51183645,87.67777593,0.78994058,-3.825561933,749,30.4,99.9,0,23.28125,0,1.132
447.992,0.01305666,0,94.53106923,87.66818498,0.802887371,-3.769774376,747,30.4,99.9,0,23.28125,0,1.132
448.092,0.01305666,0,94.48298756,87.64900316,0.780230486,-3.877364664,747,30.4,99.9,0,23.28125,0,1.132
448.192,0.01317626,0,94.50222012,87.65859406,0.802887371,-3.869395013,747,30.4,99.9,0,23.28125,0,1.132
448.292,0.013136393,0,94.47337133,87.62023062,0.81907086,-3.92518257,747,30.4,99.9,0,23.28125,0,1.132
448.392,0.01305666,0,94.45413899,87.64900316,0.78994058,-3.861425362,747,30.4,99.9,0,23.28125,0,1.132
448.492,0.013136393,0,94.46375514,87.62982144,0.802887371,-3.753835074,747,30.4,99.9,0,23.28125,0,1.132
448.592,0.013096527,0,94.45413899,87.61063982,0.822307558,-3.901273617,747,30.4,99.9,0,23.28125,0,1.132
448.692,0.01305666,0,94.42529076,87.61063982,0.764046997,-3.837516409,747,30.4,99.9,0,23.28125,0,1.132
448.792,0.01305666,0,94.42529076,87.58186759,0.806124069,-3.777744027,747,30.4,99.9,0,23.28125,0,1.132
448.892,0.013096527,0,94.42529076,87.59145831,0.81907086,-3.869395013,747,30.4,99.9,0,23.28125,0,1.132
448.992,0.013016793,0,94.40605878,87.57227689,0.7608103,-3.825561933,747,30.4,99.9,0,23.28125,0,1.132
449.092,0.01305666,0,94.3772111,87.57227689,0.751100206,-3.861425362,744,30.4,99.9,0,23.28125,0,1.132
449.192,0.013016793,0,94.38682695,87.56268623,0.773757091,-3.825561933,744,30.4,99.9,0,23.28125,0,1.132
449.292,0.01305666,0,94.36759527,87.55309558,0.767283695,-3.897288791,744,30.4,99.9,0,23.28125,0,1.132
449.392,0.013096527,0,94.36759527,87.52432381,0.796413976,-3.917212919,744,30.4,99.9,0,23.28125,0,1.132
449.492,0.01305666,0,94.35797949,87.55309558,0.770520393,-3.817592282,744,30.4,99.9,0,23.28125,0,1.131
449.592,0.013096527,0,94.35797949,87.49555226,0.757573602,-3.821577107,744,30.4,99.9,0,23.28125,0,1.131
449.692,0.012976927,0,94.34836374,87.49555226,0.770520393,-3.809622631,744,30.4,99.9,0,23.28125,0,1.131
449.792,0.01305666,0,94.32913235,87.47637136,0.815834162,-3.729926121,744,30.4,99.9,0,23.28125,0,1.131
449.892,0.012976927,0,94.30990111,87.49555226,0.783467184,-3.841501235,744,30.4,99.9,0,23.28125,0,1.131
449.992,0.01293706,0,94.30990111,87.4859618,0.773757091,-3.905258442,744,30.4,99.9,0,23.28125,0,1.131
450.092,0.012976927,0,94.29067001,87.45719056,0.848201141,-3.797668154,744,30.4,99.9,0,23.28125,0,1.131
450.192,0.012976927,0,94.29067001,87.45719056,0.796413976,-3.757819899,743,30.4,99.9,0,23.28125,0,1.131
450.292,0.012976927,0,94.27143906,87.45719056,0.832017651,-3.694062691,743,30.4,99.9,0,23.28125,0,1.131
450.392,0.01305666,0,94.27143906,87.43800986,0.767283695,-3.745865423,743,30.4,99.9,0,23.28125,0,1.131
450.492,0.013096527,0,94.26182364,87.43800986,0.799650673,-3.821577107,743,30.4,99.9,0,23.28125,0,1.131
450.592,0.012976927,0,94.25220826,87.42841954,0.754336904,-3.729926121,743,30.4,99.9,0,23.28125,0,1.131
450.692,0.013016793,0,94.25220826,87.39964876,0.7608103,-3.713986819,743,30.4,99.9,0,23.28125,0,1.131
450.792,0.013016793,0,94.22336232,87.39005855,0.74462681,-3.813607456,743,30.4,99.9,0,23.28125,0,1.131
450.892,0.01293706,0,94.21374708,87.38046836,0.770520393,-3.905258442,743,30.4,99.9,0,23.28125,0,1.131
450.992,0.012857327,0,94.19451672,87.39964876,0.799650673,-3.865410188,743,30.4,99.9,0,23.28125,0,1.131
451.092,0.012976927,0,94.20413188,87.34210787,0.780230486,-3.805637805,743,30.4,99.9,0,23.28125,0,1.131
451.192,0.012976927,0,94.17528649,87.35169796,0.776993789,-3.80165298,743,30.4,99.9,0,23.28125,0,1.131
451.292,0.012897194,0,94.16567144,87.3708782,0.799650673,-3.833531584,740,30.4,99.9,0,23.28125,0,1.132
451.392,0.012897194,0,94.12721157,87.32292777,0.776993789,-3.769774376,740,30.4,99.9,0,23.28125,0,1.132
451.492,0.012857327,0,94.15605641,87.33251781,0.786703882,-3.733910946,740,30.4,99.9,0,23.28125,0,1.132
451.592,0.012976927,0,94.13682648,87.30374778,0.806124069,-3.793683329,740,30.4,99.9,0,23.28125,0,1.132
451.692,0.012897194,0,94.14644143,87.31333777,0.78994058,-3.861425362,740,30.4,99.9,0,23.28125,0,1.132
451.792,0.01293706,0,94.10798185,87.30374778,0.767283695,-3.741880597,740,30.4,99.9,0,23.28125,0,1.132
451.892,0.012857327,0,94.10798185,87.29415782,0.757573602,-3.861425362,740,30.4,99.9,0,23.28125,0,1.132
451.992,0.012976927,0,94.09836705,87.26538809,0.78994058,-3.905258442,740,30.4,99.9,0,23.28125,0,1.132
452.092,0.01293706,0,94.07913755,87.25579823,0.796413976,-3.797668154,740,30.4,99.9,0,23.28125,0,1.132
452.192,0.012857327,0,94.0599082,87.26538809,0.822307558,-3.809622631,740,30.4,99.9,0,23.28125,0,1.132
452.292,0.012897194,0,94.05029358,87.26538809,0.776993789,-3.809622631,740,30.4,99.9,0,23.28125,0,1.132
452.392,0.012897194,0,94.0599082,87.21743904,0.799650673,-3.670153739,732,30.4,99.9,0,23.28125,0,1.132
452.492,0.012857327,0,94.0599082,87.23661859,0.793177278,-3.877364664,732,30.4,99.9,0,23.28125,0,1.132
452.592,0.012857327,0,94.03106444,87.2270288,0.815834162,-3.817592282,732,30.4,99.9,0,23.28125,0,1.132
452.692,0.01281746,0,94.03106444,87.21743904,0.783467184,-3.777744027,732,30.4,99.9,0,23.28125,0,1.132
452.792,0.012857327,0,94.00222101,87.2270288,0.764046997,-3.817592282,732,30.4,99.9,0,23.28125,0,1.132
452.892,0.01281746,0,93.98299223,87.17908025,0.770520393,-3.813607456,732,30.4,99.9,0,23.28125,0,1.132
452.992,0.012857327,0,93.98299223,87.18866991,0.783467184,-3.793683329,732,30.4,99.9,0,23.28125,0,1.131
453.092,0.01281746,0,93.9926066,87.1982596,0.776993789,-3.833531584,732,30.4,99.9,0,23.28125,0,1.131
453.192,0.012857327,0,93.97337789,87.16949062,0.78994058,-3.725941295,732,30.4,99.9,0,23.28125,0,1.131
453.292,0.01281746,0,93.9637636,87.18866991,0.786703882,-3.777744027,732,30.4,99.9,0,23.28125,0,1.131
453.392,0.012857327,0,93.93492092,87.15031142,0.78994058,-3.789698503,732,30.4,99.9,0,23.28125,0,1.131
453.492,0.012737727,0,93.92530676,87.15990101,0.767283695,-3.749850248,727,30.4,99.9,0,23.28125,0,1.131
453.592,0.012737727,0,93.93492092,87.14072186,0.822307558,-3.761804725,727,30.4,99.9,0,23.28125,0,1.131
453.692,0.01281746,0,93.90607856,87.10236386,0.741390113,-3.833531584,727,30.4,99.9,0,23.28125,0,1.131
453.792,0.01281746,0,93.91569265,87.12154281,0.773757091,-3.785713678,727,30.4,99.9,0,23.28125,0,1.131
453.892,0.012857327,0,93.89646452,87.10236386,0.799650673,-3.757819899,727,30.4,99.9,0,23.28125,0,1.131
453.992,0.01281746,0,93.89646452,87.08318501,0.809360767,-3.837516409,727,30.4,99.9,0,23.28125,0,1.131
454.092,0.01281746,0,93.84839482,87.05441692,0.799650673,-3.857440537,727,30.4,99.9,0,23.28125,0,1.131
454.192,0.012777594,0,93.87723653,87.07359562,0.764046997,-3.905258442,727,30.4,99.9,0,23.28125,0,1.131
454.292,0.012777594,0,93.83878099,87.06400626,0.764046997,-3.817592282,727,30.4,99.9,0,23.28125,0,1.131
454.392,0.012737727,0,93.81955344,87.05441692,0.764046997,-3.745865423,727,30.4,99.9,0,23.28125,0,1.131
454.492,0.01281746,0,93.86762259,87.06400626,0.738153415,-3.68609304,727,30.4,99.9,0,23.28125,0,1.131
454.592,0.012777594,0,93.84839482,87.03523832,0.754336904,-3.805637805,722,30.4,99.9,0,23.28125,0,1.131
454.692,0.01281746,0,93.80993971,87.02564905,0.783467184,-3.757819899,722,30.4,99.9,0,23.28125,0,1.131
454.792,0.01281746,0,93.8291672,87.00647059,0.78994058,-3.773759201,722,30.4,99.9,0,23.28125,0,1.132
454.892,0.012737727,0,93.80032602,87.00647059,0.793177278,-3.813607456,722,30.4,99.9,0,23.28125,0,1.132
454.992,0.012737727,0,93.79071237,87.01605981,0.7608103,-3.813607456,722,30.4,99.9,0,23.28125,0,1.132
455.092,0.012697861,0,93.77148517,86.97770309,0.812597465,-3.781728852,722,30.4,99.9,0,23.28125,0,1.132
455.192,0.012697861,0,93.76187163,86.95852488,0.74462681,-3.678123389,722,30.4,99.9,0,23.28125,0,1.132
455.292,0.012777594,0,93.75225812,86.96811398,0.7608103,-3.757819899,722,30.8,99.9,0,23.28125,0,1.132
455.392,0.012697861,0,93.75225812,86.96811398,0.764046997,-3.741880597,722,30.8,99.9,0,23.28125,0,1.132
455.492,0.012737727,0,93.73303121,86.94893581,0.754336904,-3.769774376,722,30.8,99.9,0,23.28125,0,1.132
455.592,0.012777594,0,93.71380444,86.92975775,0.802887371,-3.741880597,722,30.8,99.9,0,23.28125,0,1.132
455.692,0.012657994,0,93.7041911,86.91057978,0.767283695,-3.757819899,720,30.8,99.9,0,23.28125,0,1.132
455.792,0.012777594,0,93.71380444,86.92016875,0.754336904,-3.713986819,720,30.8,99.9,0,23.28125,0,1.132
455.892,0.012697861,0,93.69457781,86.92016875,0.809360767,-3.813607456,720,30.8,99.9,0,23.28125,0,1.132
455.992,0.012657994,0,93.69457781,86.92016875,0.78994058,-3.694062691,720,30.8,99.9,0,23.28125,0,1.132
456.092,0.012697861,0,93.66573814,86.89140191,0.802887371,-3.698047517,720,30.8,99.9,0,23.28125,0,1.132
456.192,0.012657994,0,93.66573814,86.86263529,0.822307558,-3.761804725,720,30.8,99.9,0,23.28125,0,1.132
456.292,0.012697861,0,93.64651186,86.88181301,0.844964443,-3.805637805,720,30.8,99.9,0,23.28125,0,1.132
456.392,0.012618127,0,93.63689878,86.90099083,0.776993789,-3.76578955,720,30.8,99.9,0,23.28125,0,1.131
456.492,0.012657994,0,93.64651186,86.86263529,0.786703882,-3.789698503,720,30.8,99.9,0,23.28125,0,1.131
456.592,0.012578261,0,93.59844681,86.84345766,0.776993789,-3.706017168,720,30.8,99.9,0,23.28125,0,1.131
456.692,0.012657994,0,93.57922103,86.82428013,0.793177278,-3.761804725,720,30.8,99.9,0,23.28125,0,1.131
456.792,0.012618127,0,93.60805975,86.84345766,0.773757091,-3.785713678,722,30.8,99.9,0,23.28125,0,1.131
456.892,0.012697861,0,93.5888339,86.82428013,0.7608103,-3.737895772,722,30.8,99.9,0,23.28125,0,1.131
456.992,0.012697861,0,93.5599954,86.8051027,0.770520393,-3.729926121,722,30.8,99.9,0,23.28125,0,1.131
457.092,0.012657994,0,93.5888339,86.78592536,0.81907086,-3.717971644,722,30.8,99.9,0,23.28125,0,1.131
457.192,0.012697861,0,93.55038264,86.8051027,0.738153415,-3.674138564,722,30.8,99.9,0,23.28125,0,1.131
457.292,0.012697861,0,93.5599954,86.76674812,0.780230486,-3.781728852,722,30.8,99.9,0,23.28125,0,1.131
457.392,0.012657994,0,93.55038264,86.75715954,0.767283695,-3.769774376,722,30.8,99.9,0,23.28125,0,1.131
457.492,0.012618127,0,93.54076991,86.74757098,0.783467184,-3.76578955,722,30.8,99.9,0,23.28125,0,1.131
457.592,0.012578261,0,93.52154456,86.75715954,0.776993789,-3.789698503,722,30.8,99.9,0,23.28125,0,1.131
457.692,0.012657994,0,93.52154456,86.73798244,0.776993789,-3.829546758,722,30.8,99.9,0,23.28125,0,1.131
457.792,0.012578261,0,93.51193194,86.70921698,0.806124069,-3.698047517,722,30.8,99.9,0,23.28125,0,1.131
457.892,0.012538394,0,93.51193194,86.74757098,0.764046997,-3.749850248,724,30.8,99.9,0,23.28125,0,1.131
457.992,0.012578261,0,93.4927068,86.69962854,0.757573602,-3.706017168,724,30.8,99.9,0,23.28125,0,1.131
458.092,0.012538394,0,93.51193194,86.69962854,0.770520393,-3.761804725,724,30.8,99.9,0,23.28125,0,1.131
458.192,0.012578261,0,93.4734818,86.69004012,0.767283695,-3.769774376,724,30.8,99.9,0,23.28125,0,1.13
458.292,0.012578261,0,93.4734818,86.67086336,0.773757091,-3.761804725,724,30.8,99.9,0,23.28125,0,1.13
458.392,0.012578261,0,93.46386935,86.66127502,0.754336904,-3.781728852,724,30.8,99.9,0,23.28125,0,1.13
458.492,0.012538394,0,93.44464457,86.6516867,0.754336904,-3.725941295,724,30.8,99.9,0,23.28125,0,1.13
458.592,0.012578261,0,93.43503223,86.67086336,0.770520393,-3.741880597,724,30.8,99.9,0,23.28125,0,1.13
458.692,0.012578261,0,93.40619542,86.6516867,0.81907086,-3.781728852,724,30.8,99.9,0,23.28125,0,1.13
458.792,0.012538394,0,93.39658322,86.62292188,0.822307558,-3.777744027,724,30.8,99.9,0,23.28125,0,1.13
458.892,0.012538394,0,93.42541993,86.63251013,0.81907086,-3.72195647,724,30.8,99.9,0,23.28125,0,1.13
458.992,0.012618127,0,93.37735893,86.63251013,0.767283695,-3.729926121,726,30.8,99.9,0,23.28125,0,1.13
459.092,0.012538394,0,93.40619542,86.59415728,0.812597465,-3.80165298,726,30.8,99.9,0,23.28125,0,1.13
459.192,0.012618127,0,93.36774684,86.59415728,0.783467184,-3.706017168,726,30.8,99.9,0,23.28125,0,1.13
459.292,0.012578261,0,93.36774684,86.58456912,0.776993789,-3.777744027,726,30.8,99.9,0,23.28125,0,1.13
459.392,0.012498528,0,93.35813478,86.57498099,0.796413976,-3.713986819,726,30.8,99.9,0,23.28125,0,1.13
459.492,0.012498528,0,93.32929881,86.57498099,0.767283695,-3.717971644,726,30.8,99.9,0,23.28125,0,1.13
459.592,0.012498528,0,93.36774684,86.5558048,0.741390113,-3.785713678,726,30.8,99.9,0,23.28125,0,1.13
459.692,0.012498528,0,93.33891077,86.5558048,0.783467184,-3.678123389,726,30.8,99.9,0,23.28125,0,1.13
459.792,0.012578261,0,93.32929881,86.53662871,0.757573602,-3.658199262,726,30.8,99.9,0,23.28125,0,1.13
459.892,0.012578261,0,93.30046316,86.51745271,0.78994058,-3.713986819,726,30.8,99.9,0,23.28125,0,1.131
459.992,0.012538394,0,93.31968689,86.51745271,0.731680019,-3.698047517,726,30.8,99.9,0,23.28125,0,1.131
460.092,0.012498528,0,93.29085135,86.49827681,0.770520393,-3.694062691,726,30.8,99.9,0,23.28125,0,1.131
460.192,0.012538394,0,93.27162783,86.479101,0.767283695,-3.745865423,726,30.8,99.9,0,23.28125,0,1.131
460.292,0.012498528,0,93.28123957,86.479101,0.776993789,-3.590457229,726,30.8,99.9,0,23.28125,0,1.131
460.392,0.012578261,0,93.28123957,86.48868889,0.799650673,-3.674138564,726,30.8,99.9,0,23.28125,0,1.131
460.492,0.012498528,0,93.26201612,86.45992528,0.780230486,-3.678123389,726,30.8,99.9,0,23.28125,0,1.131
460.592,0.012498528,0,93.26201612,86.45992528,0.799650673,-3.710001993,726,30.8,99.9,0,23.28125,0,1.131
460.692,0.012538394,0,93.25240445,86.43116188,0.757573602,-3.606396531,726,30.8,99.9,0,23.28125,0,1.131
460.792,0.012458661,0,93.2139581,86.43116188,0.770520393,-3.694062691,726,30.8,99.9,0,23.28125,0,1.131
460.892,0.012378928,0,93.24279281,86.44074966,0.806124069,-3.76578955,726,30.8,99.9,0,23.28125,0,1.131
460.992,0.012378928,0,93.2043466,86.43116188,0.78994058,-3.745865423,726,30.8,99.9,0,23.28125,0,1.131
461.092,0.012458661,0,93.2043466,86.42157413,0.773757091,-3.578502752,726,30.8,99.9,0,23.28125,0,1.131
461.192,0.012498528,0,93.2043466,86.43116188,0.835254349,-3.64225996,725,30.8,99.9,0,23.28125,0,1.131
461.292,0.012458661,0,93.19473514,86.38322336,0.718733228,-3.706017168,725,30.8,99.9,0,23.28125,0,1.131
461.392,0.012418795,0,93.17551232,86.38322336,0.757573602,-3.682108215,725,30.8,99.9,0,23.28125,0,1.131
461.492,0.012418795,0,93.18512371,86.38322336,0.767283695,-3.578502752,725,30.8,99.9,0,23.28125,0,1.131
461.592,0.012418795,0,93.18512371,86.38322336,0.770520393,-3.717971644,725,30.8,99.9,0,23.28125,0,1.131
461.692,0.012418795,0,93.16590096,86.3256979,0.773757091,-3.717971644,725,30.8,99.9,0,23.28125,0,1.131
461.792,0.012299195,0,93.15628963,86.34487296,0.786703882,-3.706017168,725,30.8,99.9,0,23.28125,0,1.131
461.892,0.012498528,0,93.13706709,86.35446052,0.767283695,-3.674138564,725,30.8,99.9,0,23.28125,0,1.131
461.992,0.012418795,0,93.12745587,86.33528542,0.74462681,-3.741880597,725,30.8,99.9,0,23.28125,0,1.131
462.092,0.012418795,0,93.10823353,86.34487296,0.757573602,-3.618351007,725,30.8,99.9,0,23.28125,0,1.131
462.192,0.012378928,0,93.08901133,86.30652293,0.764046997,-3.694062691,725,30.8,99.9,0,23.28125,0,1.131
462.292,0.012339061,0,93.08901133,86.30652293,0.773757091,-3.785713678,725,30.8,99.9,0,23.28125,0,1.131
462.392,0.012378928,0,93.08901133,86.29693548,0.780230486,-3.694062691,725,30.8,99.9,0,23.28125,0,1.131
462.492,0.012378928,0,93.0601783,86.29693548,0.764046997,-3.717971644,725,30.8,99.9,0,23.28125,0,1.131
462.592,0.012418795,0,93.07940029,86.28734806,0.74462681,-3.753835074,725,30.8,99.9,0,23.28125,0,1.131
462.692,0.012418795,0,93.04095645,86.29693548,0.7608103,-3.682108215,725,30.8,99.9,0,23.28125,0,1.131
462.792,0.012378928,0,93.0601783,86.27776065,0.786703882,-3.674138564,725,30.8,99.9,0,23.28125,0,1.131
462.892,0.012378928,0,93.04095645,86.24899859,0.773757091,-3.658199262,725,30.8,99.9,0,23.28125,0,1.131
462.992,0.012299195,0,93.03134557,86.23941128,0.773757091,-3.725941295,725,30.8,99.9,0,23.28125,0,1.131
463.092,0.012259328,0,93.02173473,86.22982399,0.741390113,-3.626320658,725,30.8,99.9,0,23.28125,0,1.131
463.192,0.012339061,0,93.02173473,86.23941128,0.751100206,-3.694062691,725,30.8,99.9,0,23.28125,0,1.131
463.292,0.012339061,0,93.00251316,86.1818879,0.780230486,-3.694062691,725,30.8,99.9,0,23.28125,0,1.131
463.392,0.012339061,0,93.00251316,86.20106227,0.799650673,-3.690077866,726,30.8,99.9,0,23.28125,0,1.131
463.492,0.012299195,0,92.99290243,86.20106227,0.799650673,-3.753835074,726,30.8,99.9,0,23.28125,0,1.131
463.592,0.012219462,0,92.96407043,86.1818879,0.773757091,-3.674138564,726,30.8,99.9,0,23.28125,0,1.131
463.692,0.012299195,0,92.98329172,86.17230075,0.7608103,-3.698047517,726,30.8,99.9,0,23.28125,0,1.131
463.792,0.012299195,0,92.95445983,86.1818879,0.773757091,-3.666168913,726,30.8,99.9,0,23.28125,0,1.131
463.892,0.012378928,0,92.95445983,86.17230075,0.757573602,-3.729926121,726,30.8,99.9,0,23.28125,0,1.131
463.992,0.012339061,0,92.94484927,86.15312653,0.764046997,-3.650229611,726,30.8,99.9,0,23.28125,0,1.131
464.092,0.012299195,0,92.92562825,86.14353945,0.757573602,-3.698047517,726,30.8,99.9,0,23.28125,0,1.131
464.192,0.012179595,0,92.95445983,86.13395239,0.734916717,-3.658199262,726,30.8,99.9,0,23.28125,0,1.131
464.292,0.012259328,0,92.92562825,86.15312653,0.776993789,-3.650229611,726,30.8,99.9,0,23.28125,0,1.131
464.392,0.012259328,0,92.91601779,86.11477835,0.809360767,-3.64225996,726,30.8,99.9,0,23.28125,0,1.131
464.492,0.012339061,0,92.88718662,86.13395239,0.738153415,-3.678123389,726,30.8,99.9,0,23.28125,0,1.131
464.592,0.012339061,0,92.90640736,86.12436536,0.780230486,-3.713986819,726,30.8,99.9,0,23.28125,0,1.131
464.692,0.012299195,0,92.88718662,86.07643053,0.776993789,-3.662184088,726,30.8,99.9,0,23.28125,0,1.131
464.792,0.012259328,0,92.87757629,86.09560439,0.793177278,-3.622335833,726,30.8,99.9,0,23.28125,0,1.131
464.892,0.012259328,0,92.87757629,86.07643053,0.770520393,-3.638275135,726,30.8,99.9,0,23.28125,0,1.131
464.992,0.012339061,0,92.84874554,86.06684364,0.741390113,-3.757819899,726,30.8,99.9,0,23.28125,0,1.131
465.092,0.012219462,0,92.83913535,86.05725676,0.776993789,-3.694062691,726,30.8,99.9,0,23.28125,0,1.131
465.192,0.012299195,0,92.83913535,86.01890949,0.773757091,-3.654214437,726,30.8,99.9,0,23.28125,0,1.131
465.292,0.012259328,0,92.86796601,86.01890949,0.725206624,-3.666168913,726,30.8,99.9,0,23.28125,0,1.131
465.392,0.012219462,0,92.81991509,86.00932273,0.741390113,-3.678123389,726,30.8,99.9,0,23.28125,0,1.131
465.492,0.012179595,0,92.8295252,86.02849628,0.7608103,-3.630305484,726,30.8,99.9,0,23.28125,0,1.131
465.592,0.012299195,0,92.810305,85.98056259,0.780230486,-3.694062691,725,30.8,99.9,0,23.28125,0,1.131
465.692,0.012139728,0,92.78147497,85.96138927,0.747863508,-3.725941295,725,30.8,99.9,0,23.28125,0,1.131
465.792,0.012219462,0,92.78147497,85.98056259,0.757573602,-3.68609304,725,30.8,99.9,0,23.28125,0,1.131
465.892,0.012179595,0,92.77186502,85.97097592,0.764046997,-3.682108215,725,30.8,99.9,0,23.28125,0,1.131
465.992,0.012179595,0,92.76225511,85.97097592,0.7608103,-3.658199262,725,30.8,99.9,0,23.28125,0,1.131
466.092,0.012139728,0,92.76225511,85.94221605,0.764046997,-3.753835074,725,30.8,99.9,0,23.28125,0,1.131
466.192,0.012179595,0,92.77186502,85.94221605,0.734916717,-3.638275135,725,30.8,99.9,0,23.28125,0,1.131
466.292,0.012179595,0,92.73342559,85.92304291,0.764046997,-3.658199262,725,30.8,99.9,0,23.28125,0,1.131
466.392,0.012179595,0,92.74303539,85.92304291,0.764046997,-3.630305484,725,30.8,99.9,0,23.28125,0,1.131
466.492,0.012179595,0,92.71420607,85.92304291,0.770520393,-3.646244786,725,30.8,99.9,0,23.28125,0,1.131
466.592,0.012179595,0,92.71420607,85.88469691,0.71549653,-3.56256345,725,30.8,99.9,0,23.28125,0,1.131
466.692,0.012179595,0,92.67576746,85.88469691,0.7608103,-3.654214437,722,30.8,99.9,0,23.28125,0,1.131
466.792,0.012099862,0,92.68537706,85.89428338,0.741390113,-3.646244786,722,30.8,99.9,0,23.28125,0,1.131
466.892,0.012099862,0,92.70459637,85.91345638,0.712259832,-3.817592282,722,30.8,99.9,0,23.28125,0,1.131
466.992,0.012139728,0,92.65654835,85.86552404,0.767283695,-3.710001993,722,30.8,99.9,0,23.28125,0,1.131
467.092,0.012179595,0,92.66615789,85.86552404,0.767283695,-3.630305484,722,30.8,99.9,0,23.28125,0,1.131
467.192,0.012179595,0,92.65654835,85.84635127,0.751100206,-3.634290309,722,30.8,99.9,0,23.28125,0,1.131
467.292,0.012099862,0,92.63732939,85.83676491,0.773757091,-3.725941295,722,30.8,99.9,0,23.28125,0,1.131
467.392,0.012099862,0,92.63732939,85.81759227,0.734916717,-3.662184088,722,30.8,99.9,0,23.28125,0,1.131
467.492,0.012099862,0,92.62771995,85.80800598,0.731680019,-3.586472403,722,30.8,99.9,0,23.28125,0,1.131
467.592,0.012179595,0,92.63732939,85.81759227,0.757573602,-3.698047517,722,30.8,99.9,0,23.28125,0,1.131
467.692,0.012059995,0,92.58928256,85.78883348,0.751100206,-3.622335833,722,30.8,99.9,0,23.28125,0,1.131
467.792,0.012139728,0,92.61811056,85.78883348,0.7608103,-3.68609304,720,30.8,99.9,0,23.28125,0,1.131
467.892,0.012139728,0,92.5796733,85.80800598,0.738153415,-3.650229611,720,30.8,99.9,0,23.28125,0,1.131
467.992,0.012179595,0,92.60850119,85.78883348,0.770520393,-3.586472403,720,30.8,99.9,0,23.28125,0,1.131
468.092,0.012139728,0,92.60850119,85.78883348,0.741390113,-3.554593799,720,30.8,99.9,0,23.28125,0,1.131
468.192,0.012139728,0,92.58928256,85.78883348,0.741390113,-3.72195647,720,30.8,99.9,0,23.3125,0,1.131
468.292,0.012020129,0,92.56045488,85.75048873,0.783467184,-3.662184088,720,30.8,99.9,0,23.3125,0,1.131
468.392,0.012099862,0,92.52201843,85.76007488,0.734916717,-3.678123389,720,30.8,99.9,0,23.3125,0,1.131
468.492,0.012020129,0,92.56045488,85.73131649,0.74462681,-3.662184088,720,30.8,99.9,0,23.28125,0,1.131
468.592,0.012099862,0,92.54123659,85.76966106,0.776993789,-3.650229611,720,30.8,99.9,0,23.28125,0,1.131
468.692,0.012099862,0,92.52201843,85.7217304,0.757573602,-3.618351007,720,30.8,99.9,0,23.28125,0,1.131
468.792,0.012099862,0,92.52201843,85.73131649,0.74462681,-3.706017168,720,30.8,99.9,0,23.28125,0,1.131
468.892,0.012099862,0,92.52201843,85.69297227,0.776993789,-3.638275135,719,30.8,99.9,0,23.28125,0,1.131
468.992,0.012099862,0,92.47397364,85.71214433,0.709023134,-3.698047517,719,30.8,99.9,0,23.28125,0,1.131
469.092,0.012020129,0,92.49319146,85.68338627,0.757573602,-3.654214437,719,30.8,99.9,0,23.28125,0,1.131
469.192,0.011940395,0,92.47397364,85.6546284,0.699313041,-3.654214437,719,30.8,99.9,0,23.28125,0,1.131
469.292,0.012059995,0,92.48358253,85.67380029,0.741390113,-3.602411705,719,30.8,99.9,0,23.28125,0,1.131
469.392,0.012059995,0,92.47397364,85.6546284,0.757573602,-3.674138564,719,30.8,99.9,0,23.28125,0,1.131
469.492,0.012099862,0,92.44514717,85.6546284,0.738153415,-3.574517927,719,30.8,99.9,0,23.28125,0,1.131
469.592,0.012059995,0,92.45475596,85.64504249,0.78994058,-3.606396531,719,30.8,99.9,0,23.28125,0,1.131
469.692,0.012020129,0,92.4259297,85.6354566,0.754336904,-3.538654497,719,30.8,99.9,0,23.28125,0,1.131
469.792,0.012020129,0,92.43553842,85.60669907,0.734916717,-3.566548276,719,30.8,99.9,0,23.28125,0,1.131
469.892,0.011940395,0,92.38749514,85.61628489,0.7608103,-3.634290309,719,30.8,99.9,0,23.28125,0,1.131
469.992,0.012059995,0,92.41632101,85.59711327,0.74462681,-3.626320658,718,30.8,99.9,0,23.28125,0,1.131
470.092,0.011980262,0,92.40671235,85.59711327,0.731680019,-3.670153739,718,30.8,99.9,0,23.28125,0,1.131
470.192,0.012059995,0,92.36827807,85.59711327,0.709023134,-3.662184088,718,30.8,99.9,0,23.28125,0,1.131
470.292,0.011940395,0,92.38749514,85.59711327,0.738153415,-3.630305484,718,30.8,99.9,0,23.28125,0,1.131
470.392,0.012020129,0,92.34906113,85.568356,0.767283695,-3.658199262,718,30.8,99.9,0,23.28125,0,1.131
470.492,0.012020129,0,92.35866958,85.57794173,0.757573602,-3.658199262,718,30.8,99.9,0,23.28125,0,1.131
470.592,0.011940395,0,92.33945271,85.53959892,0.754336904,-3.638275135,718,30.8,99.9,0,23.28125,0,1.131
470.692,0.011980262,0,92.34906113,85.55877028,0.71549653,-3.594442054,718,30.8,99.9,0,23.28125,0,1.131
470.792,0.011940395,0,92.34906113,85.52042765,0.731680019,-3.630305484,718,30.8,99.9,0,23.28125,0,1.131
470.892,0.011940395,0,92.32984433,85.53001327,0.705786437,-3.602411705,718,30.8,99.9,0,23.28125,0,1.131
470.992,0.012020129,0,92.32984433,85.53001327,0.754336904,-3.586472403,718,30.8,99.9,0,23.28125,0,1.131
471.092,0.012020129,0,92.32023597,85.52042765,0.705786437,-3.614366182,717,30.8,99.9,0,23.28125,0,1.131
471.192,0.011940395,0,92.30101937,85.50125646,0.725206624,-3.630305484,717,30.8,99.9,0,23.28125,0,1.131
471.292,0.011940395,0,92.2818029,85.48208536,0.770520393,-3.498806242,717,30.8,99.9,0,23.28125,0,1.131
471.392,0.011940395,0,92.29141112,85.47249984,0.764046997,-3.546624148,717,30.8,99.9,0,23.28125,0,1.131
471.492,0.011940395,0,92.27219471,85.46291434,0.767283695,-3.586472403,717,30.8,99.9,0,23.28125,0,1.131
471.592,0.011940395,0,92.2818029,85.46291434,0.773757091,-3.630305484,717,30.8,99.9,0,23.28125,0,1.131
471.692,0.011900529,0,92.27219471,85.44374342,0.725206624,-3.622335833,717,30.8,99.9,0,23.28125,0,1.131
471.792,0.011940395,0,92.26258656,85.45332887,0.770520393,-3.590457229,717,30.8,99.9,0,23.28125,0,1.131
471.892,0.011900529,0,92.24337036,85.42457257,0.767283695,-3.550608974,717,30.8,99.9,0,23.28125,0,1.131
471.992,0.011980262,0,92.23376231,85.42457257,0.751100206,-3.606396531,717,30.8,99.9,0,23.28125,0,1.131
472.092,0.011940395,0,92.23376231,85.43415798,0.776993789,-3.514745544,717,30.8,99.9,0,23.28125,0,1.131
472.192,0.011900529,0,92.21454631,85.42457257,0.764046997,-3.646244786,713,30.8,99.9,0,23.28125,0,1.131
472.292,0.011820796,0,92.23376231,85.39581647,0.767283695,-3.574517927,713,30.8,99.9,0,23.3125,0,1.131
472.392,0.011820796,0,92.19533044,85.39581647,0.757573602,-3.622335833,713,30.8,99.9,0,23.3125,0,1.131
472.492,0.011820796,0,92.20493835,85.36706057,0.786703882,-3.542639323,713,30.8,99.9,0,23.3125,0,1.131
472.592,0.011940395,0,92.16650688,85.38623115,0.74462681,-3.570533101,713,30.8,99.9,0,23.3125,0,1.131
472.692,0.011860662,0,92.1761147,85.37664585,0.747863508,-3.634290309,713,30.8,99.9,0,23.3125,0,1.131
472.792,0.011900529,0,92.1761147,85.36706057,0.754336904,-3.64225996,713,30.8,99.9,0,23.3125,0,1.131
472.892,0.011780929,0,92.13768363,85.33830486,0.799650673,-3.574517927,713,30.8,99.9,0,23.3125,0,1.131
472.992,0.011900529,0,92.13768363,85.33830486,0.770520393,-3.574517927,713,30.8,99.9,0,23.3125,0,1.131
473.092,0.011820796,0,92.13768363,85.32871966,0.754336904,-3.626320658,713,30.8,99.9,0,23.3125,0,1.131
473.192,0.011940395,0,92.12807594,85.34789007,0.7608103,-3.486851766,713,30.8,99.9,0,23.3125,0,1.131
473.292,0.011820796,0,92.10886067,85.31913449,0.747863508,-3.482866941,711,30.8,99.9,0,23.3125,0,1.131
473.392,0.011780929,0,92.10886067,85.2903791,0.728443321,-3.594442054,711,30.8,99.9,0,23.3125,0,1.131
473.492,0.011860662,0,92.09925309,85.30954934,0.734916717,-3.482866941,711,30.8,99.9,0,23.3125,0,1.131
473.592,0.011860662,0,92.08964554,85.27120894,0.757573602,-3.566548276,711,30.8,99.9,0,23.3125,0,1.131
473.692,0.011980262,0,92.09925309,85.26162389,0.721969926,-3.550608974,711,30.8,99.9,0,23.3125,0,1.131
473.792,0.011820796,0,92.07043053,85.27120894,0.734916717,-3.662184088,711,30.8,99.9,0,23.3125,0,1.131
473.892,0.011820796,0,92.08003802,85.28079401,0.741390113,-3.530684846,711,30.8,99.9,0,23.3125,0,1.131
473.992,0.011820796,0,92.06082308,85.24245387,0.699313041,-3.546624148,711,30.8,99.9,0,23.3125,0,1.131
474.092,0.011741063,0,92.0223936,85.22328393,0.776993789,-3.614366182,711,30.8,99.9,0,23.3125,0,1.131
474.192,0.011780929,0,92.04160827,85.25203887,0.754336904,-3.526700021,711,30.8,99.9,0,23.3125,0,1.131
474.292,0.011820796,0,92.0223936,85.23286889,0.751100206,-3.618351007,711,30.8,99.9,0,23.3125,0,1.131
474.392,0.011860662,0,92.00317906,85.19452917,0.757573602,-3.550608974,704,30.8,99.9,0,23.3125,0,1.131
474.492,0.011820796,0,92.01278631,85.20411407,0.696076343,-3.462942813,704,30.8,99.9,0,23.3125,0,1.131
474.592,0.011780929,0,91.98396465,85.19452917,0.725206624,-3.59842688,704,30.8,99.9,0,23.3125,0,1.131
474.692,0.011860662,0,92.01278631,85.17535944,0.7608103,-3.538654497,704,30.8,99.9,0,23.3125,0,1.131
474.792,0.011860662,0,91.97435749,85.15618979,0.738153415,-3.72195647,704,30.8,99.9,0,23.3125,0,1.131
474.892,0.011741063,0,91.96475037,85.16577461,0.728443321,-3.51873037,704,30.8,99.9,0,23.3125,0,1.131
474.992,0.011780929,0,91.97435749,85.16577461,0.741390113,-3.450988337,704,30.8,99.9,0,23.3125,0,1.131
475.092,0.011860662,0,91.95514328,85.15618979,0.692839645,-3.622335833,704,30.8,99.9,0,23.3125,0,1.131
475.192,0.011780929,0,91.94553623,85.15618979,0.751100206,-3.546624148,704,30.8,99.9,0,23.3125,0,1.131
475.292,0.011780929,0,91.95514328,85.13702023,0.783467184,-3.586472403,704,30.8,99.9,0,23.3125,0,1.131
475.392,0.011820796,0,91.92632221,85.13702023,0.754336904,-3.558578625,704,30.8,99.9,0,23.3125,0,1.131
475.492,0.011780929,0,91.9359292,85.10826605,0.747863508,-3.554593799,701,30.8,99.9,0,23.3125,0,1.132
475.592,0.011860662,0,91.91671525,85.11785075,0.741390113,-3.586472403,701,30.8,99.9,0,23.3125,0,1.132
475.692,0.011741063,0,91.92632221,85.11785075,0.718733228,-3.606396531,701,30.8,99.9,0,23.3125,0,1.132
475.792,0.011741063,0,91.88789458,85.09868136,0.751100206,-3.622335833,701,30.8,99.9,0,23.3125,0,1.132
475.892,0.011701196,0,91.86868096,85.08909669,0.712259832,-3.550608974,701,30.8,99.9,0,23.3125,0,1.132
475.992,0.011780929,0,91.86868096,85.05075824,0.751100206,-3.578502752,701,30.8,99.9,0,23.3125,0,1.132
476.092,0.011741063,0,91.86868096,85.06034282,0.734916717,-3.542639323,701,30.8,99.9,0,23.3125,0,1.132
476.192,0.011820796,0,91.84946747,85.06034282,0.721969926,-3.606396531,701,30.8,99.9,0,23.3125,0,1.132
476.292,0.011701196,0,91.83986078,85.04117368,0.725206624,-3.494821417,701,30.8,99.9,0,23.3125,0,1.132
476.392,0.011661329,0,91.8590742,85.04117368,0.741390113,-3.602411705,701,30.8,99.9,0,23.3125,0,1.132
476.492,0.011780929,0,91.82064748,85.02200462,0.728443321,-3.443018686,701,30.8,99.9,0,23.3125,0,1.132
476.592,0.011701196,0,91.80143432,85.02200462,0.767283695,-3.582487578,700,30.8,99.9,0,23.3125,0,1.132
476.692,0.011661329,0,91.83025411,85.01242012,0.773757091,-3.514745544,700,30.8,99.9,0,23.3125,0,1.132
476.792,0.011741063,0,91.80143432,85.00283564,0.683129552,-3.538654497,700,30.8,99.9,0,23.3125,0,1.132
476.892,0.011701196,0,91.79182779,84.98366675,0.78994058,-3.602411705,700,30.8,99.9,0,23.3125,0,1.132
476.992,0.011741063,0,91.77261483,84.96449794,0.709023134,-3.498806242,700,30.8,99.9,0,23.3125,0,1.132
477.092,0.011701196,0,91.77261483,84.98366675,0.712259832,-3.550608974,700,30.8,99.9,0,23.3125,0,1.132
477.192,0.011661329,0,91.74379563,84.98366675,0.734916717,-3.538654497,700,30.8,99.9,0,23.3125,0,1.13
477.292,0.011741063,0,91.76300839,84.94532921,0.74462681,-3.550608974,700,30.8,99.9,0,23.3125,0,1.13
477.392,0.011741063,0,91.73418929,84.94532921,0.747863508,-3.566548276,700,30.8,99.9,0,23.3125,0,1.13
477.492,0.011701196,0,91.74379563,84.93574488,0.731680019,-3.514745544,700,30.8,99.9,0,23.3125,0,1.13
477.592,0.011741063,0,91.71497672,84.93574488,0.773757091,-3.514745544,700,30.8,99.9,0,23.3125,0,1.13
477.692,0.011701196,0,91.71497672,84.91657628,0.747863508,-3.486851766,699,30.8,99.9,0,23.3125,0,1.13
477.792,0.011701196,0,91.72458299,84.91657628,0.731680019,-3.506775893,699,30.8,99.9,0,23.3125,0,1.13
477.892,0.011701196,0,91.67655196,84.92616057,0.712259832,-3.546624148,699,30.8,99.9,0,23.3125,0,1.13
477.992,0.011661329,0,91.67655196,84.89740776,0.773757091,-3.566548276,699,30.8,99.9,0,23.3125,0,1.13
478.092,0.011661329,0,91.6861581,84.87823932,0.764046997,-3.447003511,699,30.8,99.9,0,23.3125,0,1.13
478.192,0.011701196,0,91.6861581,84.89740776,0.741390113,-3.447003511,699,30.8,99.9,0,23.3125,0,1.13
478.292,0.011741063,0,91.69576427,84.88782353,0.731680019,-3.582487578,699,30.8,99.9,0,23.3125,0,1.13
478.392,0.011741063,0,91.66694585,84.86865513,0.74462681,-3.554593799,699,30.8,99.9,0,23.3125,0,1.13
478.492,0.011741063,0,91.65733978,84.84948681,0.74462681,-3.602411705,699,30.8,99.9,0,23.3125,0,1.13
478.592,0.011621463,0,91.64773374,84.84948681,0.770520393,-3.650229611,699,30.8,99.9,0,23.3125,0,1.13
478.692,0.011661329,0,91.62852175,84.83031858,0.728443321,-3.522715195,699,30.8,99.9,0,23.3125,0,1.13
478.792,0.011701196,0,91.59970401,84.82073449,0.751100206,-3.578502752,699,30.8,99.9,0,23.3125,0,1.13
478.892,0.011661329,0,91.6189158,84.83990268,0.747863508,-3.498806242,699,30.8,99.9,0,23.3125,0,1.131
478.992,0.011661329,0,91.59970401,84.80156638,0.741390113,-3.550608974,699,30.8,99.9,0,23.3125,0,1.131
479.092,0.011661329,0,91.59970401,84.80156638,0.692839645,-3.419109733,699,30.8,99.9,0,23.3125,0,1.131
479.192,0.011701196,0,91.59009816,84.81115042,0.709023134,-3.462942813,699,30.8,99.9,0,23.3125,0,1.131
479.292,0.011661329,0,91.57088656,84.79198235,0.738153415,-3.486851766,699,30.8,99.9,0,23.3125,0,1.131
479.392,0.011661329,0,91.56128081,84.80156638,0.747863508,-3.466927639,699,30.8,99.9,0,23.3125,0,1.131
479.492,0.011661329,0,91.56128081,84.73447863,0.731680019,-3.470912464,699,30.8,99.9,0,23.3125,0,1.131
479.592,0.011701196,0,91.54206941,84.75364646,0.712259832,-3.558578625,699,30.8,99.9,0,23.3125,0,1.131
479.692,0.011621463,0,91.52285813,84.73447863,0.683129552,-3.462942813,699,30.8,99.9,0,23.3125,0,1.131
479.792,0.011701196,0,91.54206941,84.72489475,0.747863508,-3.47489729,699,30.8,99.9,0,23.3125,0,1.131
479.892,0.011621463,0,91.50364699,84.71531088,0.74462681,-3.530684846,696,30.8,99.9,0,23.3125,0,1.131
479.992,0.011581596,0,91.50364699,84.71531088,0.734916717,-3.550608974,696,30.8,99.9,0,23.3125,0,1.131
480.092,0.011701196,0,91.46522508,84.71531088,0.712259832,-3.590457229,696,30.8,99.9,0,23.3125,0,1.131
480.192,0.01154173,0,91.48443597,84.70572704,0.712259832,-3.482866941,696,30.8,99.9,0,23.3125,0,1.131
480.292,0.011621463,0,91.48443597,84.66739187,0.683129552,-3.502791068,696,30.8,99.9,0,23.3125,0,1.131
480.392,0.011621463,0,91.47483051,84.65780813,0.702549739,-3.379261478,696,30.8,99.9,0,23.3125,0,1.131
480.492,0.011661329,0,91.48443597,84.67697563,0.757573602,-3.546624148,696,30.8,99.9,0,23.3125,0,1.131
480.592,0.011621463,0,91.45561968,84.66739187,0.757573602,-3.478882115,696,30.8,99.9,0,23.3125,0,1.131
480.692,0.011661329,0,91.45561968,84.62905702,0.725206624,-3.506775893,696,30.8,99.9,0,23.3125,0,1.131
480.792,0.011621463,0,91.42680369,84.65780813,0.74462681,-3.558578625,696,30.8,99.9,0,23.3125,0,1.131
480.892,0.011581596,0,91.42680369,84.62905702,0.721969926,-3.510760719,696,30.8,99.9,0,23.3125,0,1.131
480.992,0.011501863,0,91.41719842,84.6003061,0.734916717,-3.450988337,694,30.8,99.9,0,23.3125,0,1.131
481.092,0.011581596,0,91.42680369,84.6003061,0.751100206,-3.454973162,694,30.8,99.9,0,23.3125,0,1.131
481.192,0.01154173,0,91.40759319,84.6003061,0.751100206,-3.47489729,694,30.8,99.9,0,23.3125,0,1.131
481.292,0.011581596,0,91.38838281,84.5907225,0.751100206,-3.530684846,694,30.8,99.9,0,23.3125,0,1.131
481.392,0.01154173,0,91.36917256,84.58113892,0.705786437,-3.51873037,694,30.8,99.9,0,23.3125,0,1.131
481.492,0.01154173,0,91.37877767,84.56197181,0.712259832,-3.530684846,694,30.8,99.9,0,23.3125,0,1.131
481.592,0.01154173,0,91.35956749,84.55238829,0.741390113,-3.506775893,694,30.8,99.9,0,23.3125,0,1.131
481.692,0.01154173,0,91.35956749,84.52363784,0.747863508,-3.51873037,694,30.8,99.9,0,23.3125,0,1.131
481.792,0.01154173,0,91.34996245,84.53322131,0.683129552,-3.443018686,694,30.8,99.9,0,23.3125,0,1.131
481.892,0.011501863,0,91.33075245,84.53322131,0.757573602,-3.407155256,694,30.8,99.9,0,23.3125,0,1.131
481.992,0.011581596,0,91.33075245,84.52363784,0.725206624,-3.443018686,694,30.8,99.9,0,23.3125,0,1.131
482.092,0.01154173,0,91.32114751,84.5140544,0.683129552,-3.470912464,696,30.8,99.9,0,23.3125,0,1.131
482.192,0.011501863,0,91.32114751,84.5140544,0.705786437,-3.478882115,696,30.8,99.9,0,23.3125,0,1.131
482.292,0.011501863,0,91.31154259,84.50447098,0.699313041,-3.510760719,696,30.8,99.9,0,23.3125,0,1.131
482.392,0.01154173,0,91.30193771,84.47572083,0.770520393,-3.458957988,696,30.8,99.9,0,23.3125,0,1.131
482.492,0.011501863,0,91.29233286,84.48530419,0.718733228,-3.462942813,696,30.8,99.9,0,23.3125,0,1.131
482.592,0.011501863,0,91.29233286,84.46613749,0.71549653,-3.470912464,696,30.8,99.9,0,23.3125,0,1.131
482.692,0.01154173,0,91.26351849,84.46613749,0.71549653,-3.447003511,696,30.8,99.9,0,23.3125,0,1.131
482.792,0.011621463,0,91.25391377,84.46613749,0.709023134,-3.610381356,696,30.8,99.9,0,23.3125,0,1.131
482.892,0.011461996,0,91.22509979,84.44697086,0.721969926,-3.435049035,696,30.8,99.9,0,23.3125,0,1.131
482.992,0.011501863,0,91.22509979,84.44697086,0.709023134,-3.570533101,696,30.8,99.9,0,23.3125,0,1.131
483.092,0.011461996,0,91.23470442,84.42780431,0.699313041,-3.411140082,696,30.8,99.9,0,23.3125,0,1.131
483.192,0.011501863,0,91.23470442,84.44697086,0.721969926,-3.462942813,699,30.8,99.9,0,23.3125,0,1.131
483.292,0.01142213,0,91.19628609,84.40863784,0.773757091,-3.47489729,699,30.8,99.9,0,23.3125,0,1.131
483.392,0.011501863,0,91.23470442,84.42780431,0.74462681,-3.47489729,699,30.8,99.9,0,23.3125,0,1.131
483.492,0.011461996,0,91.20589063,84.39905463,0.696076343,-3.582487578,699,30.8,99.9,0,23.3125,0,1.131
483.592,0.011461996,0,91.18668159,84.38947145,0.741390113,-3.423094558,699,30.8,99.9,0,23.3125,0,1.131
483.692,0.01142213,0,91.19628609,84.37988828,0.705786437,-3.462942813,699,30.8,99.9,0,23.3125,0,1.131
483.792,0.01142213,0,91.16747268,84.37030513,0.751100206,-3.550608974,699,30.8,99.9,0,23.3125,0,1.131
483.892,0.011461996,0,91.1482639,84.3511389,0.731680019,-3.498806242,699,30.8,99.9,0,23.3125,0,1.131
483.992,0.011461996,0,91.1482639,84.36072201,0.709023134,-3.458957988,699,30.8,99.9,0,23.3125,0,1.131
484.092,0.011501863,0,91.13865956,84.3511389,0.728443321,-3.427079384,699,30.8,99.9,0,23.3125,0,1.13
484.192,0.01142213,0,91.13865956,84.3511389,0.709023134,-3.482866941,699,30.8,99.9,0,23.3125,0,1.13
484.292,0.01142213,0,91.1002425,84.3511389,0.721969926,-3.450988337,697,30.8,99.9,0,23.3125,0,1.13
484.392,0.01142213,0,91.11945097,84.29364066,0.71549653,-3.502791068,697,30.8,99.9,0,23.3125,0,1.13
484.492,0.011382263,0,91.09063832,84.29364066,0.718733228,-3.423094558,697,30.8,99.9,0,23.3125,0,1.13
484.592,0.011382263,0,91.1002425,84.29364066,0.705786437,-3.510760719,697,30.8,99.9,0,23.3125,0,1.13
484.692,0.01142213,0,91.07143004,84.28405769,0.734916717,-3.530684846,697,30.8,99.9,0,23.3125,0,1.13
484.792,0.011461996,0,91.08103416,84.28405769,0.699313041,-3.407155256,697,30.8,99.9,0,23.3125,0,1.13
484.892,0.011342397,0,91.08103416,84.2648918,0.71549653,-3.339413223,697,30.8,99.9,0,23.3125,0,1.13
484.992,0.01142213,0,91.04261787,84.25530889,0.741390113,-3.478882115,697,30.8,99.9,0,23.3125,0,1.13
485.092,0.01142213,0,91.06182595,84.27447473,0.738153415,-3.482866941,697,30.8,99.9,0,23.3125,0,1.13
485.192,0.01142213,0,91.02340991,84.24572599,0.709023134,-3.450988337,697,30.8,99.9,0,23.3125,0,1.13
485.292,0.011342397,0,91.03301387,84.23614312,0.767283695,-3.43903386,697,30.8,99.9,0,23.3125,0,1.13
485.392,0.01142213,0,91.04261787,84.22656026,0.747863508,-3.522715195,693,30.8,99.9,0,23.3125,0,1.13
485.492,0.01142213,0,91.02340991,84.19781181,0.718733228,-3.514745544,693,30.8,99.9,0,23.3125,0,1.13
485.592,0.01130253,0,90.9945982,84.23614312,0.718733228,-3.419109733,693,30.8,99.9,0,23.3125,0,1.13
485.692,0.01142213,0,91.00420207,84.19781181,0.738153415,-3.419109733,693,30.8,99.9,0,23.3125,0,1.13
485.792,0.011382263,0,90.98499436,84.17864627,0.709023134,-3.466927639,693,30.8,99.9,0,23.3125,0,1.13
485.892,0.01142213,0,90.97539056,84.16906353,0.731680019,-3.498806242,693,30.8,99.9,0,23.3125,0,1.131
485.992,0.011342397,0,90.94657932,84.16906353,0.709023134,-3.458957988,693,30.8,99.9,0,23.3125,0,1.131
486.092,0.011461996,0,90.96578678,84.14031542,0.751100206,-3.450988337,693,30.8,99.9,0,23.3125,0,1.131
486.192,0.011262663,0,90.96578678,84.16906353,0.731680019,-3.470912464,693,30.8,99.9,0,23.3125,0,1.131
486.292,0.011342397,0,90.90816478,84.14031542,0.679892854,-3.530684846,693,30.8,99.9,0,23.3125,0,1.131
486.392,0.011382263,0,90.92737199,84.12115011,0.731680019,-3.506775893,693,30.8,99.9,0,23.3125,0,1.131
486.492,0.011262663,0,90.94657932,84.14031542,0.728443321,-3.39520078,690,30.8,99.9,0,23.3125,0,1.131
486.592,0.011382263,0,90.92737199,84.12115011,0.692839645,-3.43903386,690,30.8,99.9,0,23.3125,0,1.131
486.692,0.011342397,0,90.8889577,84.10198488,0.725206624,-3.423094558,690,30.8,99.9,0,23.3125,0,1.131
486.792,0.01130253,0,90.89856123,84.10198488,0.731680019,-3.482866941,690,30.8,99.9,0,23.3125,0,1.131
486.892,0.011342397,0,90.8889577,84.08281972,0.663709365,-3.47489729,690,30.8,99.9,0,23.3125,0,1.131
486.992,0.011262663,0,90.89856123,84.08281972,0.747863508,-3.458957988,690,30.8,99.9,0,23.3125,0,1.131
487.092,0.011342397,0,90.86014731,84.08281972,0.699313041,-3.506775893,690,30.8,99.9,0,23.3125,0,1.131
487.192,0.011262663,0,90.86975074,84.06365464,0.679892854,-3.466927639,690,30.8,99.9,0,23.3125,0,1.131
487.292,0.01130253,0,90.85054391,84.04448964,0.741390113,-3.403170431,690,30.8,99.9,0,23.3125,0,1.131
487.392,0.01130253,0,90.85054391,84.09240229,0.71549653,-3.435049035,690,30.8,99.9,0,23.3125,0,1.131
487.492,0.011342397,0,90.8217339,84.06365464,0.728443321,-3.470912464,690,30.8,99.9,0,23.3125,0,1.131
487.592,0.011262663,0,90.81213062,84.04448964,0.676656156,-3.419109733,686,30.8,99.9,0,23.3125,0,1.131
487.692,0.01130253,0,90.81213062,84.03490716,0.696076343,-3.486851766,686,30.8,99.9,0,23.3125,0,1.131
487.792,0.011262663,0,90.81213062,84.01574227,0.734916717,-3.450988337,686,30.8,99.9,0,23.3125,0,1.131
487.892,0.011222797,0,90.79292416,84.04448964,0.731680019,-3.470912464,686,30.8,99.9,0,23.3125,0,1.131
487.992,0.011382263,0,90.78332098,84.02532471,0.702549739,-3.538654497,686,30.8,99.9,0,23.3125,0,1.131
488.092,0.01130253,0,90.76411471,83.96783037,0.696076343,-3.447003511,686,30.8,99.9,0,23.3125,0,1.131
488.192,0.01130253,0,90.74490856,83.99657745,0.699313041,-3.411140082,686,30.8,99.9,0,23.3125,0,1.131
488.292,0.01130253,0,90.77371783,84.00615985,0.718733228,-3.470912464,686,30.8,99.9,0,23.3125,0,1.131
488.392,0.01118293,0,90.73530553,83.94866574,0.718733228,-3.371291827,686,30.8,99.9,0,23.3125,0,1.131
488.492,0.011262663,0,90.73530553,83.93908345,0.699313041,-3.47489729,686,30.8,99.9,0,23.3125,0,1.131
488.592,0.011262663,0,90.72570254,83.97741271,0.738153415,-3.478882115,686,30.8,99.9,0,23.3125,0,1.131
488.692,0.011222797,0,90.73530553,83.95824804,0.71549653,-3.427079384,683,30.8,99.9,0,23.3125,0,1.131
488.792,0.011222797,0,90.71609957,83.92950118,0.683129552,-3.423094558,683,30.8,99.9,0,23.3125,0,1.131
488.892,0.011222797,0,90.70649664,83.92950118,0.709023134,-3.542639323,683,30.8,99.9,0,23.3125,0,1.131
488.992,0.011222797,0,90.67768802,83.94866574,0.699313041,-3.435049035,683,30.8,99.9,0,23.3125,0,1.131
489.092,0.011222797,0,90.65848243,83.90075449,0.689602948,-3.391215954,683,30.8,99.9,0,23.3125,0,1.131
489.192,0.011222797,0,90.67768802,83.9103367,0.683129552,-3.407155256,683,30.8,99.9,0,23.3125,0,1.131
489.292,0.01118293,0,90.63927696,83.86242583,0.699313041,-3.39520078,683,30.8,99.9,0,23.3125,0,1.131
489.392,0.011222797,0,90.66808521,83.9103367,0.738153415,-3.423094558,683,30.8,99.9,0,23.3125,0,1.131
489.492,0.01118293,0,90.65848243,83.87200797,0.650762574,-3.435049035,683,30.8,99.9,0,23.3125,0,1.131
489.592,0.011262663,0,90.63927696,83.87200797,0.692839645,-3.462942813,683,30.8,99.9,0,23.3125,0,1.131
489.692,0.011222797,0,90.62967428,83.83367953,0.71549653,-3.31550427,683,30.8,99.9,0,23.3125,0,1.131
489.792,0.01118293,0,90.62007162,83.85284371,0.709023134,-3.454973162,686,30.8,99.9,0,23.3125,0,1.131
489.892,0.011143064,0,90.62967428,83.82409747,0.705786437,-3.450988337,686,30.8,99.9,0,23.3125,0,1.131
489.992,0.011143064,0,90.6008664,83.83367953,0.689602948,-3.35933735,686,30.8,99.9,0,23.3125,0,1.131
490.092,0.011222797,0,90.610469,83.84326161,0.705786437,-3.462942813,686,30.8,99.9,0,23.3125,0,1.131
490.192,0.01118293,0,90.62967428,83.83367953,0.712259832,-3.423094558,686,30.8,99.9,0,23.3125,0,1.131
490.292,0.011143064,0,90.5816613,83.79535139,0.738153415,-3.443018686,686,30.8,99.9,0,23.3125,0,1.131
490.392,0.011262663,0,90.55285389,83.79535139,0.747863508,-3.399185605,686,30.8,99.9,0,23.3125,0,1.131
490.492,0.01118293,0,90.56245633,83.7857694,0.699313041,-3.447003511,686,30.8,99.9,0,23.3125,0,1.131
490.592,0.011143064,0,90.5336491,83.75702354,0.731680019,-3.411140082,686,30.8,99.9,0,23.3125,0,1.131
490.692,0.01118293,0,90.52404675,83.7857694,0.692839645,-3.470912464,686,30.8,99.9,0,23.3125,0,1.131
490.792,0.011143064,0,90.54325148,83.75702354,0.741390113,-3.443018686,686,30.8,99.9,0,23.3125,0,1.131
490.892,0.011103197,0,90.52404675,83.75702354,0.683129552,-3.399185605,688,30.8,99.9,0,23.3125,0,1.131
490.992,0.011143064,0,90.51444443,83.73785972,0.683129552,-3.35933735,688,30.8,99.9,0,23.3125,0,1.131
491.092,0.011103197,0,90.48563766,83.71869598,0.670182761,-3.307534619,688,30.8,99.9,0,23.3125,0,1.131
491.192,0.011143064,0,90.49523989,83.70911414,0.670182761,-3.367307001,688,30.8,99.9,0,23.3125,0,1.131
491.292,0.011103197,0,90.48563766,83.71869598,0.683129552,-3.407155256,688,30.8,99.9,0,23.3125,0,1.131
491.392,0.011143064,0,90.48563766,83.70911414,0.660472667,-3.419109733,688,30.8,99.9,0,23.3125,0,1.131
491.492,0.011222797,0,90.45683116,83.69953231,0.747863508,-3.371291827,688,30.8,99.9,0,23.3125,0,1.131
491.592,0.01106333,0,90.48563766,83.70911414,0.731680019,-3.263701539,688,30.8,99.9,0,23.3125,0,1.131
491.692,0.011222797,0,90.44722906,83.68036872,0.74462681,-3.331443572,688,30.8,99.9,0,23.3125,0,1.131
491.792,0.011103197,0,90.43762699,83.68036872,0.721969926,-3.427079384,688,30.8,99.9,0,23.3125,0,1.131
491.892,0.011103197,0,90.45683116,83.6612052,0.702549739,-3.327458746,688,30.8,99.9,0,23.3125,0,1.131
491.992,0.011143064,0,90.42802494,83.65162346,0.676656156,-3.407155256,691,30.8,99.9,0,23.3125,0,1.131
492.092,0.01118293,0,90.40882095,83.64204175,0.767283695,-3.399185605,691,30.8,99.9,0,23.3125,0,1.131
492.192,0.011143064,0,90.41842293,83.64204175,0.68636625,-3.490836591,691,30.8,99.9,0,23.3125,0,1.131
492.292,0.011262663,0,90.38001518,83.63246005,0.705786437,-3.470912464,691,30.8,99.9,0,23.3125,0,1.131
492.392,0.011103197,0,90.38961707,83.62287837,0.692839645,-3.447003511,691,30.8,99.9,0,23.3125,0,1.131
492.492,0.011143064,0,90.38001518,83.60371506,0.673419458,-3.494821417,691,30.8,99.9,0,23.3125,0,1.131
492.592,0.011143064,0,90.38961707,83.62287837,0.702549739,-3.431064209,691,30.8,99.9,0,23.3125,0,1.131
492.692,0.011143064,0,90.36081149,83.60371506,0.696076343,-3.47489729,691,30.8,99.9,0,23.3125,0,1.131
492.792,0.011023464,0,90.35120969,83.57497024,0.747863508,-3.283625666,691,30.8,99.9,0,23.3125,0,1.131
492.892,0.011103197,0,90.34160792,83.56538867,0.71549653,-3.355352525,691,30.8,99.9,0,23.3125,0,1.131
492.992,0.01106333,0,90.33200618,83.58455183,0.702549739,-3.39520078,691,30.8,99.9,0,23.3125,0,1.131
493.092,0.01118293,0,90.3128028,83.58455183,0.68636625,-3.435049035,691,30.8,99.9,0,23.3125,0,1.131
493.192,0.01106333,0,90.3128028,83.55580712,0.721969926,-3.411140082,691,30.8,99.9,0,23.3125,0,1.131
493.292,0.011103197,0,90.3128028,83.55580712,0.676656156,-3.287610492,691,30.8,99.9,0,23.3125,0,1.131
493.392,0.01106333,0,90.3128028,83.55580712,0.676656156,-3.375276652,691,30.8,99.9,0,23.3125,0,1.131
493.492,0.01106333,0,90.27439639,83.54622558,0.689602948,-3.331443572,691,30.8,99.9,0,23.3125,0,1.131
493.592,0.01106333,0,90.30320115,83.54622558,0.670182761,-3.367307001,691,30.8,99.9,0,23.3125,0,1.131
493.692,0.011103197,0,90.28399794,83.51748108,0.689602948,-3.327458746,691,30.8,99.9,0,23.3125,0,1.131
493.792,0.01106333,0,90.27439639,83.52706256,0.702549739,-3.419109733,691,30.8,99.9,0,23.3125,0,1.131
493.892,0.01106333,0,90.25519336,83.50789962,0.699313041,-3.419109733,691,30.8,99.9,0,23.3125,0,1.131
493.992,0.01106333,0,90.2455919,83.48873674,0.689602948,-3.343398048,691,30.8,99.9,0,23.3125,0,1.131
494.092,0.01106333,0,90.23599046,83.46957394,0.679892854,-3.494821417,691,30.8,99.9,0,23.3125,0,1.131
494.192,0.011103197,0,90.20718633,83.46957394,0.709023134,-3.375276652,690,30.8,99.9,0,23.3125,0,1.131
494.292,0.011023464,0,90.21678768,83.47915533,0.718733228,-3.339413223,690,30.8,99.9,0,23.3125,0,1.131
494.392,0.011103197,0,90.19758501,83.4504112,0.660472667,-3.494821417,690,30.8,99.9,0,23.3125,0,1.131
494.492,0.01106333,0,90.18798373,83.46957394,0.696076343,-3.458957988,690,30.8,99.9,0,23.3125,0,1.13
494.592,0.010983597,0,90.19758501,83.4504112,0.751100206,-3.47489729,690,30.8,99.9,0,23.3125,0,1.13
494.692,0.011023464,0,90.19758501,83.42166724,0.705786437,-3.287610492,690,30.8,99.9,0,23.3125,0,1.13
494.792,0.01106333,0,90.15918005,83.44082986,0.68636625,-3.363322176,690,30.8,99.9,0,23.3125,0,1.13
494.892,0.011023464,0,90.16878125,83.42166724,0.696076343,-3.35933735,690,30.8,99.9,0,23.3125,0,1.13
494.992,0.010983597,0,90.13037665,83.42166724,0.689602948,-3.327458746,690,30.8,99.9,0,23.3125,0,1.13
495.092,0.010983597,0,90.16878125,83.40250468,0.670182761,-3.375276652,690,30.8,99.9,0,23.3125,0,1.13
495.192,0.011023464,0,90.14957889,83.39292343,0.705786437,-3.347382874,690,30.8,99.9,0,23.3125,0,1.13
495.292,0.011023464,0,90.13037665,83.39292343,0.676656156,-3.423094558,689,30.8,99.9,0,23.3125,0,1.13
495.392,0.010943731,0,90.12077557,83.37376098,0.68636625,-3.478882115,689,30.8,99.9,0,23.3125,0,1.13
495.492,0.010983597,0,90.10157351,83.36417978,0.709023134,-3.343398048,689,30.8,99.9,0,23.3125,0,1.13
495.592,0.010983597,0,90.12077557,83.36417978,0.692839645,-3.375276652,689,30.8,99.9,0,23.3125,0,1.13
495.692,0.010983597,0,90.10157351,83.37376098,0.699313041,-3.307534619,689,30.8,99.9,0,23.3125,0,1.13
495.792,0.011023464,0,90.09197252,83.34501744,0.683129552,-3.243777411,689,30.8,99.9,0,23.3125,0,1.13
495.892,0.010983597,0,90.08237157,83.33543629,0.718733228,-3.331443572,689,30.8,99.9,0,23.3125,0,1.13
495.992,0.010983597,0,90.07277064,83.33543629,0.699313041,-3.447003511,689,30.8,99.9,0,23.3125,0,1.13
496.092,0.01106333,0,90.08237157,83.30669296,0.738153415,-3.331443572,689,30.8,99.9,0,23.3125,0,1.13
496.192,0.010943731,0,90.04396804,83.32585516,0.696076343,-3.323473921,689,30.8,99.9,0,23.3125,0,1.131
496.292,0.010943731,0,90.04396804,83.29711188,0.692839645,-3.411140082,689,30.8,99.9,0,23.3125,0,1.131
496.392,0.010903864,0,90.04396804,83.28753082,0.68636625,-3.411140082,689,30.8,99.9,0,23.3125,0,1.131
496.492,0.011023464,0,90.05356888,83.28753082,0.679892854,-3.450988337,689,30.8,99.9,0,23.3125,0,1.131
496.592,0.010943731,0,90.02476646,83.27794978,0.676656156,-3.363322176,689,30.8,99.9,0,23.3125,0,1.131
496.692,0.010943731,0,89.99596431,83.27794978,0.712259832,-3.327458746,689,30.8,99.9,0,23.3125,0,1.131
496.792,0.010903864,0,90.005565,83.25878775,0.647525876,-3.482866941,689,30.8,99.9,0,23.3125,0,1.131
496.892,0.010943731,0,89.97676303,83.25878775,0.676656156,-3.419109733,689,30.8,99.9,0,23.3125,0,1.131
496.992,0.010983597,0,90.005565,83.25878775,0.683129552,-3.35933735,689,30.8,99.9,0,23.3125,0,1.131
497.092,0.010903864,0,89.97676303,83.23962579,0.666946063,-3.375276652,689,30.8,99.9,0,23.3125,0,1.131
497.192,0.010903864,0,89.96716243,83.23962579,0.679892854,-3.35933735,689,30.8,99.9,0,23.3125,0,1.131
497.292,0.010983597,0,89.95756186,83.22046389,0.696076343,-3.367307001,689,30.8,99.9,0,23.3125,0,1.131
497.392,0.010943731,0,89.96716243,83.20130207,0.689602948,-3.367307001,689,30.8,99.9,0,23.3125,0,1.131
497.492,0.010983597,0,89.92876034,83.20130207,0.676656156,-3.351367699,688,30.8,99.9,0,23.3125,0,1.131
497.592,0.010943731,0,89.92876034,83.20130207,0.692839645,-3.351367699,688,30.8,99.9,0,23.3125,0,1.131
497.692,0.010943731,0,89.92876034,83.19172119,0.689602948,-3.411140082,688,30.8,99.9,0,23.3125,0,1.131
497.792,0.010983597,0,89.92876034,83.18214032,0.734916717,-3.355352525,688,30.8,99.9,0,23.3125,0,1.131
497.892,0.010863998,0,89.89995908,83.16297863,0.660472667,-3.331443572,688,30.8,99.9,0,23.3125,0,1.131
497.992,0.010943731,0,89.89035872,83.17255947,0.741390113,-3.207913982,688,30.8,99.9,0,23.3125,0,1.131
498.092,0.010903864,0,89.90955947,83.14381701,0.705786437,-3.311519445,688,30.8,99.9,0,23.3125,0,1.131
498.192,0.010903864,0,89.89035872,83.14381701,0.71549653,-3.403170431,688,30.8,99.9,0,23.3125,0,1.131
498.292,0.010863998,0,89.87115808,83.13423623,0.673419458,-3.311519445,688,30.8,99.9,0,23.3125,0,1.131
498.392,0.010943731,0,89.88075839,83.13423623,0.731680019,-3.39520078,688,30.8,99.9,0,23.3125,0,1.131
498.492,0.010863998,0,89.86155781,83.10549398,0.696076343,-3.299564968,688,30.8,99.9,0,23.3125,0,1.131
498.592,0.010824131,0,89.82315702,83.12465546,0.709023134,-3.319489095,689,30.8,99.9,0,23.3125,0,1.131
498.692,0.010824131,0,89.8039568,83.07675189,0.702549739,-3.411140082,689,30.8,99.9,0,23.3125,0,1.131
498.792,0.010983597,0,89.82315702,83.10549398,0.660472667,-3.371291827,689,30.8,99.9,0,23.3125,0,1.131
498.892,0.010903864,0,89.8039568,83.06717123,0.696076343,-3.367307001,689,30.8,99.9,0,23.3125,0,1.131
498.992,0.010943731,0,89.82315702,83.06717123,0.696076343,-3.391215954,689,30.8,99.9,0,23.3125,0,1.131
499.092,0.010903864,0,89.79435674,83.06717123,0.673419458,-3.443018686,689,30.8,99.9,0,23.3125,0,1.131
499.192,0.010784264,0,89.7751567,83.06717123,0.670182761,-3.331443572,689,30.8,99.9,0,23.3125,0,1.131
499.292,0.010863998,0,89.7847567,83.04800995,0.696076343,-3.375276652,689,30.8,99.9,0,23.3125,0,1.131
499.392,0.010903864,0,89.75595677,83.04800995,0.696076343,-3.331443572,689,30.8,99.9,0,23.3125,0,1.131
499.492,0.010824131,0,89.76555672,83.02884874,0.666946063,-3.331443572,689,30.8,99.9,0,23.3125,0,1.131
499.592,0.010863998,0,89.75595677,83.02884874,0.702549739,-3.335428397,689,30.8,99.9,0,23.3125,0,1.131
499.692,0.010903864,0,89.7751567,83.01926816,0.709023134,-3.227838109,688,31.2,99.9,0,23.3125,0,1.131
499.792,0.010903864,0,89.72715711,83.0096876,0.734916717,-3.287610492,688,31.2,99.9,0,23.3125,0,1.131
499.892,0.010824131,0,89.71755728,82.98094601,0.676656156,-3.31550427,688,31.2,99.9,0,23.3125,0,1.131
499.992,0.010863998,0,89.71755728,83.0096876,0.660472667,-3.35933735,688,31.2,99.9,0,23.3125,0,1.131
500.092,0.010824131,0,89.71755728,83.0096876,0.679892854,-3.371291827,688,31.2,99.9,0,23.3125,0,1.131
500.192,0.010824131,0,89.6983577,82.98094601,0.689602948,-3.347382874,688,31.2,99.9,0,23.3125,0,1.131
500.292,0.010744398,0,89.68875796,83.00010705,0.712259832,-3.363322176,688,31.2,99.9,0,23.3125,0,1.131
500.392,0.010824131,0,89.6983577,82.96178504,0.734916717,-3.355352525,688,31.2,99.9,0,23.3125,0,1.131
500.492,0.010824131,0,89.67915825,82.95220458,0.663709365,-3.299564968,688,31.2,99.9,0,23.3125,0,1.131
500.592,0.010824131,0,89.65035928,82.95220458,0.68636625,-3.351367699,688,31.2,99.9,0,23.3125,0,1.131
500.692,0.010824131,0,89.64075969,82.93304371,0.657235969,-3.31550427,688,31.2,99.9,0,23.3125,0,1.131
500.792,0.010784264,0,89.63116012,82.93304371,0.68636625,-3.379261478,687,31.2,99.9,0,23.3125,0,1.131
500.892,0.010704531,0,89.66955856,82.89472216,0.696076343,-3.303549794,687,31.2,99.9,0,23.3125,0,1.131
500.992,0.010824131,0,89.63116012,82.9138829,0.673419458,-3.283625666,687,31.2,99.9,0,23.3125,0,1.131
501.092,0.010824131,0,89.64075969,82.90430252,0.699313041,-3.231822935,687,31.2,99.9,0,23.3125,0,1.131
501.192,0.010824131,0,89.62156058,82.87556149,0.663709365,-3.259716713,687,31.2,99.9,0,23.3125,0,1.131
501.292,0.010784264,0,89.6023616,82.88514181,0.709023134,-3.367307001,687,31.2,99.9,0,23.3125,0,1.131
501.392,0.010824131,0,89.59276214,82.9138829,0.673419458,-3.267686364,687,31.2,99.9,0,23.3125,0,1.13
501.492,0.010784264,0,89.6023616,82.83724034,0.712259832,-3.31550427,687,31.2,99.9,0,23.3125,0,1.13
501.592,0.010824131,0,89.54476533,82.86598117,0.666946063,-3.255731888,687,31.2,99.9,0,23.3125,0,1.13
501.692,0.010784264,0,89.59276214,82.86598117,0.653999272,-3.375276652,687,31.2,99.9,0,23.3125,0,1.13
501.792,0.010784264,0,89.54476533,82.83724034,0.657235969,-3.31550427,687,31.2,99.9,0,23.3125,0,1.13
501.892,0.010744398,0,89.54476533,82.8468206,0.689602948,-3.363322176,686,31.2,99.9,0,23.3125,0,1.13
501.992,0.010784264,0,89.52556681,82.82766009,0.673419458,-3.367307001,686,31.2,99.9,0,23.3125,0,1.13
502.092,0.010744398,0,89.52556681,82.81807986,0.663709365,-3.259716713,686,31.2,99.9,0,23.3125,0,1.13
502.192,0.010784264,0,89.5063684,82.81807986,0.702549739,-3.371291827,686,31.2,99.9,0,23.3125,0,1.13
502.292,0.010784264,0,89.49676924,82.80849965,0.692839645,-3.319489095,686,31.2,99.9,0,23.3125,0,1.13
502.392,0.010824131,0,89.51596759,82.78933927,0.68636625,-3.375276652,686,31.2,99.9,0,23.3125,0,1.13
502.492,0.010744398,0,89.52556681,82.77975911,0.702549739,-3.403170431,686,31.2,99.9,0,23.3125,0,1.13
502.592,0.010784264,0,89.48717011,82.78933927,0.683129552,-3.331443572,686,31.2,99.9,0,23.3125,0,1.13
502.692,0.010744398,0,89.5063684,82.77017896,0.71549653,-3.307534619,686,31.2,99.9,0,23.3125,0,1.13
502.792,0.010784264,0,89.45837289,82.77975911,0.71549653,-3.379261478,686,31.2,99.9,0,23.3125,0,1.13
502.892,0.010744398,0,89.46797193,82.75101872,0.657235969,-3.243777411,686,31.2,99.9,0,23.3125,0,1.13
502.992,0.010704531,0,89.44877387,82.74143862,0.666946063,-3.339413223,685,31.2,99.9,0,23.3125,0,1.13
503.092,0.010744398,0,89.43917488,82.75101872,0.673419458,-3.31550427,685,31.2,99.9,0,23.3125,0,1.13
503.192,0.010664665,0,89.42957593,82.70311839,0.676656156,-3.283625666,685,31.2,99.9,0,23.3125,0,1.13
503.292,0.010744398,0,89.4103781,82.70311839,0.696076343,-3.283625666,685,31.2,99.9,0,23.3125,0,1.13
503.392,0.010744398,0,89.42957593,82.72227847,0.705786437,-3.295580143,685,31.2,99.9,0,23.3125,0,1.13
503.492,0.010664665,0,89.39118038,82.70311839,0.660472667,-3.251747062,685,31.2,99.9,0,23.3125,0,1.13
503.592,0.010624798,0,89.39118038,82.70311839,0.709023134,-3.331443572,685,31.2,99.9,0,23.3125,0,1.13
503.692,0.010664665,0,89.40077922,82.68395837,0.673419458,-3.351367699,685,31.2,99.9,0,23.3125,0,1.13
503.792,0.010704531,0,89.38158157,82.66479841,0.699313041,-3.267686364,685,31.2,99.9,0,23.3125,0,1.13
503.892,0.010664665,0,89.36238403,82.66479841,0.650762574,-3.307534619,685,31.2,99.9,0,23.3125,0,1.13
503.992,0.010664665,0,89.3431866,82.65521846,0.696076343,-3.243777411,685,31.2,99.9,0,23.3125,0,1.13
504.092,0.010704531,0,89.3527853,82.63605861,0.637815782,-3.295580143,686,31.2,99.9,0,23.3125,0,1.13
504.192,0.010704531,0,89.33358793,82.65521846,0.705786437,-3.279640841,686,31.2,99.9,0,23.3125,0,1.13
504.292,0.010584931,0,89.3431866,82.63605861,0.653999272,-3.287610492,686,31.2,99.9,0,23.3125,0,1.13
504.392,0.010624798,0,89.33358793,82.61689881,0.679892854,-3.343398048,686,31.2,99.9,0,23.3125,0,1.13
504.492,0.010664665,0,89.31439067,82.63605861,0.683129552,-3.327458746,686,31.2,99.9,0,23.3125,0,1.13
504.592,0.010704531,0,89.31439067,82.6264787,0.644289178,-3.255731888,686,31.2,99.9,0,23.3125,0,1.13
504.692,0.010584931,0,89.29519353,82.58815924,0.663709365,-3.319489095,686,31.2,99.9,0,23.3125,0,1.13
504.792,0.010664665,0,89.31439067,82.60731894,0.683129552,-3.335428397,686,31.2,99.9,0,23.3125,0,1.13
504.892,0.010624798,0,89.26639803,82.60731894,0.689602948,-3.259716713,686,31.2,99.9,0,23.3125,0,1.13
504.992,0.010584931,0,89.25679959,82.58815924,0.676656156,-3.367307001,686,31.2,99.9,0,23.3125,0,1.13
505.092,0.010624798,0,89.25679959,82.59773908,0.689602948,-3.279640841,686,31.2,99.9,0,23.3125,0,1.13
505.192,0.010624798,0,89.24720118,82.53068054,0.68636625,-3.243777411,685,31.2,99.9,0,23.3125,0,1.13
505.292,0.010584931,0,89.25679959,82.55941982,0.653999272,-3.295580143,685,31.2,99.9,0,23.3125,0,1.13
505.392,0.010545065,0,89.23760279,82.54026028,0.689602948,-3.291595317,685,31.2,99.9,0,23.3125,0,1.13
505.492,0.010624798,0,89.21840611,82.54984004,0.679892854,-3.355352525,685,31.2,99.9,0,23.3125,0,1.13
505.592,0.010624798,0,89.23760279,82.5115211,0.64105248,-3.187989854,685,31.2,99.9,0,23.3125,0,1.13
505.692,0.010624798,0,89.19920954,82.53068054,0.634579085,-3.291595317,685,31.2,99.9,0,23.3125,0,1.13
505.792,0.010664665,0,89.21840611,82.5115211,0.679892854,-3.184005029,685,31.2,99.9,0,23.3125,0,1.13
505.892,0.010584931,0,89.18001308,82.52110081,0.670182761,-3.307534619,685,31.2,99.9,0,23.3125,0,1.13
505.992,0.010664665,0,89.19920954,82.5115211,0.702549739,-3.231822935,685,31.2,99.9,0,23.3125,0,1.13
506.092,0.010545065,0,89.14162051,82.5019414,0.696076343,-3.259716713,685,31.2,99.9,0,23.3125,0,1.13
506.192,0.010584931,0,89.16081674,82.4732024,0.670182761,-3.243777411,685,31.2,99.9,0,23.3125,0,1.13
506.292,0.010584931,0,89.16081674,82.49236172,0.670182761,-3.239792586,686,31.2,99.9,0,23.3125,0,1.13
506.392,0.010545065,0,89.14162051,82.46362277,0.670182761,-3.172050552,686,31.2,99.9,0,23.3125,0,1.13
506.492,0.010624798,0,89.15121861,82.44446355,0.634579085,-3.351367699,686,31.2,99.9,0,23.3125,0,1.13
506.592,0.010545065,0,89.12242439,82.43488396,0.670182761,-3.259716713,686,31.2,99.9,0,23.3125,0,1.13
506.692,0.010624798,0,89.11282638,82.44446355,0.650762574,-3.295580143,686,31.2,99.9,0,23.3125,0,1.131
506.792,0.010584931,0,89.12242439,82.4061453,0.647525876,-3.283625666,686,31.2,99.9,0,23.3125,0,1.131
506.892,0.010584931,0,89.11282638,82.42530439,0.666946063,-3.331443572,686,31.2,99.9,0,23.3125,0,1.131
506.992,0.010624798,0,89.0840325,82.41572484,0.696076343,-3.347382874,686,31.2,99.9,0,23.3125,0,1.131
507.092,0.010584931,0,89.0840325,82.41572484,0.666946063,-3.311519445,686,31.2,99.9,0,23.3125,0,1.131
507.192,0.010624798,0,89.06483672,82.38698626,0.68636625,-3.283625666,686,31.2,99.9,0,23.3125,0,1.131
507.292,0.010465332,0,89.05523888,82.39656577,0.68636625,-3.215883633,686,31.2,99.9,0,23.3125,0,1.131
507.392,0.010584931,0,89.0744346,82.36782729,0.699313041,-3.243777411,686,31.2,99.9,0,23.3125,0,1.131
507.492,0.010505198,0,89.04564106,82.38698626,0.666946063,-3.283625666,686,31.2,99.9,0,23.3125,0,1.131
507.592,0.010465332,0,89.01684777,82.36782729,0.666946063,-3.327458746,686,31.2,99.9,0,23.3125,0,1.131
507.692,0.010505198,0,89.02644551,82.36782729,0.692839645,-3.311519445,686,31.2,99.9,0,23.34375,0,1.131
507.792,0.010465332,0,89.01684777,82.37740677,0.676656156,-3.231822935,686,31.2,99.9,0,23.34375,0,1.131
507.892,0.010505198,0,89.02644551,82.35824783,0.673419458,-3.239792586,686,31.2,99.9,0,23.34375,0,1.131
507.992,0.010465332,0,89.02644551,82.33908895,0.647525876,-3.243777411,686,31.2,99.9,0,23.3125,0,1.131
508.092,0.010545065,0,89.00725007,82.29119203,0.673419458,-3.184005029,686,31.2,99.9,0,23.3125,0,1.131
508.192,0.010505198,0,89.00725007,82.31993014,0.657235969,-3.231822935,686,31.2,99.9,0,23.3125,0,1.131
508.292,0.010505198,0,89.02644551,82.20497853,0.634579085,-3.231822935,686,31.2,99.9,0,23.3125,0,1.131
508.392,0.010584931,0,89.02644551,82.18582015,0.653999272,-3.303549794,686,31.2,99.9,0,23.3125,0,1.131
508.492,0.010505198,0,88.95926196,82.29119203,0.628105689,-3.267686364,686,31.2,99.9,0,23.3125,0,1.131
508.592,0.010505198,0,88.96885953,82.23371623,0.692839645,-3.207913982,686,31.2,99.9,0,23.3125,0,1.131
508.692,0.010505198,0,88.94006691,82.28161269,0.644289178,-3.152126425,686,31.2,99.9,0,23.3125,0,1.131
508.792,0.010545065,0,88.99765239,82.12834535,0.663709365,-3.227838109,686,31.2,99.9,0,23.3125,0,1.131
508.892,0.010505198,0,88.98805474,82.07087109,0.650762574,-3.199944331,686,31.2,99.9,0,23.3125,0,1.131
508.992,0.010545065,0,88.97845712,82.09002912,0.709023134,-3.27167119,686,31.2,99.9,0,23.34375,0,1.131
509.092,0.010465332,0,88.99765239,82.09002912,0.647525876,-3.287610492,686,31.2,99.9,0,23.34375,0,1.131
509.192,0.010385598,0,88.96885953,82.09002912,0.676656156,-3.299564968,686,31.2,99.9,0,23.34375,0,1.131
509.292,0.010425465,0,88.93046943,82.13792444,0.657235969,-3.327458746,686,31.2,99.9,0,23.34375,0,1.131
509.392,0.010505198,0,88.95926196,82.07087109,0.647525876,-3.287610492,686,31.2,99.9,0,23.34375,0,1.131
509.492,0.010505198,0,88.91127455,82.1091872,0.660472667,-3.27167119,686,31.2,99.9,0,23.34375,0,1.131
509.592,0.010505198,0,88.92087198,82.09002912,0.634579085,-3.247762237,687,31.2,99.9,0,23.34375,0,1.131
509.692,0.010505198,0,88.90167716,82.0612921,0.673419458,-3.239792586,687,31.2,99.9,0,23.34375,0,1.131
509.792,0.010505198,0,88.90167716,82.0612921,0.64105248,-3.239792586,687,31.2,99.9,0,23.34375,0,1.131
509.892,0.010584931,0,88.92087198,82.05171312,0.64105248,-3.255731888,687,31.2,99.9,0,23.3125,0,1.131
509.992,0.010465332,0,88.87288513,82.02297629,0.660472667,-3.239792586,687,31.2,99.9,0,23.3125,0,1.13
510.092,0.010385598,0,88.87288513,82.03255522,0.679892854,-3.303549794,687,31.2,99.9,0,23.3125,0,1.13
510.192,0.010425465,0,88.87288513,82.00381847,0.663709365,-3.279640841,687,31.2,99.9,0,23.3125,0,1.13
510.292,0.010425465,0,88.86328785,81.99423958,0.660472667,-3.184005029,687,31.2,99.9,0,23.3125,0,1.13
510.392,0.010505198,0,88.88248245,82.01339737,0.683129552,-3.299564968,687,31.2,99.9,0,23.34375,0,1.13
510.492,0.010465332,0,88.85369059,81.98466071,0.705786437,-3.227838109,687,31.2,99.9,0,23.34375,0,1.13
510.592,0.010425465,0,88.84409336,81.97508185,0.657235969,-3.311519445,687,31.2,99.9,0,23.34375,0,1.13
510.692,0.010425465,0,88.82489898,81.96550301,0.644289178,-3.303549794,687,31.2,99.9,0,23.34375,0,1.13
510.792,0.010385598,0,88.82489898,81.95592418,0.683129552,-3.291595317,687,31.2,99.9,0,23.34375,0,1.13
510.892,0.010385598,0,88.81530183,81.94634537,0.683129552,-3.327458746,687,31.2,99.9,0,23.34375,0,1.13
510.992,0.010385598,0,88.80570471,81.92718779,0.660472667,-3.203929156,687,31.2,99.9,0,23.34375,0,1.13
511.092,0.010425465,0,88.77691352,81.98466071,0.64105248,-3.223853284,687,31.2,99.9,0,23.34375,0,1.13
511.192,0.010505198,0,88.80570471,81.94634537,0.660472667,-3.267686364,687,31.2,99.9,0,23.34375,0,1.13
511.292,0.010425465,0,88.75771953,81.93676657,0.657235969,-3.287610492,687,31.2,99.9,0,23.34375,0,1.13
511.392,0.010385598,0,88.73852566,81.98466071,0.666946063,-3.255731888,687,31.2,99.9,0,23.34375,0,1.13
511.492,0.010425465,0,88.75771953,81.94634537,0.624868991,-3.27167119,687,31.2,99.9,0,23.34375,0,1.13
511.592,0.010425465,0,88.74812258,81.95592418,0.653999272,-3.180020203,687,31.2,99.9,0,23.34375,0,1.13
511.692,0.010385598,0,88.70973505,81.96550301,0.653999272,-3.339413223,687,31.2,99.9,0,23.34375,0,1.13
511.792,0.010425465,0,88.71933189,81.93676657,0.696076343,-3.219868458,687,31.2,99.9,0,23.34375,0,1.13
511.892,0.010345732,0,88.68094468,81.90803026,0.679892854,-3.180020203,687,31.2,99.9,0,23.34375,0,1.13
511.992,0.010425465,0,88.70973505,81.90803026,0.644289178,-3.116262996,687,31.2,99.9,0,23.34375,0,1.13
512.092,0.010345732,0,88.68094468,81.94634537,0.709023134,-3.203929156,687,31.2,99.9,0,23.34375,0,1.13
512.192,0.010345732,0,88.67134795,81.92718779,0.631342387,-3.195959505,687,31.2,99.9,0,23.34375,0,1.13
512.292,0.010385598,0,88.65215457,81.86971539,0.679892854,-3.267686364,687,31.2,99.9,0,23.34375,0,1.13
512.392,0.010305865,0,88.66175125,81.86013671,0.660472667,-3.132202298,687,31.2,99.9,0,23.34375,0,1.13
512.492,0.010425465,0,88.65215457,81.84097939,0.644289178,-3.180020203,687,31.2,99.9,0,23.34375,0,1.13
512.592,0.010425465,0,88.6329613,81.82182213,0.6119222,-3.243777411,687,31.2,99.9,0,23.34375,0,1.13
512.692,0.010345732,0,88.66175125,81.82182213,0.647525876,-3.184005029,687,31.2,99.9,0,23.34375,0,1.13
512.792,0.010385598,0,88.6233647,81.80266492,0.663709365,-3.120247821,687,31.2,99.9,0,23.34375,0,1.13
512.892,0.010345732,0,88.60417159,81.80266492,0.696076343,-3.195959505,687,31.2,99.9,0,23.34375,0,1.13
512.992,0.010305865,0,88.6233647,81.78350778,0.602212106,-3.180020203,684,31.2,99.9,0,23.34375,0,1.13
513.092,0.010425465,0,88.60417159,81.79308634,0.657235969,-3.215883633,684,31.2,99.9,0,23.34375,0,1.13
513.192,0.010385598,0,88.60417159,81.80266492,0.644289178,-3.199944331,684,31.2,99.9,0,23.34375,0,1.13
513.292,0.010345732,0,88.60417159,81.73561516,0.647525876,-3.215883633,684,31.2,99.9,0,23.34375,0,1.13
513.392,0.010265999,0,88.57538214,81.77392922,0.683129552,-3.184005029,684,31.2,99.9,0,23.34375,0,1.13
513.492,0.010385598,0,88.5849786,81.74519365,0.647525876,-3.239792586,684,31.2,99.9,0,23.34375,0,1.13
513.592,0.010345732,0,88.59457508,81.71645821,0.634579085,-3.207913982,684,31.2,99.9,0,23.34375,0,1.13
513.692,0.010345732,0,88.55618931,81.75477216,0.64105248,-3.199944331,684,31.2,99.9,0,23.34375,0,1.13
513.792,0.010265999,0,88.52740026,81.77392922,0.647525876,-3.187989854,684,31.2,99.9,0,23.34375,0,1.13
513.892,0.010305865,0,88.52740026,81.72603668,0.644289178,-3.128217472,684,31.2,99.9,0,23.34375,0,1.13
513.992,0.010345732,0,88.52740026,81.74519365,0.653999272,-3.203929156,684,31.2,99.9,0,23.34375,0,1.13
514.092,0.010305865,0,88.49861146,81.73561516,0.618395596,-3.295580143,682,31.2,99.9,0,23.34375,0,1.13
514.192,0.010305865,0,88.51780397,81.68772289,0.647525876,-3.275656015,682,31.2,99.9,0,23.34375,0,1.13
514.292,0.010345732,0,88.53699658,81.64940934,0.647525876,-3.307534619,682,31.2,99.9,0,23.34375,0,1.13
514.392,0.010265999,0,88.52740026,81.64940934,0.712259832,-3.203929156,682,31.2,99.9,0,23.34375,0,1.13
514.492,0.010305865,0,88.48901525,81.63025264,0.689602948,-3.180020203,682,31.2,99.9,0,23.34375,0,1.13
514.592,0.010305865,0,88.52740026,81.62067432,0.634579085,-3.116262996,682,31.2,99.9,0,23.34375,0,1.13
514.692,0.010305865,0,88.47941906,81.62067432,0.647525876,-3.23580776,682,31.2,99.9,0,23.34375,0,1.13
514.792,0.010305865,0,88.5082077,81.62067432,0.666946063,-3.215883633,682,31.2,99.9,0,23.34375,0,1.13
514.892,0.010305865,0,88.4698229,81.60151771,0.653999272,-3.239792586,682,31.2,99.9,0,23.34375,0,1.13
514.992,0.010265999,0,88.45063067,81.63025264,0.689602948,-3.219868458,682,31.2,99.9,0,23.34375,0,1.13
515.092,0.010265999,0,88.4698229,81.61109601,0.637815782,-3.23580776,682,31.2,99.9,0,23.34375,0,1.13
515.192,0.010345732,0,88.45063067,81.61109601,0.647525876,-3.279640841,681,31.2,99.9,0,23.34375,0,1.13
515.292,0.010305865,0,88.44103459,81.58236115,0.64105248,-3.259716713,681,31.2,99.9,0,23.34375,0,1.13
515.392,0.010305865,0,88.42184252,81.5727829,0.676656156,-3.231822935,681,31.2,99.9,0,23.34375,0,1.13
515.492,0.010305865,0,88.44103459,81.58236115,0.647525876,-3.184005029,681,31.2,99.9,0,23.34375,0,1.13
515.592,0.010226132,0,88.41224652,81.56320466,0.660472667,-3.243777411,681,31.2,99.9,0,23.34375,0,1.13
515.692,0.010226132,0,88.41224652,81.55362643,0.679892854,-3.251747062,681,31.2,99.9,0,23.34375,0,1.13
515.792,0.010305865,0,88.40265056,81.52489183,0.676656156,-3.243777411,681,31.2,99.9,0,23.34375,0,1.13
515.892,0.010265999,0,88.39305462,81.55362643,0.621632293,-3.291595317,681,31.2,99.9,0,23.34375,0,1.13
515.992,0.010226132,0,88.39305462,81.53447001,0.676656156,-3.116262996,681,31.2,99.9,0,23.34375,0,1.13
516.092,0.010305865,0,88.39305462,81.53447001,0.631342387,-3.215883633,681,31.2,99.9,0,23.34375,0,1.13
516.192,0.010265999,0,88.36426695,81.51531365,0.644289178,-3.243777411,681,31.2,99.9,0,23.34375,0,1.13
516.292,0.010345732,0,88.34507531,81.50573549,0.6119222,-3.19197468,681,31.2,99.9,0,23.34375,0,1.13
516.392,0.010265999,0,88.35467112,81.48657922,0.644289178,-3.267686364,681,31.2,99.9,0,23.34375,0,1.13
516.492,0.010265999,0,88.31628806,81.4770011,0.621632293,-3.187989854,681,31.2,99.9,0,23.34375,0,1.13
516.592,0.010305865,0,88.31628806,81.48657922,0.660472667,-3.287610492,681,31.2,99.9,0,23.34375,0,1.13
516.692,0.010186266,0,88.31628806,81.4770011,0.624868991,-3.108293345,681,31.2,99.9,0,23.34375,0,1.13
516.792,0.010146399,0,88.28750104,81.44826683,0.660472667,-3.172050552,681,31.2,99.9,0,23.34375,0,1.13
516.892,0.010265999,0,88.30669236,81.4578449,0.631342387,-3.168065727,681,31.2,99.9,0,23.34375,0,1.13
516.992,0.010265999,0,88.28750104,81.43868876,0.644289178,-3.168065727,681,31.2,99.9,0,23.34375,0,1.13
517.092,0.010226132,0,88.28750104,81.40037664,0.683129552,-3.219868458,681,31.2,99.9,0,23.34375,0,1.131
517.192,0.010265999,0,88.25871427,81.38122067,0.663709365,-3.255731888,681,31.2,99.9,0,23.34375,0,1.131
517.292,0.010226132,0,88.24911873,81.40037664,0.666946063,-3.215883633,681,31.2,99.9,0,23.34375,0,1.131
517.392,0.010186266,0,88.23952322,81.40995465,0.660472667,-3.136187123,678,31.2,99.9,0,23.34375,0,1.131
517.492,0.010226132,0,88.24911873,81.38122067,0.673419458,-3.180020203,678,31.2,99.9,0,23.34375,0,1.131
517.592,0.010146399,0,88.22033228,81.39079865,0.647525876,-3.1481416,678,31.2,99.9,0,23.34375,0,1.131
517.692,0.010186266,0,88.22992774,81.38122067,0.676656156,-3.184005029,678,31.2,99.9,0,23.34375,0,1.131
517.792,0.010226132,0,88.22992774,81.39079865,0.650762574,-3.219868458,678,31.2,99.9,0,23.34375,0,1.131
517.892,0.010186266,0,88.21073685,81.36206474,0.644289178,-3.215883633,678,31.2,99.9,0,23.34375,0,1.131
517.992,0.010146399,0,88.20114144,81.36206474,0.696076343,-3.144156774,678,31.2,99.9,0,23.34375,0,1.131
518.092,0.010106532,0,88.20114144,81.32375305,0.653999272,-3.180020203,678,31.2,99.9,0,23.34375,0,1.131
518.192,0.010226132,0,88.18195072,81.36206474,0.628105689,-3.152126425,678,31.2,99.9,0,23.34375,0,1.131
518.292,0.010146399,0,88.18195072,81.34290887,0.631342387,-3.231822935,678,31.2,99.9,0,23.34375,0,1.131
518.392,0.010186266,0,88.19154607,81.31417517,0.621632293,-3.172050552,678,31.2,99.9,0,23.34375,0,1.131
518.492,0.010226132,0,88.15316482,81.30459729,0.618395596,-3.128217472,676,31.2,99.9,0,23.34375,0,1.131
518.592,0.010106532,0,88.16276009,81.29501943,0.644289178,-3.144156774,676,31.2,99.9,0,23.34375,0,1.131
518.692,0.010186266,0,88.13397436,81.27586375,0.58279192,-3.219868458,676,31.2,99.9,0,23.34375,0,1.131
518.792,0.010146399,0,88.14356958,81.28544158,0.608685502,-3.19197468,676,31.2,99.9,0,23.34375,0,1.131
518.892,0.010226132,0,88.12437917,81.28544158,0.666946063,-3.283625666,676,31.2,99.9,0,23.34375,0,1.131
518.992,0.010186266,0,88.12437917,81.26628592,0.670182761,-3.215883633,676,31.2,99.9,0,23.34375,0,1.131
519.092,0.010146399,0,88.12437917,81.23755254,0.660472667,-3.152126425,676,31.2,99.9,0,23.34375,0,1.131
519.192,0.010186266,0,88.10518887,81.26628592,0.634579085,-3.295580143,676,31.2,99.9,0,23.34375,0,1.131
519.292,0.010106532,0,88.07640361,81.26628592,0.602212106,-3.215883633,676,31.2,99.9,0,23.34375,0,1.131
519.392,0.010106532,0,88.08599867,81.22797477,0.673419458,-3.215883633,676,31.2,99.9,0,23.34375,0,1.131
519.492,0.010146399,0,88.08599867,81.20881927,0.624868991,-3.180020203,676,31.2,99.9,0,23.34375,0,1.131
519.592,0.010186266,0,88.07640361,81.21839701,0.637815782,-3.251747062,672,31.2,99.9,0,23.34375,0,1.131
519.692,0.010106532,0,88.06680858,81.21839701,0.679892854,-3.195959505,672,31.2,99.9,0,23.34375,0,1.131
519.792,0.010186266,0,88.06680858,81.17050843,0.644289178,-3.152126425,672,31.2,99.9,0,23.34375,0,1.131
519.892,0.010106532,0,88.0476186,81.20881927,0.628105689,-3.267686364,672,31.2,99.9,0,23.34375,0,1.131
519.992,0.010186266,0,88.03802364,81.18966382,0.676656156,-3.247762237,672,31.2,99.9,0,23.34375,0,1.131
520.092,0.010146399,0,88.03802364,81.17050843,0.647525876,-3.156111251,672,31.2,99.9,0,23.34375,0,1.131
520.192,0.010106532,0,88.01883382,81.16093075,0.657235969,-3.251747062,672,31.2,99.9,0,23.34375,0,1.131
520.292,0.010146399,0,88.01883382,81.15135309,0.634579085,-3.1481416,672,31.2,99.9,0,23.34375,0,1.131
520.392,0.010106532,0,87.99004928,81.16093075,0.650762574,-3.164080901,672,31.2,99.9,0,23.34375,0,1.131
520.492,0.010026799,0,88.00923895,81.14177544,0.602212106,-3.207913982,672,31.2,99.9,0,23.34375,0,1.13
520.592,0.010066666,0,87.98045448,81.12262017,0.647525876,-3.195959505,672,31.2,99.9,0,23.34375,0,1.13
520.692,0.010026799,0,87.98045448,81.1321978,0.657235969,-3.195959505,672,31.2,99.9,0,23.34375,0,1.13
520.792,0.010106532,0,87.97085971,81.11304256,0.689602948,-3.19197468,672,31.2,99.9,0,23.34375,0,1.13
520.892,0.010026799,0,87.9324809,81.11304256,0.657235969,-3.144156774,672,31.2,99.9,0,23.34375,0,1.13
520.992,0.010146399,0,87.95167026,81.10346496,0.621632293,-3.195959505,672,31.2,99.9,0,23.34375,0,1.13
521.092,0.010066666,0,87.9324809,81.09388738,0.653999272,-3.156111251,672,31.2,99.9,0,23.34375,0,1.13
521.192,0.010066666,0,87.95167026,81.10346496,0.628105689,-3.184005029,672,31.2,99.9,0,23.34375,0,1.13
521.292,0.010106532,0,87.92288627,81.07473224,0.653999272,-3.203929156,672,31.2,99.9,0,23.34375,0,1.13
521.392,0.010146399,0,87.91329166,81.06515469,0.670182761,-3.080399566,672,31.2,99.9,0,23.34375,0,1.13
521.492,0.010146399,0,87.88450798,81.07473224,0.666946063,-3.1481416,672,31.2,99.9,0,23.34375,0,1.13
521.592,0.010146399,0,87.89410251,81.04599964,0.657235969,-3.219868458,672,31.2,99.9,0,23.34375,0,1.13
521.692,0.010026799,0,87.89410251,81.05557716,0.602212106,-3.199944331,672,31.2,99.9,0,23.34375,0,1.13
521.792,0.010186266,0,87.865319,81.06515469,0.64105248,-3.168065727,670,31.2,99.9,0,23.34375,0,1.13
521.892,0.010026799,0,87.87491348,81.06515469,0.660472667,-3.176035378,670,31.2,99.9,0,23.34375,0,1.13
521.992,0.010066666,0,87.85572454,81.03642213,0.621632293,-3.164080901,670,31.2,99.9,0,23.34375,0,1.13
522.092,0.010026799,0,87.82694134,81.05557716,0.618395596,-3.100323694,670,31.2,99.9,0,23.34375,0,1.13
522.192,0.010026799,0,87.81734699,81.06515469,0.660472667,-3.255731888,670,31.2,99.9,0,23.34375,0,1.131
522.292,0.010066666,0,87.82694134,81.05557716,0.637815782,-3.267686364,670,31.2,99.9,0,23.34375,0,1.131
522.392,0.010026799,0,87.79815836,81.02684463,0.615158898,-3.203929156,670,31.2,99.9,0,23.34375,0,1.131
522.492,0.010106532,0,87.77896985,81.02684463,0.673419458,-3.120247821,670,31.2,99.9,0,23.34375,0,1.131
522.592,0.010026799,0,87.76937563,81.02684463,0.647525876,-3.176035378,670,31.2,99.9,0,23.34375,0,1.131
522.692,0.009986933,0,87.79815836,80.98853477,0.621632293,-3.160096076,670,31.2,99.9,0,23.34375,0,1.131
522.792,0.010026799,0,87.79815836,80.97895734,0.624868991,-3.207913982,670,31.2,99.9,0,23.34375,0,1.131
522.892,0.010026799,0,87.77896985,80.98853477,0.634579085,-3.23580776,671,31.2,99.9,0,23.34375,0,1.131
522.992,0.010066666,0,87.75018726,80.95980251,0.631342387,-3.160096076,671,31.2,99.9,0,23.34375,0,1.131
523.092,0.010026799,0,87.75978143,80.95022511,0.64105248,-3.120247821,671,31.2,99.9,0,23.34375,0,1.131
523.192,0.010066666,0,87.75978143,80.95022511,0.644289178,-3.251747062,671,31.2,99.9,0,23.34375,0,1.131
523.292,0.009986933,0,87.75018726,80.93107036,0.683129552,-3.176035378,671,31.2,99.9,0,23.34375,0,1.131
523.392,0.009947066,0,87.74059312,80.90233832,0.647525876,-3.219868458,671,31.2,99.9,0,23.34375,0,1.131
523.492,0.010106532,0,87.71181085,80.90233832,0.653999272,-3.104308519,671,31.2,99.9,0,23.34375,0,1.131
523.592,0.010026799,0,87.72140492,80.91191566,0.650762574,-3.227838109,671,31.2,99.9,0,23.34375,0,1.131
523.692,0.009986933,0,87.71181085,80.93107036,0.666946063,-3.132202298,671,31.2,99.9,0,23.34375,0,1.131
523.792,0.010026799,0,87.70221681,80.90233832,0.615158898,-3.195959505,671,31.2,99.9,0,23.34375,0,1.131
523.892,0.010026799,0,87.67343485,80.90233832,0.657235969,-3.124232647,671,31.2,99.9,0,23.34375,0,1.131
523.992,0.010066666,0,87.66384091,80.91191566,0.605448804,-3.120247821,671,31.2,99.9,0,23.34375,0,1.13
524.092,0.009986933,0,87.67343485,80.90233832,0.595738711,-3.140171949,671,31.2,99.9,0,23.34375,0,1.13
524.192,0.009947066,0,87.66384091,80.88318369,0.637815782,-3.132202298,671,31.2,99.9,0,23.34375,0,1.13
524.292,0.009947066,0,87.654247,80.892761,0.666946063,-3.180020203,671,31.2,99.9,0,23.34375,0,1.13
524.392,0.009986933,0,87.654247,80.85445185,0.602212106,-3.259716713,671,31.2,99.9,0,23.34375,0,1.13
524.492,0.009986933,0,87.61587162,80.84487459,0.650762574,-3.116262996,671,31.2,99.9,0,23.34375,0,1.13
524.592,0.009947066,0,87.64465312,80.86402912,0.631342387,-3.116262996,671,31.2,99.9,0,23.34375,0,1.13
524.692,0.010026799,0,87.63505926,80.82572011,0.628105689,-3.124232647,671,31.2,99.9,0,23.34375,0,1.13
524.792,0.009986933,0,87.60627784,80.7874113,0.621632293,-3.040551311,671,31.2,99.9,0,23.34375,0,1.13
524.892,0.010026799,0,87.60627784,80.80656568,0.624868991,-3.164080901,671,31.2,99.9,0,23.34375,0,1.13
524.992,0.009986933,0,87.60627784,80.81614289,0.628105689,-3.108293345,671,31.2,99.9,0,23.34375,0,1.13
525.092,0.010026799,0,87.57749665,80.80656568,0.618395596,-3.140171949,672,31.2,99.9,0,23.34375,0,1.13
525.192,0.009986933,0,87.56790297,80.80656568,0.598975409,-3.092354043,672,31.2,99.9,0,23.34375,0,1.13
525.292,0.009986933,0,87.57749665,80.7874113,0.621632293,-3.116262996,672,31.2,99.9,0,23.34375,0,1.13
525.392,0.009867333,0,87.52952851,80.77783412,0.618395596,-3.100323694,672,31.2,99.9,0,23.34375,0,1.13
525.492,0.009986933,0,87.52952851,80.76825696,0.589265315,-3.092354043,672,31.2,99.9,0,23.34375,0,1.13
525.592,0.009986933,0,87.53912208,80.74910268,0.592502013,-3.048520962,672,31.2,99.9,0,23.34375,0,1.13
525.692,0.009986933,0,87.54871569,80.75867982,0.644289178,-3.120247821,672,31.2,99.9,0,23.34375,0,1.13
525.792,0.010026799,0,87.52952851,80.74910268,0.618395596,-3.040551311,672,31.2,99.9,0,23.34375,0,1.13
525.892,0.009986933,0,87.53912208,80.73952556,0.543951546,-3.084384392,672,31.2,99.9,0,23.34375,0,1.13
525.992,0.009947066,0,87.50074793,80.72994845,0.589265315,-3.088369217,672,31.2,99.9,0,23.34375,0,1.13
526.092,0.009947066,0,87.49115445,80.72994845,0.618395596,-3.211898807,672,31.2,99.9,0,23.34375,0,1.13
526.192,0.009947066,0,87.50074793,80.71079426,0.592502013,-3.291595317,670,31.2,99.9,0,23.34375,0,1.13
526.292,0.009986933,0,87.44318746,80.7874113,0.6119222,-3.299564968,670,31.2,99.9,0,23.34375,0,1.13
526.392,0.009986933,0,87.45278081,80.76825696,0.602212106,-3.203929156,670,31.2,99.9,0,23.34375,0,1.13
526.492,0.009947066,0,87.41440756,80.73952556,0.540714848,-3.120247821,670,31.2,99.9,0,23.34375,0,1.13
526.592,0.009986933,0,87.42400084,80.72994845,0.608685502,-3.227838109,670,31.2,99.9,0,23.34375,0,1.13
526.692,0.009947066,0,87.40481432,80.72037135,0.602212106,-3.140171949,670,31.2,99.9,0,23.34375,0,1.13
526.792,0.009947066,0,87.44318746,80.71079426,0.569845128,-3.06844509,670,31.2,99.9,0,23.34375,0,1.13
526.892,0.009986933,0,87.3952211,80.72037135,0.598975409,-3.152126425,670,31.2,99.9,0,23.34375,0,1.13
526.992,0.009947066,0,87.37603473,80.65333199,0.598975409,-3.088369217,670,31.2,99.9,0,23.34375,0,1.13
527.092,0.009986933,0,87.40481432,80.67248603,0.563371733,-3.076414741,670,31.2,99.9,0,23.34375,0,1.13
527.192,0.009907199,0,87.40481432,80.662909,0.53747815,-2.996718231,670,31.2,99.9,0,23.34375,0,1.13
527.292,0.009827466,0,87.37603473,80.63417799,0.58279192,-3.100323694,669,31.2,99.9,0,23.34375,0,1.13
527.392,0.010026799,0,87.33766229,80.61502405,0.553661639,-3.072429915,669,31.2,99.9,0,23.34375,0,1.13
527.492,0.009947066,0,87.34725536,80.60544709,0.58279192,-3.144156774,669,31.2,99.9,0,23.34375,0,1.131
527.592,0.009947066,0,87.35684846,80.61502405,0.560135035,-3.176035378,669,31.2,99.9,0,23.34375,0,1.131
527.692,0.009947066,0,87.35684846,80.61502405,0.602212106,-3.11227817,669,31.2,99.9,0,23.34375,0,1.131
527.792,0.009907199,0,87.33766229,80.65333199,0.576318524,-3.124232647,669,31.2,99.9,0,23.34375,0,1.131
527.892,0.009907199,0,87.31847623,80.60544709,0.56660843,-3.088369217,669,31.2,99.9,0,23.34375,0,1.131
527.992,0.009907199,0,87.31847623,80.5767163,0.569845128,-3.004687882,669,31.2,99.9,0,23.34375,0,1.131
528.092,0.009986933,0,87.30888323,80.59587015,0.58279192,-3.19197468,669,31.2,99.9,0,23.34375,0,1.131
528.192,0.009907199,0,87.2801044,80.59587015,0.589265315,-3.064460264,669,31.2,99.9,0,23.34375,0,1.131
528.292,0.009867333,0,87.26091863,80.59587015,0.605448804,-3.11227817,669,31.2,99.9,0,23.34375,0,1.131
528.392,0.009907199,0,87.2705115,80.54798561,0.556898337,-3.176035378,665,31.2,99.9,0,23.34375,0,1.131
528.492,0.009907199,0,87.29929026,80.51925502,0.579555222,-3.168065727,665,31.2,99.9,0,23.34375,0,1.131
528.592,0.009827466,0,87.2705115,80.53840873,0.576318524,-3.116262996,665,31.2,100,0,23.34375,0,1.131
528.692,0.009907199,0,87.24173297,80.52883187,0.573081826,-3.036566486,665,31.2,100,0,23.34375,0,1.131
528.792,0.009947066,0,87.25132579,80.51925502,0.56660843,-3.128217472,665,31.2,100,0,23.34375,0,1.131
528.892,0.009867333,0,87.24173297,80.51925502,0.586028617,-3.072429915,665,31.2,100,0,23.34375,0,1.131
528.992,0.009867333,0,87.23214017,80.52883187,0.592502013,-3.036566486,665,31.2,100,0,23.34375,0,1.131
529.092,0.009907199,0,87.19376924,80.51925502,0.589265315,-3.219868458,665,31.2,99.9,0,23.34375,0,1.13
529.192,0.009907199,0,87.21295466,80.50010136,0.621632293,-3.100323694,665,31.2,99.9,0,23.34375,0,1.13
529.292,0.009827466,0,87.17458393,80.50967818,0.598975409,-3.136187123,665,31.2,99.9,0,23.34375,0,1.13
529.392,0.009907199,0,87.16499131,80.50967818,0.595738711,-3.088369217,665,31.2,99.9,0,23.34375,0,1.13
529.492,0.009947066,0,87.18417657,80.50010136,0.58279192,-3.120247821,665,31.2,99.9,0,23.34375,0,1.13
529.592,0.009827466,0,87.15539871,80.50010136,0.605448804,-3.092354043,665,31.2,100,0,23.34375,0,1.13
529.692,0.009907199,0,87.14580614,80.50010136,0.615158898,-3.128217472,665,31.2,100,0,23.34375,0,1.13
529.792,0.009907199,0,87.13621359,80.46179417,0.576318524,-3.168065727,665,31.2,100,0,23.34375,0,1.13
529.892,0.009827466,0,87.12662107,80.4522174,0.556898337,-3.140171949,665,31.2,100,0,23.34375,0,1.13
529.992,0.009827466,0,87.1074361,80.49052454,0.547188244,-3.120247821,665,31.2,100,0,23.34375,0,1.13
530.092,0.009867333,0,87.08825123,80.49052454,0.6119222,-3.024612009,665,31.2,100,0,23.34375,0,1.13
530.192,0.009907199,0,87.06906646,80.50010136,0.586028617,-3.104308519,665,31.2,100,0,23.34375,0,1.13
530.292,0.009867333,0,87.09784365,80.4522174,0.569845128,-3.008672708,665,31.2,100,0,23.34375,0,1.13
530.392,0.009747733,0,87.08825123,80.46179417,0.560135035,-3.128217472,665,31.2,100,0,23.34375,0,1.13
530.492,0.009867333,0,87.05947411,80.46179417,0.573081826,-3.128217472,665,31.2,100,0,23.34375,0,1.13
530.592,0.009907199,0,87.06906646,80.4522174,0.615158898,-3.120247821,664,31.2,100,0,23.34375,0,1.13
530.692,0.009827466,0,87.06906646,80.38518034,0.586028617,-3.096338868,664,31.2,100,0,23.34375,0,1.13
530.792,0.009827466,0,87.04028949,80.44264064,0.534241452,-3.072429915,664,31.2,100,0,23.34375,0,1.13
530.892,0.009827466,0,87.04028949,80.32772045,0.553661639,-3.160096076,664,31.2,100,0,23.34375,0,1.13
530.992,0.009907199,0,87.05947411,80.41391044,0.553661639,-3.128217472,664,31.2,100,0,23.34375,0,1.13
531.092,0.009827466,0,87.02110496,80.366027,0.573081826,-3.136187123,664,31.2,99.9,0,23.34375,0,1.13
531.192,0.009867333,0,87.02110496,80.37560367,0.602212106,-3.140171949,664,31.2,99.9,0,23.34375,0,1.13
531.292,0.009827466,0,86.98273621,80.40433373,0.602212106,-3.084384392,664,31.2,99.9,0,23.34375,0,1.13
531.392,0.009827466,0,86.97314408,80.44264064,0.621632293,-3.100323694,664,31.2,99.9,0,23.34375,0,1.13
531.492,0.009827466,0,86.94436785,80.44264064,0.543951546,-3.036566486,664,31.2,100,0,23.34375,0,1.13
531.592,0.009827466,0,86.94436785,80.41391044,0.615158898,-3.020627184,664,31.2,100,0,23.34375,0,1.13
531.692,0.009827466,0,86.9539599,80.366027,0.608685502,-3.072429915,663,31.2,100,0,23.34375,0,1.13
531.792,0.009867333,0,86.92518381,80.44264064,0.56660843,-3.064460264,663,31.2,100,0,23.34375,0,1.13
531.892,0.0097876,0,86.93477582,80.3468737,0.543951546,-3.052505788,663,31.2,100,0,23.34375,0,1.13
531.992,0.009827466,0,86.87722415,80.41391044,0.531004755,-3.152126425,663,31.2,99.9,0,23.34375,0,1.13
532.092,0.009867333,0,86.91559183,80.26068442,0.53747815,-3.064460264,663,31.2,99.9,0,23.34375,0,1.13
532.192,0.009827466,0,86.9539599,80.28941408,0.589265315,-3.06844509,663,31.2,99.9,0,23.34375,0,1.13
532.292,0.0097876,0,86.91559183,80.26068442,0.598975409,-3.016642359,663,31.2,99.9,0,23.34375,0,1.13
532.392,0.009747733,0,86.89640794,80.25110789,0.595738711,-3.096338868,663,31.2,99.9,0,23.34375,0,1.13
532.492,0.0097876,0,86.91559183,80.23195486,0.602212106,-3.156111251,663,31.2,99.9,0,23.34375,0,1.13
532.592,0.009747733,0,86.91559183,80.23195486,0.550424941,-3.036566486,663,31.2,99.9,0,23.34375,0,1.131
532.692,0.009747733,0,86.87722415,80.27983752,0.589265315,-3.064460264,663,31.2,99.9,0,23.34375,0,1.131
532.792,0.0097876,0,86.84844864,80.24153137,0.589265315,-3.052505788,663,31.2,99.9,0,23.34375,0,1.131
532.892,0.009827466,0,86.85804046,80.26068442,0.579555222,-3.172050552,663,31.2,99.9,0,23.34375,0,1.131
532.992,0.009707866,0,86.8292651,80.26068442,0.560135035,-3.172050552,663,31.2,99.9,0,23.34375,0,1.131
533.092,0.009747733,0,86.81967336,80.23195486,0.615158898,-3.132202298,663,31.2,99.9,0,23.34375,0,1.131
533.192,0.009707866,0,86.83885686,80.23195486,0.586028617,-3.092354043,663,31.2,99.9,0,23.34375,0,1.131
533.292,0.009747733,0,86.81967336,80.22237836,0.592502013,-3.100323694,663,31.2,99.9,0,23.34375,0,1.131
533.392,0.009707866,0,86.79089829,80.26068442,0.569845128,-3.060475439,663,31.2,99.9,0,23.34375,0,1.131
533.492,0.009707866,0,86.79089829,80.2032254,0.576318524,-3.080399566,663,31.2,99.9,0,23.34375,0,1.131
533.592,0.009668,0,86.79089829,80.22237836,0.576318524,-3.120247821,663,31.2,99.9,0,23.34375,0,1.131
533.692,0.0097876,0,86.76212344,80.22237836,0.618395596,-3.116262996,663,31.2,99.9,0,23.34375,0,1.131
533.792,0.009707866,0,86.76212344,80.17449604,0.569845128,-3.164080901,663,31.2,99.9,0,23.34375,0,1.131
533.892,0.0097876,0,86.75253187,80.18407248,0.56660843,-2.992733406,662,31.2,99.9,0,23.34375,0,1.131
533.992,0.009707866,0,86.76212344,80.14576678,0.589265315,-3.084384392,662,31.2,99.9,0,23.34375,0,1.131
534.092,0.009668,0,86.74294032,80.17449604,0.576318524,-3.1481416,662,31.2,99.9,0,23.34375,0,1.131
534.192,0.0097876,0,86.7333488,80.13619038,0.624868991,-3.064460264,662,31.2,99.9,0,23.34375,0,1.131
534.292,0.009707866,0,86.75253187,80.13619038,0.58279192,-3.11227817,662,31.2,100,0,23.34375,0,1.13
534.392,0.009747733,0,86.72375731,80.13619038,0.569845128,-3.03258166,662,31.2,100,0,23.34375,0,1.13
534.492,0.009628133,0,86.74294032,80.13619038,0.576318524,-3.03258166,662,31.2,100,0,23.34375,0,1.13
534.592,0.009707866,0,86.70457439,80.09788489,0.569845128,-3.03258166,662,31.2,100,0,23.34375,0,1.13
534.692,0.009707866,0,86.68539156,80.09788489,0.553661639,-3.080399566,662,31.2,100,0,23.34375,0,1.13
534.792,0.009707866,0,86.67580018,80.12661399,0.563371733,-3.03258166,662,31.2,99.9,0,23.34375,0,1.13
534.892,0.009707866,0,86.67580018,80.10746125,0.598975409,-3.116262996,662,31.2,99.9,0,23.34375,0,1.13
534.992,0.009628133,0,86.69498296,80.09788489,0.586028617,-3.168065727,662,31.2,99.9,0,23.34375,0,1.13
535.092,0.009747733,0,86.6566175,80.08830854,0.579555222,-3.040551311,662,31.2,99.9,0,23.34375,0,1.13
535.192,0.009707866,0,86.6566175,80.05000327,0.621632293,-3.108293345,662,31.2,99.9,0,23.34375,0,1.13
535.292,0.009707866,0,86.66620883,80.05957957,0.595738711,-3.176035378,662,31.2,99.9,0,23.34375,0,1.13
535.392,0.009707866,0,86.63743492,80.05957957,0.605448804,-3.056490613,662,31.2,99.9,0,23.34375,0,1.13
535.492,0.009628133,0,86.62784366,80.05957957,0.586028617,-3.060475439,662,31.2,99.9,0,23.34375,0,1.13
535.592,0.009628133,0,86.62784366,80.04042698,0.589265315,-3.128217472,662,31.2,99.9,0,23.34375,0,1.13
535.692,0.009707866,0,86.61825242,80.02127443,0.56660843,-3.116262996,662,31.2,99.9,0,23.34375,0,1.13
535.792,0.009628133,0,86.61825242,80.02127443,0.615158898,-3.040551311,662,31.2,99.9,0,23.34375,0,1.13
535.892,0.009628133,0,86.59907003,79.96381703,0.592502013,-3.012657533,662,31.2,99.9,0,23.34375,0,1.13
535.992,0.009707866,0,86.58947887,79.95424083,0.595738711,-3.012657533,662,31.2,99.9,0,23.34375,0,1.13
536.092,0.009668,0,86.60866121,79.97339323,0.58279192,-3.064460264,661,31.2,99.9,0,23.34375,0,1.129
536.192,0.009747733,0,86.57029661,79.98296945,0.621632293,-3.016642359,661,31.2,99.9,0,23.34375,0,1.129
536.292,0.009628133,0,86.57029661,79.94466464,0.589265315,-3.104308519,661,31.2,99.9,0,23.34375,0,1.129
536.392,0.009668,0,86.57988773,79.91593615,0.56660843,-3.036566486,661,31.2,99.9,0,23.34375,0,1.129
536.492,0.009668,0,86.57029661,79.93508847,0.576318524,-3.004687882,661,31.2,99.9,0,23.34375,0,1.129
536.592,0.009668,0,86.55111446,79.9255123,0.595738711,-3.108293345,661,31.2,99.9,0,23.34375,0,1.129
536.692,0.009707866,0,86.53193239,79.9255123,0.58279192,-3.088369217,661,31.2,99.9,0,23.34375,0,1.129
536.792,0.009588267,0,86.55111446,79.91593615,0.579555222,-3.108293345,661,31.2,100,0,23.34375,0,1.129
536.892,0.009628133,0,86.53193239,79.90636,0.589265315,-3.076414741,661,31.2,100,0,23.34375,0,1.129
536.992,0.009668,0,86.51275042,79.90636,0.550424941,-3.040551311,661,31.2,100,0,23.34375,0,1.129
537.092,0.009668,0,86.51275042,79.84890335,0.602212106,-3.072429915,661,31.2,100,0,23.34375,0,1.129
537.192,0.009588267,0,86.50315948,79.87763163,0.540714848,-2.924991372,661,31.2,100,0,23.34375,0,1.129
537.292,0.009668,0,86.5223414,79.86805552,0.560135035,-2.928976198,661,31.2,99.9,0,23.34375,0,1.129
537.392,0.009588267,0,86.48397765,79.84890335,0.576318524,-3.128217472,661,31.2,99.9,0,23.34375,0,1.129
537.492,0.009628133,0,86.48397765,79.82975121,0.547188244,-3.076414741,661,31.2,99.9,0,23.34375,0,1.129
537.592,0.009628133,0,86.47438677,79.86805552,0.553661639,-3.03258166,661,31.2,99.9,0,23.34375,0,1.129
537.692,0.009628133,0,86.47438677,79.81059912,0.592502013,-2.960854802,661,31.2,99.9,0,23.34375,0,1.129
537.792,0.009588267,0,86.46479592,79.83932728,0.579555222,-3.028596835,661,31.2,99.9,0,23.34375,0,1.129
537.892,0.009628133,0,86.43602349,79.82017516,0.586028617,-3.012657533,661,31.2,99.9,0,23.34375,0,1.129
537.992,0.009707866,0,86.43602349,79.84890335,0.586028617,-3.056490613,661,31.2,99.9,0,23.34375,0,1.131
538.092,0.009668,0,86.416842,79.82975121,0.595738711,-3.092354043,661,31.2,99.9,0,23.34375,0,1.131
538.192,0.009508533,0,86.39766059,79.82975121,0.56660843,-3.016642359,661,31.2,99.9,0,23.34375,0,1.131
538.292,0.009707866,0,86.35929807,79.82975121,0.58279192,-3.06844509,661,31.2,99.9,0,23.34375,0,1.131
538.392,0.009588267,0,86.38806993,79.79144706,0.58279192,-3.072429915,661,31.2,99.9,0,23.34375,0,1.131
538.492,0.0095484,0,86.40725128,79.77229505,0.592502013,-3.11227817,661,31.2,99.9,0,23.34375,0,1.131
538.592,0.009628133,0,86.38806993,79.76271906,0.589265315,-2.992733406,661,31.2,99.9,0,23.34375,0,1.131
538.692,0.009588267,0,86.36888866,79.72441519,0.569845128,-3.024612009,661,31.2,99.9,0,23.34375,0,1.131
538.792,0.009628133,0,86.36888866,79.75314308,0.563371733,-3.060475439,661,31.2,99.9,0,23.34375,0,1.131
538.892,0.0095484,0,86.38806993,79.72441519,0.576318524,-2.984763755,661,31.2,99.9,0,23.34375,0,1.131
538.992,0.009588267,0,86.34011695,79.78187105,0.56660843,-3.124232647,661,31.2,99.9,0,23.34375,0,1.131
539.092,0.009588267,0,86.35929807,79.73399114,0.563371733,-3.084384392,661,31.2,99.9,0,23.34375,0,1.131
539.192,0.009628133,0,86.33052642,79.71483925,0.573081826,-3.144156774,661,31.2,99.9,0,23.34375,0,1.131
539.292,0.009628133,0,86.33052642,79.71483925,0.592502013,-3.088369217,661,31.2,99.9,0,23.34375,0,1.131
539.392,0.0095484,0,86.3497075,79.70526332,0.543951546,-3.084384392,661,31.2,99.9,0,23.34375,0,1.131
539.492,0.009588267,0,86.32093592,79.66695969,0.615158898,-3.11227817,658,31.2,99.9,0,23.34375,0,1.131
539.592,0.0095484,0,86.32093592,79.65738381,0.58279192,-3.036566486,658,31.2,99.9,0,23.34375,0,1.131
539.692,0.0095484,0,86.30175498,79.66695969,0.595738711,-2.996718231,658,31.2,99.9,0,23.34375,0,1.131
539.792,0.009508533,0,86.27298375,79.71483925,0.524531359,-3.06844509,658,31.2,99.9,0,23.34375,0,1.131
539.892,0.009588267,0,86.30175498,79.6956874,0.58279192,-2.960854802,658,31.2,99.9,0,23.34375,0,1.131
539.992,0.0095484,0,86.24421273,79.72441519,0.534241452,-3.088369217,658,31.2,99.9,0,23.34375,0,1.131
540.092,0.009588267,0,86.24421273,79.6956874,0.615158898,-3.06844509,658,31.2,99.9,0,23.34375,0,1.131
540.192,0.009588267,0,86.26339339,79.60950454,0.56660843,-3.012657533,658,31.2,99.9,0,23.34375,0,1.131
540.292,0.0095484,0,86.25380304,79.60950454,0.53747815,-3.080399566,658,31.2,99.9,0,23.34375,0,1.131
540.392,0.009588267,0,86.20585169,79.63823207,0.586028617,-3.008672708,658,31.2,99.9,0,23.34375,0,1.131
540.492,0.009588267,0,86.20585169,79.67653558,0.524531359,-3.076414741,658,31.2,99.9,0,23.34375,0,1.131
540.592,0.0095484,0,86.18667131,79.67653558,0.576318524,-3.000703057,655,31.2,99.9,0,23.34375,0,1.131
540.692,0.009588267,0,86.18667131,79.67653558,0.518057963,-3.076414741,655,31.2,99.9,0,23.34375,0,1.131
540.792,0.009508533,0,86.16749102,79.67653558,0.598975409,-3.008672708,655,31.2,99.9,0,23.34375,0,1.131
540.892,0.0095484,0,86.18667131,79.59992872,0.569845128,-3.016642359,655,31.2,99.9,0,23.34375,0,1.131
540.992,0.0095484,0,86.14831082,79.60950454,0.563371733,-3.044536137,655,31.2,99.9,0,23.34375,0,1.131
541.092,0.009468667,0,86.16749102,79.59992872,0.560135035,-3.160096076,655,31.2,99.9,0,23.34375,0,1.131
541.192,0.009508533,0,86.15790091,79.5712013,0.618395596,-2.98874858,655,31.2,99.9,0,23.34375,0,1.131
541.292,0.009508533,0,86.14831082,79.5807771,0.576318524,-2.972809278,655,31.2,99.9,0,23.34375,0,1.13
541.392,0.009508533,0,86.13872076,79.55204974,0.589265315,-3.040551311,655,31.2,99.9,0,23.34375,0,1.13
541.492,0.0095484,0,86.15790091,79.53289822,0.579555222,-3.108293345,655,31.2,100,0,23.34375,0,1.13
541.592,0.0095484,0,86.1195407,79.55204974,0.563371733,-3.156111251,655,31.2,100,0,23.34375,0,1.13
541.692,0.009508533,0,86.13872076,79.50417101,0.56660843,-3.092354043,649,31.2,100,0,23.34375,0,1.13
541.792,0.009508533,0,86.1195407,79.51374673,0.579555222,-2.956869976,649,31.2,100,0,23.34375,0,1.13
541.892,0.009468667,0,86.12913072,79.47544388,0.56660843,-2.984763755,649,31.2,100,0,23.34375,0,1.13
541.992,0.0095484,0,86.1099507,79.50417101,0.56660843,-3.004687882,649,31.2,100,0,23.34375,0,1.13
542.092,0.009468667,0,86.09077078,79.49459529,0.553661639,-2.984763755,649,31.2,100,0,23.34375,0,1.13
542.192,0.009508533,0,86.10036073,79.45629251,0.589265315,-2.980778929,649,31.2,100,0,23.34375,0,1.13
542.292,0.0094288,0,86.06200107,79.47544388,0.540714848,-3.036566486,649,31.2,100,0,23.34375,0,1.13
542.392,0.009468667,0,86.05241121,79.48501958,0.586028617,-3.004687882,649,31.2,99.9,0,23.34375,0,1.13
542.492,0.0094288,0,86.08118086,79.44671684,0.534241452,-2.952885151,649,31.2,99.9,0,23.34375,0,1.13
542.592,0.009468667,0,86.03323156,79.42756552,0.556898337,-3.048520962,649,31.2,99.9,0,23.34375,0,1.13
542.692,0.0094288,0,86.05241121,79.43714117,0.556898337,-3.132202298,649,31.2,99.9,0,23.34375,0,1.13
542.792,0.009468667,0,86.03323156,79.40841424,0.576318524,-2.960854802,647,31.2,99.9,0,23.34375,0,1.13
542.892,0.0095484,0,86.01405201,79.45629251,0.569845128,-2.960854802,647,31.2,99.9,0,23.34375,0,1.13
542.992,0.0095484,0,85.99487254,79.41798988,0.553661639,-3.06844509,647,31.2,99.9,0,23.34375,0,1.13
543.092,0.0094288,0,85.98528284,79.40841424,0.543951546,-3.03258166,647,31.2,99.9,0,23.34375,0,1.13
543.192,0.0095484,0,85.99487254,79.389263,0.589265315,-3.03258166,647,31.2,99.9,0,23.34375,0,1.13
543.292,0.009508533,0,85.97569317,79.389263,0.569845128,-2.98874858,647,31.2,99.9,0,23.34375,0,1.13
543.392,0.009468667,0,85.99487254,79.3796874,0.543951546,-2.972809278,647,31.2,100,0,23.34375,0,1.13
543.492,0.009468667,0,85.97569317,79.3701118,0.579555222,-3.028596835,647,31.2,100,0,23.34375,0,1.13
543.592,0.009468667,0,85.97569317,79.35096063,0.58279192,-2.936945849,647,31.2,100,0,23.34375,0,1.13
543.692,0.0094288,0,85.97569317,79.35096063,0.595738711,-3.056490613,647,31.2,100,0,23.34375,0,1.13
543.792,0.0094288,0,85.94692427,79.36053621,0.547188244,-3.072429915,647,31.2,100,0,23.34375,0,1.13
543.892,0.0094288,0,85.95651388,79.34138506,0.58279192,-3.008672708,645,31.2,99.9,0,23.34375,0,1.13
543.992,0.009468667,0,85.93733469,79.36053621,0.602212106,-2.936945849,645,31.2,99.9,0,23.34375,0,1.13
544.092,0.009508533,0,85.93733469,79.35096063,0.592502013,-2.964839627,645,31.2,99.9,0,23.34375,0,1.13
544.192,0.0094288,0,85.90856606,79.35096063,0.550424941,-3.036566486,645,31.2,99.9,0,23.34375,0,1.13
544.292,0.009349067,0,85.89897657,79.3318095,0.579555222,-3.040551311,645,31.2,99.9,0,23.34375,0,1.13
544.392,0.009468667,0,85.87979764,79.32223395,0.550424941,-3.012657533,645,31.2,99.9,0,23.34375,0,1.13
544.492,0.009508533,0,85.88938709,79.32223395,0.534241452,-3.060475439,645,31.2,99.9,0,23.34375,0,1.13
544.592,0.009468667,0,85.89897657,79.29350735,0.550424941,-2.960854802,645,31.2,99.9,0,23.34375,0,1.13
544.692,0.009388934,0,85.87020821,79.29350735,0.560135035,-3.024612009,645,31.2,99.9,0,23.34375,0,1.13
544.792,0.009468667,0,85.87020821,79.29350735,0.605448804,-2.90905207,645,31.2,100,0,23.34375,0,1.131
544.892,0.009468667,0,85.84144006,79.24562986,0.58279192,-2.98874858,645,31.2,100,0,23.34375,0,1.131
544.992,0.009468667,0,85.82226141,79.29350735,0.563371733,-2.901082419,646,31.2,100,0,23.34375,0,1.131
545.092,0.0094288,0,85.82226141,79.31265841,0.527768057,-2.921006547,646,31.2,100,0,23.34375,0,1.131
545.192,0.0094288,0,85.81267211,79.29350735,0.527768057,-2.956869976,646,31.2,100,0,23.34375,0,1.131
545.292,0.0094288,0,85.80308284,79.26478083,0.550424941,-2.960854802,646,31.2,100,0,23.34375,0,1.131
545.392,0.009388934,0,85.81267211,79.23605439,0.576318524,-2.964839627,646,31.2,100,0,23.34375,0,1.131
545.492,0.0094288,0,85.78390436,79.28393183,0.550424941,-3.036566486,646,31.2,100,0,23.34375,0,1.131
545.592,0.0094288,0,85.78390436,79.20732803,0.573081826,-3.036566486,646,31.2,100,0,23.34375,0,1.131
545.692,0.009349067,0,85.76472598,79.24562986,0.576318524,-2.984763755,646,31.2,99.9,0,23.34375,0,1.131
545.792,0.009388934,0,85.77431516,79.23605439,0.534241452,-2.98874858,646,31.2,99.9,0,23.34375,0,1.131
545.892,0.009388934,0,85.74554768,79.30308287,0.553661639,-3.016642359,646,31.2,99.9,0,23.34375,0,1.131
545.992,0.0094288,0,85.7167804,79.22647893,0.540714848,-2.992733406,646,31.2,99.9,0,23.34375,0,1.131
546.092,0.009388934,0,85.7167804,79.25520534,0.569845128,-3.048520962,648,31.2,99.9,0,23.34375,0,1.131
546.192,0.009388934,0,85.74554768,79.22647893,0.592502013,-2.98874858,648,31.2,99.9,0,23.34375,0,1.131
546.292,0.0094288,0,85.70719135,79.18817717,0.576318524,-3.03258166,648,31.2,99.9,0,23.34375,0,1.131
546.392,0.0094288,0,85.70719135,79.22647893,0.579555222,-3.048520962,648,31.2,99.9,0,23.34375,0,1.131
546.492,0.009388934,0,85.70719135,79.1977526,0.531004755,-2.972809278,648,31.2,99.9,0,23.34375,0,1.131
546.592,0.009349067,0,85.68801331,79.18817717,0.569845128,-2.992733406,648,31.2,99.9,0,23.34375,0,1.13
546.692,0.009309201,0,85.68801331,79.15945094,0.569845128,-2.968824453,648,31.2,99.9,0,23.34375,0,1.13
546.792,0.009388934,0,85.68801331,79.15945094,0.56660843,-3.012657533,648,31.2,99.9,0,23.34375,0,1.13
546.892,0.009388934,0,85.67842433,79.15945094,0.576318524,-3.008672708,648,31.2,99.9,0,23.34375,0,1.13
546.992,0.009388934,0,85.64965751,79.16902634,0.531004755,-2.992733406,648,31.2,99.9,0,23.34375,0,1.13
547.092,0.009349067,0,85.64965751,79.13072479,0.550424941,-3.020627184,648,31.2,99.9,0,23.34375,0,1.13
547.192,0.009309201,0,85.64965751,79.14987555,0.543951546,-2.948900325,647,31.2,99.9,0,23.34375,0,1.13
547.292,0.009349067,0,85.64006862,79.14030017,0.579555222,-2.976794104,647,31.2,99.9,0,23.34375,0,1.13
547.392,0.009309201,0,85.61130206,79.12114943,0.58279192,-3.040551311,647,31.2,99.9,0,23.34375,0,1.13
547.492,0.009309201,0,85.62089089,79.12114943,0.56660843,-3.036566486,647,31.2,99.9,0,23.34375,0,1.13
547.592,0.009349067,0,85.61130206,79.10199872,0.543951546,-3.060475439,647,31.2,99.9,0,23.34375,0,1.13
547.692,0.0094288,0,85.59212447,79.13072479,0.540714848,-2.968824453,647,31.2,99.9,0,23.34375,0,1.13
547.792,0.009388934,0,85.60171326,79.09242338,0.576318524,-2.976794104,647,31.2,99.9,0,23.34375,0,1.13
547.892,0.009388934,0,85.59212447,79.07327273,0.521294661,-3.000703057,647,31.2,99.9,0,23.34375,0,1.13
547.992,0.009309201,0,85.57294696,79.05412211,0.556898337,-2.897097594,647,31.2,99.9,0,23.34375,0,1.13
548.092,0.009349067,0,85.57294696,79.06369742,0.560135035,-2.964839627,647,31.2,100,0,23.34375,0,1.13
548.192,0.009309201,0,85.58253571,79.05412211,0.501874474,-3.03258166,647,31.2,100,0,23.34375,0,1.13
548.292,0.009309201,0,85.54418087,79.00624571,0.556898337,-2.980778929,647,31.2,100,0,23.34375,0,1.13
548.392,0.009309201,0,85.58253571,79.04454681,0.556898337,-2.980778929,647,31.2,100,0,23.34375,0,1.13
548.492,0.009309201,0,85.56335825,78.97751997,0.553661639,-2.956869976,647,31.2,100,0,23.34375,0,1.13
548.592,0.009388934,0,85.54418087,78.98709521,0.569845128,-3.004687882,647,31.2,100,0,23.34375,0,1.13
548.692,0.009349067,0,85.52500358,78.98709521,0.547188244,-2.917021721,647,31.2,100,0,23.34375,0,1.13
548.792,0.009309201,0,85.51541497,78.99667046,0.569845128,-3.028596835,647,31.2,100,0,23.375,0,1.13
548.892,0.009349067,0,85.52500358,78.96794474,0.543951546,-3.044536137,647,31.2,100,0,23.375,0,1.13
548.992,0.009309201,0,85.51541497,78.96794474,0.573081826,-2.956869976,647,31.2,100,0,23.375,0,1.13
549.092,0.009468667,0,85.49623782,78.94879431,0.543951546,-2.952885151,647,31.2,100,0,23.375,0,1.13
549.192,0.009349067,0,85.48664927,78.95836952,0.556898337,-2.952885151,647,31.2,100,0,23.375,0,1.13
549.292,0.009309201,0,85.47706075,78.9392191,0.556898337,-2.952885151,647,31.2,100,0,23.375,0,1.13
549.392,0.009229467,0,85.47706075,78.9392191,0.576318524,-2.972809278,644,31.2,100,0,23.375,0,1.13
549.492,0.009349067,0,85.46747225,78.92964391,0.563371733,-3.060475439,644,31.2,100,0,23.375,0,1.13
549.592,0.009269334,0,85.46747225,78.91049354,0.524531359,-2.921006547,644,31.2,100,0,23.375,0,1.13
549.692,0.009309201,0,85.44829531,78.90091836,0.553661639,-3.008672708,644,31.2,100,0,23.375,0,1.13
549.792,0.009309201,0,85.45788377,78.88176804,0.550424941,-3.008672708,644,31.2,100,0,23.375,0,1.13
549.892,0.009269334,0,85.43870687,78.86261776,0.58279192,-3.004687882,644,31.2,100,0,23.375,0,1.13
549.992,0.009349067,0,85.43870687,78.86261776,0.579555222,-2.960854802,644,31.2,100,0,23.375,0,1.131
550.092,0.009349067,0,85.41953006,78.86261776,0.540714848,-3.020627184,644,31.2,100,0,23.375,0,1.131
550.192,0.009269334,0,85.43870687,78.8721929,0.543951546,-2.98874858,644,31.2,100,0,23.34375,0,1.131
550.292,0.009269334,0,85.39076501,78.8721929,0.531004755,-2.901082419,644,31.2,100,0,23.375,0,1.131
550.392,0.009269334,0,85.3811767,78.83389239,0.518057963,-3.008672708,644,31.2,100,0,23.375,0,1.131
550.492,0.009229467,0,85.36200015,78.83389239,0.598975409,-2.964839627,643,31.2,100,0,23.34375,0,1.131
550.592,0.009309201,0,85.3811767,78.82431728,0.550424941,-3.024612009,643,31.2,100,0,23.34375,0,1.131
550.692,0.009269334,0,85.37158841,78.80516709,0.514821265,-2.881158292,643,31.2,100,0,23.375,0,1.131
550.792,0.009229467,0,85.34282369,78.80516709,0.553661639,-2.917021721,643,31.2,100,0,23.375,0,1.131
550.892,0.009309201,0,85.37158841,78.80516709,0.524531359,-2.921006547,643,31.2,100,0,23.375,0,1.131
550.992,0.009149734,0,85.35241191,78.81474218,0.560135035,-2.972809278,643,31.2,100,0,23.375,0,1.131
551.092,0.009269334,0,85.32364731,78.81474218,0.56660843,-2.928976198,643,31.2,100,0,23.375,0,1.131
551.192,0.009269334,0,85.32364731,78.81474218,0.524531359,-3.072429915,643,31.2,100,0,23.375,0,1.131
551.292,0.009229467,0,85.33323548,78.77644186,0.56660843,-2.960854802,643,31.2,100,0,23.375,0,1.131
551.392,0.009189601,0,85.30447101,78.78601693,0.53747815,-2.921006547,643,31.2,100,0,23.375,0,1.131
551.492,0.009229467,0,85.30447101,78.7668668,0.56660843,-2.940930674,643,31.2,100,0,23.375,0,1.131
551.592,0.009189601,0,85.30447101,78.75729175,0.50834787,-3.000703057,642,31.2,100,0,23.375,0,1.131
551.692,0.009189601,0,85.2948829,78.75729175,0.553661639,-2.992733406,642,31.2,100,0,23.34375,0,1.13
551.792,0.009349067,0,85.2948829,78.71899162,0.569845128,-3.100323694,642,31.2,100,0,23.34375,0,1.13
551.892,0.009309201,0,85.27570673,78.6902666,0.550424941,-2.976794104,642,31.2,100,0,23.375,0,1.13
551.992,0.009269334,0,85.2852948,78.6902666,0.521294661,-2.956869976,642,31.2,100,0,23.375,0,1.13
552.092,0.009229467,0,85.2852948,78.67111663,0.495401079,-2.984763755,642,31.2,100,0,23.375,0,1.13
552.192,0.009189601,0,85.26611868,78.6902666,0.573081826,-2.984763755,642,31.2,100,0,23.375,0,1.13
552.292,0.009229467,0,85.24694264,78.68069161,0.531004755,-2.881158292,642,31.2,100,0,23.375,0,1.13
552.392,0.009269334,0,85.25653065,78.65196669,0.485690985,-3.016642359,642,31.2,100,0,23.375,0,1.13
552.492,0.009189601,0,85.22776669,78.68069161,0.553661639,-2.992733406,642,31.2,100,0,23.375,0,1.13
552.592,0.009229467,0,85.21817875,78.64239173,0.540714848,-2.980778929,642,31.2,100,0,23.375,0,1.13
552.692,0.009229467,0,85.20859082,78.66154166,0.524531359,-2.905067245,642,31.2,100,0,23.375,0,1.13
552.792,0.009189601,0,85.21817875,78.65196669,0.518057963,-2.924991372,642,31.2,100,0,23.375,0,1.13
552.892,0.009229467,0,85.21817875,78.63281678,0.586028617,-3.056490613,642,31.2,100,0,23.375,0,1.13
552.992,0.009269334,0,85.20859082,78.64239173,0.53747815,-2.924991372,642,31.2,100,0,23.375,0,1.13
553.092,0.009149734,0,85.17982718,78.62324184,0.560135035,-2.936945849,642,31.2,100,0,23.375,0,1.13
553.192,0.009229467,0,85.17982718,78.6136669,0.543951546,-2.98874858,642,31.2,100,0,23.375,0,1.13
553.292,0.009189601,0,85.17982718,78.62324184,0.576318524,-3.040551311,642,31.2,100,0,23.375,0,1.13
553.392,0.009149734,0,85.17023934,78.58494213,0.592502013,-2.901082419,642,31.2,100,0,23.375,0,1.13
553.492,0.009189601,0,85.17982718,78.59451705,0.534241452,-2.881158292,642,31.2,100,0,23.375,0,1.13
553.592,0.009189601,0,85.16065152,78.59451705,0.53747815,-2.956869976,642,31.2,100,0,23.375,0,1.13
553.692,0.009189601,0,85.15106373,78.57536723,0.521294661,-3.016642359,641,31.2,100,0,23.375,0,1.13
553.792,0.009149734,0,85.11271275,78.56579233,0.563371733,-3.000703057,641,31.2,100,0,23.375,0,1.13
553.892,0.009229467,0,85.1318882,78.53706767,0.547188244,-2.924991372,641,31.2,100,0,23.375,0,1.13
553.992,0.009149734,0,85.10312506,78.53706767,0.550424941,-2.964839627,641,31.2,100,0,23.375,0,1.13
554.092,0.009189601,0,85.1318882,78.5274928,0.556898337,-2.932961023,641,31.2,100,0,23.375,0,1.13
554.192,0.009189601,0,85.12230046,78.53706767,0.560135035,-2.948900325,641,31.2,100,0,23.375,0,1.13
554.292,0.009229467,0,85.08394974,78.51791794,0.527768057,-2.940930674,641,31.2,100,0,23.375,0,1.13
554.392,0.009109868,0,85.09353739,78.5274928,0.550424941,-3.044536137,641,31.2,100,0,23.375,0,1.13
554.492,0.009189601,0,85.07436211,78.51791794,0.540714848,-2.976794104,641,31.2,100,0,23.375,0,1.13
554.592,0.009269334,0,85.07436211,78.49876824,0.547188244,-3.004687882,641,31.2,100,0,23.375,0,1.13
554.692,0.009149734,0,85.0647745,78.47961857,0.592502013,-2.984763755,641,31.2,100,0,23.375,0,1.13
554.792,0.009149734,0,85.0360118,78.51791794,0.53747815,-2.932961023,641,31.2,100,0,23.375,0,1.13
554.892,0.009149734,0,85.04559935,78.4891934,0.527768057,-2.940930674,641,31.2,100,0,23.375,0,1.13
554.992,0.009229467,0,85.0647745,78.4891934,0.553661639,-2.917021721,641,31.2,100,0,23.375,0,1.13
555.092,0.009149734,0,84.99766183,78.47004374,0.569845128,-2.956869976,641,31.2,100,0,23.375,0,1.13
555.192,0.009149734,0,85.0360118,78.45089411,0.514821265,-2.924991372,641,31.2,100,0,23.375,0,1.13
555.292,0.009149734,0,85.01683678,78.45089411,0.53747815,-2.940930674,641,31.2,100,0,23.375,0,1.13
555.392,0.009109868,0,84.99766183,78.45089411,0.556898337,-2.9449155,641,31.2,100,0,23.375,0,1.13
555.492,0.009149734,0,84.99766183,78.4413193,0.531004755,-3.036566486,641,31.2,100,0,23.375,0,1.13
555.592,0.009189601,0,84.99766183,78.43174451,0.560135035,-2.972809278,641,31.2,100,0,23.375,0,1.13
555.692,0.009149734,0,84.94972483,78.4413193,0.511584568,-3.016642359,641,31.2,100,0,23.375,0,1.13
555.792,0.009109868,0,84.95931219,78.43174451,0.563371733,-2.901082419,641,31.2,100,0,23.375,0,1.13
555.892,0.009109868,0,84.9401375,78.43174451,0.531004755,-2.936945849,641,31.2,100,0,23.375,0,1.13
555.992,0.009149734,0,84.94972483,78.39344539,0.511584568,-2.992733406,641,31.2,100,0,23.375,0,1.13
556.092,0.009030134,0,84.96889957,78.36472112,0.511584568,-2.932961023,641,31.2,100,0,23.375,0,1.13
556.192,0.009149734,0,84.92096288,78.38387063,0.550424941,-3.008672708,641,31.2,100,0,23.375,0,1.13
556.292,0.009109868,0,84.94972483,78.36472112,0.531004755,-2.992733406,641,31.2,100,0,23.375,0,1.13
556.392,0.009109868,0,84.91137561,78.34557165,0.543951546,-3.000703057,641,31.2,100,0,23.375,0,1.13
556.492,0.009189601,0,84.92096288,78.35514638,0.534241452,-2.897097594,641,31.2,100,0,23.375,0,1.13
556.592,0.009030134,0,84.90178835,78.35514638,0.524531359,-2.996718231,641,31.2,100,0,23.375,0,1.13
556.692,0.009109868,0,84.87302671,78.31684749,0.501874474,-2.976794104,641,31.2,100,0,23.375,0,1.13
556.792,0.009070001,0,84.87302671,78.31684749,0.563371733,-2.797476957,641,31.2,100,0,23.375,0,1.13
556.892,0.009149734,0,84.90178835,78.30727278,0.550424941,-2.893112768,641,31.2,100,0,23.375,0,1.13
556.992,0.009030134,0,84.87302671,78.30727278,0.511584568,-2.90905207,642,31.2,100,0,23.375,0,1.13
557.092,0.009070001,0,84.85385239,78.31684749,0.576318524,-3.020627184,642,31.2,100,0,23.375,0,1.13
557.192,0.009030134,0,84.85385239,78.2785487,0.505111172,-2.956869976,642,31.2,100,0,23.375,0,1.13
557.292,0.009189601,0,84.84426525,78.29769808,0.543951546,-2.948900325,642,31.2,100,0,23.375,0,1.13
557.392,0.009070001,0,84.86343954,78.29769808,0.547188244,-2.893112768,642,31.2,100,0,23.375,0,1.13
557.492,0.009070001,0,84.81550398,78.2785487,0.498637776,-2.921006547,642,31.2,100,0,23.375,0,1.13
557.592,0.009070001,0,84.81550398,78.24982468,0.50834787,-2.86521899,642,31.2,100,0,23.375,0,1.13
557.692,0.009109868,0,84.83467814,78.26897402,0.53747815,-2.813416259,642,31.2,100,0,23.375,0,1.13
557.792,0.009070001,0,84.84426525,78.25939935,0.514821265,-3.012657533,642,31.2,100,0,23.375,0,1.13
557.892,0.009070001,0,84.7771559,78.2785487,0.560135035,-2.948900325,642,31.2,100,0,23.375,0,1.13
557.992,0.009109868,0,84.80591693,78.24025003,0.550424941,-2.976794104,642,31.2,100,0,23.375,0,1.13
558.092,0.008950401,0,84.78674289,78.24982468,0.527768057,-2.956869976,642,31.2,100,0,23.375,0,1.13
558.192,0.009030134,0,84.7963299,78.23067537,0.521294661,-2.917021721,642,31.2,100,0,23.375,0,1.13
558.292,0.009070001,0,84.7771559,78.21152609,0.53747815,-2.873188641,642,31.2,100,0,23.375,0,1.13
558.392,0.009070001,0,84.75798199,78.20195146,0.540714848,-2.996718231,642,31.2,100,0,23.375,0,1.13
558.492,0.009070001,0,84.74839506,78.20195146,0.53747815,-2.921006547,642,31.2,100,0,23.375,0,1.13
558.592,0.009030134,0,84.74839506,78.19237683,0.543951546,-2.968824453,642,31.2,100,0,23.375,0,1.13
558.692,0.008990268,0,84.72922126,78.19237683,0.534241452,-2.90905207,642,31.2,100,0,23.375,0,1.13
558.792,0.009070001,0,84.73880815,78.19237683,0.540714848,-2.972809278,642,31.2,100,0,23.375,0,1.13
558.892,0.008990268,0,84.7196344,78.15407839,0.58279192,-2.889127943,642,31.2,100,0,23.375,0,1.13
558.992,0.009070001,0,84.72922126,78.16365299,0.488927683,-2.936945849,642,31.2,100,0,23.375,0,1.13
559.092,0.008950401,0,84.69087392,78.1445038,0.531004755,-2.960854802,642,31.2,100,0,23.375,0,1.13
559.192,0.009070001,0,84.71004755,78.16365299,0.505111172,-2.877173467,644,31.2,100,0,23.375,0,1.13
559.292,0.009070001,0,84.68128713,78.12535463,0.531004755,-2.897097594,644,31.2,100,0,23.375,0,1.13
559.392,0.009109868,0,84.68128713,78.12535463,0.550424941,-3.004687882,644,31.2,100,0,23.375,0,1.13
559.492,0.009030134,0,84.67170036,78.1445038,0.501874474,-2.901082419,644,31.2,100,0,23.375,0,1.13
559.592,0.008990268,0,84.66211362,78.08705638,0.531004755,-2.932961023,644,31.2,100,0,23.375,0,1.13
559.692,0.009030134,0,84.67170036,78.11578006,0.547188244,-2.873188641,644,31.2,100,0,23.375,0,1.13
559.792,0.009030134,0,84.66211362,78.08705638,0.498637776,-2.972809278,644,31.2,100,0,23.375,0,1.13
559.892,0.009030134,0,84.64294019,78.09663093,0.518057963,-2.936945849,644,31.2,100,0,23.375,0,1.13
559.992,0.008950401,0,84.62376684,78.07748183,0.498637776,-2.936945849,644,31.2,100,0,23.375,0,1.13
560.092,0.008990268,0,84.65252689,78.06790729,0.495401079,-2.881158292,644,31.2,100,0,23.375,0,1.13
560.192,0.009070001,0,84.60459356,78.06790729,0.53747815,-2.881158292,644,31.2,100,0,23.375,0,1.13
560.292,0.009070001,0,84.60459356,78.0391837,0.50834787,-2.885143117,646,31.2,100,0,23.375,0,1.13
560.392,0.009030134,0,84.61418019,78.04875822,0.514821265,-2.956869976,646,31.2,100,0,23.375,0,1.13
560.492,0.008990268,0,84.61418019,78.04875822,0.543951546,-2.78552248,646,31.2,100,0,23.375,0,1.13
560.592,0.008990268,0,84.57583381,78.0391837,0.524531359,-2.833340386,646,31.2,100,0,23.375,0,1.13
560.692,0.008950401,0,84.57583381,78.02003467,0.514821265,-2.869203816,646,31.2,100,0,23.375,0,1.13
560.792,0.008950401,0,84.56624726,78.04875822,0.50834787,-2.940930674,646,31.2,100,0,23.375,0,1.13
560.892,0.008990268,0,84.55666074,78.02003467,0.521294661,-2.833340386,646,31.2,100,0,23.375,0,1.13
560.992,0.009030134,0,84.55666074,78.01046017,0.521294661,-2.964839627,646,31.2,100,0,23.375,0,1.13
561.092,0.009030134,0,84.53748775,77.99131118,0.469507496,-2.901082419,646,31.2,100,0,23.375,0,1.13
561.192,0.009070001,0,84.55666074,78.01046017,0.521294661,-2.86521899,646,31.2,100,0,23.375,0,1.13
561.292,0.009030134,0,84.499142,77.99131118,0.531004755,-2.885143117,646,31.2,100,0,23.375,0,1.13
561.392,0.008950401,0,84.54707423,77.95301327,0.521294661,-2.913036896,647,31.2,100,0,23.375,0,1.13
561.492,0.008950401,0,84.55666074,77.96258774,0.521294661,-2.901082419,647,31.2,100,0,23.375,0,1.13
561.592,0.009030134,0,84.52790128,77.95301327,0.498637776,-2.917021721,647,31.2,100,0,23.375,0,1.13
561.692,0.008950401,0,84.52790128,77.96258774,0.521294661,-2.881158292,647,31.2,100,0,23.375,0,1.13
561.792,0.008950401,0,84.499142,77.95301327,0.472744194,-2.801461782,647,31.2,100,0,23.375,0,1.13
561.892,0.008950401,0,84.47996925,77.94343881,0.4630341,-2.964839627,647,31.2,100,0,23.375,0,1.13
561.992,0.008950401,0,84.47996925,77.93386435,0.547188244,-2.829355561,647,31.2,100,0,23.375,0,1.13
562.092,0.008870668,0,84.48955561,77.9242899,0.543951546,-2.813416259,647,31.2,100,0,23.375,0,1.13
562.192,0.008910535,0,84.47996925,77.9242899,0.534241452,-2.889127943,647,31.2,100,0,23.375,0,1.13
562.292,0.008950401,0,84.45121026,77.90514102,0.527768057,-2.853264514,647,31.2,100,0,23.375,0,1.13
562.392,0.008910535,0,84.46079657,77.89556659,0.50834787,-2.940930674,647,31.2,100,0,23.375,0,1.13
562.492,0.008950401,0,84.43203771,77.89556659,0.550424941,-2.841310037,648,31.2,100,0,23.375,0,1.13
562.592,0.008910535,0,84.42245146,77.87641774,0.531004755,-2.885143117,648,31.2,100,0,23.375,0,1.13
562.692,0.008990268,0,84.41286523,77.88599216,0.485690985,-2.948900325,648,31.2,100,0,23.375,0,1.13
562.792,0.008950401,0,84.40327902,77.87641774,0.524531359,-2.841310037,648,31.2,100,0,23.375,0,1.13
562.892,0.008910535,0,84.41286523,77.84769452,0.518057963,-2.881158292,648,31.2,100,0,23.375,0,1.13
562.992,0.008910535,0,84.40327902,77.87641774,0.485690985,-2.845294863,648,31.2,100,0,23.375,0,1.13
563.092,0.008950401,0,84.41286523,77.84769452,0.4630341,-2.845294863,648,31.2,100,0,23.375,0,1.13
563.192,0.008910535,0,84.40327902,77.84769452,0.50834787,-2.877173467,648,31.2,100,0,23.375,0,1.13
563.292,0.008870668,0,84.38410666,77.83812012,0.479217589,-2.90905207,648,31.2,100,0,23.375,0,1.13
563.392,0.008950401,0,84.38410666,77.83812012,0.492164381,-2.936945849,648,31.2,100,0,23.375,0,1.13
563.492,0.008910535,0,84.34576218,77.82854573,0.475980892,-2.893112768,648,31.2,100,0,23.375,0,1.13
563.592,0.008910535,0,84.35534827,77.81897135,0.505111172,-2.837325212,648,31.2,100,0,23.375,0,1.13
563.692,0.008870668,0,84.36493438,77.80939697,0.472744194,-2.877173467,648,31.2,100,0,23.375,0,1.13
563.792,0.008870668,0,84.34576218,77.78067386,0.524531359,-2.881158292,648,31.2,100,0,23.375,0,1.13
563.892,0.008870668,0,84.3361761,77.78067386,0.488927683,-2.765598353,648,31.2,100,0,23.375,0,1.13
563.992,0.008950401,0,84.28824603,77.79024823,0.498637776,-2.853264514,648,31.2,100,0,23.375,0,1.13
564.092,0.008870668,0,84.32659005,77.78067386,0.459797403,-2.940930674,648,31.2,100,0,23.375,0,1.13
564.192,0.008870668,0,84.307418,77.78067386,0.485690985,-2.86521899,648,31.2,100,0,23.375,0,1.13
564.292,0.008830801,0,84.307418,77.78067386,0.482454287,-2.853264514,648,31.2,100,0,23.375,0,1.13
564.392,0.008910535,0,84.31700402,77.76152516,0.485690985,-2.837325212,648,31.2,100,0,23.375,0,1.13
564.492,0.008910535,0,84.28824603,77.74237647,0.446850611,-2.924991372,648,31.2,100,0,23.375,0,1.13
564.592,0.008870668,0,84.28824603,77.74237647,0.472744194,-2.917021721,648,31.2,100,0,23.375,0,1.13
564.692,0.008910535,0,84.28824603,77.74237647,0.453324007,-2.905067245,645,31.2,100,0,23.375,0,1.13
564.792,0.008830801,0,84.26907414,77.71365349,0.459797403,-2.917021721,645,31.2,100,0,23.375,0,1.13
564.892,0.008870668,0,84.26907414,77.74237647,0.453324007,-2.853264514,645,31.2,100,0,23.375,0,1.13
564.992,0.008990268,0,84.24031645,77.72322781,0.440377216,-2.845294863,645,31.2,100,0,23.375,0,1.13
565.092,0.008870668,0,84.23073059,77.70407917,0.424193727,-2.837325212,645,31.2,100,0,23.375,0,1.13
565.192,0.009030134,0,84.23073059,77.72322781,0.4630341,-2.829355561,645,31.2,100,0,23.375,0,1.13
565.292,0.008910535,0,84.22114475,77.70407917,0.485690985,-2.82138591,645,31.2,100,0,23.375,0,1.13
565.392,0.008910535,0,84.22114475,77.71365349,0.485690985,-2.797476957,645,31.2,100,0,23.375,0,1.13
565.492,0.008910535,0,84.23073059,77.67535625,0.450087309,-2.82138591,645,31.2,100,0,23.375,0,1.13
565.592,0.008870668,0,84.21155893,77.67535625,0.459797403,-2.913036896,645,31.2,100,0,23.375,0,1.13
565.692,0.008790935,0,84.21155893,77.68493055,0.482454287,-2.837325212,645,31.2,100,0,23.375,0,1.13
565.792,0.008910535,0,84.21155893,77.64663338,0.443613913,-2.921006547,643,31.2,100,0,23.375,0,1.13
565.892,0.008830801,0,84.17321584,77.65620767,0.472744194,-2.928976198,643,31.2,100,0,23.375,0,1.13
565.992,0.008870668,0,84.17321584,77.64663338,0.456560705,-2.837325212,643,31.2,100,0,23.375,0,1.13
566.092,0.008870668,0,84.17321584,77.6370591,0.456560705,-2.817401084,643,31.2,100,0,23.375,0,1.13
566.192,0.008910535,0,84.15404441,77.6370591,0.453324007,-2.905067245,643,31.2,100,0,23.375,0,1.13
566.292,0.008950401,0,84.13487306,77.61791056,0.466270798,-2.921006547,643,31.2,100,0,23.375,0,1.13
566.392,0.008830801,0,84.12528741,77.6083363,0.466270798,-2.829355561,643,31.2,100,0,23.375,0,1.13
566.492,0.008870668,0,84.15404441,77.62748483,0.469507496,-2.841310037,643,31.2,100,0,23.375,0,1.13
566.592,0.008910535,0,84.12528741,77.6083363,0.511584568,-2.825370735,643,31.2,100,0,23.375,0,1.13
566.692,0.008910535,0,84.08694501,77.6083363,0.459797403,-2.845294863,643,31.2,100,0,23.375,0,1.13
566.792,0.008910535,0,84.11570178,77.5700393,0.469507496,-2.921006547,643,31.2,100,0,23.375,0,1.13
566.892,0.008830801,0,84.09653058,77.57961354,0.430667122,-2.861234165,642,31.2,100,0,23.375,0,1.13
566.992,0.008830801,0,84.09653058,77.5700393,0.414483633,-2.885143117,642,31.2,100,0,23.375,0,1.13
567.092,0.008910535,0,84.08694501,77.56046506,0.482454287,-2.932961023,642,31.2,100,0,23.375,0,1.13
567.192,0.008910535,0,84.06777392,77.55089083,0.485690985,-2.749659051,642,31.2,100,0,23.375,0,1.13
567.292,0.008830801,0,84.06777392,77.53174238,0.424193727,-2.833340386,642,31.2,100,0,23.375,0,1.13
567.392,0.008870668,0,84.0581884,77.53174238,0.472744194,-2.837325212,642,31.2,100,0,23.375,0,1.13
567.492,0.008830801,0,84.0581884,77.53174238,0.43390382,-2.837325212,642,31.2,100,0,23.375,0,1.13
567.592,0.008870668,0,84.03901743,77.5413166,0.450087309,-2.881158292,642,31.2,100,0,23.375,0,1.13
567.692,0.008910535,0,84.02943197,77.51259395,0.492164381,-2.893112768,642,31.2,100,0,23.375,0,1.13
567.792,0.008790935,0,84.02943197,77.49344554,0.501874474,-2.797476957,642,31.2,100,0,23.375,0,1.13
567.892,0.008830801,0,84.00067571,77.50301974,0.456560705,-2.841310037,642,31.2,100,0,23.375,0,1.13
567.992,0.008790935,0,84.00067571,77.50301974,0.456560705,-2.781537655,643,31.2,100,0,23.375,0,1.13
568.092,0.008790935,0,84.02943197,77.47429715,0.456560705,-2.833340386,643,31.2,100,0,23.375,0,1.13
568.192,0.008830801,0,84.00067571,77.46472297,0.440377216,-2.861234165,643,31.2,100,0,23.375,0,1.13
568.292,0.008870668,0,84.00067571,77.46472297,0.443613913,-2.877173467,643,31.2,100,0,23.375,0,1.13
568.392,0.008790935,0,83.98150496,77.47429715,0.420957029,-2.837325212,643,31.2,100,0,23.375,0,1.13
568.492,0.008751068,0,84.00067571,77.42642627,0.482454287,-2.769583178,643,31.2,100,0,23.375,0,1.13
568.592,0.008830801,0,83.97191962,77.43600044,0.443613913,-2.893112768,643,31.2,100,0,23.375,0,1.13
568.692,0.008790935,0,83.98150496,77.41685211,0.466270798,-2.893112768,643,31.2,100,0,23.375,0,1.13
568.792,0.008751068,0,83.97191962,77.41685211,0.4630341,-2.921006547,643,31.2,100,0,23.375,0,1.13
568.892,0.008830801,0,83.96233429,77.37855551,0.479217589,-2.90905207,643,31.2,100,0,23.375,0,1.13
568.992,0.008790935,0,83.95274899,77.3977038,0.417720331,-2.881158292,643,31.2,100,0,23.375,0,1.13
569.092,0.008910535,0,83.95274899,77.37855551,0.524531359,-2.813416259,643,31.2,100,0,23.375,0,1.13
569.192,0.008711202,0,83.92399317,77.36898137,0.453324007,-2.881158292,643,31.2,100,0,23.375,0,1.13
569.292,0.008830801,0,83.91440794,77.35940724,0.466270798,-2.889127943,643,31.2,100,0,23.375,0,1.13
569.392,0.008790935,0,83.92399317,77.32111075,0.440377216,-2.881158292,643,31.2,100,0,23.375,0,1.13
569.492,0.008830801,0,83.89523753,77.34025899,0.459797403,-2.897097594,643,31.2,100,0,23.375,0,1.13
569.592,0.008751068,0,83.90482273,77.32111075,0.450087309,-2.845294863,643,31.2,100,0,23.375,0,1.13
569.692,0.008751068,0,83.90482273,77.32111075,0.459797403,-2.857249339,643,31.2,100,0,23.375,0,1.13
569.792,0.008790935,0,83.89523753,77.31153664,0.456560705,-2.853264514,643,31.2,100,0,23.375,0,1.13
569.892,0.008671335,0,83.88565235,77.30196254,0.43390382,-2.761613527,643,31.2,100,0,23.375,0,1.13
569.992,0.008711202,0,83.8760672,77.27324025,0.450087309,-2.849279688,643,31.2,100,0,23.375,0,1.13
570.092,0.008751068,0,83.8760672,77.26366616,0.495401079,-2.841310037,643,31.2,100,0,23.375,0,1.13
570.192,0.008751068,0,83.86648206,77.23494393,0.443613913,-2.90905207,644,31.2,100,0,23.375,0,1.13
570.292,0.008751068,0,83.8760672,77.21579579,0.443613913,-2.797476957,644,31.2,100,0,23.375,0,1.13
570.392,0.008830801,0,83.88565235,77.22536986,0.456560705,-2.897097594,644,31.2,100,0,23.375,0,1.13
570.492,0.008790935,0,83.8760672,77.20622173,0.453324007,-2.769583178,644,31.2,100,0,23.375,0,1.13
570.592,0.008751068,0,83.85689693,77.19664768,0.43390382,-2.877173467,644,31.2,100,0,23.375,0,1.13
570.692,0.008751068,0,83.84731183,77.17749958,0.456560705,-2.857249339,644,31.2,100,0,23.375,0,1.13
570.792,0.008711202,0,83.83772675,77.14877746,0.459797403,-2.789507306,644,31.2,100,0,23.375,0,1.13
570.892,0.008751068,0,83.81855663,77.14877746,0.501874474,-2.924991372,644,31.2,100,0,23.375,0,1.13
570.992,0.008830801,0,83.7993866,77.13920343,0.420957029,-2.737704575,644,31.2,100,0,23.375,0,1.13
571.092,0.008751068,0,83.82814168,77.14877746,0.43390382,-2.805446608,644,31.2,100,0,23.375,0,1.13
571.192,0.008711202,0,83.82814168,77.12005539,0.420957029,-2.777552829,644,31.2,100,0,23.375,0,1.13
571.292,0.008790935,0,83.81855663,77.10090735,0.459797403,-2.733719749,644,31.2,100,0,23.375,0,1.13
571.392,0.008751068,0,83.7898016,77.08175934,0.446850611,-2.757628702,644,31.2,100,0,23.375,0,1.13
571.492,0.008711202,0,83.7898016,77.09133334,0.446850611,-2.805446608,644,31.2,100,0,23.375,0,1.13
571.592,0.008671335,0,83.80897161,77.07218534,0.492164381,-2.837325212,644,31.2,100,0,23.375,0,1.13
571.692,0.008751068,0,83.7898016,77.05303735,0.4630341,-2.849279688,644,31.2,100,0,23.375,0,1.13
571.792,0.008671335,0,83.78021663,77.07218534,0.479217589,-2.837325212,644,31.2,100,0,23.375,0,1.13
571.892,0.008711202,0,83.78021663,77.04346336,0.450087309,-2.817401084,644,31.2,100,0,23.375,0,1.13
571.992,0.008711202,0,83.78021663,77.02431539,0.411246935,-2.797476957,644,31.2,100,0,23.375,0,1.13
572.092,0.008711202,0,83.77063168,77.01474142,0.479217589,-2.773568004,644,31.2,100,0,23.375,0,1.13
572.192,0.008671335,0,83.75146182,77.01474142,0.446850611,-2.885143117,644,31.2,100,0,23.375,0,1.13
572.292,0.008671335,0,83.73229204,76.99559347,0.437140518,-2.7416894,644,31.2,100,0,23.375,0,1.13
572.392,0.008671335,0,83.73229204,76.99559347,0.488927683,-2.873188641,644,31.2,100,0,23.375,0,1.13
572.492,0.008711202,0,83.75146182,76.97644555,0.501874474,-2.745674226,644,31.2,100,0,23.375,0,1.13
572.592,0.008631469,0,83.75146182,76.97644555,0.453324007,-2.729734924,644,31.2,100,0,23.375,0,1.13
572.692,0.008671335,0,83.73229204,76.96687159,0.430667122,-2.913036896,644,31.2,100,0,23.375,0,1.13
572.792,0.008591602,0,83.73229204,76.96687159,0.440377216,-2.972809278,644,31.2,100,0,23.375,0,1.13
572.892,0.008631469,0,83.73229204,76.94772369,0.440377216,-2.761613527,644,31.2,100,0,23.375,0,1.13
572.992,0.008671335,0,83.71312233,76.9285758,0.43390382,-2.769583178,644,31.2,100,0,23.375,0,1.13
573.092,0.008631469,0,83.6843679,76.9285758,0.4630341,-2.869203816,644,31.2,100,0,23.375,0,1.13
573.192,0.008671335,0,83.71312233,76.89985399,0.4630341,-2.901082419,644,31.2,100,0,23.375,0,1.13
573.292,0.008671335,0,83.69395269,76.93814974,0.443613913,-2.773568004,644,31.2,100,0,23.375,0,1.13
573.392,0.008631469,0,83.67478313,76.91900186,0.4630341,-2.881158292,644,31.2,100,0,23.375,0,1.13
573.492,0.008711202,0,83.6843679,76.91900186,0.475980892,-2.845294863,642,31.2,100,0,23.375,0,1.13
573.592,0.008631469,0,83.66519838,76.89985399,0.4630341,-2.869203816,642,31.2,100,0,23.375,0,1.13
573.692,0.008751068,0,83.64602892,76.89028006,0.411246935,-2.857249339,642,31.2,100,0,23.375,0,1.13
573.792,0.008671335,0,83.66519838,76.88070614,0.456560705,-2.761613527,642,31.2,100,0,23.375,0,1.13
573.892,0.008591602,0,83.63644422,76.89028006,0.408010237,-2.853264514,642,31.2,100,0,23.375,0,1.13
573.992,0.008631469,0,83.61727488,76.88070614,0.472744194,-2.745674226,642,31.2,100,0,23.375,0,1.13
574.092,0.008671335,0,83.59810561,76.8615583,0.482454287,-2.817401084,642,31.2,100,0,23.375,0,1.13
574.192,0.008671335,0,83.59810561,76.88070614,0.482454287,-2.869203816,642,31.2,100,0,23.375,0,1.13
574.292,0.008671335,0,83.60769023,76.88070614,0.427430424,-2.845294863,642,31.2,100,0,23.375,0,1.13
574.392,0.008671335,0,83.5789364,76.89028006,0.485690985,-2.761613527,642,31.2,100,0,23.375,0,1.13
574.492,0.008591602,0,83.588521,76.88070614,0.450087309,-2.90905207,642,31.2,100,0,23.375,0,1.13
574.592,0.008551735,0,83.56935183,76.88070614,0.4630341,-2.793492131,643,31.2,100,0,23.375,0,1.13
574.692,0.008671335,0,83.55976728,76.8615583,0.414483633,-2.86521899,643,31.2,100,0,23.375,0,1.13
574.792,0.008631469,0,83.52142923,76.89028006,0.498637776,-2.82138591,643,31.2,100,0,23.375,0,1.13
574.892,0.008631469,0,83.53101372,76.87113222,0.430667122,-2.813416259,643,31.2,100,0,23.375,0,1.13
574.992,0.008631469,0,83.52142923,76.88070614,0.453324007,-2.729734924,643,31.2,100,0,23.375,0,1.13
575.092,0.008631469,0,83.50226032,76.88070614,0.459797403,-2.729734924,643,31.2,100,0,23.375,0,1.13
575.192,0.008671335,0,83.51184477,76.88070614,0.450087309,-2.809431433,643,31.2,100,0,23.375,0,1.13
575.292,0.008591602,0,83.50226032,76.89028006,0.443613913,-2.861234165,643,31.2,100,0,23.375,0,1.13
575.392,0.008591602,0,83.47350708,76.89028006,0.443613913,-2.781537655,643,31.2,100,0,23.375,0,1.13
575.492,0.008591602,0,83.48309148,76.90942792,0.453324007,-2.737704575,643,31.2,100,0,23.375,0,1.13
575.592,0.008671335,0,83.42558538,76.89028006,0.466270798,-2.721765273,643,31.2,100,0,23.375,0,1.13
575.692,0.008631469,0,83.42558538,76.93814974,0.443613913,-2.789507306,641,31.2,100,0,23.375,0,1.13
575.792,0.008591602,0,83.40641682,76.9285758,0.450087309,-2.773568004,641,31.2,100,0,23.375,0,1.13
575.892,0.008671335,0,83.40641682,76.91900186,0.4630341,-2.733719749,641,31.2,100,0,23.375,0,1.13
575.992,0.008631469,0,83.38724833,76.93814974,0.411246935,-2.893112768,641,31.2,100,0,23.375,0,1.13
576.092,0.008631469,0,83.37766411,76.95729764,0.479217589,-2.833340386,641,31.2,100,0,23.375,0,1.13
576.192,0.008591602,0,83.34891156,76.95729764,0.459797403,-2.753643877,641,31.2,100,0,23.375,0,1.13
576.292,0.008790935,0,83.34891156,76.99559347,0.475980892,-2.789507306,641,31.2,100,0,23.375,0,1.13
576.392,0.008711202,0,83.32015917,76.98601951,0.459797403,-2.705825971,641,31.2,100,0,23.375,0,1.13
576.492,0.008631469,0,83.32015917,77.01474142,0.456560705,-2.813416259,641,31.2,100,0,23.375,0,1.13
576.592,0.008631469,0,83.27223887,77.01474142,0.459797403,-2.809431433,641,31.2,100,0,23.375,0,1.13
576.692,0.008591602,0,83.29140694,77.06261134,0.482454287,-2.773568004,641,31.2,100,0,23.375,0,1.13
576.792,0.008631469,0,83.27223887,77.07218534,0.466270798,-2.809431433,639,31.2,100,0,23.375,0,1.13
576.892,0.008631469,0,83.26265486,77.07218534,0.417720331,-2.733719749,639,31.2,100,0,23.375,0,1.13
576.992,0.008511869,0,83.23390294,77.11048137,0.450087309,-2.737704575,639,31.2,100,0,23.375,0,1.13
577.092,0.008551735,0,83.21473508,77.16792554,0.40477354,-2.841310037,639,31.2,100,0,23.375,0,1.13
577.192,0.008591602,0,83.19556729,77.16792554,0.466270798,-2.793492131,639,31.2,100,0,23.375,0,1.13
577.292,0.008591602,0,83.17639957,77.20622173,0.453324007,-2.853264514,639,31.2,100,0,23.375,0,1.13
577.392,0.008631469,0,83.14764812,77.20622173,0.450087309,-2.7416894,639,31.2,100,0,23.375,0,1.13
577.492,0.008511869,0,83.15723192,77.21579579,0.469507496,-2.78552248,639,31.2,100,0,23.375,0,1.13
577.592,0.008591602,0,83.12848057,77.29238844,0.417720331,-2.737704575,639,31.2,100,0,23.375,0,1.13
577.692,0.008591602,0,83.07097832,77.30196254,0.450087309,-2.761613527,639,31.2,100,0,23.375,0,1.13
577.792,0.008511869,0,83.09972937,77.34983311,0.424193727,-2.733719749,639,31.2,100,0,23.375,0,1.13
577.892,0.008591602,0,83.05181105,77.34025899,0.440377216,-2.721765273,639,31.2,100,0,23.375,0,1.13
577.992,0.008591602,0,83.03264383,77.37855551,0.430667122,-2.769583178,639,31.2,100,0,23.375,0,1.13
578.092,0.008551735,0,83.02306025,77.43600044,0.424193727,-2.769583178,639,31.2,100,0,23.375,0,1.13
578.192,0.008591602,0,83.01347669,77.40727795,0.446850611,-2.837325212,639,31.2,100,0,23.375,0,1.13
578.292,0.008591602,0,82.96555913,77.46472297,0.414483633,-2.885143117,639,31.2,100,0,23.375,0,1.13
578.392,0.008591602,0,82.96555913,77.49344554,0.440377216,-2.861234165,639,31.2,100,0,23.375,0,1.13
578.492,0.008511869,0,82.92722538,77.52216816,0.469507496,-2.78552248,639,31.2,100,0,23.375,0,1.13
578.592,0.008591602,0,82.90805861,77.51259395,0.424193727,-2.753643877,639,31.2,100,0,23.375,0,1.13
578.692,0.008631469,0,82.8888919,77.5413166,0.453324007,-2.833340386,639,31.2,100,0,23.375,0,1.13
578.792,0.008591602,0,82.8888919,77.59876204,0.420957029,-2.777552829,639,31.2,100,0,23.375,0,1.13
578.892,0.008551735,0,82.84097542,77.61791056,0.440377216,-2.749659051,639,31.2,100,0,23.375,0,1.13
578.992,0.008551735,0,82.85055868,77.62748483,0.453324007,-2.793492131,639,31.2,100,0,23.375,0,1.13
579.092,0.008591602,0,82.84097542,77.6370591,0.440377216,-2.877173467,639,31.2,100,0,23.375,0,1.13
579.192,0.008472002,0,82.79305935,77.65620767,0.427430424,-2.805446608,639,31.2,100,0,23.375,0,1.13
579.292,0.008591602,0,82.76430991,77.66578196,0.440377216,-2.769583178,639,31.2,100,0,23.375,0,1.13
579.392,0.008511869,0,82.77389304,77.67535625,0.420957029,-2.793492131,639,31.2,100,0,23.375,0,1.13
579.492,0.008591602,0,82.7547268,77.71365349,0.450087309,-2.797476957,639,31.2,100,0,23.375,0,1.13
579.592,0.008472002,0,82.7451437,77.76152516,0.446850611,-2.777552829,639,31.2,100,0,23.375,0,1.13
579.692,0.008551735,0,82.73556061,77.72322781,0.420957029,-2.769583178,639,31.2,100,0,23.375,0,1.13
579.792,0.008511869,0,82.73556061,77.74237647,0.456560705,-2.917021721,639,31.2,100,0,23.375,0,1.13
579.892,0.008472002,0,82.70681147,77.72322781,0.411246935,-2.733719749,639,31.2,100,0,23.375,0,1.13
579.992,0.008511869,0,82.68764545,77.79024823,0.453324007,-2.797476957,639,31.2,100,0,23.375,0,1.13
580.092,0.008551735,0,82.65889654,77.79982259,0.395063446,-2.845294863,639,31.2,100,0,23.375,0,1.13
580.192,0.008551735,0,82.6493136,77.80939697,0.411246935,-2.725750098,639,31.2,100,0,23.375,0,1.13
580.292,0.008511869,0,82.63014778,77.85726892,0.424193727,-2.801461782,639,31.2,100,0,23.375,0,1.13
580.392,0.008551735,0,82.60139916,77.80939697,0.411246935,-2.809431433,639,31.2,100,0,23.375,0,1.13
580.492,0.008511869,0,82.61098202,77.79982259,0.459797403,-2.781537655,639,31.2,100,0,23.375,0,1.13
580.592,0.008472002,0,82.59181632,77.83812012,0.440377216,-2.869203816,639,31.2,100,0,23.375,0,1.13
580.692,0.008472002,0,82.57265069,77.80939697,0.395063446,-2.837325212,639,31.2,100,0,23.375,0,1.13
580.792,0.008511869,0,82.5630679,77.82854573,0.401536842,-2.845294863,639,31.2,100,0,23.375,0,1.13
580.892,0.008511869,0,82.5630679,77.79982259,0.411246935,-2.749659051,639,31.2,100,0,23.375,0,1.13
580.992,0.008472002,0,82.57265069,77.79982259,0.388590051,-2.825370735,639,31.2,100,0,23.375,0,1.13
581.092,0.008591602,0,82.53431962,77.79024823,0.424193727,-2.861234165,639,31.2,100,0,23.375,0,1.13
581.192,0.008392269,0,82.55348512,77.78067386,0.417720331,-2.861234165,639,31.2,100,0,23.375,0,1.13
581.292,0.008511869,0,82.52473689,77.79024823,0.43390382,-2.78552248,639,31.2,100,0,23.375,0,1.13
581.392,0.008472002,0,82.52473689,77.78067386,0.43390382,-2.78552248,639,31.2,100,0,23.375,0,1.13
581.492,0.008511869,0,82.50557148,77.78067386,0.408010237,-2.833340386,639,31.2,100,0,23.375,0,1.13
581.592,0.008591602,0,82.4959888,77.78067386,0.395063446,-2.777552829,639,31.2,100,0,23.375,0,1.13
581.692,0.008472002,0,82.50557148,77.72322781,0.411246935,-2.853264514,639,31.2,100,0,23.375,0,1.13
581.792,0.008472002,0,82.50557148,77.72322781,0.398300144,-2.777552829,639,31.2,100,0,23.375,0,1.13
581.892,0.008511869,0,82.48640614,77.70407917,0.391826748,-2.757628702,639,31.2,100,0,23.375,0,1.13
581.992,0.008631469,0,82.51515418,77.68493055,0.362696468,-2.761613527,639,31.2,100,0,23.375,0,1.13
582.092,0.008472002,0,82.4959888,77.66578196,0.482454287,-2.753643877,639,31.2,100,0,23.375,0,1.13
582.192,0.008591602,0,82.48640614,77.64663338,0.420957029,-2.797476957,639,31.2,100,0,23.375,0,1.13
582.292,0.008392269,0,82.47682349,77.64663338,0.414483633,-2.753643877,640,31.2,100,0,23.375,0,1.13
582.392,0.008472002,0,82.47682349,77.58918779,0.408010237,-2.753643877,640,31.2,100,0,23.375,0,1.13
582.492,0.008432136,0,82.47682349,77.5700393,0.43390382,-2.773568004,640,31.2,100,0,23.375,0,1.13
582.592,0.008511869,0,82.46724085,77.53174238,0.414483633,-2.801461782,640,31.2,100,0,23.375,0,1.13
582.692,0.008432136,0,82.47682349,77.51259395,0.391826748,-2.781537655,640,31.2,100,0,23.375,0,1.13
582.792,0.008392269,0,82.50557148,77.50301974,0.440377216,-2.737704575,640,31.2,100,0,23.375,0,1.13
582.892,0.008432136,0,82.47682349,77.45514879,0.440377216,-2.753643877,640,31.2,100,0,23.375,0,1.13
582.992,0.008432136,0,82.48640614,77.43600044,0.414483633,-2.7416894,640,31.2,100,0,23.375,0,1.13
583.092,0.008472002,0,82.46724085,77.3977038,0.365933166,-2.745674226,640,31.2,100,0,23.375,0,1.13
583.192,0.008472002,0,82.45765823,77.36898137,0.430667122,-2.745674226,640,31.2,100,0,23.375,0,1.13
583.292,0.008551735,0,82.4959888,77.33068487,0.43390382,-2.777552829,640,31.2,100,0,23.375,0,1.13
583.392,0.008472002,0,82.43849305,77.31153664,0.388590051,-2.757628702,640,31.2,100,0,23.375,0,1.13
583.492,0.008551735,0,82.48640614,77.31153664,0.391826748,-2.769583178,640,31.2,100,0,23.375,0,1.13
583.592,0.008432136,0,82.46724085,77.27324025,0.440377216,-2.78552248,640,31.2,100,0,23.375,0,1.13
583.692,0.008432136,0,82.46724085,77.23494393,0.459797403,-2.809431433,640,31.2,100,0,23.375,0,1.13
583.792,0.008432136,0,82.47682349,77.20622173,0.408010237,-2.713795622,640,31.2,100,0,23.375,0,1.13
583.892,0.008392269,0,82.44807563,77.19664768,0.414483633,-2.809431433,640,31.2,100,0,23.375,0,1.13
583.992,0.008352402,0,82.43849305,77.14877746,0.398300144,-2.725750098,640,31.2,100,0,23.375,0,1.13
584.092,0.008432136,0,82.45765823,77.13920343,0.4630341,-2.69785632,640,31.2,100,0,23.375,0,1.13
584.192,0.008472002,0,82.44807563,77.11048137,0.40477354,-2.761613527,640,31.2,100,0,23.375,0,1.13
584.292,0.008392269,0,82.46724085,77.09133334,0.430667122,-2.837325212,640,31.2,100,0,23.375,0,1.13
584.392,0.008472002,0,82.46724085,77.07218534,0.443613913,-2.781537655,640,31.2,100,0,23.375,0,1.13
584.492,0.008392269,0,82.45765823,77.05303735,0.437140518,-2.793492131,637,31.2,100,0,23.375,0,1.13
584.592,0.008432136,0,82.43849305,77.00516744,0.375643259,-2.729734924,637,31.2,100,0,23.375,0,1.13
584.692,0.008392269,0,82.45765823,76.99559347,0.411246935,-2.773568004,637,31.2,100,0,23.375,0,1.13
584.792,0.008392269,0,82.43849305,76.96687159,0.411246935,-2.665977716,637,31.2,100,0,23.375,0,1.13
584.892,0.008432136,0,82.47682349,76.94772369,0.408010237,-2.777552829,637,31.2,100,0,23.375,0,1.13
584.992,0.008432136,0,82.44807563,76.93814974,0.427430424,-2.809431433,637,31.2,100,0,23.375,0,1.13
585.092,0.008352402,0,82.42891048,76.89985399,0.411246935,-2.777552829,637,31.2,100,0,23.375,0,1.13
585.192,0.008352402,0,82.42891048,76.88070614,0.437140518,-2.813416259,637,31.2,100,0,23.375,0,1.13
585.292,0.008392269,0,82.40974538,76.88070614,0.417720331,-2.650038414,637,31.2,100,0,23.375,0,1.13
585.392,0.008392269,0,82.43849305,76.81368877,0.443613913,-2.650038414,637,31.2,100,0,23.375,0,1.13
585.492,0.008352402,0,82.42891048,76.80411488,0.401536842,-2.849279688,637,31.2,100,0,23.375,0,1.13
585.592,0.008472002,0,82.41932792,76.79454098,0.401536842,-2.769583178,637,31.2,100,0,23.375,0,1.13
585.692,0.008352402,0,82.44807563,76.76581933,0.424193727,-2.805446608,634,31.2,100,0,23.375,0,1.13
585.792,0.008392269,0,82.40974538,76.76581933,0.395063446,-2.701841145,634,31.2,100,0,23.375,0,1.13
585.892,0.008392269,0,82.40974538,76.72752383,0.437140518,-2.721765273,634,31.2,100,0,23.375,0,1.13
585.992,0.008432136,0,82.40016286,76.71794997,0.398300144,-2.646053588,634,31.2,100,0,23.375,0,1.13
586.092,0.008432136,0,82.42891048,76.69880225,0.453324007,-2.781537655,634,31.2,100,0,23.375,0,1.13
586.192,0.008392269,0,82.41932792,76.67008069,0.385353353,-2.825370735,634,31.2,100,0,23.375,0,1.13
586.292,0.008392269,0,82.38099786,76.67008069,0.430667122,-2.685901843,634,31.2,100,0,23.375,0,1.13
586.392,0.008432136,0,82.39058035,76.650933,0.420957029,-2.701841145,634,31.2,100,0,23.375,0,1.13
586.492,0.008312536,0,82.39058035,76.62221149,0.420957029,-2.705825971,634,31.2,100,0,23.375,0,1.13
586.592,0.008352402,0,82.38099786,76.61263766,0.395063446,-2.789507306,634,31.2,100,0,23.375,0,1.13
586.692,0.008392269,0,82.38099786,76.59349001,0.446850611,-2.793492131,634,31.2,100,0,23.375,0,1.13
586.792,0.008392269,0,82.39058035,76.55519474,0.420957029,-2.689886669,636,31.2,100,0,23.375,0,1.13
586.892,0.008352402,0,82.39058035,76.58391619,0.446850611,-2.745674226,636,31.2,100,0,23.375,0,1.13
586.992,0.008392269,0,82.37141538,76.55519474,0.414483633,-2.801461782,636,31.2,100,0,23.375,0,1.13
587.092,0.008352402,0,82.34266804,76.52647332,0.40477354,-2.705825971,636,31.2,100,0,23.375,0,1.13
587.192,0.008392269,0,82.37141538,76.53604712,0.395063446,-2.677932192,636,31.2,100,0,23.375,0,1.13
587.292,0.008352402,0,82.37141538,76.50732572,0.437140518,-2.805446608,636,31.2,100,0,23.375,0,1.13
587.392,0.008392269,0,82.35225047,76.50732572,0.427430424,-2.765598353,636,31.2,100,0,23.375,0,1.13
587.492,0.008272669,0,82.33308563,76.49775192,0.417720331,-2.685901843,636,31.2,100,0,23.375,0,1.13
587.592,0.008352402,0,82.32350323,76.49775192,0.446850611,-2.817401084,636,31.2,100,0,23.375,0,1.13
587.692,0.008352402,0,82.32350323,76.49775192,0.388590051,-2.749659051,636,31.2,100,0,23.40625,0,1.13
587.792,0.008352402,0,82.29475612,76.44988298,0.414483633,-2.845294863,636,31.2,100,0,23.40625,0,1.13
587.892,0.008392269,0,82.31392084,76.44988298,0.40477354,-2.861234165,636,31.2,100,0,23.40625,0,1.13
587.992,0.008352402,0,82.29475612,76.45945676,0.40477354,-2.753643877,636,31.2,100,0,23.375,0,1.129
588.092,0.008392269,0,82.29475612,76.44988298,0.446850611,-2.761613527,636,31.2,100,0,23.375,0,1.129
588.192,0.008352402,0,82.31392084,76.4403092,0.411246935,-2.685901843,636,31.2,100,0,23.375,0,1.129
588.292,0.008392269,0,82.27559146,76.42116165,0.417720331,-2.757628702,636,31.2,100,0,23.375,0,1.129
588.392,0.008312536,0,82.26600915,76.43073542,0.420957029,-2.765598353,636,31.2,100,0,23.375,0,1.129
588.492,0.008352402,0,82.26600915,76.41158788,0.427430424,-2.833340386,636,31.2,100,0,23.375,0,1.129
588.592,0.008312536,0,82.25642686,76.42116165,0.417720331,-2.721765273,636,31.2,100,0,23.375,0,1.129
588.692,0.008352402,0,82.23726232,76.39244034,0.411246935,-2.809431433,636,31.2,100,0,23.375,0,1.129
588.792,0.008472002,0,82.21809785,76.39244034,0.414483633,-2.721765273,636,31.2,100,0,23.375,0,1.129
588.892,0.008312536,0,82.23726232,76.39244034,0.398300144,-2.729734924,636,31.2,100,0,23.375,0,1.129
588.992,0.008352402,0,82.19893343,76.40201411,0.472744194,-2.701841145,638,31.2,100,0,23.375,0,1.129
589.092,0.008272669,0,82.19893343,76.39244034,0.388590051,-2.630114287,638,31.2,100,0,23.375,0,1.129
589.192,0.008392269,0,82.21809785,76.38286658,0.398300144,-2.717780447,638,31.2,100,0,23.375,0,1.129
589.292,0.008272669,0,82.17976908,76.3541453,0.427430424,-2.725750098,638,31.2,100,0,23.375,0,1.129
589.392,0.008272669,0,82.17976908,76.3541453,0.375643259,-2.705825971,638,31.2,100,0,23.375,0,1.129
589.492,0.008432136,0,82.20851563,76.34457154,0.43390382,-2.725750098,638,31.2,100,0,23.375,0,1.129
589.592,0.008272669,0,82.14144055,76.36371906,0.417720331,-2.745674226,638,31.2,100,0,23.375,0,1.129
589.692,0.008352402,0,82.16060478,76.33499779,0.385353353,-2.681917018,638,31.2,100,0,23.375,0,1.129
589.792,0.008312536,0,82.15102266,76.32542404,0.408010237,-2.626129461,638,31.2,100,0,23.375,0,1.13
589.892,0.008272669,0,82.16060478,76.29670281,0.417720331,-2.753643877,638,31.2,100,0,23.375,0,1.13
589.992,0.008312536,0,82.12227637,76.29670281,0.408010237,-2.673947367,638,31.2,100,0,23.375,0,1.13
590.092,0.008312536,0,82.15102266,76.29670281,0.417720331,-2.69785632,636,31.2,100,0,23.375,0,1.13
590.192,0.008312536,0,82.11269431,76.32542404,0.382116655,-2.66199289,636,31.2,100,0,23.375,0,1.13
590.292,0.008232803,0,82.11269431,76.27755533,0.362696468,-2.654023239,636,31.2,100,0,23.375,0,1.13
590.392,0.008272669,0,82.10311226,76.24883413,0.411246935,-2.745674226,636,31.2,100,0,23.375,0,1.13
590.492,0.008192936,0,82.11269431,76.26798159,0.375643259,-2.66199289,636,31.2,100,0,23.375,0,1.13
590.592,0.008392269,0,82.09353023,76.25840786,0.395063446,-2.693871494,636,31.2,100,0,23.375,0,1.13
590.692,0.008232803,0,82.0743662,76.25840786,0.398300144,-2.7416894,636,31.2,100,0,23.375,0,1.13
590.792,0.008272669,0,82.0743662,76.22968667,0.398300144,-2.677932192,636,31.2,100,0,23.375,0,1.13
590.892,0.008232803,0,82.08394821,76.2392604,0.362696468,-2.717780447,636,31.2,100,0,23.375,0,1.13
590.992,0.008312536,0,82.06478421,76.21053922,0.388590051,-2.801461782,636,31.2,100,0,23.375,0,1.13
591.092,0.008312536,0,82.08394821,76.22968667,0.378879957,-2.685901843,636,31.2,100,0,23.375,0,1.13
591.192,0.008232803,0,82.0264564,76.17224435,0.395063446,-2.797476957,638,31.2,100,0,23.375,0,1.13
591.292,0.008312536,0,82.05520224,76.19139178,0.420957029,-2.713795622,638,31.2,100,0,23.375,0,1.13
591.392,0.008153069,0,82.0264564,76.18181807,0.385353353,-2.757628702,638,31.2,100,0,23.375,0,1.13
591.492,0.008352402,0,82.00729259,76.19139178,0.375643259,-2.805446608,638,31.2,100,0,23.375,0,1.13
591.592,0.008312536,0,82.00729259,76.17224435,0.401536842,-2.757628702,638,31.2,100,0,23.375,0,1.13
591.692,0.008312536,0,81.98812883,76.16267064,0.398300144,-2.725750098,638,31.2,100,0,23.375,0,1.13
591.792,0.008232803,0,81.9977107,76.15309693,0.391826748,-2.725750098,638,31.2,100,0,23.375,0,1.13
591.892,0.008272669,0,81.9977107,76.17224435,0.427430424,-2.634099112,638,31.2,100,0,23.375,0,1.13
591.992,0.008232803,0,81.96896513,76.13394951,0.391826748,-2.745674226,638,31.2,100,0,23.375,0,1.13
592.092,0.008232803,0,81.9402197,76.15309693,0.375643259,-2.7416894,638,31.2,100,0,23.375,0,1.13
592.192,0.008232803,0,81.96896513,76.12437581,0.427430424,-2.594250857,638,31.2,100,0,23.375,0,1.13
592.292,0.008272669,0,81.96896513,76.1148021,0.385353353,-2.685901843,640,31.2,100,0,23.375,0,1.13
592.392,0.008232803,0,81.95938331,76.0956547,0.408010237,-2.729734924,640,31.2,100,0,23.375,0,1.13
592.492,0.008272669,0,81.9498015,76.08608101,0.369169864,-2.753643877,640,31.2,100,0,23.375,0,1.13
592.592,0.008272669,0,82.09353023,75.77014987,0.427430424,-2.733719749,640,31.2,100,0,23.375,0,1.13
592.692,0.008192936,0,82.10311226,75.73185528,0.430667122,-2.765598353,640,31.2,100,0,23.40625,0,1.13
592.792,0.008272669,0,82.0743662,75.74142893,0.450087309,-2.701841145,640,31.2,100,0,23.40625,0,1.13
592.892,0.008232803,0,82.0743662,75.73185528,0.427430424,-2.793492131,640,31.2,100,0,23.40625,0,1.13
592.992,0.008272669,0,82.04562028,75.72228164,0.424193727,-2.677932192,640,31.2,100,0,23.40625,0,1.13
593.092,0.008232803,0,82.04562028,75.70313435,0.440377216,-2.7416894,640,31.2,100,0,23.375,0,1.13
593.192,0.008232803,0,82.04562028,75.70313435,0.401536842,-2.749659051,640,31.2,100,0,23.375,0,1.129
593.292,0.008232803,0,82.05520224,75.69356071,0.382116655,-2.709810796,640,31.2,100,0,23.375,0,1.129
593.392,0.008232803,0,82.01687449,75.67441343,0.424193727,-2.809431433,642,31.2,100,0,23.375,0,1.129
593.492,0.008192936,0,82.01687449,75.66483979,0.437140518,-2.646053588,642,31.2,100,0,23.375,0,1.129
593.592,0.008153069,0,82.04562028,75.65526615,0.382116655,-2.733719749,642,31.2,100,0,23.375,0,1.129
593.692,0.008192936,0,82.00729259,75.66483979,0.427430424,-2.689886669,642,31.2,100,0,23.375,0,1.129
593.792,0.008153069,0,82.00729259,75.63611888,0.424193727,-2.769583178,642,31.2,100,0,23.375,0,1.129
593.892,0.008312536,0,81.9977107,75.65526615,0.443613913,-2.749659051,642,31.2,100,0,23.375,0,1.129
593.992,0.008232803,0,81.9977107,75.65526615,0.385353353,-2.681917018,642,31.2,100,0,23.375,0,1.129
594.092,0.008272669,0,81.9498015,75.62654524,0.420957029,-2.737704575,642,31.2,100,0,23.375,0,1.129
594.192,0.008153069,0,81.98812883,75.61697161,0.43390382,-2.721765273,642,31.2,100,0,23.375,0,1.129
594.292,0.008153069,0,81.96896513,75.59782434,0.450087309,-2.7416894,642,31.2,100,0,23.40625,0,1.129
594.392,0.008192936,0,81.95938331,75.59782434,0.424193727,-2.665977716,642,31.2,100,0,23.40625,0,1.129
594.492,0.008192936,0,81.97854698,75.59782434,0.385353353,-2.669962541,644,31.2,100,0,23.40625,0,1.129
594.592,0.008113203,0,81.95938331,75.61697161,0.40477354,-2.713795622,644,31.2,100,0,23.40625,0,1.129
594.692,0.008272669,0,81.92105615,75.55952981,0.453324007,-2.721765273,644,31.2,100,0,23.40625,0,1.129
594.792,0.008192936,0,81.93063792,75.56910344,0.388590051,-2.753643877,644,31.2,100,0,23.40625,0,1.129
594.892,0.008232803,0,81.92105615,75.55952981,0.417720331,-2.781537655,644,31.2,100,0,23.40625,0,1.13
594.992,0.008153069,0,81.93063792,75.57867707,0.430667122,-2.693871494,644,31.2,100,0,23.40625,0,1.13
595.092,0.008192936,0,81.9114744,75.54038255,0.391826748,-2.626129461,644,31.2,100,0,23.40625,0,1.13
595.192,0.008153069,0,81.9114744,75.54995618,0.424193727,-2.709810796,644,31.2,100,0,23.40625,0,1.13
595.292,0.008192936,0,81.93063792,75.54038255,0.352986375,-2.769583178,644,31.2,100,0,23.40625,0,1.13
595.392,0.008192936,0,81.89231093,75.50208804,0.424193727,-2.669962541,644,31.2,100,0,23.40625,0,1.13
595.492,0.008192936,0,81.90189266,75.52123529,0.40477354,-2.626129461,644,31.2,100,0,23.40625,0,1.13
595.592,0.008192936,0,81.89231093,75.52123529,0.440377216,-2.665977716,644,31.2,100,0,23.40625,0,1.13
595.692,0.008153069,0,81.88272922,75.51166166,0.417720331,-2.725750098,644,31.2,100,0,23.40625,0,1.13
595.792,0.008153069,0,81.89231093,75.53080892,0.401536842,-2.813416259,644,31.2,100,0,23.40625,0,1.13
595.892,0.008232803,0,81.85398418,75.50208804,0.424193727,-2.757628702,644,31.2,100,0,23.40625,0,1.13
595.992,0.008153069,0,81.85398418,75.48294078,0.417720331,-2.733719749,644,31.2,100,0,23.40625,0,1.13
596.092,0.008192936,0,81.84440253,75.47336715,0.391826748,-2.757628702,644,31.2,100,0,23.40625,0,1.13
596.192,0.008153069,0,81.86356585,75.46379353,0.395063446,-2.757628702,644,31.2,100,0,23.40625,0,1.13
596.292,0.008192936,0,81.83482089,75.43507265,0.440377216,-2.650038414,644,31.2,100,0,23.40625,0,1.13
596.392,0.008153069,0,81.81565766,75.46379353,0.408010237,-2.737704575,644,31.2,100,0,23.40625,0,1.13
596.492,0.008113203,0,81.83482089,75.48294078,0.411246935,-2.701841145,644,31.2,100,0,23.375,0,1.13
596.592,0.008192936,0,81.83482089,75.43507265,0.427430424,-2.606205334,644,31.2,100,0,23.375,0,1.13
596.692,0.008232803,0,81.81565766,75.42549903,0.43390382,-2.733719749,645,31.2,100,0,23.375,0,1.13
596.792,0.008153069,0,81.80607607,75.44464628,0.382116655,-2.781537655,645,31.2,100,0,23.375,0,1.13
596.892,0.008153069,0,81.81565766,75.4159254,0.398300144,-2.665977716,645,31.2,100,0,23.375,0,1.13
596.992,0.008153069,0,81.78691292,75.44464628,0.391826748,-2.642068763,645,31.2,100,0,23.40625,0,1.13
597.092,0.008113203,0,81.77733137,75.42549903,0.440377216,-2.646053588,645,31.2,100,0,23.40625,0,1.13
597.192,0.008232803,0,81.77733137,75.44464628,0.420957029,-2.634099112,645,31.2,100,0,23.40625,0,1.13
597.292,0.008113203,0,81.79649449,75.39677815,0.411246935,-2.562372253,645,31.2,100,0,23.40625,0,1.13
597.392,0.008073336,0,81.74858681,75.39677815,0.40477354,-2.61815981,645,31.2,100,0,23.40625,0,1.13
597.492,0.008073336,0,81.76774984,75.40635178,0.408010237,-2.614174985,645,31.2,100,0,23.40625,0,1.13
597.592,0.008113203,0,81.73900531,75.38720453,0.395063446,-2.705825971,645,31.2,100,0,23.40625,0,1.13
597.692,0.008113203,0,81.72942383,75.35848366,0.385353353,-2.66199289,645,31.2,100,0,23.40625,0,1.13
597.792,0.008073336,0,81.74858681,75.38720453,0.401536842,-2.673947367,645,31.2,100,0,23.40625,0,1.13
597.892,0.008073336,0,81.71984237,75.34891003,0.424193727,-2.781537655,645,31.2,100,0,23.40625,0,1.13
597.992,0.008113203,0,81.73900531,75.33933641,0.453324007,-2.701841145,645,31.2,100,0,23.40625,0,1.13
598.092,0.008073336,0,81.74858681,75.33933641,0.401536842,-2.69785632,645,31.2,100,0,23.40625,0,1.13
598.192,0.008192936,0,81.71984237,75.31061554,0.398300144,-2.705825971,645,31.2,100,0,23.40625,0,1.13
598.292,0.008113203,0,81.70067948,75.30104192,0.430667122,-2.622144636,645,31.2,100,0,23.40625,0,1.13
598.392,0.008113203,0,81.71984237,75.31061554,0.414483633,-2.673947367,645,31.2,100,0,23.40625,0,1.13
598.492,0.008073336,0,81.71026092,75.30104192,0.446850611,-2.725750098,645,31.2,100,0,23.40625,0,1.13
598.592,0.008113203,0,81.70067948,75.27232105,0.388590051,-2.745674226,645,31.2,100,0,23.40625,0,1.13
598.692,0.008153069,0,81.69109806,75.27232105,0.408010237,-2.626129461,645,31.2,100,0,23.40625,0,1.13
598.792,0.008232803,0,81.70067948,75.26274742,0.414483633,-2.7416894,645,31.2,100,0,23.40625,0,1.13
598.892,0.008113203,0,81.69109806,75.26274742,0.346512979,-2.701841145,645,31.2,100,0,23.40625,0,1.13
598.992,0.008113203,0,81.69109806,75.20530568,0.408010237,-2.729734924,645,31.2,100,0,23.40625,0,1.13
599.092,0.00803347,0,81.68151665,75.20530568,0.401536842,-2.646053588,645,31.2,100,0,23.40625,0,1.13
599.192,0.007993603,0,81.68151665,75.18615843,0.427430424,-2.705825971,645,31.2,100,0,23.40625,0,1.13
599.292,0.008073336,0,81.67193526,75.17658481,0.40477354,-2.638083937,645,31.2,100,0,23.40625,0,1.13
599.392,0.00803347,0,81.67193526,75.15743756,0.372406561,-2.650038414,645,31.2,100,0,23.40625,0,1.13
599.492,0.008113203,0,81.67193526,75.1382903,0.411246935,-2.658008065,645,31.2,100,0,23.40625,0,1.13
599.592,0.007993603,0,81.68151665,75.10956942,0.411246935,-2.634099112,645,31.2,100,0,23.40625,0,1.13
599.692,0.008073336,0,81.66235388,75.12871668,0.43390382,-2.69785632,645,31.2,100,0,23.40625,0,1.13
599.792,0.008073336,0,81.64319116,75.09999579,0.385353353,-2.725750098,645,31.2,100,0,23.40625,0,1.13
599.892,0.008073336,0,81.64319116,75.08084853,0.453324007,-2.681917018,645,31.2,100,0,23.40625,0,1.13
599.992,0.007993603,0,81.66235388,75.06170127,0.414483633,-2.701841145,642,31.2,100,0,23.40625,0,1.13
600.092,0.008073336,0,81.64319116,75.05212764,0.395063446,-2.594250857,642,31.2,100,0,23.40625,0,1.13
600.192,0.00803347,0,81.64319116,75.03298038,0.440377216,-2.701841145,642,31.2,100,0,23.40625,0,1.131
600.292,0.008073336,0,81.63360982,75.02340675,0.437140518,-2.630114287,642,31.2,100,0,23.40625,0,1.131
600.392,0.008073336,0,81.63360982,75.00425948,0.40477354,-2.681917018,642,31.2,100,0,23.40625,0,1.131
600.492,0.008073336,0,81.63360982,74.98511221,0.446850611,-2.642068763,642,31.2,100,0,23.40625,0,1.131
600.592,0.007993603,0,81.6240285,74.99468584,0.35945977,-2.753643877,642,31.2,100,0,23.40625,0,1.131
600.692,0.007993603,0,81.61444719,74.97553857,0.395063446,-2.69785632,642,31.2,100,0,23.40625,0,1.131
600.792,0.00803347,0,81.61444719,74.96596494,0.401536842,-2.669962541,642,31.2,100,0,23.40625,0,1.131
600.892,0.008073336,0,81.59528461,74.94681766,0.401536842,-2.761613527,642,31.2,100,0,23.40625,0,1.131
600.992,0.00803347,0,81.60486589,74.96596494,0.398300144,-2.646053588,642,31.2,100,0,23.40625,0,1.131
601.092,0.00803347,0,81.59528461,74.93724402,0.40477354,-2.650038414,639,31.2,100,0,23.40625,0,1.131
601.192,0.007993603,0,81.57612209,74.92767038,0.417720331,-2.673947367,639,31.2,100,0,23.40625,0,1.131
601.292,0.007993603,0,81.56654084,74.91809674,0.430667122,-2.654023239,639,31.2,100,0,23.40625,0,1.131
601.392,0.008073336,0,81.54737841,74.90852309,0.398300144,-2.749659051,639,31.2,100,0,23.40625,0,1.131
601.492,0.007953737,0,81.55695962,74.88937581,0.424193727,-2.689886669,639,31.2,100,0,23.40625,0,1.131
601.592,0.00803347,0,81.53779721,74.92767038,0.424193727,-2.634099112,639,31.2,100,0,23.40625,0,1.131
601.692,0.008073336,0,81.53779721,74.89894945,0.40477354,-2.646053588,639,31.2,100,0,23.40625,0,1.131
601.792,0.00803347,0,81.51863485,74.89894945,0.43390382,-2.677932192,639,31.2,100,0,23.40625,0,1.13
601.892,0.007993603,0,81.50905369,74.91809674,0.414483633,-2.685901843,639,31.2,100,0,23.40625,0,1.13
601.992,0.008073336,0,81.51863485,74.88937581,0.372406561,-2.701841145,639,31.2,100,0,23.40625,0,1.13
602.092,0.007993603,0,81.49947255,74.89894945,0.395063446,-2.745674226,639,31.2,100,0,23.40625,0,1.13
602.192,0.007993603,0,81.50905369,74.89894945,0.417720331,-2.693871494,636,31.2,100,0,23.40625,0,1.13
602.292,0.00803347,0,81.48989142,74.87022852,0.408010237,-2.634099112,636,31.2,100,0,23.40625,0,1.13
602.392,0.00803347,0,81.46114811,74.87980216,0.446850611,-2.658008065,636,31.2,100,0,23.40625,0,1.13
602.492,0.008073336,0,81.45156704,74.9563913,0.40477354,-2.833340386,636,31.2,100,0,23.40625,0,1.13
602.592,0.00791387,0,81.40366187,74.93724402,0.411246935,-2.669962541,636,31.2,100,0,23.40625,0,1.13
602.692,0.007993603,0,81.43240493,74.90852309,0.411246935,-2.598235683,636,31.2,100,0,23.40625,0,1.13
602.792,0.00791387,0,81.40366187,74.94681766,0.395063446,-2.725750098,636,31.2,100,0,23.40625,0,1.13
602.892,0.007953737,0,81.39408087,74.96596494,0.382116655,-2.669962541,636,31.2,100,0,23.40625,0,1.13
602.992,0.008073336,0,81.39408087,74.89894945,0.424193727,-2.650038414,636,31.2,100,0,23.40625,0,1.13
603.092,0.00803347,0,81.37491893,74.9563913,0.414483633,-2.689886669,636,31.2,100,0,23.40625,0,1.13
603.192,0.007993603,0,81.37491893,74.91809674,0.40477354,-2.669962541,636,31.2,100,0,23.40625,0,1.13
603.292,0.008073336,0,81.34617611,74.98511221,0.375643259,-2.638083937,637,31.2,100,0,23.40625,0,1.13
603.392,0.007993603,0,81.31743341,75.01383311,0.35945977,-2.646053588,637,31.2,100,0,23.40625,0,1.13
603.492,0.00791387,0,81.29827168,75.02340675,0.356223072,-2.733719749,637,31.2,100,0,23.40625,0,1.13
603.592,0.00791387,0,81.31743341,75.00425948,0.401536842,-2.610190159,637,31.2,100,0,23.40625,0,1.13
603.692,0.007953737,0,81.26952918,75.04255401,0.385353353,-2.654023239,637,31.2,100,0,23.40625,0,1.13
603.792,0.007993603,0,81.29827168,75.03298038,0.40477354,-2.665977716,637,31.2,100,0,23.40625,0,1.13
603.892,0.007953737,0,81.25994837,75.08084853,0.40477354,-2.610190159,637,31.2,100,0,23.40625,0,1.13
603.992,0.007953737,0,81.25036758,75.03298038,0.443613913,-2.582296381,637,31.2,100,0,23.40625,0,1.13
604.092,0.007993603,0,81.22162528,75.09999579,0.401536842,-2.630114287,637,31.2,100,0,23.40625,0,1.13
604.192,0.007953737,0,81.21204454,75.11914305,0.401536842,-2.634099112,637,31.2,100,0,23.40625,0,1.13
604.292,0.007953737,0,81.22162528,75.08084853,0.427430424,-2.66199289,637,31.2,100,0,23.40625,0,1.13
604.392,0.00803347,0,81.15456037,75.2531738,0.411246935,-2.642068763,639,31.2,100,0,23.40625,0,1.13
604.492,0.007953737,0,81.15456037,75.21487931,0.391826748,-2.654023239,639,31.2,100,0,23.40625,0,1.13
604.592,0.007953737,0,81.14497972,75.24360018,0.443613913,-2.733719749,639,31.2,100,0,23.40625,0,1.13
604.692,0.00791387,0,81.14497972,75.23402655,0.417720331,-2.586281206,639,31.2,100,0,23.40625,0,1.13
604.792,0.007993603,0,81.0874961,75.31061554,0.408010237,-2.630114287,639,31.2,100,0,23.40625,0,1.13
604.892,0.007953737,0,81.03959344,75.35848366,0.388590051,-2.622144636,639,31.2,100,0,23.40625,0,1.13
604.992,0.007993603,0,81.03001295,75.39677815,0.40477354,-2.658008065,639,31.2,100,0,23.40625,0,1.13
605.092,0.007953737,0,81.04917395,75.35848366,0.437140518,-2.717780447,639,31.2,100,0,23.40625,0,1.13
605.192,0.007953737,0,81.010852,75.44464628,0.362696468,-2.665977716,639,31.2,100,0,23.40625,0,1.13
605.292,0.00791387,0,80.98211067,75.44464628,0.395063446,-2.622144636,639,31.2,100,0,23.40625,0,1.131
605.392,0.007993603,0,80.96294985,75.48294078,0.385353353,-2.654023239,639,31.2,100,0,23.40625,0,1.131
605.492,0.007953737,0,80.95336945,75.53080892,0.424193727,-2.606205334,639,31.2,100,0,23.40625,0,1.131
605.592,0.007874003,0,80.93420871,75.51166166,0.382116655,-2.681917018,639,31.2,100,0,23.40625,0,1.131
605.692,0.007953737,0,80.91504801,75.54038255,0.420957029,-2.630114287,639,31.2,100,0,23.40625,0,1.131
605.792,0.007874003,0,80.88630706,75.53080892,0.427430424,-2.598235683,639,31.2,100,0,23.40625,0,1.131
605.892,0.007874003,0,80.87672676,75.54995618,0.417720331,-2.630114287,639,31.2,100,0,23.40625,0,1.131
605.992,0.007993603,0,80.88630706,75.55952981,0.417720331,-2.654023239,639,31.2,100,0,23.40625,0,1.131
606.092,0.007953737,0,80.85756622,75.65526615,0.440377216,-2.677932192,639,31.2,100,0,23.40625,0,1.131
606.192,0.00791387,0,80.80966506,75.69356071,0.395063446,-2.654023239,639,31.2,100,0,23.40625,0,1.131
606.292,0.00791387,0,80.81924527,75.71270799,0.388590051,-2.586281206,639,31.2,100,0,23.40625,0,1.131
606.392,0.007834137,0,80.80008487,75.65526615,0.430667122,-2.745674226,639,31.2,100,0,23.40625,0,1.131
606.492,0.007953737,0,80.78092452,75.69356071,0.35945977,-2.566357079,639,31.2,100,0,23.40625,0,1.131
606.592,0.007953737,0,80.77134436,75.71270799,0.388590051,-2.654023239,640,31.2,100,0,23.40625,0,1.131
606.692,0.00791387,0,80.73302386,75.74142893,0.391826748,-2.5384633,640,31.2,100,0,23.40625,0,1.131
606.792,0.00791387,0,80.78092452,75.65526615,0.385353353,-2.654023239,640,31.2,100,0,23.40625,0,1.131
606.892,0.00791387,0,80.72344376,75.73185528,0.375643259,-2.650038414,640,31.2,100,0,23.40625,0,1.131
606.992,0.007953737,0,80.7042836,75.79887082,0.385353353,-2.66199289,640,31.2,100,0,23.40625,0,1.13
607.092,0.00791387,0,80.73302386,75.70313435,0.401536842,-2.602220508,640,31.2,100,0,23.40625,0,1.13
607.192,0.007834137,0,80.66596344,75.76057622,0.40477354,-2.638083937,640,31.2,100,0,23.40625,0,1.13
607.292,0.007953737,0,80.84798596,75.39677815,0.420957029,-2.542448126,640,31.2,100,0,23.40625,0,1.13
607.392,0.007874003,0,80.66596344,75.78929717,0.414483633,-2.642068763,640,31.2,100,0,23.40625,0,1.13
607.492,0.007953737,0,80.66596344,75.75100257,0.427430424,-2.673947367,640,31.2,100,0,23.40625,0,1.13
607.592,0.007953737,0,80.64680342,75.75100257,0.382116655,-2.566357079,640,31.2,100,0,23.40625,0,1.13
607.692,0.007874003,0,80.64680342,75.72228164,0.398300144,-2.570341904,640,31.2,100,0,23.40625,0,1.13
607.792,0.00779427,0,80.58932368,75.82759178,0.395063446,-2.701841145,640,31.2,100,0,23.40625,0,1.13
607.892,0.007874003,0,80.6180635,75.71270799,0.408010237,-2.602220508,640,31.2,100,0,23.40625,0,1.13
607.992,0.007834137,0,80.60848354,75.76057622,0.382116655,-2.630114287,640,31.2,100,0,23.40625,0,1.13
608.092,0.00791387,0,80.57974376,75.81801813,0.391826748,-2.610190159,640,31.2,100,0,23.40625,0,1.13
608.192,0.007874003,0,80.58932368,75.77014987,0.40477354,-2.586281206,640,31.2,100,0,23.40625,0,1.13
608.292,0.007834137,0,80.57016385,75.8467391,0.388590051,-2.693871494,640,31.2,100,0,23.40625,0,1.13
608.392,0.00779427,0,80.55100408,75.82759178,0.398300144,-2.654023239,640,31.2,100,0,23.40625,0,1.13
608.492,0.007874003,0,80.54142421,75.81801813,0.395063446,-2.654023239,640,31.2,100,0,23.40625,0,1.13
608.592,0.007874003,0,80.50310485,75.78929717,0.382116655,-2.606205334,640,31.2,100,0,23.40625,0,1.13
608.692,0.007874003,0,80.51268467,75.82759178,0.343276281,-2.646053588,640,31.2,100,0,23.40625,0,1.13
608.792,0.007754404,0,80.49352504,75.80844447,0.398300144,-2.665977716,640,31.2,100,0,23.40625,0,1.129
608.892,0.007834137,0,80.53184435,75.79887082,0.414483633,-2.550417777,640,31.2,100,0,23.40625,0,1.129
608.992,0.007834137,0,80.49352504,75.80844447,0.391826748,-2.673947367,640,31.2,100,0,23.40625,0,1.129
609.092,0.00791387,0,80.45520591,75.81801813,0.382116655,-2.673947367,640,31.2,100,0,23.40625,0,1.129
609.192,0.007874003,0,80.47436545,75.81801813,0.395063446,-2.626129461,640,31.2,100,0,23.40625,0,1.129
609.292,0.007874003,0,80.46478567,75.81801813,0.427430424,-2.650038414,640,31.2,100,0,23.40625,0,1.129
609.392,0.007874003,0,80.46478567,75.79887082,0.408010237,-2.646053588,640,31.2,100,0,23.40625,0,1.129
609.492,0.007874003,0,80.43604641,75.79887082,0.40477354,-2.534478475,640,31.2,100,0,23.40625,0,1.129
609.592,0.00791387,0,80.44562615,75.77972352,0.365933166,-2.602220508,640,31.2,100,0,23.40625,0,1.129
609.692,0.007834137,0,80.40730726,75.79887082,0.420957029,-2.658008065,640,31.2,100,0,23.40625,0,1.129
609.792,0.00779427,0,80.39772756,75.79887082,0.356223072,-2.705825971,640,31.2,100,0,23.40625,0,1.129
609.892,0.007834137,0,80.40730726,75.77972352,0.420957029,-2.578311555,640,31.2,100,0,23.40625,0,1.129
609.992,0.007754404,0,80.39772756,75.75100257,0.408010237,-2.626129461,638,31.2,100,0,23.40625,0,1.129
610.092,0.007834137,0,80.40730726,75.75100257,0.401536842,-2.669962541,638,31.2,100,0,23.40625,0,1.129
610.192,0.007874003,0,80.39772756,75.74142893,0.417720331,-2.602220508,638,31.2,100,0,23.40625,0,1.129
610.292,0.007714537,0,80.38814788,75.73185528,0.35945977,-2.654023239,638,31.2,100,0,23.40625,0,1.129
610.392,0.007834137,0,80.3785682,75.71270799,0.382116655,-2.614174985,638,31.2,100,0,23.40625,0,1.129
610.492,0.007874003,0,80.38814788,75.68398707,0.385353353,-2.665977716,638,31.2,100,0,23.40625,0,1.129
610.592,0.007874003,0,80.35940889,75.67441343,0.408010237,-2.534478475,638,31.2,100,0,23.40625,0,1.129
610.692,0.007834137,0,80.34982925,75.66483979,0.385353353,-2.57432673,638,31.2,100,0,23.40625,0,1.13
610.792,0.007874003,0,80.35940889,75.68398707,0.369169864,-2.626129461,638,31.2,100,0,23.40625,0,1.13
610.892,0.00779427,0,80.34982925,75.68398707,0.362696468,-2.66199289,638,31.2,100,0,23.40625,0,1.13
610.992,0.00779427,0,80.34982925,75.62654524,0.388590051,-2.717780447,638,31.2,100,0,23.40625,0,1.13
611.092,0.007834137,0,80.33067001,75.66483979,0.395063446,-2.634099112,636,31.2,100,0,23.40625,0,1.13
611.192,0.00779427,0,80.34024962,75.62654524,0.362696468,-2.562372253,636,31.2,100,0,23.40625,0,1.13
611.292,0.007754404,0,80.33067001,75.63611888,0.388590051,-2.677932192,636,31.2,100,0,23.40625,0,1.13
611.392,0.007754404,0,80.33067001,75.58825071,0.395063446,-2.677932192,636,31.2,100,0,23.40625,0,1.13
611.492,0.007834137,0,80.30193122,75.61697161,0.352986375,-2.562372253,636,31.2,100,0,23.40625,0,1.13
611.592,0.007714537,0,80.33067001,75.57867707,0.372406561,-2.658008065,636,31.2,100,0,23.40625,0,1.13
611.692,0.007834137,0,80.28277209,75.57867707,0.401536842,-2.725750098,636,31.2,100,0,23.40625,0,1.13
611.792,0.007754404,0,80.28277209,75.54995618,0.420957029,-2.665977716,636,31.2,100,0,23.40625,0,1.13
611.892,0.007714537,0,80.30193122,75.54038255,0.401536842,-2.594250857,636,31.2,100,0,23.40625,0,1.13
611.992,0.00779427,0,80.29235165,75.52123529,0.382116655,-2.638083937,636,31.2,100,0,23.40625,0,1.13
612.092,0.00779427,0,80.29235165,75.53080892,0.349749677,-2.685901843,636,31.2,100,0,23.40625,0,1.13
612.192,0.007834137,0,80.28277209,75.50208804,0.437140518,-2.582296381,633,31.2,100,0,23.40625,0,1.13
612.292,0.007754404,0,80.28277209,75.46379353,0.375643259,-2.654023239,633,31.2,100,0,23.40625,0,1.13
612.392,0.00779427,0,80.263613,75.49251441,0.365933166,-2.654023239,633,31.2,100,0,23.40625,0,1.131
612.492,0.00779427,0,80.263613,75.46379353,0.417720331,-2.634099112,633,31.2,100,0,23.40625,0,1.131
612.592,0.007834137,0,80.27319254,75.4542199,0.35945977,-2.630114287,633,31.2,100,0,23.40625,0,1.131
612.692,0.007754404,0,80.263613,75.44464628,0.375643259,-2.622144636,633,31.2,100,0,23.40625,0,1.131
612.792,0.007754404,0,80.24445396,75.47336715,0.382116655,-2.665977716,633,31.2,100,0,23.40625,0,1.131
612.892,0.007754404,0,80.23487446,75.42549903,0.401536842,-2.634099112,633,31.2,100,0,23.40625,0,1.131
612.992,0.007754404,0,80.24445396,75.36805728,0.411246935,-2.606205334,633,31.2,100,0,23.40625,0,1.131
613.092,0.007754404,0,80.24445396,75.35848366,0.408010237,-2.646053588,633,31.2,100,0,23.40625,0,1.131
613.192,0.007754404,0,80.22529496,75.32018916,0.391826748,-2.566357079,633,31.2,100,0,23.40625,0,1.131
613.292,0.007754404,0,80.23487446,75.35848366,0.372406561,-2.626129461,630,31.2,100,0,23.40625,0,1.131
613.392,0.00779427,0,80.24445396,75.32018916,0.385353353,-2.622144636,630,31.2,100,0,23.40625,0,1.131
613.492,0.007754404,0,80.25403348,75.29146829,0.385353353,-2.578311555,630,31.2,100,0,23.40625,0,1.131
613.592,0.007714537,0,80.23487446,75.26274742,0.427430424,-2.717780447,630,31.2,100,0,23.40625,0,1.131
613.692,0.007714537,0,80.22529496,75.30104192,0.391826748,-2.658008065,630,31.2,100,0,23.40625,0,1.131
613.792,0.00779427,0,80.1869771,75.31061554,0.401536842,-2.614174985,630,31.2,100,0,23.40625,0,1.131
613.892,0.007754404,0,80.19655655,75.26274742,0.369169864,-2.582296381,630,31.2,100,0,23.40625,0,1.131
613.992,0.007714537,0,80.19655655,75.2531738,0.391826748,-2.654023239,630,31.2,100,0,23.40625,0,1.131
614.092,0.007714537,0,80.20613601,75.22445293,0.378879957,-2.614174985,630,31.2,100,0,23.40625,0,1.131
614.192,0.00779427,0,80.19655655,75.23402655,0.375643259,-2.693871494,630,31.2,100,0,23.40625,0,1.131
614.292,0.007714537,0,80.16781823,75.2531738,0.378879957,-2.622144636,630,31.2,100,0,23.40625,0,1.131
614.392,0.00779427,0,80.1869771,75.16701118,0.40477354,-2.614174985,629,31.2,100,0,23.40625,0,1.131
614.492,0.007754404,0,80.17739766,75.19573206,0.385353353,-2.650038414,629,31.2,100,0,23.40625,0,1.131
614.592,0.007754404,0,80.14865941,75.19573206,0.375643259,-2.578311555,629,31.2,100,0,23.40625,0,1.131
614.692,0.007714537,0,80.17739766,75.16701118,0.440377216,-2.69785632,629,31.2,100,0,23.40625,0,1.131
614.792,0.007714537,0,80.17739766,75.11914305,0.385353353,-2.546432951,629,31.2,100,0,23.40625,0,1.131
614.892,0.007714537,0,80.12950063,75.1382903,0.378879957,-2.578311555,629,31.2,100,0,23.40625,0,1.131
614.992,0.007714537,0,80.13908001,75.09999579,0.35945977,-2.534478475,629,31.2,100,0,23.40625,0,1.131
615.092,0.007754404,0,80.12950063,75.09999579,0.424193727,-2.642068763,629,31.2,100,0,23.40625,0,1.131
615.192,0.007714537,0,80.14865941,75.05212764,0.414483633,-2.554402602,629,31.2,100,0,23.40625,0,1.131
615.292,0.007834137,0,80.15823881,75.03298038,0.398300144,-2.673947367,629,31.2,100,0,23.40625,0,1.131
615.392,0.00779427,0,80.12950063,75.06170127,0.375643259,-2.598235683,629,31.2,100,0,23.40625,0,1.131
615.492,0.00767467,0,80.14865941,75.06170127,0.369169864,-2.61815981,629,31.2,100,0,23.40625,0,1.131
615.592,0.00767467,0,80.11992125,75.04255401,0.395063446,-2.586281206,629,31.2,100,0,23.40625,0,1.131
615.692,0.00767467,0,80.12950063,75.02340675,0.336802885,-2.570341904,629,31.2,100,0,23.40625,0,1.131
615.792,0.007754404,0,80.11034189,75.00425948,0.385353353,-2.598235683,629,31.2,100,0,23.40625,0,1.13
615.892,0.007714537,0,80.11034189,75.01383311,0.372406561,-2.598235683,629,31.2,100,0,23.40625,0,1.13
615.992,0.00767467,0,80.0911832,74.98511221,0.395063446,-2.590266032,629,31.2,100,0,23.40625,0,1.13
616.092,0.007714537,0,80.0911832,74.97553857,0.424193727,-2.582296381,629,31.2,100,0,23.40625,0,1.13
616.192,0.007714537,0,80.07202455,74.98511221,0.395063446,-2.542448126,629,31.2,100,0,23.40625,0,1.13
616.292,0.00767467,0,80.07202455,74.94681766,0.378879957,-2.658008065,629,31.2,100,0,23.40625,0,1.13
616.392,0.007714537,0,80.10076254,74.90852309,0.408010237,-2.506584697,629,31.2,100,0,23.40625,0,1.13
616.492,0.00767467,0,80.06244524,74.90852309,0.388590051,-2.550417777,629,31.2,100,0,23.40625,0,1.13
616.592,0.007714537,0,80.05286594,74.89894945,0.382116655,-2.586281206,629,31.2,100,0,23.40625,0,1.13
616.692,0.00767467,0,80.07202455,74.87022852,0.369169864,-2.622144636,629,31.2,100,0,23.40625,0,1.13
616.792,0.007714537,0,80.08160387,74.88937581,0.375643259,-2.689886669,629,31.2,100,0,23.40625,0,1.13
616.892,0.007754404,0,80.03370738,74.87022852,0.378879957,-2.606205334,629,31.2,100,0,23.40625,0,1.13
616.992,0.007594937,0,80.04328665,74.87980216,0.398300144,-2.598235683,629,31.2,100,0,23.40625,0,1.13
617.092,0.007634804,0,80.03370738,74.84150757,0.375643259,-2.614174985,629,31.2,100,0,23.40625,0,1.13
617.192,0.007714537,0,80.02412811,74.83193392,0.375643259,-2.582296381,629,31.2,100,0,23.40625,0,1.13
617.292,0.007634804,0,80.04328665,74.86065487,0.417720331,-2.658008065,629,31.2,100,0,23.40625,0,1.13
617.392,0.00767467,0,79.99539037,74.82236027,0.375643259,-2.626129461,629,31.2,100,0,23.40625,0,1.13
617.492,0.007714537,0,80.02412811,74.81278662,0.40477354,-2.69785632,629,31.2,100,0,23.40625,0,1.13
617.592,0.007714537,0,79.99539037,74.80321296,0.385353353,-2.61815981,629,31.2,100,0,23.40625,0,1.13
617.692,0.007714537,0,79.97623194,74.77449199,0.391826748,-2.518539173,628,31.2,100,0,23.40625,0,1.13
617.792,0.007714537,0,80.01454885,74.75534467,0.388590051,-2.685901843,628,31.2,100,0,23.40625,0,1.13
617.892,0.007594937,0,79.97623194,74.75534467,0.378879957,-2.61815981,628,31.2,100,0,23.40625,0,1.13
617.992,0.007714537,0,79.97623194,74.77449199,0.375643259,-2.669962541,628,31.2,100,0,23.40625,0,1.13
618.092,0.007594937,0,79.96665273,74.76491833,0.378879957,-2.654023239,628,31.2,100,0,23.40625,0,1.13
618.192,0.00767467,0,79.98581115,74.73619735,0.420957029,-2.677932192,628,31.2,100,0,23.40625,0,1.13
618.292,0.007634804,0,79.94749436,74.77449199,0.414483633,-2.654023239,628,31.2,100,0,23.40625,0,1.13
618.392,0.00767467,0,79.93791519,74.76491833,0.388590051,-2.638083937,628,31.2,100,0,23.40625,0,1.13
618.492,0.00767467,0,79.95707354,74.69790269,0.382116655,-2.650038414,628,31.2,100,0,23.40625,0,1.13
618.592,0.007754404,0,79.93791519,74.71705002,0.414483633,-2.622144636,628,31.2,100,0,23.40625,0,1.13
618.692,0.007754404,0,79.93791519,74.73619735,0.346512979,-2.558387428,628,31.2,100,0,23.40625,0,1.13
618.792,0.007634804,0,79.94749436,74.67875535,0.430667122,-2.57432673,628,31.2,100,0,23.40625,0,1.13
618.892,0.00767467,0,79.91875687,74.659608,0.372406561,-2.598235683,628,31.2,100,0,23.40625,0,1.13
618.992,0.007634804,0,79.8995986,74.67875535,0.375643259,-2.518539173,628,31.2,100,0,23.40625,0,1.13
619.092,0.007634804,0,79.91875687,74.63088697,0.362696468,-2.586281206,628,31.2,100,0,23.40625,0,1.13
619.192,0.007714537,0,79.90917773,74.62131329,0.420957029,-2.626129461,628,31.2,100,0,23.40625,0,1.13
619.292,0.00767467,0,79.8995986,74.64046065,0.395063446,-2.570341904,628,31.2,100,0,23.40625,0,1.129
619.392,0.007594937,0,79.88044037,74.64046065,0.395063446,-2.598235683,628,31.2,100,0,23.40625,0,1.129
619.492,0.00767467,0,79.87086128,74.61173961,0.385353353,-2.642068763,628,31.2,100,0,23.40625,0,1.129
619.592,0.007594937,0,79.89001948,74.57344486,0.375643259,-2.646053588,628,31.2,100,0,23.40625,0,1.129
619.692,0.007594937,0,79.87086128,74.58301855,0.417720331,-2.578311555,628,31.2,100,0,23.40625,0,1.129
619.792,0.007634804,0,79.86128219,74.59259224,0.362696468,-2.558387428,628,31.2,100,0,23.40625,0,1.129
619.892,0.007555071,0,79.86128219,74.62131329,0.365933166,-2.610190159,626,31.2,100,0,23.40625,0,1.129
619.992,0.007634804,0,79.87086128,74.55429748,0.362696468,-2.626129461,626,31.2,100,0,23.40625,0,1.129
620.092,0.007634804,0,79.85170311,74.53515009,0.388590051,-2.570341904,626,31.2,100,0,23.40625,0,1.129
620.192,0.00767467,0,79.86128219,74.56387117,0.411246935,-2.642068763,626,31.2,100,0,23.40625,0,1.129
620.292,0.007515204,0,79.84212404,74.54472379,0.372406561,-2.66199289,626,31.2,100,0,23.40625,0,1.129
620.392,0.007594937,0,79.82296593,74.51600269,0.420957029,-2.61815981,626,31.2,100,0,23.40625,0,1.129
620.492,0.007634804,0,79.80380787,74.51600269,0.401536842,-2.49463022,626,31.2,100,0,23.40625,0,1.129
620.592,0.007555071,0,79.80380787,74.53515009,0.398300144,-2.566357079,626,31.2,100,0,23.40625,0,1.129
620.692,0.007594937,0,79.80380787,74.46813417,0.391826748,-2.550417777,626,31.2,100,0,23.40625,0,1.129
620.792,0.007634804,0,79.80380787,74.50642899,0.408010237,-2.61815981,626,31.2,100,0,23.40625,0,1.129
620.892,0.007594937,0,79.76549186,74.49685529,0.375643259,-2.578311555,626,31.2,100,0,23.40625,0,1.129
620.992,0.007555071,0,79.78464984,74.47770788,0.398300144,-2.510569522,622,31.2,100,0,23.40625,0,1.13
621.092,0.007555071,0,79.77507085,74.48728158,0.401536842,-2.558387428,622,31.2,100,0,23.40625,0,1.13
621.192,0.007594937,0,79.78464984,74.48728158,0.372406561,-2.558387428,622,31.2,100,0,23.40625,0,1.13
621.292,0.007555071,0,79.77507085,74.46813417,0.375643259,-2.562372253,622,31.2,100,0,23.40625,0,1.13
621.392,0.007475337,0,79.76549186,74.46813417,0.411246935,-2.602220508,622,31.2,100,0,23.40625,0,1.13
621.492,0.007594937,0,79.74633391,74.42983931,0.362696468,-2.554402602,622,31.2,100,0,23.40625,0,1.13
621.592,0.007555071,0,79.76549186,74.41069187,0.40477354,-2.514554347,622,31.2,100,0,23.40625,0,1.13
621.692,0.007515204,0,79.75591288,74.40111815,0.362696468,-2.634099112,622,31.2,100,0,23.40625,0,1.13
621.792,0.007555071,0,79.72717601,74.42026559,0.365933166,-2.5384633,622,31.2,100,0,23.40625,0,1.13
621.892,0.007634804,0,79.75591288,74.40111815,0.430667122,-2.522523998,622,31.2,100,0,23.40625,0,1.13
621.992,0.007594937,0,79.70801815,74.39154443,0.375643259,-2.590266032,622,31.2,100,0,23.40625,0,1.13
622.092,0.007555071,0,79.70801815,74.42983931,0.372406561,-2.526508824,621,31.2,100,0,23.40625,0,1.13
622.192,0.007555071,0,79.72717601,74.40111815,0.369169864,-2.506584697,621,31.2,100,0,23.40625,0,1.13
622.292,0.007555071,0,79.72717601,74.3819707,0.375643259,-2.558387428,621,31.2,100,0,23.40625,0,1.13
622.392,0.007555071,0,79.68886032,74.37239697,0.375643259,-2.622144636,621,31.2,100,0,23.40625,0,1.13
622.492,0.007515204,0,79.68886032,74.39154443,0.401536842,-2.518539173,621,31.2,100,0,23.40625,0,1.13
622.592,0.007555071,0,79.66970254,74.3532495,0.362696468,-2.622144636,621,31.2,100,0,23.40625,0,1.13
622.692,0.007555071,0,79.66970254,74.3532495,0.388590051,-2.558387428,621,31.2,100,0,23.40625,0,1.13
622.792,0.007555071,0,79.68886032,74.31495454,0.420957029,-2.57432673,621,31.2,100,0,23.40625,0,1.13
622.892,0.007555071,0,79.66012366,74.31495454,0.382116655,-2.626129461,621,31.2,100,0,23.40625,0,1.13
622.992,0.007594937,0,79.65054479,74.31495454,0.388590051,-2.654023239,621,31.2,100,0,23.40625,0,1.13
623.092,0.007634804,0,79.64096593,74.3053808,0.378879957,-2.614174985,621,31.2,100,0,23.40625,0,1.13
623.192,0.007555071,0,79.63138708,74.32452829,0.365933166,-2.594250857,621,31.2,100,0,23.40625,0,1.13
623.292,0.007555071,0,79.63138708,74.2862333,0.362696468,-2.602220508,621,31.2,100,0,23.40625,0,1.13
623.392,0.007555071,0,79.64096593,74.27665955,0.382116655,-2.530493649,621,31.2,100,0,23.40625,0,1.13
623.492,0.007475337,0,79.62180824,74.29580705,0.369169864,-2.594250857,621,31.2,100,0,23.40625,0,1.13
623.592,0.007515204,0,79.61222941,74.2862333,0.365933166,-2.598235683,621,31.2,100,0,23.40625,0,1.13
623.692,0.007555071,0,79.61222941,74.26708579,0.378879957,-2.606205334,621,31.2,100,0,23.40625,0,1.13
623.792,0.007555071,0,79.59307179,74.27665955,0.382116655,-2.638083937,621,31.2,100,0,23.40625,0,1.13
623.892,0.007515204,0,79.58349299,74.27665955,0.398300144,-2.522523998,621,31.2,100,0,23.40625,0,1.13
623.992,0.00767467,0,79.55475664,74.25751204,0.369169864,-2.610190159,621,31.2,100,0,23.40625,0,1.13
624.092,0.007555071,0,79.58349299,74.2862333,0.362696468,-2.562372253,621,31.2,100,0,23.40625,0,1.13
624.192,0.007555071,0,79.54517788,74.24793828,0.385353353,-2.514554347,621,31.2,100,0,23.40625,0,1.13
624.292,0.007475337,0,79.56433542,74.23836451,0.372406561,-2.673947367,621,31.2,100,0,23.40625,0,1.13
624.392,0.007475337,0,79.54517788,74.23836451,0.369169864,-2.590266032,621,31.2,100,0,23.40625,0,1.129
624.492,0.007555071,0,79.54517788,74.25751204,0.378879957,-2.614174985,621,31.2,100,0,23.40625,0,1.129
624.592,0.007555071,0,79.53559913,74.22879075,0.378879957,-2.665977716,621,31.2,100,0,23.40625,0,1.129
624.692,0.007555071,0,79.53559913,74.21921698,0.333566188,-2.586281206,621,31.2,100,0,23.40625,0,1.129
624.792,0.007555071,0,79.51644166,74.19049566,0.417720331,-2.566357079,621,31.2,100,0,23.40625,0,1.129
624.892,0.007555071,0,79.50686293,74.18092188,0.391826748,-2.594250857,621,31.2,100,0,23.40625,0,1.129
624.992,0.007555071,0,79.50686293,74.20006944,0.395063446,-2.570341904,621,31.2,100,0,23.40625,0,1.129
625.092,0.007475337,0,79.51644166,74.16177432,0.372406561,-2.590266032,621,31.2,100,0,23.40625,0,1.129
625.192,0.007475337,0,79.50686293,74.13305295,0.395063446,-2.518539173,621,31.2,100,0,23.40625,0,1.129
625.292,0.007475337,0,79.46854813,74.14262675,0.408010237,-2.506584697,621,31.2,100,0,23.40625,0,1.129
625.392,0.007475337,0,79.46854813,74.14262675,0.388590051,-2.626129461,621,31.2,100,0,23.40625,0,1.129
625.492,0.007475337,0,79.48770551,74.12347916,0.420957029,-2.590266032,621,31.2,100,0,23.40625,0,1.129
625.592,0.007475337,0,79.48770551,74.12347916,0.362696468,-2.498615046,621,31.2,100,0,23.40625,0,1.129
625.692,0.007475337,0,79.45896946,74.13305295,0.356223072,-2.514554347,621,31.2,100,0,23.40625,0,1.129
625.792,0.007475337,0,79.46854813,74.10433156,0.382116655,-2.526508824,621,31.2,100,0,23.40625,0,1.129
625.892,0.007515204,0,79.43981213,74.16177432,0.382116655,-2.498615046,621,31.2,100,0,23.40625,0,1.129
625.992,0.007515204,0,79.42065485,74.10433156,0.372406561,-2.546432951,621,31.2,100,0,23.40625,0,1.129
626.092,0.007555071,0,79.43023349,74.10433156,0.349749677,-2.57432673,621,31.2,100,0,23.40625,0,1.129
626.192,0.007515204,0,79.41107622,74.1713481,0.378879957,-2.578311555,621,31.2,100,0,23.40625,0,1.131
626.292,0.007475337,0,79.42065485,74.11390536,0.395063446,-2.486660569,621,31.2,100,0,23.40625,0,1.131
626.392,0.007435471,0,79.42065485,74.08518395,0.349749677,-2.466736442,621,31.2,100,0,23.40625,0,1.131
626.492,0.007435471,0,79.38234039,74.08518395,0.414483633,-2.430873012,620,31.2,100,0,23.40625,0,1.131
626.592,0.007435471,0,79.4014976,74.03731488,0.372406561,-2.522523998,620,31.2,100,0,23.40625,0,1.131
626.692,0.007475337,0,79.39191899,74.05646252,0.378879957,-2.626129461,620,31.2,100,0,23.40625,0,1.131
626.792,0.007475337,0,79.36318321,74.05646252,0.40477354,-2.486660569,620,31.2,100,0,23.40625,0,1.131
626.892,0.007515204,0,79.37276179,74.07561015,0.391826748,-2.558387428,620,31.2,100,0,23.40625,0,1.131
626.992,0.007515204,0,79.39191899,74.02774106,0.382116655,-2.458766791,620,31.2,100,0,23.40625,0,1.131
627.092,0.007515204,0,79.35360464,74.0085934,0.362696468,-2.590266032,620,31.2,100,0,23.40625,0,1.131
627.192,0.007475337,0,79.36318321,74.02774106,0.375643259,-2.474706093,620,31.2,100,0,23.40625,0,1.131
627.292,0.007475337,0,79.32486897,73.98944574,0.411246935,-2.562372253,620,31.2,100,0,23.40625,0,1.131
627.392,0.007435471,0,79.35360464,74.02774106,0.362696468,-2.530493649,620,31.2,100,0,23.40625,0,1.131
627.492,0.007555071,0,79.34402607,73.98944574,0.408010237,-2.562372253,620,31.2,100,0,23.40625,0,1.131
627.592,0.007515204,0,79.33444752,74.0085934,0.343276281,-2.57432673,617,31.2,100,0,23.40625,0,1.131
627.692,0.007475337,0,79.32486897,73.9798719,0.388590051,-2.5384633,617,31.2,100,0,23.40625,0,1.131
627.792,0.007435471,0,79.3057119,73.9798719,0.346512979,-2.578311555,617,31.2,100,0,23.40625,0,1.13
627.892,0.007555071,0,79.29613338,73.96072421,0.356223072,-2.530493649,617,31.2,100,0,23.40625,0,1.13
627.992,0.007435471,0,79.3057119,74.0085934,0.35945977,-2.554402602,617,31.2,100,0,23.40625,0,1.13
628.092,0.007435471,0,79.26739788,73.99901957,0.372406561,-2.518539173,617,31.2,100,0,23.40625,0,1.13
628.192,0.007475337,0,79.3057119,73.97029806,0.349749677,-2.49463022,617,31.2,100,0,23.40625,0,1.13
628.292,0.007395604,0,79.26739788,74.0085934,0.385353353,-2.554402602,617,31.2,100,0,23.40625,0,1.13
628.392,0.007475337,0,79.24824092,73.9798719,0.372406561,-2.606205334,617,31.2,100,0,23.40625,0,1.13
628.492,0.007475337,0,79.2578194,74.0085934,0.382116655,-2.498615046,617,31.2,100,0,23.40625,0,1.13
628.592,0.007435471,0,79.23866246,73.9798719,0.356223072,-2.554402602,617,31.2,100,0,23.40625,0,1.13
628.692,0.007395604,0,79.21950555,73.95115036,0.391826748,-2.534478475,615,31.2,100,0,23.40625,0,1.13
628.792,0.007435471,0,79.21950555,73.97029806,0.401536842,-2.530493649,615,31.2,100,0,23.40625,0,1.13
628.892,0.007435471,0,79.21950555,73.93200266,0.40477354,-2.514554347,615,31.2,100,0,23.40625,0,1.13
628.992,0.007475337,0,79.20992711,73.9798719,0.411246935,-2.562372253,615,31.2,100,0,23.40625,0,1.13
629.092,0.007395604,0,79.20034868,73.97029806,0.388590051,-2.566357079,615,31.2,100,0,23.40625,0,1.13
629.192,0.007395604,0,79.19077026,73.93200266,0.395063446,-2.558387428,615,31.2,100,0,23.40625,0,1.13
629.292,0.007435471,0,79.19077026,73.90328108,0.408010237,-2.518539173,615,31.2,100,0,23.40625,0,1.13
629.392,0.007435471,0,79.18119185,73.95115036,0.369169864,-2.550417777,615,31.2,100,0,23.40625,0,1.13
629.492,0.007435471,0,79.20034868,73.95115036,0.40477354,-2.558387428,615,31.2,100,0,23.40625,0,1.13
629.592,0.007475337,0,79.14287829,73.91285494,0.440377216,-2.45079714,615,31.2,100,0,23.40625,0,1.13
629.692,0.007395604,0,79.17161344,73.9224288,0.352986375,-2.602220508,615,31.2,100,0,23.40625,0,1.13
629.792,0.007315871,0,79.12372156,73.9224288,0.346512979,-2.502599871,613,31.2,100,0,23.40625,0,1.13
629.892,0.007395604,0,79.11414321,73.93200266,0.35945977,-2.41493371,613,31.2,100,0,23.40625,0,1.13
629.992,0.007435471,0,79.15245666,73.93200266,0.385353353,-2.554402602,613,31.2,100,0,23.40625,0,1.13
630.092,0.007475337,0,79.11414321,73.87455946,0.408010237,-2.498615046,613,31.2,100,0,23.40625,0,1.13
630.192,0.007395604,0,79.13329992,73.89370721,0.369169864,-2.514554347,613,31.2,100,0,23.40625,0,1.13
630.292,0.007475337,0,79.11414321,73.8554117,0.388590051,-2.462751616,613,31.2,100,0,23.4375,0,1.13
630.392,0.007435471,0,79.11414321,73.87455946,0.391826748,-2.514554347,613,31.2,100,0,23.4375,0,1.13
630.492,0.007395604,0,79.09498653,73.87455946,0.365933166,-2.606205334,613,31.2,100,0,23.40625,0,1.13
630.592,0.007395604,0,79.09498653,73.87455946,0.375643259,-2.486660569,613,31.2,100,0,23.4375,0,1.13
630.692,0.007395604,0,79.07582989,73.8554117,0.375643259,-2.486660569,613,31.2,100,0,23.4375,0,1.13
630.792,0.007395604,0,79.07582989,73.87455946,0.375643259,-2.634099112,613,31.2,100,0,23.4375,0,1.13
630.892,0.007475337,0,79.04709499,73.88413334,0.340039583,-2.534478475,612,31.2,100,0,23.4375,0,1.13
630.992,0.007315871,0,79.04709499,73.8554117,0.391826748,-2.626129461,612,31.2,100,0,23.4375,0,1.13
631.092,0.007395604,0,79.0375167,73.86498559,0.378879957,-2.446812314,612,31.2,100,0,23.4375,0,1.13
631.192,0.007315871,0,79.0375167,73.86498559,0.401536842,-2.486660569,612,31.2,100,0,23.4375,0,1.13
631.292,0.007395604,0,79.0375167,73.81711615,0.340039583,-2.474706093,612,31.2,100,0,23.4375,0,1.13
631.392,0.007395604,0,79.02793843,73.8554117,0.33032949,-2.534478475,612,31.2,100,0,23.40625,0,1.131
631.492,0.007435471,0,78.99920365,73.82669004,0.388590051,-2.546432951,612,31.2,100,0,23.40625,0,1.131
631.592,0.007395604,0,79.0087819,73.81711615,0.40477354,-2.434857838,612,31.2,100,0,23.40625,0,1.131
631.692,0.007395604,0,78.99920365,73.82669004,0.35945977,-2.458766791,612,31.2,100,0,23.40625,0,1.131
631.792,0.007315871,0,78.98004718,73.81711615,0.401536842,-2.470721267,612,31.2,100,0,23.40625,0,1.131
631.892,0.007395604,0,78.98962541,73.81711615,0.414483633,-2.562372253,612,31.2,100,0,23.40625,0,1.131
631.992,0.007395604,0,78.97046896,73.80754225,0.378879957,-2.45079714,613,31.2,100,0,23.40625,0,1.131
632.092,0.007355738,0,78.95131253,73.76924662,0.369169864,-2.570341904,613,31.2,100,0,23.40625,0,1.131
632.192,0.007355738,0,78.96089074,73.76924662,0.343276281,-2.602220508,613,31.2,100,0,23.40625,0,1.131
632.292,0.007355738,0,78.96089074,73.77882053,0.372406561,-2.582296381,613,31.2,100,0,23.40625,0,1.131
632.392,0.007395604,0,78.94173433,73.79796835,0.372406561,-2.502599871,613,31.2,100,0,23.40625,0,1.131
632.492,0.007276004,0,78.90342162,73.79796835,0.408010237,-2.586281206,613,31.2,100,0,23.40625,0,1.131
632.592,0.007395604,0,78.94173433,73.74052486,0.35945977,-2.594250857,613,31.2,100,0,23.40625,0,1.131
632.692,0.007395604,0,78.88426531,73.77882053,0.356223072,-2.514554347,613,31.2,100,0,23.40625,0,1.131
632.792,0.007315871,0,78.93215614,73.76924662,0.388590051,-2.594250857,613,31.2,100,0,23.40625,0,1.131
632.892,0.007355738,0,78.89384346,73.76924662,0.362696468,-2.57432673,613,31.2,100,0,23.40625,0,1.131
632.992,0.007315871,0,78.92257796,73.721377,0.362696468,-2.506584697,613,31.2,100,0,23.40625,0,1.131
633.092,0.007355738,0,78.88426531,73.73095093,0.343276281,-2.57432673,617,31.2,100,0,23.4375,0,1.13
633.192,0.007395604,0,78.86510903,73.73095093,0.346512979,-2.474706093,617,31.2,100,0,23.4375,0,1.13
633.292,0.007395604,0,78.86510903,73.70222913,0.382116655,-2.57432673,617,31.2,100,0,23.4375,0,1.13
633.392,0.007315871,0,78.86510903,73.721377,0.391826748,-2.526508824,617,31.2,100,0,23.4375,0,1.13
633.492,0.007355738,0,78.85553091,73.70222913,0.408010237,-2.510569522,617,31.2,100,0,23.4375,0,1.13
633.592,0.007315871,0,78.85553091,73.721377,0.398300144,-2.522523998,617,31.2,100,0,23.4375,0,1.13
633.692,0.007355738,0,78.84595279,73.71180306,0.369169864,-2.49463022,617,31.2,100,0,23.4375,0,1.13
633.792,0.007435471,0,78.81721848,73.68308124,0.401536842,-2.558387428,617,31.2,100,0,23.4375,0,1.13
633.892,0.007355738,0,78.81721848,73.69265518,0.356223072,-2.490645395,617,31.2,100,0,23.4375,0,1.13
633.992,0.007236138,0,78.79806232,73.70222913,0.320619396,-2.442827489,617,31.2,100,0,23.4375,0,1.13
634.092,0.007315871,0,78.8076404,73.68308124,0.40477354,-2.530493649,617,31.2,100,0,23.4375,0,1.13
634.192,0.007315871,0,78.77890619,73.68308124,0.382116655,-2.458766791,620,31.2,100,0,23.4375,0,1.13
634.292,0.007355738,0,78.76932813,73.73095093,0.369169864,-2.550417777,620,31.2,100,0,23.4375,0,1.13
634.392,0.007315871,0,78.76932813,73.69265518,0.375643259,-2.562372253,620,31.2,100,0,23.4375,0,1.13
634.492,0.007315871,0,78.77890619,73.64478541,0.375643259,-2.610190159,620,31.2,100,0,23.4375,0,1.13
634.592,0.007315871,0,78.78848425,73.66393333,0.382116655,-2.482675744,620,31.2,100,0,23.4375,0,1.13
634.692,0.007276004,0,78.77890619,73.60648953,0.408010237,-2.57432673,620,31.2,100,0,23.4375,0,1.129
634.792,0.007276004,0,78.75017205,73.67350729,0.395063446,-2.530493649,620,31.2,100,0,23.4375,0,1.129
634.892,0.007315871,0,78.75017205,73.64478541,0.356223072,-2.466736442,620,31.2,100,0,23.4375,0,1.129
634.992,0.007315871,0,78.72143798,73.64478541,0.336802885,-2.510569522,620,31.2,100,0,23.4375,0,1.129
635.092,0.007276004,0,78.72143798,73.64478541,0.395063446,-2.554402602,620,31.2,100,0,23.4375,0,1.129
635.192,0.007276004,0,78.72143798,73.60648953,0.385353353,-2.530493649,620,31.2,100,0,23.4375,0,1.129
635.292,0.007315871,0,78.71185997,73.62563748,0.35945977,-2.454781965,623,31.2,100,0,23.4375,0,1.129
635.392,0.007276004,0,78.71185997,73.62563748,0.398300144,-2.478690918,623,31.2,100,0,23.4375,0,1.129
635.492,0.007315871,0,78.69270398,73.60648953,0.375643259,-2.626129461,623,31.2,100,0,23.4375,0,1.129
635.592,0.007355738,0,78.69270398,73.62563748,0.391826748,-2.466736442,623,31.2,100,0,23.4375,0,1.129
635.692,0.007276004,0,78.67354802,73.63521145,0.414483633,-2.49463022,623,31.2,100,0,23.4375,0,1.129
635.792,0.007236138,0,78.70228197,73.54904558,0.349749677,-2.45079714,623,31.2,100,0,23.4375,0,1.129
635.892,0.007276004,0,78.69270398,73.60648953,0.378879957,-2.566357079,623,31.2,100,0,23.4375,0,1.129
635.992,0.007315871,0,78.70228197,73.56819358,0.365933166,-2.442827489,623,31.2,100,0,23.4375,0,1.129
636.092,0.007315871,0,78.65439209,73.57776757,0.382116655,-2.462751616,623,31.2,100,0,23.4375,0,1.129
636.192,0.007276004,0,78.64481414,73.53947157,0.352986375,-2.510569522,623,31.2,100,0,23.4375,0,1.129
636.292,0.007276004,0,78.63523619,73.52032354,0.391826748,-2.45079714,623,31.2,100,0,23.4375,0,1.129
636.392,0.007236138,0,78.62565825,73.55861958,0.356223072,-2.522523998,624,31.2,100,0,23.4375,0,1.129
636.492,0.007315871,0,78.64481414,73.54904558,0.372406561,-2.598235683,624,31.2,100,0,23.4375,0,1.129
636.592,0.007355738,0,78.62565825,73.51074952,0.414483633,-2.5384633,624,31.2,100,0,23.4375,0,1.13
636.692,0.007315871,0,78.61608032,73.56819358,0.395063446,-2.510569522,624,31.2,100,0,23.4375,0,1.13
636.792,0.007236138,0,78.59692448,73.51074952,0.362696468,-2.514554347,624,31.2,100,0,23.4375,0,1.13
636.892,0.007315871,0,78.59692448,73.51074952,0.372406561,-2.518539173,624,31.2,100,0,23.4375,0,1.13
636.992,0.007315871,0,78.58734658,73.52989756,0.375643259,-2.478690918,624,31.2,100,0,23.4375,0,1.13
637.092,0.007315871,0,78.61608032,73.45330532,0.398300144,-2.391024758,624,31.2,100,0,23.4375,0,1.13
637.192,0.007315871,0,78.59692448,73.48202744,0.356223072,-2.510569522,624,31.2,100,0,23.4375,0,1.13
637.292,0.007276004,0,78.58734658,73.46287937,0.385353353,-2.510569522,624,31.2,100,0,23.4375,0,1.13
637.392,0.007236138,0,78.56819078,73.46287937,0.375643259,-2.582296381,624,31.2,100,0,23.4375,0,1.13
637.492,0.007276004,0,78.54903502,73.48202744,0.369169864,-2.430873012,625,31.2,100,0,23.4375,0,1.13
637.592,0.007315871,0,78.54903502,73.46287937,0.378879957,-2.586281206,625,31.2,100,0,23.4375,0,1.13
637.692,0.007236138,0,78.53945715,73.49160147,0.369169864,-2.582296381,625,31.2,100,0,23.4375,0,1.13
637.792,0.007315871,0,78.54903502,73.43415722,0.395063446,-2.474706093,625,31.2,100,0,23.4375,0,1.13
637.892,0.007236138,0,78.5586129,73.40543503,0.346512979,-2.518539173,625,31.2,100,0,23.4375,0,1.13
637.992,0.007315871,0,78.52987928,73.42458316,0.356223072,-2.438842663,625,31.2,100,0,23.4375,0,1.13
638.092,0.007276004,0,78.51072358,73.39586096,0.395063446,-2.41493371,625,31.2,100,0,23.4375,0,1.13
638.192,0.007236138,0,78.51072358,73.42458316,0.408010237,-2.526508824,625,31.2,100,0,23.4375,0,1.13
638.292,0.007236138,0,78.47241225,73.40543503,0.408010237,-2.482675744,625,31.2,100,0,23.4375,0,1.13
638.392,0.007236138,0,78.52987928,73.36713872,0.385353353,-2.49463022,625,31.2,100,0,23.4375,0,1.13
638.492,0.007196271,0,78.51072358,73.39586096,0.372406561,-2.526508824,625,31.2,100,0,23.4375,0,1.13
638.592,0.007276004,0,78.50114573,73.36713872,0.408010237,-2.478690918,627,31.2,100,0,23.4375,0,1.13
638.692,0.007355738,0,78.50114573,73.3767128,0.365933166,-2.602220508,627,31.2,100,0,23.4375,0,1.13
638.792,0.007236138,0,78.46283444,73.33841643,0.35945977,-2.446812314,627,31.2,100,0,23.4375,0,1.13
638.892,0.007236138,0,78.48199007,73.38628688,0.323856094,-2.534478475,627,31.2,100,0,23.4375,0,1.13
638.992,0.007276004,0,78.45325663,73.36713872,0.375643259,-2.462751616,627,31.2,100,0,23.4375,0,1.13
639.092,0.007196271,0,78.46283444,73.35756463,0.40477354,-2.502599871,627,31.2,100,0,23.4375,0,1.13
639.192,0.007196271,0,78.42452326,73.38628688,0.372406561,-2.434857838,627,31.2,100,0,23.4375,0,1.13
639.292,0.007196271,0,78.44367884,73.4150091,0.336802885,-2.49463022,627,31.2,100,0,23.4375,0,1.13
639.392,0.007276004,0,78.42452326,73.33841643,0.362696468,-2.558387428,627,31.2,100,0,23.4375,0,1.13
639.492,0.007236138,0,78.39578995,73.36713872,0.372406561,-2.430873012,627,31.2,100,0,23.4375,0,1.13
639.592,0.007236138,0,78.38621219,73.32884233,0.356223072,-2.498615046,627,31.2,100,0,23.4375,0,1.13
639.692,0.007236138,0,78.40536771,73.3767128,0.349749677,-2.430873012,627,31.2,100,0,23.4375,0,1.13
639.792,0.007315871,0,78.40536771,73.30969411,0.375643259,-2.458766791,627,31.2,100,0,23.4375,0,1.13
639.892,0.007236138,0,78.40536771,73.31926822,0.391826748,-2.434857838,627,31.2,100,0,23.4375,0,1.13
639.992,0.007196271,0,78.37663444,73.28097174,0.343276281,-2.454781965,627,31.2,100,0,23.4375,0,1.13
640.092,0.007196271,0,78.35747897,73.28097174,0.369169864,-2.454781965,627,31.2,100,0,23.4375,0,1.13
640.192,0.007196271,0,78.38621219,73.27139761,0.346512979,-2.478690918,627,31.2,100,0,23.4375,0,1.13
640.292,0.007236138,0,78.38621219,73.28097174,0.372406561,-2.438842663,627,31.2,100,0,23.4375,0,1.13
640.392,0.007196271,0,78.34790124,73.33841643,0.346512979,-2.566357079,627,31.2,100,0,23.4375,0,1.13
640.492,0.007236138,0,78.34790124,73.27139761,0.369169864,-2.406964059,627,31.2,100,0,23.4375,0,1.13
640.592,0.007276004,0,78.35747897,73.23310103,0.372406561,-2.41493371,627,31.2,100,0,23.4375,0,1.13
640.692,0.007315871,0,78.3670567,73.22352687,0.372406561,-2.458766791,625,31.2,100,0,23.4375,0,1.13
640.792,0.007276004,0,78.33832352,73.20437855,0.388590051,-2.351176503,625,31.2,100,0,23.4375,0,1.13
640.892,0.007196271,0,78.3191681,73.27139761,0.336802885,-2.558387428,625,31.2,100,0,23.4375,0,1.13
640.992,0.007236138,0,78.34790124,73.22352687,0.365933166,-2.498615046,625,31.2,100,0,23.4375,0,1.13
641.092,0.007196271,0,78.3095904,73.24267518,0.398300144,-2.542448126,625,31.2,100,0,23.4375,0,1.13
641.192,0.007236138,0,78.3191681,73.1852302,0.33032949,-2.514554347,625,31.2,100,0,23.4375,0,1.13
641.292,0.007156405,0,78.3191681,73.1852302,0.362696468,-2.486660569,625,31.2,100,0,23.4375,0,1.13
641.392,0.007196271,0,78.29043502,73.1852302,0.388590051,-2.426888187,625,31.2,100,0,23.4375,0,1.13
641.492,0.007236138,0,78.28085734,73.1852302,0.356223072,-2.422903361,625,31.2,100,0,23.4375,0,1.13
641.592,0.007196271,0,78.29043502,73.14693344,0.362696468,-2.486660569,625,31.2,100,0,23.4375,0,1.131
641.692,0.007156405,0,78.3095904,73.12778503,0.35945977,-2.554402602,625,31.2,100,0,23.4375,0,1.131
641.792,0.007156405,0,78.27127966,73.14693344,0.378879957,-2.466736442,625,31.2,100,0,23.4375,0,1.131
641.892,0.007236138,0,78.261702,73.14693344,0.385353353,-2.518539173,625,31.2,100,0,23.4375,0,1.131
641.992,0.007236138,0,78.27127966,73.12778503,0.288252418,-2.470721267,625,31.2,100,0,23.4375,0,1.131
642.092,0.007116538,0,78.25212434,73.13735924,0.378879957,-2.474706093,625,31.2,100,0,23.4375,0,1.131
642.192,0.007156405,0,78.25212434,73.05119119,0.35945977,-2.45079714,625,31.2,100,0,23.4375,0,1.131
642.292,0.007196271,0,78.24254669,73.09906238,0.372406561,-2.482675744,625,31.2,100,0,23.4375,0,1.131
642.392,0.007236138,0,78.24254669,73.08948815,0.395063446,-2.506584697,625,31.2,100,0,23.4375,0,1.131
642.492,0.007196271,0,78.24254669,73.06076544,0.343276281,-2.514554347,625,31.2,100,0,23.4375,0,1.131
642.592,0.007236138,0,78.2233914,73.06076544,0.372406561,-2.510569522,625,31.2,100,0,23.4375,0,1.131
642.692,0.007236138,0,78.23296904,73.03204267,0.398300144,-2.426888187,625,31.2,100,0,23.4375,0,1.131
642.792,0.007116538,0,78.2233914,73.01289414,0.369169864,-2.554402602,625,31.2,100,0,23.4375,0,1.131
642.892,0.007156405,0,78.21381377,73.02246841,0.369169864,-2.454781965,623,31.2,100,0,23.4375,0,1.131
642.992,0.007196271,0,78.20423614,73.04161693,0.388590051,-2.478690918,623,31.2,100,0,23.4375,0,1.131
643.092,0.007116538,0,78.18508091,73.04161693,0.323856094,-2.466736442,623,31.2,100,0,23.4375,0,1.131
643.192,0.007156405,0,78.19465852,73.03204267,0.35945977,-2.486660569,623,31.2,100,0,23.4375,0,1.131
643.292,0.007036805,0,78.1659257,73.03204267,0.33032949,-2.458766791,623,31.2,100,0,23.4375,0,1.131
643.392,0.007116538,0,78.1755033,73.03204267,0.378879957,-2.41493371,623,31.2,100,0,23.4375,0,1.131
643.492,0.007116538,0,78.12761537,73.01289414,0.372406561,-2.422903361,623,31.2,100,0,23.4375,0,1.131
643.592,0.007156405,0,78.42452326,72.25650763,0.356223072,-2.606205334,623,31.2,100,0,23.4375,0,1.131
643.692,0.007156405,0,78.40536771,72.24693285,0.375643259,-2.510569522,623,31.2,100,0,23.4375,0,1.131
643.792,0.007076672,0,78.38621219,72.24693285,0.388590051,-2.454781965,623,31.2,100,0,23.4375,0,1.131
643.892,0.007156405,0,78.38621219,72.21820847,0.336802885,-2.462751616,623,31.2,100,0,23.4375,0,1.131
643.992,0.007196271,0,78.37663444,72.20863366,0.385353353,-2.426888187,619,31.2,100,0,23.4375,0,1.131
644.092,0.007116538,0,78.3670567,72.22778327,0.352986375,-2.426888187,619,31.2,100,0,23.4375,0,1.131
644.192,0.007156405,0,78.3670567,72.20863366,0.323856094,-2.546432951,619,31.2,100,0,23.4375,0,1.131
644.292,0.007036805,0,78.3670567,72.21820847,0.362696468,-2.518539173,619,31.2,100,0,23.4375,0,1.131
644.392,0.007156405,0,78.34790124,72.20863366,0.349749677,-2.482675744,619,31.2,100,0,23.4375,0,1.131
644.492,0.007156405,0,78.34790124,72.19905884,0.343276281,-2.470721267,619,31.2,100,0,23.4375,0,1.131
644.592,0.007116538,0,78.33832352,72.1607595,0.317382699,-2.582296381,619,31.2,100,0,23.4375,0,1.131
644.692,0.007156405,0,78.3670567,72.17990918,0.333566188,-2.510569522,619,31.2,100,0,23.4375,0,1.131
644.792,0.007156405,0,78.3095904,72.18948402,0.369169864,-2.41493371,619,31.2,100,0,23.4375,0,1.131
644.892,0.007116538,0,78.3095904,72.17033434,0.362696468,-2.466736442,619,31.2,100,0,23.4375,0,1.131
644.992,0.007156405,0,78.3095904,72.1607595,0.369169864,-2.454781965,619,31.2,100,0,23.4375,0,1.131
645.092,0.007116538,0,78.3000127,72.15118464,0.307672605,-2.418918536,620,31.2,100,0,23.4375,0,1.13
645.192,0.007116538,0,78.3000127,72.13203491,0.346512979,-2.426888187,620,31.2,100,0,23.4375,0,1.13
645.292,0.007236138,0,78.3000127,72.15118464,0.349749677,-2.490645395,620,31.2,100,0,23.4375,0,1.13
645.392,0.007156405,0,78.3095904,72.12246004,0.349749677,-2.402979234,620,31.2,100,0,23.4375,0,1.13
645.492,0.007116538,0,78.3000127,72.13203491,0.372406561,-2.458766791,620,31.2,100,0,23.4375,0,1.13
645.592,0.007116538,0,78.29043502,72.11288515,0.352986375,-2.530493649,620,31.2,100,0,23.4375,0,1.13
645.692,0.007116538,0,78.25212434,72.11288515,0.356223072,-2.462751616,620,31.2,100,0,23.4375,0,1.13
645.792,0.007156405,0,78.28085734,72.11288515,0.365933166,-2.498615046,620,31.2,100,0,23.4375,0,1.13
645.892,0.007076672,0,78.24254669,72.09373536,0.346512979,-2.410948885,620,31.2,100,0,23.4375,0,1.13
645.992,0.007116538,0,78.24254669,72.10331026,0.323856094,-2.490645395,620,31.2,100,0,23.4375,0,1.13
646.092,0.007116538,0,78.25212434,72.08416045,0.333566188,-2.542448126,620,31.2,100,0,23.4375,0,1.13
646.192,0.007116538,0,78.25212434,72.10331026,0.362696468,-2.395009583,620,31.2,100,0,23.4375,0,1.13
646.292,0.007156405,0,78.23296904,72.10331026,0.365933166,-2.49463022,620,31.2,100,0,23.4375,0,1.13
646.392,0.007116538,0,78.23296904,72.07458554,0.35945977,-2.458766791,620,31.2,100,0,23.4375,0,1.13
646.492,0.007076672,0,78.19465852,72.05543569,0.369169864,-2.458766791,620,31.2,100,0,23.4375,0,1.13
646.592,0.007156405,0,78.21381377,72.0362858,0.327092792,-2.430873012,620,31.2,100,0,23.4375,0,1.13
646.692,0.007116538,0,78.1755033,72.06501062,0.35945977,-2.462751616,620,31.2,100,0,23.4375,0,1.13
646.792,0.007116538,0,78.18508091,72.0362858,0.320619396,-2.438842663,620,31.2,100,0,23.4375,0,1.13
646.892,0.007116538,0,78.18508091,72.0362858,0.340039583,-2.542448126,620,31.2,100,0,23.4375,0,1.13
646.992,0.007076672,0,78.1755033,72.0362858,0.378879957,-2.474706093,620,31.2,100,0,23.4375,0,1.13
647.092,0.007156405,0,78.1755033,72.01713589,0.333566188,-2.434857838,620,31.2,100,0,23.4375,0,1.13
647.192,0.007156405,0,78.1755033,72.01713589,0.352986375,-2.359146154,620,31.2,100,0,23.4375,0,1.13
647.292,0.007076672,0,78.14677052,71.99798594,0.378879957,-2.426888187,619,31.2,100,0,23.4375,0,1.13
647.392,0.007076672,0,78.1659257,71.97883596,0.333566188,-2.438842663,619,31.2,100,0,23.4375,0,1.13
647.492,0.007156405,0,78.12761537,71.99798594,0.346512979,-2.502599871,619,31.2,100,0,23.4375,0,1.13
647.592,0.007076672,0,78.14677052,71.97883596,0.323856094,-2.434857838,619,31.2,100,0,23.4375,0,1.13
647.692,0.007076672,0,78.1180378,71.98841095,0.33032949,-2.526508824,619,31.2,100,0,23.4375,0,1.13
647.792,0.007076672,0,78.09888268,71.97883596,0.369169864,-2.470721267,619,31.2,100,0,23.4375,0,1.13
647.892,0.007076672,0,78.09888268,71.95968595,0.346512979,-2.522523998,619,31.2,100,0,23.4375,0,1.13
647.992,0.007076672,0,78.07972759,71.97883596,0.336802885,-2.406964059,619,31.2,100,0,23.4375,0,1.13
648.092,0.007076672,0,78.10846024,71.95011093,0.343276281,-2.57432673,619,31.2,100,0,23.4375,0,1.13
648.192,0.007116538,0,78.09888268,71.94053591,0.310909303,-2.530493649,619,31.2,100,0,23.4375,0,1.13
648.292,0.007076672,0,78.08930514,71.93096087,0.375643259,-2.367115805,619,31.2,100,0,23.4375,0,1.13
648.392,0.007076672,0,78.07972759,71.93096087,0.333566188,-2.526508824,618,31.2,100,0,23.4375,0,1.13
648.492,0.007036805,0,78.07972759,71.91181078,0.327092792,-2.418918536,618,31.2,100,0,23.4375,0,1.131
648.592,0.007076672,0,78.07015006,71.91181078,0.333566188,-2.454781965,618,31.2,100,0,23.4375,0,1.131
648.692,0.007036805,0,78.06057253,71.91181078,0.35945977,-2.546432951,618,31.2,100,0,23.4375,0,1.131
648.792,0.007036805,0,78.04141749,71.90223573,0.352986375,-2.418918536,618,31.2,100,0,23.4375,0,1.131
648.892,0.007076672,0,78.03183998,71.91181078,0.375643259,-2.426888187,618,31.2,100,0,23.4375,0,1.131
648.992,0.007076672,0,78.05099501,71.86393541,0.346512979,-2.502599871,618,31.2,100,0,23.4375,0,1.131
649.092,0.007036805,0,78.04141749,71.88308559,0.346512979,-2.498615046,618,31.2,100,0,23.4375,0,1.131
649.192,0.007036805,0,78.01268498,71.88308559,0.362696468,-2.446812314,618,31.2,100,0,23.4375,0,1.131
649.292,0.006957072,0,78.00310749,71.86393541,0.340039583,-2.45079714,618,31.2,100,0,23.4375,0,1.131
649.392,0.007116538,0,78.00310749,71.8735105,0.301199209,-2.458766791,618,31.2,100,0,23.4375,0,1.131
649.492,0.007076672,0,77.98395252,71.85436032,0.369169864,-2.526508824,617,31.2,100,0,23.4375,0,1.131
649.592,0.006957072,0,77.99353,71.85436032,0.323856094,-2.454781965,617,31.2,100,0,23.4375,0,1.131
649.692,0.007036805,0,77.99353,71.83521009,0.33032949,-2.438842663,617,31.2,100,0,23.4375,0,1.131
649.792,0.006957072,0,77.98395252,71.84478521,0.333566188,-2.446812314,617,31.2,100,0,23.4375,0,1.131
649.892,0.007116538,0,77.98395252,71.81605984,0.301199209,-2.422903361,617,31.2,100,0,23.4375,0,1.131
649.992,0.007076672,0,77.98395252,71.8064847,0.35945977,-2.410948885,617,31.2,100,0,23.4375,0,1.131
650.092,0.007036805,0,77.97437505,71.79690955,0.375643259,-2.422903361,617,31.2,100,0,23.4375,0,1.131
650.192,0.007036805,0,77.94564266,71.8064847,0.317382699,-2.530493649,617,31.2,100,0,23.4375,0,1.131
650.292,0.006996938,0,77.95522012,71.8064847,0.336802885,-2.498615046,617,31.2,100,0,23.4375,0,1.13
650.392,0.007036805,0,77.92648777,71.78733439,0.333566188,-2.359146154,617,31.2,100,0,23.4375,0,1.13
650.492,0.006996938,0,77.93606522,71.78733439,0.314146001,-2.478690918,617,31.2,100,0,23.4375,0,1.13
650.592,0.007076672,0,77.93606522,71.79690955,0.343276281,-2.422903361,617,31.2,100,0,23.4375,0,1.13
650.692,0.007116538,0,77.92648777,71.76818405,0.362696468,-2.32726755,617,31.2,100,0,23.4375,0,1.13
650.792,0.007036805,0,77.93606522,71.75860887,0.365933166,-2.502599871,617,31.2,100,0,23.4375,0,1.13
650.892,0.006996938,0,77.89775548,71.77775923,0.408010237,-2.570341904,617,31.2,100,0,23.4375,0,1.13
650.992,0.007076672,0,77.9073329,71.74903368,0.343276281,-2.438842663,617,31.2,100,0,23.4375,0,1.13
651.092,0.007036805,0,77.91691034,71.73945848,0.340039583,-2.410948885,617,31.2,100,0,23.4375,0,1.13
651.192,0.006996938,0,77.9073329,71.74903368,0.33032949,-2.474706093,617,31.2,100,0,23.4375,0,1.13
651.292,0.007076672,0,77.89775548,71.72988327,0.333566188,-2.45079714,617,31.2,100,0,23.4375,0,1.13
651.392,0.006996938,0,77.88817806,71.72988327,0.378879957,-2.510569522,617,31.2,100,0,23.4375,0,1.13
651.492,0.006996938,0,77.89775548,71.72988327,0.382116655,-2.470721267,617,31.2,100,0,23.4375,0,1.13
651.592,0.007156405,0,77.88817806,71.72988327,0.310909303,-2.454781965,617,31.2,100,0,23.4375,0,1.13
651.692,0.006957072,0,77.89775548,71.7011576,0.356223072,-2.478690918,615,31.2,100,0,23.4375,0,1.13
651.792,0.007076672,0,77.86902324,71.71073283,0.365933166,-2.506584697,615,31.2,100,0,23.4375,0,1.13
651.892,0.007036805,0,77.87860065,71.69158236,0.349749677,-2.438842663,615,31.2,100,0,23.4375,0,1.13
651.992,0.006996938,0,77.84986844,71.69158236,0.365933166,-2.490645395,615,31.2,100,0,23.4375,0,1.13
652.092,0.006957072,0,77.84986844,71.68200711,0.356223072,-2.482675744,615,31.2,100,0,23.4375,0,1.13
652.192,0.007036805,0,77.84986844,71.69158236,0.336802885,-2.446812314,615,31.2,100,0,23.4375,0,1.13
652.292,0.007116538,0,77.83071367,71.68200711,0.346512979,-2.454781965,615,31.2,100,0,23.4375,0,1.13
652.392,0.006996938,0,77.83071367,71.68200711,0.388590051,-2.395009583,615,31.2,100,0,23.4375,0,1.13
652.492,0.006996938,0,77.82113629,71.6532813,0.349749677,-2.550417777,615,31.2,100,0,23.4375,0,1.13
652.592,0.007036805,0,77.80198155,71.66285658,0.343276281,-2.383055107,615,31.2,100,0,23.4375,0,1.13
652.692,0.007036805,0,77.80198155,71.67243185,0.323856094,-2.339222026,615,31.2,100,0,23.4375,0,1.13
652.792,0.006996938,0,77.82113629,71.63413072,0.333566188,-2.391024758,614,31.2,100,0,23.4375,0,1.13
652.892,0.007036805,0,77.81155892,71.63413072,0.33032949,-2.442827489,614,31.2,100,0,23.4375,0,1.13
652.992,0.006957072,0,77.81155892,71.63413072,0.356223072,-2.462751616,614,31.2,100,0,23.4375,0,1.13
653.092,0.006957072,0,77.79240419,71.61498011,0.362696468,-2.375085456,614,31.2,100,0,23.4375,0,1.13
653.192,0.006917205,0,77.78282683,71.62455542,0.343276281,-2.383055107,614,31.2,100,0,23.4375,0,1.13
653.292,0.006957072,0,77.77324948,71.59582945,0.323856094,-2.446812314,614,31.2,100,0,23.4375,0,1.13
653.392,0.006957072,0,77.7540948,71.61498011,0.343276281,-2.438842663,614,31.2,100,0,23.4375,0,1.13
653.492,0.006957072,0,77.76367214,71.59582945,0.343276281,-2.387039932,614,31.2,100,0,23.4375,0,1.13
653.592,0.006957072,0,77.74451747,71.56710341,0.343276281,-2.418918536,614,31.2,100,0,23.4375,0,1.13
653.692,0.006996938,0,77.73494014,71.57667877,0.369169864,-2.45079714,614,31.2,100,0,23.4375,0,1.131
653.792,0.006957072,0,77.7157855,71.57667877,0.352986375,-2.37110063,614,31.2,100,0,23.4375,0,1.131
653.892,0.006996938,0,77.73494014,71.55752805,0.33032949,-2.387039932,613,31.2,100,0,23.4375,0,1.131
653.992,0.006917205,0,77.72536282,71.56710341,0.349749677,-2.434857838,613,31.2,100,0,23.4375,0,1.131
654.092,0.006996938,0,77.7157855,71.55752805,0.314146001,-2.41493371,613,31.2,100,0,23.4375,0,1.131
654.192,0.006877339,0,77.72536282,71.54795267,0.33032949,-2.482675744,613,31.2,100,0,23.4375,0,1.131
654.292,0.006957072,0,77.70620819,71.53837729,0.349749677,-2.466736442,613,31.2,100,0,23.4375,0,1.131
654.392,0.006957072,0,77.7157855,71.53837729,0.340039583,-2.426888187,613,31.2,100,0,23.4375,0,1.131
654.492,0.006996938,0,77.67747629,71.53837729,0.340039583,-2.379070281,613,31.2,100,0,23.4375,0,1.131
654.592,0.006957072,0,77.66789901,71.52880189,0.362696468,-2.470721267,613,31.2,100,0,23.4375,0,1.131
654.692,0.006877339,0,77.66789901,71.50965108,0.333566188,-2.379070281,613,31.2,100,0,23.4375,0,1.131
654.792,0.006996938,0,77.65832172,71.51922649,0.291489116,-2.506584697,613,31.2,100,0,23.4375,0,1.131
654.892,0.006996938,0,77.64874444,71.50965108,0.391826748,-2.379070281,613,31.2,100,0,23.4375,0,1.131
654.992,0.006917205,0,77.65832172,71.49050023,0.314146001,-2.49463022,614,31.2,100,0,23.4375,0,1.131
655.092,0.006957072,0,77.64874444,71.50007566,0.333566188,-2.410948885,614,31.2,100,0,23.4375,0,1.131
655.192,0.006877339,0,77.64874444,71.4809248,0.352986375,-2.426888187,614,31.2,100,0,23.4375,0,1.131
655.292,0.006877339,0,77.62001264,71.49050023,0.356223072,-2.462751616,614,31.2,100,0,23.4375,0,1.131
655.392,0.006957072,0,77.61043539,71.46177389,0.327092792,-2.430873012,614,31.2,100,0,23.4375,0,1.13
655.492,0.006877339,0,77.62001264,71.4809248,0.320619396,-2.438842663,614,31.2,100,0,23.4375,0,1.13
655.592,0.006917205,0,77.58170365,71.4809248,0.349749677,-2.398994408,614,31.2,100,0,23.4375,0,1.13
655.692,0.006996938,0,77.59128089,71.46177389,0.375643259,-2.466736442,614,31.2,100,0,23.4375,0,1.13
655.792,0.006996938,0,77.59128089,71.47134935,0.340039583,-2.391024758,614,31.2,100,0,23.4375,0,1.13
655.892,0.006957072,0,77.60085814,71.44262295,0.340039583,-2.422903361,614,31.2,100,0,23.4375,0,1.13
655.992,0.006917205,0,77.57212641,71.45219843,0.349749677,-2.49463022,614,31.2,100,0,23.4375,0,1.13
656.092,0.006917205,0,77.55297196,71.42347197,0.314146001,-2.418918536,616,31.2,100,0,23.4375,0,1.13
656.192,0.006957072,0,77.57212641,71.44262295,0.365933166,-2.383055107,616,31.2,100,0,23.4375,0,1.13
656.292,0.007036805,0,77.54339474,71.41389647,0.340039583,-2.430873012,616,31.2,100,0,23.4375,0,1.13
656.392,0.006957072,0,77.55297196,71.42347197,0.314146001,-2.514554347,616,31.2,100,0,23.4375,0,1.13
656.492,0.006917205,0,77.53381752,71.40432096,0.382116655,-2.383055107,616,31.2,100,0,23.4375,0,1.13
656.592,0.006957072,0,77.53381752,71.42347197,0.28501572,-2.375085456,616,31.2,100,0,23.4375,0,1.13
656.692,0.006957072,0,77.52424031,71.40432096,0.333566188,-2.430873012,616,31.2,100,0,23.4375,0,1.13
656.792,0.006996938,0,77.52424031,71.39474544,0.369169864,-2.375085456,616,31.2,100,0,23.4375,0,1.13
656.892,0.006877339,0,77.49550871,71.40432096,0.304435907,-2.410948885,616,31.2,100,0,23.4375,0,1.13
656.992,0.006957072,0,77.51466311,71.37559436,0.301199209,-2.363130979,616,31.2,100,0,23.4375,0,1.13
657.092,0.006996938,0,77.50508591,71.37559436,0.395063446,-2.406964059,616,31.2,100,0,23.4375,0,1.13
657.192,0.006917205,0,77.49550871,71.3851699,0.365933166,-2.402979234,615,31.2,100,0,23.4375,0,1.13
657.292,0.006877339,0,77.49550871,71.37559436,0.307672605,-2.395009583,615,31.2,100,0,23.4375,0,1.13
657.392,0.006996938,0,77.48593152,71.33729211,0.33032949,-2.422903361,615,31.2,100,0,23.4375,0,1.13
657.492,0.006957072,0,77.46677716,71.34686769,0.362696468,-2.49463022,615,31.2,100,0,23.4375,0,1.13
657.592,0.006797605,0,77.47635434,71.36601881,0.333566188,-2.45079714,615,31.2,100,0,23.4375,0,1.13
657.692,0.006917205,0,77.45719999,71.32771652,0.365933166,-2.402979234,615,31.2,100,0,23.4375,0,1.13
657.792,0.006957072,0,77.43804565,71.32771652,0.336802885,-2.391024758,615,31.2,100,0,23.4375,0,1.13
657.892,0.006837472,0,77.45719999,71.2989897,0.349749677,-2.295388946,615,31.2,100,0,23.4375,0,1.13
657.992,0.006877339,0,77.43804565,71.32771652,0.323856094,-2.395009583,615,31.2,100,0,23.4375,0,1.13
658.092,0.006917205,0,77.42846849,71.30856532,0.356223072,-2.383055107,615,31.2,100,0,23.4375,0,1.13
658.192,0.006917205,0,77.40931419,71.28941407,0.362696468,-2.359146154,615,31.2,100,0,23.4375,0,1.13
658.292,0.006797605,0,77.3901599,71.28941407,0.323856094,-2.45079714,615,31.2,100,0,23.4375,0,1.13
658.392,0.006957072,0,77.3901599,71.26068714,0.35945977,-2.391024758,614,31.2,100,0,23.4375,0,1.13
658.492,0.006957072,0,77.38058277,71.27026279,0.349749677,-2.398994408,614,31.2,100,0,23.4375,0,1.13
658.592,0.006877339,0,77.40931419,71.27026279,0.336802885,-2.422903361,614,31.2,100,0,23.4375,0,1.13
658.692,0.006917205,0,77.3901599,71.26068714,0.310909303,-2.426888187,614,31.2,100,0,23.4375,0,1.13
658.792,0.006837472,0,77.40931419,71.27026279,0.323856094,-2.355161328,614,31.2,100,0,23.4375,0,1.13
658.892,0.006877339,0,77.3901599,71.25111147,0.307672605,-2.470721267,614,31.2,100,0,23.4375,0,1.13
658.992,0.006837472,0,77.35185139,71.23196011,0.349749677,-2.398994408,614,31.2,100,0,23.4375,0,1.13
659.092,0.006877339,0,77.37100563,71.22238442,0.336802885,-2.462751616,614,31.2,100,0,23.4375,0,1.13
659.192,0.006797605,0,77.35185139,71.22238442,0.310909303,-2.398994408,614,31.2,100,0,23.4375,0,1.13
659.292,0.006877339,0,77.34227427,71.21280871,0.349749677,-2.375085456,614,31.2,100,0,23.4375,0,1.13
659.392,0.006877339,0,77.32312005,71.19365728,0.356223072,-2.422903361,614,31.2,100,0,23.4375,0,1.13
659.492,0.006837472,0,77.31354295,71.22238442,0.317382699,-2.37110063,613,31.2,100,0,23.4375,0,1.13
659.592,0.006837472,0,77.33269716,71.19365728,0.352986375,-2.395009583,613,31.2,100,0,23.4375,0,1.13
659.692,0.006917205,0,77.30396585,71.19365728,0.362696468,-2.478690918,613,31.2,100,0,23.4375,0,1.13
659.792,0.006917205,0,77.29438876,71.19365728,0.336802885,-2.383055107,613,31.2,100,0,23.4375,0,1.13
659.892,0.006917205,0,77.31354295,71.1745058,0.343276281,-2.279449644,613,31.2,100,0,23.4375,0,1.13
659.992,0.006917205,0,77.28481167,71.18408154,0.362696468,-2.375085456,613,31.2,100,0,23.4375,0,1.13
660.092,0.006917205,0,77.28481167,71.1745058,0.375643259,-2.458766791,613,31.2,100,0,23.4375,0,1.13
660.192,0.006797605,0,77.30396585,71.16493005,0.346512979,-2.454781965,613,31.2,100,0,23.4375,0,1.13
660.292,0.006837472,0,77.27523458,71.15535428,0.352986375,-2.311328248,613,31.2,100,0,23.4375,0,1.13
660.392,0.006797605,0,77.27523458,71.16493005,0.362696468,-2.442827489,613,31.2,100,0,23.4375,0,1.13
660.492,0.006837472,0,77.27523458,71.15535428,0.356223072,-2.359146154,613,31.2,100,0,23.4375,0,1.13
660.592,0.006877339,0,77.2656575,71.13620273,0.352986375,-2.391024758,612,31.2,100,0,23.4375,0,1.13
660.692,0.006877339,0,77.24650336,71.13620273,0.314146001,-2.502599871,612,31.2,100,0,23.4375,0,1.13
660.792,0.006797605,0,77.24650336,71.10747532,0.362696468,-2.387039932,612,31.2,100,0,23.4375,0,1.13
660.892,0.006837472,0,77.22734923,71.11705113,0.346512979,-2.45079714,612,31.2,100,0,23.4375,0,1.13
660.992,0.006837472,0,77.21777217,71.10747532,0.327092792,-2.37110063,612,31.2,100,0,23.4375,0,1.13
661.092,0.006837472,0,77.21777217,71.13620273,0.378879957,-2.391024758,612,31.2,100,0,23.4375,0,1.13
661.192,0.006757739,0,77.19861807,71.10747532,0.333566188,-2.391024758,612,31.2,100,0,23.4375,0,1.13
661.292,0.006877339,0,77.21777217,71.09789949,0.33032949,-2.402979234,612,31.2,100,0,23.4375,0,1.13
661.392,0.006837472,0,77.20819512,71.10747532,0.336802885,-2.355161328,612,31.2,100,0,23.4375,0,1.13
661.492,0.006837472,0,77.17946398,71.09789949,0.294725814,-2.410948885,612,31.2,100,0,23.4375,0,1.13
661.592,0.006837472,0,77.17946398,71.0595961,0.35945977,-2.359146154,612,31.2,100,0,23.4375,0,1.13
661.692,0.006877339,0,77.18904102,71.09789949,0.310909303,-2.422903361,611,31.2,100,0,23.4375,0,1.13
661.792,0.006837472,0,77.16988695,71.09789949,0.346512979,-2.359146154,611,31.2,100,0,23.4375,0,1.13
661.892,0.006837472,0,77.16030992,71.06917196,0.323856094,-2.295388946,611,31.2,100,0,23.4375,0,1.13
661.992,0.006797605,0,77.15073289,71.0595961,0.343276281,-2.402979234,611,31.2,100,0,23.4375,0,1.13
662.092,0.006797605,0,77.16030992,71.02129254,0.310909303,-2.398994408,611,30.8,100,0,23.4375,0,1.13
662.192,0.006837472,0,77.13157885,71.07874781,0.349749677,-2.391024758,611,30.8,100,0,23.4375,0,1.13
662.292,0.006797605,0,77.14115587,71.03086844,0.346512979,-2.466736442,611,30.8,100,0,23.4375,0,1.13
662.392,0.006797605,0,77.16030992,71.03086844,0.352986375,-2.379070281,611,30.8,100,0,23.4375,0,1.13
662.492,0.006757739,0,77.12200183,71.03086844,0.336802885,-2.375085456,611,30.8,100,0,23.4375,0,1.13
662.592,0.006837472,0,77.12200183,71.02129254,0.288252418,-2.355161328,611,30.8,100,0,23.4375,0,1.13
662.692,0.006837472,0,77.10284782,71.01171662,0.310909303,-2.37110063,611,30.8,100,0,23.4375,0,1.13
662.792,0.006797605,0,77.09327081,71.0021407,0.375643259,-2.387039932,611,30.8,100,0,23.4375,0,1.13
662.892,0.006797605,0,77.08369382,70.99256476,0.343276281,-2.486660569,611,30.8,100,0,23.4375,0,1.13
662.992,0.006797605,0,77.05496285,70.98298881,0.362696468,-2.351176503,611,30.8,100,0,23.4375,0,1.13
663.092,0.006797605,0,77.07411682,70.99256476,0.349749677,-2.446812314,611,30.8,100,0,23.4375,0,1.13
663.192,0.006797605,0,77.08369382,70.96383689,0.349749677,-2.359146154,611,30.8,100,0,23.4375,0,1.13
663.292,0.006717872,0,77.06453983,70.97341286,0.327092792,-2.383055107,611,30.8,100,0,23.4375,0,1.13
663.392,0.006837472,0,77.07411682,70.98298881,0.333566188,-2.375085456,611,30.8,100,0,23.4375,0,1.13
663.492,0.006797605,0,77.05496285,70.96383689,0.35945977,-2.311328248,611,30.8,100,0,23.4375,0,1.13
663.592,0.006797605,0,77.04538586,70.94468492,0.333566188,-2.355161328,611,30.8,100,0,23.4375,0,1.13
663.692,0.006837472,0,77.03580889,70.97341286,0.333566188,-2.343206852,611,30.8,100,0,23.4375,0,1.13
663.792,0.006797605,0,77.04538586,70.96383689,0.323856094,-2.446812314,611,30.8,100,0,23.4375,0,1.13
663.892,0.006877339,0,77.03580889,70.95426091,0.343276281,-2.307343422,613,30.8,100,0,23.4375,0,1.13
663.992,0.006757739,0,77.02623191,70.93510892,0.346512979,-2.29140412,613,30.8,100,0,23.4375,0,1.13
664.092,0.006837472,0,77.02623191,70.91595689,0.346512979,-2.391024758,613,30.8,100,0,23.4375,0,1.13
664.192,0.006797605,0,77.00707798,70.91595689,0.375643259,-2.462751616,613,30.8,100,0,23.4375,0,1.13
664.292,0.006757739,0,76.9783471,70.91595689,0.320619396,-2.410948885,613,30.8,100,0,23.4375,0,1.13
664.392,0.006757739,0,76.98792406,70.89680482,0.349749677,-2.398994408,613,30.8,100,0,23.4375,0,1.13
664.492,0.006757739,0,77.00707798,70.90638086,0.327092792,-2.375085456,613,30.8,100,0,23.4375,0,1.13
664.592,0.006797605,0,76.98792406,70.90638086,0.333566188,-2.379070281,613,30.8,100,0,23.4375,0,1.13
664.692,0.006917205,0,76.95919321,70.88722877,0.336802885,-2.434857838,613,30.8,100,0,23.4375,0,1.13
664.792,0.006837472,0,76.94961626,70.86807664,0.333566188,-2.410948885,613,30.8,100,0,23.4375,0,1.13
664.892,0.006797605,0,76.94961626,70.88722877,0.352986375,-2.41493371,613,30.8,100,0,23.4375,0,1.13
664.992,0.006797605,0,76.95919321,70.87765271,0.297962512,-2.379070281,615,30.8,100,0,23.4375,0,1.13
665.092,0.006678006,0,76.93046239,70.86807664,0.333566188,-2.359146154,615,30.8,100,0,23.4375,0,1.13
665.192,0.006757739,0,76.94003932,70.87765271,0.35945977,-2.339222026,615,30.8,100,0,23.4375,0,1.13
665.292,0.006797605,0,76.93046239,70.84892446,0.28501572,-2.379070281,615,30.8,100,0,23.4375,0,1.13
665.392,0.006757739,0,76.92088546,70.83934835,0.320619396,-2.406964059,615,30.8,100,0,23.4375,0,1.13
665.492,0.006757739,0,76.90173161,70.82977224,0.336802885,-2.502599871,615,30.8,100,0,23.4375,0,1.13
665.592,0.006757739,0,76.91130853,70.82977224,0.343276281,-2.335237201,615,30.8,100,0,23.4375,0,1.13
665.692,0.006717872,0,76.91130853,70.82977224,0.378879957,-2.375085456,615,30.8,100,0,23.4375,0,1.13
665.792,0.006757739,0,76.94003932,70.81061997,0.304435907,-2.391024758,615,30.8,100,0,23.4375,0,1.13
665.892,0.006678006,0,76.89215469,70.82977224,0.288252418,-2.410948885,615,30.8,100,0,23.4375,0,1.129
665.992,0.006797605,0,76.88257777,70.81061997,0.349749677,-2.37110063,615,30.8,100,0,23.4375,0,1.129
666.092,0.006678006,0,76.87300086,70.80104382,0.346512979,-2.418918536,612,30.8,100,0,23.4375,0,1.129
666.192,0.006717872,0,76.86342395,70.80104382,0.28501572,-2.383055107,612,30.8,100,0,23.4375,0,1.129
666.292,0.006757739,0,76.88257777,70.79146767,0.323856094,-2.426888187,612,30.8,100,0,23.4375,0,1.129
666.392,0.006757739,0,76.85384704,70.79146767,0.340039583,-2.426888187,612,30.8,100,0,23.4375,0,1.129
666.492,0.006717872,0,76.83469324,70.79146767,0.294725814,-2.355161328,612,30.8,100,0,23.4375,0,1.129
666.592,0.006717872,0,76.85384704,70.79146767,0.362696468,-2.311328248,612,30.8,100,0,23.4375,0,1.129
666.692,0.006717872,0,76.83469324,70.75316292,0.352986375,-2.446812314,612,30.8,100,0,23.4375,0,1.129
666.792,0.006797605,0,76.83469324,70.7818915,0.327092792,-2.363130979,612,30.8,100,0,23.4375,0,1.129
666.892,0.006678006,0,76.84427014,70.75316292,0.333566188,-2.470721267,612,30.8,100,0,23.4375,0,1.129
666.992,0.006717872,0,76.81553945,70.77231531,0.33032949,-2.430873012,612,30.8,100,0,23.4375,0,1.129
667.092,0.006757739,0,76.7868088,70.75316292,0.336802885,-2.383055107,612,30.8,100,0,23.4375,0,1.129
667.192,0.006678006,0,76.81553945,70.75316292,0.333566188,-2.383055107,611,30.8,100,0,23.4375,0,1.129
667.292,0.006717872,0,76.80596256,70.75316292,0.343276281,-2.446812314,611,30.8,100,0,23.4375,0,1.129
667.392,0.006717872,0,76.79638568,70.72443425,0.356223072,-2.438842663,611,30.8,100,0,23.4375,0,1.129
667.492,0.006717872,0,76.76765505,70.70528174,0.340039583,-2.315313073,611,30.8,100,0,23.4375,0,1.129
667.592,0.006757739,0,76.75807817,70.714858,0.336802885,-2.454781965,611,30.8,100,0,23.4375,0,1.13
667.692,0.006717872,0,76.77723192,70.69570547,0.307672605,-2.406964059,611,30.8,100,0,23.4375,0,1.13
667.792,0.006757739,0,76.75807817,70.69570547,0.362696468,-2.446812314,611,30.8,100,0,23.4375,0,1.13
667.892,0.006638139,0,76.76765505,70.69570547,0.336802885,-2.474706093,611,30.8,100,0,23.4375,0,1.13
667.992,0.006717872,0,76.75807817,70.6669766,0.317382699,-2.387039932,611,30.8,100,0,23.4375,0,1.13
668.092,0.006717872,0,76.72934758,70.6765529,0.346512979,-2.355161328,611,30.8,100,0,23.4375,0,1.13
668.192,0.006678006,0,76.73892444,70.6669766,0.356223072,-2.418918536,611,30.8,100,0,23.4375,0,1.13
668.292,0.006678006,0,76.72934758,70.6669766,0.365933166,-2.383055107,613,30.8,100,0,23.4375,0,1.13
668.392,0.006638139,0,76.69104017,70.64782396,0.349749677,-2.514554347,613,30.8,100,0,23.46875,0,1.13
668.492,0.006757739,0,76.71977072,70.68612919,0.314146001,-2.406964059,613,30.8,100,0,23.46875,0,1.13
668.592,0.006717872,0,76.70061702,70.6669766,0.340039583,-2.347191677,613,30.8,100,0,23.46875,0,1.13
668.692,0.006678006,0,76.70061702,70.63824762,0.336802885,-2.462751616,613,30.8,100,0,23.46875,0,1.13
668.792,0.006717872,0,76.66230964,70.61909492,0.349749677,-2.45079714,613,30.8,100,0,23.46875,0,1.13
668.892,0.006678006,0,76.71019387,70.62867128,0.349749677,-2.387039932,613,30.8,100,0,23.4375,0,1.13
668.992,0.006678006,0,76.68146332,70.61909492,0.352986375,-2.395009583,613,30.8,100,0,23.4375,0,1.13
669.092,0.006757739,0,76.66230964,70.61909492,0.33032949,-2.430873012,613,30.8,100,0,23.4375,0,1.13
669.192,0.006678006,0,76.65273281,70.59994217,0.369169864,-2.37110063,613,30.8,100,0,23.4375,0,1.13
669.292,0.006638139,0,76.70061702,70.61909492,0.323856094,-2.391024758,613,30.8,100,0,23.4375,0,1.13
669.392,0.006678006,0,76.65273281,70.59994217,0.340039583,-2.454781965,614,30.8,100,0,23.4375,0,1.13
669.492,0.006678006,0,76.63357915,70.59994217,0.349749677,-2.29140412,614,30.8,100,0,23.4375,0,1.13
669.592,0.006717872,0,76.66230964,70.57121296,0.343276281,-2.359146154,614,30.8,100,0,23.46875,0,1.13
669.692,0.006717872,0,76.62400232,70.57121296,0.349749677,-2.275464819,614,30.8,100,0,23.46875,0,1.13
669.792,0.006678006,0,76.62400232,70.59994217,0.343276281,-2.331252375,614,30.8,100,0,23.46875,0,1.13
669.892,0.006678006,0,76.62400232,70.59036578,0.352986375,-2.367115805,614,30.8,100,0,23.46875,0,1.13
669.992,0.006717872,0,76.62400232,70.54248364,0.352986375,-2.379070281,614,30.8,100,0,23.46875,0,1.13
670.092,0.006638139,0,76.60484868,70.55206009,0.343276281,-2.391024758,614,30.8,100,0,23.46875,0,1.13
670.192,0.006678006,0,76.60484868,70.54248364,0.317382699,-2.37110063,614,30.8,100,0,23.46875,0,1.13
670.292,0.006757739,0,76.60484868,70.52333071,0.356223072,-2.426888187,614,30.8,100,0,23.46875,0,1.13
670.392,0.006757739,0,76.59527186,70.56163653,0.320619396,-2.29140412,614,30.8,100,0,23.46875,0,1.13
670.492,0.006678006,0,76.58569505,70.52333071,0.327092792,-2.379070281,613,30.8,100,0,23.46875,0,1.13
670.592,0.006717872,0,76.55696462,70.54248364,0.278542325,-2.331252375,613,30.8,100,0,23.46875,0,1.13
670.692,0.006638139,0,76.55696462,70.53290718,0.33032949,-2.379070281,613,30.8,100,0,23.46875,0,1.13
670.792,0.006678006,0,76.57611823,70.50417773,0.320619396,-2.367115805,613,30.8,100,0,23.46875,0,1.13
670.892,0.006598272,0,76.55696462,70.50417773,0.317382699,-2.29140412,613,30.8,100,0,23.46875,0,1.13
670.992,0.006638139,0,76.55696462,70.50417773,0.35945977,-2.434857838,613,30.8,100,0,23.46875,0,1.13
671.092,0.006638139,0,76.51865743,70.4850247,0.346512979,-2.29140412,613,30.8,100,0,23.4375,0,1.13
671.192,0.006638139,0,76.53781102,70.49460122,0.278542325,-2.347191677,613,30.8,100,0,23.4375,0,1.13
671.292,0.006598272,0,76.52823422,70.46587163,0.333566188,-2.355161328,613,30.8,100,0,23.4375,0,1.13
671.392,0.006638139,0,76.48992706,70.46587163,0.307672605,-2.315313073,613,30.8,100,0,23.4375,0,1.13
671.492,0.006678006,0,76.48992706,70.46587163,0.320619396,-2.37110063,613,30.8,100,0,23.4375,0,1.13
671.592,0.006678006,0,76.49950385,70.47544817,0.33032949,-2.426888187,610,30.8,100,0,23.4375,0,1.13
671.692,0.006638139,0,76.48992706,70.44671851,0.314146001,-2.383055107,610,30.8,100,0,23.4375,0,1.13
671.792,0.006638139,0,76.48992706,70.45629508,0.352986375,-2.375085456,610,30.8,100,0,23.4375,0,1.13
671.892,0.006678006,0,76.4707735,70.46587163,0.343276281,-2.28343447,610,30.8,100,0,23.4375,0,1.13
671.992,0.006678006,0,76.4707735,70.44671851,0.343276281,-2.363130979,610,30.8,100,0,23.4375,0,1.13
672.092,0.006678006,0,76.48035028,70.42756534,0.343276281,-2.29140412,610,30.8,100,0,23.4375,0,1.13
672.192,0.006638139,0,76.46119672,70.41798874,0.323856094,-2.335237201,610,30.8,100,0,23.4375,0,1.13
672.292,0.006717872,0,76.4707735,70.44671851,0.346512979,-2.279449644,610,30.8,100,0,23.4375,0,1.13
672.392,0.006678006,0,76.46119672,70.40841213,0.362696468,-2.359146154,610,30.8,100,0,23.4375,0,1.13
672.492,0.006678006,0,76.45161995,70.41798874,0.333566188,-2.32726755,610,30.8,100,0,23.4375,0,1.13
672.592,0.006598272,0,76.43246641,70.41798874,0.346512979,-2.367115805,610,30.8,100,0,23.4375,0,1.13
672.692,0.006638139,0,76.43246641,70.39883551,0.375643259,-2.355161328,606,30.8,100,0,23.4375,0,1.13
672.792,0.006638139,0,76.40373611,70.38925887,0.317382699,-2.430873012,606,30.8,100,0,23.4375,0,1.13
672.892,0.006638139,0,76.40373611,70.40841213,0.343276281,-2.375085456,606,30.8,100,0,23.4375,0,1.129
672.992,0.006638139,0,76.39415935,70.38925887,0.33032949,-2.438842663,606,30.8,100,0,23.4375,0,1.129
673.092,0.006638139,0,76.3845826,70.38925887,0.362696468,-2.383055107,606,30.8,100,0,23.46875,0,1.129
673.192,0.006638139,0,76.40373611,70.38925887,0.323856094,-2.395009583,606,30.8,100,0,23.46875,0,1.129
673.292,0.006558406,0,76.39415935,70.37010556,0.327092792,-2.339222026,606,30.8,100,0,23.46875,0,1.129
673.392,0.006638139,0,76.37500584,70.37010556,0.323856094,-2.438842663,606,30.8,100,0,23.46875,0,1.129
673.492,0.006678006,0,76.36542909,70.3317988,0.340039583,-2.295388946,606,30.8,100,0,23.46875,0,1.129
673.592,0.006678006,0,76.35585234,70.35095221,0.327092792,-2.402979234,606,30.8,100,0,23.46875,0,1.129
673.692,0.006598272,0,76.36542909,70.35095221,0.310909303,-2.339222026,606,30.8,100,0,23.46875,0,1.129
673.792,0.006638139,0,76.35585234,70.3317988,0.343276281,-2.319297899,603,30.8,100,0,23.46875,0,1.129
673.892,0.006638139,0,76.33669885,70.3317988,0.349749677,-2.347191677,603,30.8,100,0,23.46875,0,1.129
673.992,0.006638139,0,76.31754537,70.32222208,0.297962512,-2.383055107,603,30.8,100,0,23.46875,0,1.129
674.092,0.006598272,0,76.32712211,70.32222208,0.304435907,-2.339222026,603,30.8,100,0,23.46875,0,1.129
674.192,0.006598272,0,76.30796863,70.3317988,0.307672605,-2.367115805,603,30.8,100,0,23.46875,0,1.129
674.292,0.006678006,0,76.31754537,70.31264535,0.340039583,-2.311328248,603,30.8,100,0,23.46875,0,1.129
674.392,0.006638139,0,76.2983919,70.28391508,0.356223072,-2.406964059,603,30.8,100,0,23.46875,0,1.129
674.492,0.006638139,0,76.31754537,70.29349185,0.346512979,-2.355161328,603,30.8,100,0,23.46875,0,1.13
674.592,0.006638139,0,76.2983919,70.28391508,0.317382699,-2.307343422,603,30.8,100,0,23.46875,0,1.13
674.692,0.006598272,0,76.26008498,70.29349185,0.317382699,-2.271479993,603,30.8,100,0,23.46875,0,1.13
674.792,0.006638139,0,76.28881516,70.26476151,0.343276281,-2.347191677,603,30.8,100,0,23.46875,0,1.13
674.892,0.006638139,0,76.27923843,70.26476151,0.33032949,-2.323282724,599,30.8,100,0,23.46875,0,1.13
674.992,0.006638139,0,76.27923843,70.2743383,0.35945977,-2.355161328,599,30.8,100,0,23.46875,0,1.13
675.092,0.006518539,0,76.27923843,70.2743383,0.356223072,-2.387039932,599,30.8,100,0,23.46875,0,1.13
675.192,0.006678006,0,76.26008498,70.24560789,0.340039583,-2.319297899,599,30.8,100,0,23.46875,0,1.13
675.292,0.006558406,0,76.24093153,70.23603106,0.310909303,-2.351176503,599,30.8,100,0,23.46875,0,1.13
675.392,0.006638139,0,76.26008498,70.21687736,0.362696468,-2.331252375,599,30.8,100,0,23.46875,0,1.13
675.492,0.006638139,0,76.2217781,70.23603106,0.340039583,-2.335237201,599,30.8,100,0,23.46875,0,1.13
675.592,0.006678006,0,76.21220138,70.21687736,0.365933166,-2.363130979,599,30.8,100,0,23.46875,0,1.13
675.692,0.006638139,0,76.21220138,70.22645422,0.307672605,-2.379070281,599,30.8,100,0,23.46875,0,1.13
675.792,0.006478673,0,76.21220138,70.21687736,0.317382699,-2.28343447,599,30.8,100,0,23.46875,0,1.13
675.892,0.006518539,0,76.20262467,70.21687736,0.343276281,-2.319297899,599,30.8,100,0,23.46875,0,1.13
675.992,0.006438806,0,76.18347125,70.21687736,0.297962512,-2.359146154,601,30.8,100,0,23.46875,0,1.13
676.092,0.006598272,0,76.20262467,70.18814673,0.340039583,-2.359146154,601,30.8,100,0,23.46875,0,1.13
676.192,0.006558406,0,76.16431784,70.19772362,0.346512979,-2.343206852,601,30.8,100,0,23.46875,0,1.13
676.292,0.006678006,0,76.16431784,70.19772362,0.369169864,-2.279449644,601,30.8,100,0,23.46875,0,1.129
676.392,0.006598272,0,76.17389454,70.16899291,0.310909303,-2.422903361,601,30.8,100,0,23.46875,0,1.129
676.492,0.006598272,0,76.16431784,70.16899291,0.333566188,-2.339222026,601,30.8,100,0,23.46875,0,1.129
676.592,0.006598272,0,76.13558773,70.15941598,0.323856094,-2.395009583,601,30.8,100,0,23.46875,0,1.129
676.692,0.006558406,0,76.13558773,70.14983904,0.317382699,-2.335237201,601,30.8,100,0,23.46875,0,1.129
676.792,0.006518539,0,76.11643434,70.14026209,0.310909303,-2.319297899,601,30.8,100,0,23.46875,0,1.129
676.892,0.006558406,0,76.12601104,70.15941598,0.323856094,-2.32726755,601,30.8,100,0,23.46875,0,1.129
676.992,0.006558406,0,76.12601104,70.14026209,0.391826748,-2.29140412,601,30.8,100,0,23.46875,0,1.129
677.092,0.006678006,0,76.09728096,70.14983904,0.349749677,-2.295388946,603,30.8,100,0,23.46875,0,1.129
677.192,0.006598272,0,76.09728096,70.14026209,0.33032949,-2.263510342,603,30.8,100,0,23.46875,0,1.129
677.292,0.006638139,0,76.06855089,70.12110815,0.365933166,-2.359146154,603,30.8,100,0,23.46875,0,1.129
677.392,0.006598272,0,76.09728096,70.14026209,0.349749677,-2.299373771,603,30.8,100,0,23.46875,0,1.129
677.492,0.006638139,0,76.09728096,70.10195416,0.356223072,-2.343206852,603,30.8,100,0,23.46875,0,1.129
677.592,0.006558406,0,76.06855089,70.11153116,0.323856094,-2.347191677,603,30.8,100,0,23.46875,0,1.129
677.692,0.006598272,0,76.07812758,70.11153116,0.343276281,-2.323282724,603,30.8,100,0,23.46875,0,1.129
677.792,0.006558406,0,76.05897421,70.11153116,0.323856094,-2.41493371,603,30.8,100,0,23.46875,0,1.129
677.892,0.006638139,0,76.06855089,70.08280011,0.288252418,-2.363130979,603,30.8,100,0,23.46875,0,1.129
677.992,0.006598272,0,76.03024417,70.08280011,0.304435907,-2.267495168,603,30.8,100,0,23.46875,0,1.13
678.092,0.006598272,0,76.03024417,70.10195416,0.323856094,-2.303358597,603,30.8,100,0,23.46875,0,1.13
678.192,0.006598272,0,76.03024417,70.10195416,0.301199209,-2.343206852,603,30.8,100,0,23.46875,0,1.13
678.292,0.006478673,0,76.03982084,70.08280011,0.320619396,-2.387039932,603,30.8,100,0,23.46875,0,1.13
678.392,0.006558406,0,76.01109081,70.06364602,0.333566188,-2.29140412,603,30.8,100,0,23.46875,0,1.13
678.492,0.006558406,0,76.01109081,70.03491478,0.327092792,-2.375085456,603,30.8,100,0,23.46875,0,1.13
678.592,0.006478673,0,76.01109081,70.04449187,0.320619396,-2.339222026,603,30.8,100,0,23.46875,0,1.13
678.692,0.006558406,0,75.99193747,70.04449187,0.310909303,-2.32726755,603,30.8,100,0,23.46875,0,1.13
678.792,0.006598272,0,76.01109081,70.01576056,0.297962512,-2.32726755,603,30.8,100,0,23.46875,0,1.13
678.892,0.006518539,0,76.02066749,70.03491478,0.343276281,-2.367115805,603,30.8,100,0,23.46875,0,1.13
678.992,0.006598272,0,76.00151414,70.04449187,0.310909303,-2.311328248,603,30.8,100,0,23.46875,0,1.13
679.092,0.006518539,0,75.95363079,70.00618343,0.362696468,-2.307343422,603,30.8,100,0,23.46875,0,1.13
679.192,0.006558406,0,76.00151414,70.02533768,0.343276281,-2.430873012,603,30.8,100,0,23.46875,0,1.13
679.292,0.006598272,0,75.95363079,70.00618343,0.33032949,-2.391024758,603,30.8,100,0,23.46875,0,1.13
679.392,0.006518539,0,75.97278413,69.98702913,0.375643259,-2.375085456,603,30.8,100,0,23.46875,0,1.13
679.492,0.006518539,0,75.94405413,70.00618343,0.310909303,-2.279449644,603,30.8,100,0,23.46875,0,1.13
679.592,0.006558406,0,75.93447746,69.98702913,0.294725814,-2.347191677,603,30.8,100,0,23.46875,0,1.13
679.692,0.006558406,0,75.93447746,69.98702913,0.297962512,-2.367115805,603,30.8,100,0,23.46875,0,1.13
679.792,0.006518539,0,75.93447746,69.99660629,0.310909303,-2.303358597,603,30.8,100,0,23.46875,0,1.13
679.892,0.006478673,0,75.9249008,69.95829759,0.369169864,-2.383055107,603,30.8,100,0,23.46875,0,1.13
679.992,0.006478673,0,75.9249008,69.96787479,0.323856094,-2.267495168,603,30.8,100,0,23.46875,0,1.13
680.092,0.006598272,0,75.9249008,69.96787479,0.336802885,-2.367115805,603,30.8,100,0,23.46875,0,1.13
680.192,0.006598272,0,75.90574748,69.94872038,0.297962512,-2.235616564,603,30.8,100,0,23.46875,0,1.13
680.292,0.006558406,0,75.91532414,69.95829759,0.343276281,-2.303358597,603,30.8,100,0,23.46875,0,1.13
680.392,0.006438806,0,75.87701751,69.94872038,0.307672605,-2.383055107,602,30.8,100,0,23.46875,0,1.13
680.492,0.006478673,0,75.87701751,69.94872038,0.369169864,-2.359146154,602,30.8,100,0,23.46875,0,1.13
680.592,0.006598272,0,75.88659417,69.91998869,0.365933166,-2.391024758,602,30.8,100,0,23.46875,0,1.13
680.692,0.006518539,0,75.87701751,69.91998869,0.340039583,-2.319297899,602,30.8,100,0,23.46875,0,1.13
680.792,0.006518539,0,75.84828756,69.91041143,0.310909303,-2.363130979,602,30.8,100,0,23.46875,0,1.13
680.892,0.006518539,0,75.84828756,69.91041143,0.340039583,-2.24757104,602,30.8,100,0,23.46875,0,1.13
680.992,0.006478673,0,75.86744086,69.91998869,0.294725814,-2.295388946,602,30.8,100,0,23.46875,0,1.13
681.092,0.006518539,0,75.82913426,69.91041143,0.340039583,-2.355161328,602,30.8,100,0,23.46875,0,1.13
681.192,0.006478673,0,75.84828756,69.90083415,0.333566188,-2.299373771,602,30.8,100,0,23.46875,0,1.13
681.292,0.006438806,0,75.83871091,69.87210226,0.301199209,-2.32726755,602,30.8,100,0,23.46875,0,1.13
681.392,0.006518539,0,75.82913426,69.89125687,0.301199209,-2.379070281,602,30.8,100,0,23.46875,0,1.13
681.492,0.006598272,0,75.82913426,69.87210226,0.362696468,-2.375085456,600,30.8,100,0,23.46875,0,1.13
681.592,0.006518539,0,75.80998096,69.8529476,0.356223072,-2.315313073,600,30.8,100,0,23.46875,0,1.13
681.692,0.006478673,0,75.82913426,69.86252494,0.323856094,-2.271479993,600,30.8,100,0,23.46875,0,1.13
681.792,0.006598272,0,75.78125103,69.8529476,0.382116655,-2.311328248,600,30.8,100,0,23.46875,0,1.13
681.892,0.006478673,0,75.80040432,69.86252494,0.333566188,-2.28343447,600,30.8,100,0,23.46875,0,1.13
681.992,0.006478673,0,75.78125103,69.8529476,0.346512979,-2.331252375,600,30.8,100,0,23.46875,0,1.13
682.092,0.006478673,0,75.78125103,69.83379288,0.33032949,-2.303358597,600,30.8,100,0,23.46875,0,1.13
682.192,0.006518539,0,75.78125103,69.83379288,0.310909303,-2.32726755,600,30.8,100,0,23.46875,0,1.13
682.292,0.006438806,0,75.77167439,69.82421551,0.297962512,-2.383055107,600,30.8,100,0,23.46875,0,1.13
682.392,0.006478673,0,75.74294447,69.81463812,0.327092792,-2.351176503,600,30.8,100,0,23.46875,0,1.13
682.492,0.006518539,0,75.74294447,69.80506071,0.33032949,-2.319297899,600,30.8,100,0,23.46875,0,1.13
682.592,0.006478673,0,75.73336783,69.78590586,0.336802885,-2.367115805,600,30.8,100,0,23.46875,0,1.13
682.692,0.006478673,0,75.7237912,69.77632842,0.352986375,-2.319297899,600,30.8,100,0,23.46875,0,1.13
682.792,0.006478673,0,75.71421456,69.80506071,0.304435907,-2.263510342,600,30.8,100,0,23.46875,0,1.13
682.892,0.006478673,0,75.69506129,69.79548329,0.317382699,-2.319297899,600,30.8,100,0,23.46875,0,1.13
682.992,0.006518539,0,75.71421456,69.77632842,0.291489116,-2.319297899,600,30.8,100,0,23.46875,0,1.13
683.092,0.00639894,0,75.70463793,69.79548329,0.317382699,-2.410948885,600,30.8,100,0,23.46875,0,1.13
683.192,0.006518539,0,75.70463793,69.79548329,0.349749677,-2.347191677,600,30.8,100,0,23.46875,0,1.13
683.292,0.006518539,0,75.68548466,69.76675096,0.320619396,-2.287419295,600,30.8,100,0,23.46875,0,1.13
683.392,0.006438806,0,75.68548466,69.75717349,0.333566188,-2.319297899,600,30.8,100,0,23.46875,0,1.131
683.492,0.006478673,0,75.68548466,69.76675096,0.340039583,-2.299373771,600,30.8,100,0,23.46875,0,1.131
683.592,0.006518539,0,75.6663314,69.76675096,0.362696468,-2.295388946,600,30.8,100,0,23.46875,0,1.131
683.692,0.006518539,0,75.67590803,69.728441,0.323856094,-2.363130979,600,30.8,100,0,23.46875,0,1.131
683.792,0.006438806,0,75.6663314,69.73801851,0.301199209,-2.183813832,599,30.8,100,0,23.46875,0,1.131
683.892,0.006438806,0,75.6663314,69.728441,0.33032949,-2.243586215,599,30.8,100,0,23.46875,0,1.131
683.992,0.006478673,0,75.64717814,69.728441,0.336802885,-2.32726755,599,30.8,100,0,23.46875,0,1.131
684.092,0.006518539,0,75.63760151,69.71886347,0.33032949,-2.24757104,599,30.8,100,0,23.46875,0,1.131
684.192,0.006518539,0,75.62802488,69.728441,0.372406561,-2.299373771,599,30.8,100,0,23.46875,0,1.131
684.292,0.006438806,0,75.61844826,69.69970838,0.33032949,-2.275464819,599,30.8,100,0,23.46875,0,1.131
684.392,0.006518539,0,75.63760151,69.69013082,0.333566188,-2.311328248,599,30.8,100,0,23.46875,0,1.131
684.492,0.006438806,0,75.60887163,69.69970838,0.343276281,-2.295388946,599,30.8,100,0,23.46875,0,1.131
684.592,0.00639894,0,75.62802488,69.66139804,0.291489116,-2.307343422,599,30.8,100,0,23.46875,0,1.131
684.692,0.006359073,0,75.60887163,69.66139804,0.349749677,-2.32726755,599,30.8,100,0,23.46875,0,1.131
684.792,0.00639894,0,75.58971838,69.66139804,0.362696468,-2.359146154,599,30.8,100,0,23.46875,0,1.131
684.892,0.006359073,0,75.57056513,69.66139804,0.343276281,-2.359146154,598,30.8,100,0,23.46875,0,1.131
684.992,0.006478673,0,75.58014175,69.62308748,0.352986375,-2.32726755,598,30.8,100,0,23.46875,0,1.131
685.092,0.00639894,0,75.58971838,69.65182042,0.323856094,-2.259525517,598,30.8,100,0,23.46875,0,1.13
685.192,0.006478673,0,75.56098851,69.64224279,0.343276281,-2.29140412,598,30.8,100,0,23.46875,0,1.13
685.292,0.006438806,0,75.57056513,69.68055324,0.310909303,-2.315313073,598,30.8,100,0,23.46875,0,1.13
685.392,0.006438806,0,75.58971838,69.65182042,0.281779023,-2.279449644,598,30.8,100,0,23.46875,0,1.13
685.492,0.006438806,0,75.56098851,69.62308748,0.323856094,-2.163889705,598,30.8,100,0,23.46875,0,1.13
685.592,0.00639894,0,75.52268202,69.59435441,0.356223072,-2.343206852,598,30.8,100,0,23.46875,0,1.13
685.692,0.006438806,0,75.55141189,69.64224279,0.304435907,-2.319297899,598,30.8,100,0,23.46875,0,1.13
685.792,0.006438806,0,75.53225864,69.59435441,0.33032949,-2.24757104,598,30.8,100,0,23.46875,0,1.13
685.892,0.00639894,0,75.53225864,69.62308748,0.349749677,-2.263510342,598,30.8,100,0,23.46875,0,1.13
685.992,0.006478673,0,75.5131054,69.57519896,0.336802885,-2.29140412,598,30.8,100,0,23.46875,0,1.13
686.092,0.00639894,0,75.50352878,69.58477669,0.307672605,-2.335237201,598,30.8,100,0,23.46875,0,1.13
686.192,0.006518539,0,75.48437554,69.56562122,0.333566188,-2.343206852,598,30.8,100,0,23.46875,0,1.13
686.292,0.00639894,0,75.49395216,69.58477669,0.327092792,-2.347191677,598,30.8,100,0,23.46875,0,1.13
686.392,0.00639894,0,75.50352878,69.56562122,0.346512979,-2.255540691,598,30.8,100,0,23.46875,0,1.13
686.492,0.006359073,0,75.5131054,69.56562122,0.28501572,-2.20373796,598,30.8,100,0,23.46875,0,1.13
686.592,0.006478673,0,75.48437554,69.56562122,0.336802885,-2.223662087,598,30.8,100,0,23.46875,0,1.13
686.692,0.006518539,0,75.49395216,69.57519896,0.336802885,-2.279449644,598,30.8,100,0,23.46875,0,1.13
686.792,0.006478673,0,75.45564569,69.5273101,0.307672605,-2.379070281,598,30.8,100,0,23.46875,0,1.13
686.892,0.00639894,0,75.45564569,69.56562122,0.352986375,-2.391024758,598,30.8,100,0,23.46875,0,1.13
686.992,0.006359073,0,75.44606907,69.5273101,0.356223072,-2.391024758,598,30.8,100,0,23.46875,0,1.13
687.092,0.006438806,0,75.46522231,69.5273101,0.333566188,-2.367115805,597,30.8,100,0,23.46875,0,1.13
687.192,0.00639894,0,75.43649245,69.51773229,0.291489116,-2.307343422,597,30.8,100,0,23.46875,0,1.13
687.292,0.006359073,0,75.4077626,69.49857662,0.333566188,-2.331252375,597,30.8,100,0,23.46875,0,1.13
687.392,0.006478673,0,75.42691584,69.49857662,0.33032949,-2.287419295,597,30.8,100,0,23.46875,0,1.13
687.492,0.006438806,0,75.41733922,69.50815446,0.314146001,-2.251555866,597,30.8,100,0,23.46875,0,1.13
687.592,0.00639894,0,75.4077626,69.49857662,0.336802885,-2.299373771,597,30.8,100,0,23.46875,0,1.13
687.692,0.006359073,0,75.4077626,69.48899876,0.349749677,-2.347191677,597,30.8,100,0,23.46875,0,1.13
687.792,0.006558406,0,75.38860937,69.47942089,0.333566188,-2.303358597,597,30.8,100,0,23.46875,0,1.13
687.892,0.006438806,0,75.41733922,69.49857662,0.333566188,-2.279449644,597,30.8,100,0,23.46875,0,1.13
687.992,0.00639894,0,75.39818599,69.47942089,0.33032949,-2.207722785,597,30.8,100,0,23.46875,0,1.13
688.092,0.00639894,0,75.37903276,69.46026511,0.352986375,-2.323282724,597,30.8,100,0,23.46875,0,1.13
688.192,0.00639894,0,75.38860937,69.46984301,0.333566188,-2.255540691,597,30.8,100,0,23.46875,0,1.13
688.292,0.006359073,0,75.35987952,69.4506872,0.356223072,-2.315313073,597,30.8,100,0,23.46875,0,1.13
688.392,0.006359073,0,75.34072629,69.43153133,0.349749677,-2.303358597,597,30.8,100,0,23.46875,0,1.13
688.492,0.006359073,0,75.37903276,69.43153133,0.317382699,-2.331252375,597,30.8,100,0,23.46875,0,1.13
688.592,0.006359073,0,75.35987952,69.42195337,0.336802885,-2.255540691,597,30.8,100,0,23.46875,0,1.13
688.692,0.006359073,0,75.32157306,69.43153133,0.336802885,-2.219677262,597,30.8,100,0,23.46875,0,1.13
688.792,0.006359073,0,75.31199645,69.4123754,0.336802885,-2.28343447,597,30.8,100,0,23.46875,0,1.13
688.892,0.00639894,0,75.32157306,69.42195337,0.343276281,-2.347191677,597,30.8,100,0,23.46875,0,1.13
688.992,0.00639894,0,75.32157306,69.4123754,0.352986375,-2.331252375,597,30.8,100,0,23.46875,0,1.13
689.092,0.00639894,0,75.32157306,69.44110927,0.346512979,-2.287419295,597,30.8,100,0,23.46875,0,1.13
689.192,0.006359073,0,75.30241983,69.4123754,0.365933166,-2.279449644,597,30.8,100,0,23.46875,0,1.13
689.292,0.006359073,0,75.29284322,69.40279742,0.340039583,-2.299373771,598,30.8,100,0,23.46875,0,1.13
689.392,0.006359073,0,75.30241983,69.40279742,0.333566188,-2.29140412,598,30.8,100,0,23.46875,0,1.13
689.492,0.00639894,0,75.30241983,69.34532921,0.349749677,-2.287419295,598,30.8,100,0,23.46875,0,1.13
689.592,0.006438806,0,75.2832666,69.39321942,0.333566188,-2.239601389,598,30.8,100,0,23.46875,0,1.13
689.692,0.006319206,0,75.2832666,69.37406338,0.352986375,-2.355161328,598,30.8,100,0,23.46875,0,1.13
689.792,0.006438806,0,75.25453676,69.38364141,0.333566188,-2.267495168,598,30.8,100,0,23.46875,0,1.13
689.892,0.006359073,0,75.24496014,69.35490728,0.33032949,-2.339222026,598,30.8,100,0,23.46875,0,1.13
689.992,0.006359073,0,75.26411337,69.38364141,0.320619396,-2.367115805,598,30.8,100,0,23.46875,0,1.13
690.092,0.006359073,0,75.22580691,69.36448534,0.288252418,-2.235616564,598,30.8,100,0,23.46875,0,1.13
690.192,0.006319206,0,75.2832666,69.33575113,0.333566188,-2.239601389,598,30.8,100,0,23.46875,0,1.13
690.292,0.006359073,0,75.22580691,69.32617303,0.314146001,-2.315313073,598,30.8,100,0,23.46875,0,1.13
690.392,0.006359073,0,75.22580691,69.34532921,0.323856094,-2.24757104,597,30.8,100,0,23.46875,0,1.13
690.492,0.006359073,0,75.22580691,69.35490728,0.33032949,-2.311328248,597,30.8,100,0,23.46875,0,1.13
690.592,0.006359073,0,75.18750045,69.31659491,0.288252418,-2.331252375,597,30.8,100,0,23.46875,0,1.13
690.692,0.006359073,0,75.2162303,69.30701679,0.327092792,-2.179829007,597,30.8,100,0,23.46875,0,1.13
690.792,0.00639894,0,75.18750045,69.30701679,0.343276281,-2.303358597,597,30.8,100,0,23.46875,0,1.13
690.892,0.006359073,0,75.20665368,69.29743864,0.307672605,-2.279449644,597,30.8,100,0,23.46875,0,1.13
690.992,0.006359073,0,75.18750045,69.26870413,0.33032949,-2.367115805,597,30.8,100,0,23.46875,0,1.13
691.092,0.006319206,0,75.17792383,69.30701679,0.356223072,-2.410948885,597,30.8,100,0,23.46875,0,1.13
691.192,0.006359073,0,75.16834721,69.29743864,0.301199209,-2.263510342,597,30.8,100,0,23.46875,0,1.13
691.292,0.00627934,0,75.14919398,69.27828231,0.336802885,-2.331252375,597,30.8,100,0,23.46875,0,1.13
691.392,0.00639894,0,75.14919398,69.27828231,0.297962512,-2.303358597,597,30.8,100,0,23.46875,0,1.13
691.492,0.006359073,0,75.14919398,69.27828231,0.340039583,-2.259525517,597,30.8,100,0,23.46875,0,1.13
691.592,0.00627934,0,75.16834721,69.27828231,0.304435907,-2.343206852,597,30.8,100,0,23.46875,0,1.13
691.692,0.006359073,0,75.13961736,69.24954771,0.327092792,-2.239601389,597,30.8,100,0,23.46875,0,1.13
691.792,0.006359073,0,75.13961736,69.25912592,0.320619396,-2.311328248,597,30.8,100,0,23.46875,0,1.13
691.892,0.006319206,0,75.13004074,69.22081297,0.33032949,-2.279449644,597,30.8,100,0,23.46875,0,1.13
691.992,0.00627934,0,75.1108875,69.23039123,0.291489116,-2.287419295,597,30.8,100,0,23.46875,0,1.129
692.092,0.00627934,0,75.1108875,69.23039123,0.346512979,-2.255540691,597,30.8,100,0,23.46875,0,1.129
692.192,0.006319206,0,75.1108875,69.20165641,0.349749677,-2.32726755,597,30.8,100,0,23.46875,0,1.129
692.292,0.00627934,0,75.09173426,69.2112347,0.333566188,-2.303358597,597,30.8,100,0,23.46875,0,1.129
692.392,0.006319206,0,75.09173426,69.22081297,0.307672605,-2.319297899,597,30.8,100,0,23.46875,0,1.129
692.492,0.006359073,0,75.10131088,69.20165641,0.327092792,-2.259525517,597,30.8,100,0,23.46875,0,1.129
692.592,0.006239473,0,75.10131088,69.18249978,0.320619396,-2.255540691,595,30.8,100,0,23.46875,0,1.129
692.692,0.00627934,0,75.07258102,69.1920781,0.33032949,-2.347191677,595,30.8,100,0,23.46875,0,1.129
692.792,0.00627934,0,75.07258102,69.1920781,0.352986375,-2.271479993,595,30.8,100,0,23.46875,0,1.129
692.892,0.006359073,0,75.05342777,69.18249978,0.307672605,-2.263510342,595,30.8,100,0,23.46875,0,1.129
692.992,0.006319206,0,75.0630044,69.1920781,0.323856094,-2.295388946,595,30.8,100,0,23.46875,0,1.129
693.092,0.00627934,0,75.04385115,69.1920781,0.317382699,-2.398994408,595,30.8,100,0,23.46875,0,1.129
693.192,0.00627934,0,75.04385115,69.15376473,0.307672605,-2.29140412,595,30.8,100,0,23.46875,0,1.129
693.292,0.00639894,0,75.04385115,69.1633431,0.291489116,-2.287419295,595,30.8,100,0,23.46875,0,1.129
693.392,0.006359073,0,75.0246979,69.1633431,0.314146001,-2.255540691,595,30.8,100,0,23.46875,0,1.129
693.492,0.006359073,0,75.03427453,69.14418635,0.310909303,-2.367115805,595,30.8,100,0,23.46875,0,1.129
693.592,0.006319206,0,75.0246979,69.12502955,0.327092792,-2.24757104,595,30.8,100,0,23.46875,0,1.129
693.692,0.006319206,0,75.01512128,69.13460796,0.288252418,-2.263510342,593,30.8,100,0,23.46875,0,1.131
693.792,0.006319206,0,75.00554465,69.13460796,0.314146001,-2.303358597,593,30.8,100,0,23.46875,0,1.131
693.892,0.00627934,0,75.00554465,69.11545112,0.340039583,-2.175844182,593,30.8,100,0,23.46875,0,1.131
693.992,0.006319206,0,75.00554465,69.10587268,0.310909303,-2.367115805,593,30.8,100,0,23.46875,0,1.131
694.092,0.00627934,0,74.99596802,69.11545112,0.333566188,-2.227646913,593,30.8,100,0,23.46875,0,1.131
694.192,0.006319206,0,74.96723814,69.10587268,0.301199209,-2.303358597,593,30.8,100,0,23.46875,0,1.131
694.292,0.00627934,0,74.97681477,69.08671576,0.33032949,-2.191783483,593,30.8,100,0,23.46875,0,1.131
694.392,0.006319206,0,74.95766151,69.10587268,0.272068929,-2.29140412,593,30.8,100,0,23.46875,0,1.131
694.492,0.006239473,0,74.94808488,69.08671576,0.297962512,-2.215692436,593,30.8,100,0,23.46875,0,1.131
694.592,0.006239473,0,74.94808488,69.11545112,0.372406561,-2.243586215,593,30.8,100,0,23.46875,0,1.131
694.692,0.006239473,0,74.94808488,69.07713728,0.323856094,-2.402979234,593,30.8,100,0,23.46875,0,1.131
694.792,0.006199607,0,74.94808488,69.06755878,0.304435907,-2.183813832,592,30.8,100,0,23.46875,0,1.131
694.892,0.006239473,0,74.93850825,69.07713728,0.307672605,-2.255540691,592,30.8,100,0,23.46875,0,1.131
694.992,0.00639894,0,74.90977835,69.06755878,0.310909303,-2.271479993,592,30.8,100,0,23.46875,0,1.131
695.092,0.00615974,0,74.93850825,69.05798026,0.323856094,-2.219677262,592,30.8,100,0,23.46875,0,1.131
695.192,0.006319206,0,74.90020171,69.03882318,0.372406561,-2.323282724,592,30.8,100,0,23.46875,0,1.131
695.292,0.006239473,0,74.90020171,69.04840173,0.340039583,-2.187798658,592,30.8,100,0,23.46875,0,1.131
695.392,0.006199607,0,74.91935498,69.02924462,0.346512979,-2.32726755,592,30.8,100,0,23.46875,0,1.131
695.492,0.006359073,0,74.91935498,69.03882318,0.327092792,-2.271479993,592,30.8,100,0,23.46875,0,1.131
695.592,0.00627934,0,74.8714718,69.02924462,0.320619396,-2.355161328,592,30.8,100,0,23.46875,0,1.131
695.692,0.006239473,0,74.8714718,69.01008746,0.333566188,-2.29140412,592,30.8,100,0,23.46875,0,1.131
695.792,0.006239473,0,74.89062508,69.00050885,0.317382699,-2.271479993,592,30.8,100,0,23.46875,0,1.131
695.892,0.006239473,0,74.8714718,69.00050885,0.333566188,-2.231631738,591,30.8,100,0,23.46875,0,1.131
695.992,0.006239473,0,74.8714718,68.99093023,0.310909303,-2.287419295,591,30.8,100,0,23.46875,0,1.131
696.092,0.006199607,0,74.84274188,68.98135159,0.314146001,-2.37110063,591,30.8,100,0,23.46875,0,1.131
696.192,0.006239473,0,74.83316524,69.01966605,0.362696468,-2.223662087,591,30.8,100,0,23.46875,0,1.131
696.292,0.006239473,0,74.8235886,68.99093023,0.28501572,-2.235616564,591,30.8,100,0,23.46875,0,1.131
696.392,0.00627934,0,74.79485866,69.02924462,0.297962512,-2.347191677,591,30.8,100,0,23.46875,0,1.131
696.492,0.00627934,0,74.84274188,69.01008746,0.33032949,-2.227646913,591,30.8,100,0,23.46875,0,1.131
696.592,0.00627934,0,74.80443531,68.97177294,0.333566188,-2.251555866,591,30.8,100,0,23.46875,0,1.131
696.692,0.006199607,0,74.8235886,68.99093023,0.33032949,-2.211707611,591,30.8,100,0,23.46875,0,1.131
696.792,0.00627934,0,74.81401195,68.98135159,0.349749677,-2.315313073,591,30.8,100,0,23.46875,0,1.131
696.892,0.006319206,0,74.78528201,69.00050885,0.336802885,-2.303358597,591,30.8,100,0,23.46875,0,1.131
696.992,0.00627934,0,74.78528201,68.98135159,0.349749677,-2.311328248,591,30.8,100,0,23.46875,0,1.131
697.092,0.006319206,0,74.78528201,68.97177294,0.356223072,-2.251555866,591,30.8,100,0,23.46875,0,1.13
697.192,0.00627934,0,74.74697541,68.96219427,0.278542325,-2.231631738,591,30.8,100,0,23.46875,0,1.13
697.292,0.006319206,0,74.78528201,68.95261559,0.333566188,-2.251555866,591,30.8,100,0,23.46875,0,1.13
697.392,0.00615974,0,74.76612871,68.94303689,0.333566188,-2.255540691,591,30.8,100,0,23.46875,0,1.13
697.492,0.006199607,0,74.73739875,68.94303689,0.346512979,-2.239601389,591,30.8,100,0,23.46875,0,1.13
697.592,0.006239473,0,74.74697541,68.93345817,0.352986375,-2.231631738,591,30.8,100,0,23.46875,0,1.13
697.692,0.006319206,0,74.7278221,68.92387944,0.320619396,-2.263510342,591,30.8,100,0,23.46875,0,1.13
697.792,0.006239473,0,74.71824544,68.9143007,0.343276281,-2.207722785,591,30.8,100,0,23.46875,0,1.13
697.892,0.006199607,0,74.7278221,68.9143007,0.28501572,-2.279449644,591,30.8,100,0,23.46875,0,1.13
697.992,0.006319206,0,74.70866878,68.9143007,0.317382699,-2.227646913,591,30.8,100,0,23.46875,0,1.13
698.092,0.006080007,0,74.71824544,68.93345817,0.323856094,-2.227646913,589,30.4,100,0,23.46875,0,1.13
698.192,0.006359073,0,74.68951546,68.89514316,0.307672605,-2.167874531,589,30.4,100,0,23.46875,0,1.13
698.292,0.006239473,0,74.68951546,68.94303689,0.343276281,-2.255540691,589,30.4,100,0,23.46875,0,1.13
698.392,0.006199607,0,74.6799388,68.92387944,0.297962512,-2.299373771,589,30.4,100,0,23.46875,0,1.13
698.492,0.00627934,0,74.68951546,68.90472194,0.314146001,-2.367115805,589,30.4,100,0,23.46875,0,1.13
698.592,0.00627934,0,74.6799388,68.88556437,0.327092792,-2.231631738,589,30.4,100,0,23.46875,0,1.13
698.692,0.00615974,0,74.6512088,68.86640674,0.33032949,-2.307343422,589,30.4,100,0,23.46875,0,1.13
698.792,0.006239473,0,74.64163213,68.9143007,0.314146001,-2.255540691,589,30.4,100,0,23.46875,0,1.13
698.892,0.00627934,0,74.64163213,68.86640674,0.320619396,-2.303358597,589,30.4,100,0,23.46875,0,1.13
698.992,0.006199607,0,74.64163213,68.86640674,0.33032949,-2.239601389,589,30.4,100,0,23.46875,0,1.13
699.092,0.006199607,0,74.63205546,68.8568279,0.275305627,-2.29140412,589,30.4,100,0,23.46875,0,1.13
699.192,0.00627934,0,74.63205546,68.83767017,0.314146001,-2.243586215,586,30.4,100,0,23.46875,0,1.13
699.292,0.006239473,0,74.63205546,68.84724904,0.297962512,-2.223662087,586,30.4,100,0,23.46875,0,1.13
699.392,0.006319206,0,74.64163213,68.82809128,0.314146001,-2.259525517,586,30.4,100,0,23.46875,0,1.13
699.492,0.006199607,0,74.61290212,68.82809128,0.333566188,-2.243586215,586,30.4,100,0,23.46875,0,1.13
699.592,0.006119873,0,74.61290212,68.83767017,0.307672605,-2.187798658,586,30.4,100,0,23.46875,0,1.13
699.692,0.00615974,0,74.60332544,68.82809128,0.297962512,-2.287419295,586,30.4,100,0,23.46875,0,1.13
699.792,0.006199607,0,74.59374876,68.82809128,0.307672605,-2.307343422,586,30.4,100,0,23.46875,0,1.13
699.892,0.006199607,0,74.57459541,68.79935453,0.336802885,-2.195768309,586,30.4,100,0,23.46875,0,1.13
699.992,0.006199607,0,74.54586535,68.79935453,0.336802885,-2.363130979,586,30.4,100,0,23.46875,0,1.13
700.092,0.00615974,0,74.55544204,68.78977558,0.307672605,-2.191783483,586,30.4,100,0,23.46875,0,1.13
700.192,0.006199607,0,74.58417209,68.79935453,0.323856094,-2.255540691,586,30.4,100,0,23.46875,0,1.13
700.292,0.00627934,0,74.55544204,68.78019662,0.323856094,-2.179829007,582,30.4,100,0,23.46875,0,1.13
700.392,0.006239473,0,74.57459541,68.80893346,0.297962512,-2.287419295,582,30.4,100,0,23.46875,0,1.13
700.492,0.00615974,0,74.53628867,68.76103864,0.323856094,-2.275464819,582,30.4,100,0,23.46875,0,1.131
700.592,0.006199607,0,74.54586535,68.77061763,0.288252418,-2.323282724,582,30.4,100,0,23.46875,0,1.131
700.692,0.00615974,0,74.53628867,68.75145962,0.294725814,-2.323282724,582,30.4,100,0,23.46875,0,1.131
700.792,0.006199607,0,74.52671198,68.74188059,0.294725814,-2.299373771,582,30.4,100,0,23.46875,0,1.131
700.892,0.006199607,0,74.50755859,68.74188059,0.291489116,-2.323282724,582,30.4,100,0,23.46875,0,1.131
700.992,0.006199607,0,74.53628867,68.74188059,0.33032949,-2.28343447,582,30.4,100,0,23.46875,0,1.131
701.092,0.006239473,0,74.52671198,68.73230155,0.323856094,-2.315313073,582,30.4,100,0,23.46875,0,1.131
701.192,0.00615974,0,74.4884052,68.69398521,0.33032949,-2.395009583,582,30.4,100,0,23.46875,0,1.131
701.292,0.006239473,0,74.50755859,68.72272249,0.317382699,-2.343206852,582,30.4,100,0,23.46875,0,1.131
701.392,0.006239473,0,74.4884052,68.72272249,0.320619396,-2.263510342,580,30.4,100,0,23.46875,0,1.131
701.492,0.006199607,0,74.4596751,68.71314341,0.33032949,-2.251555866,580,30.4,100,0,23.46875,0,1.131
701.592,0.006080007,0,74.4692518,68.72272249,0.343276281,-2.295388946,580,30.4,100,0,23.46875,0,1.131
701.692,0.006199607,0,74.4692518,68.72272249,0.346512979,-2.239601389,580,30.4,100,0,23.46875,0,1.131
701.792,0.006199607,0,74.44052169,68.74188059,0.301199209,-2.295388946,580,30.4,100,0,23.46875,0,1.131
701.892,0.006199607,0,74.43094498,68.71314341,0.310909303,-2.179829007,580,30.4,100,0,23.46875,0,1.131
701.992,0.006199607,0,74.43094498,68.71314341,0.333566188,-2.259525517,580,30.4,100,0,23.46875,0,1.131
702.092,0.006119873,0,74.42136827,68.70356432,0.304435907,-2.315313073,580,30.4,100,0,23.46875,0,1.131
702.192,0.00615974,0,74.42136827,68.67482694,0.307672605,-2.24757104,580,30.4,100,0,23.46875,0,1.131
702.292,0.006199607,0,74.42136827,68.68440608,0.307672605,-2.299373771,580,30.4,100,0,23.46875,0,1.13
702.392,0.006199607,0,74.40221485,68.70356432,0.307672605,-2.347191677,580,30.4,100,0,23.46875,0,1.13
702.492,0.006239473,0,74.39263813,68.67482694,0.343276281,-2.20373796,580,30.4,100,0,23.46875,0,1.13
702.592,0.00615974,0,74.40221485,68.64608942,0.33032949,-2.315313073,580,30.4,100,0,23.46875,0,1.13
702.692,0.00615974,0,74.40221485,68.63651021,0.317382699,-2.143965578,580,30.4,100,0,23.46875,0,1.13
702.792,0.006239473,0,74.40221485,68.61735175,0.288252418,-2.267495168,580,30.4,100,0,23.46875,0,1.13
702.892,0.006199607,0,74.40221485,68.61735175,0.304435907,-2.231631738,580,30.4,100,0,23.46875,0,1.13
702.992,0.00615974,0,74.38306141,68.6077725,0.352986375,-2.187798658,580,30.4,100,0,23.46875,0,1.13
703.092,0.006119873,0,74.38306141,68.62693099,0.291489116,-2.251555866,580,30.4,100,0,23.46875,0,1.13
703.192,0.00615974,0,74.37348469,68.62693099,0.317382699,-2.267495168,580,30.4,100,0,23.46875,0,1.13
703.292,0.00615974,0,74.38306141,68.6077725,0.346512979,-2.295388946,580,30.4,100,0,23.46875,0,1.13
703.392,0.006080007,0,74.32560105,68.6077725,0.297962512,-2.223662087,580,30.4,100,0,23.46875,0,1.13
703.492,0.006119873,0,74.33517778,68.6077725,0.320619396,-2.303358597,580,30.4,100,0,23.46875,0,1.13
703.592,0.006119873,0,74.32560105,68.58861394,0.33032949,-2.163889705,581,30.4,100,0,23.46875,0,1.13
703.692,0.006080007,0,74.33517778,68.58861394,0.327092792,-2.319297899,581,30.4,100,0,23.46875,0,1.13
703.792,0.006080007,0,74.2872941,68.63651021,0.297962512,-2.20373796,581,30.4,100,0,23.46875,0,1.13
703.892,0.00615974,0,74.27771735,68.58861394,0.301199209,-2.279449644,581,30.4,100,0,23.46875,0,1.13
703.992,0.00615974,0,74.2872941,68.57903463,0.333566188,-2.199753134,581,30.4,100,0,23.46875,0,1.13
704.092,0.00615974,0,74.29687084,68.57903463,0.336802885,-2.32726755,581,30.4,100,0,23.46875,0,1.13
704.192,0.006119873,0,74.29687084,68.56945531,0.327092792,-2.307343422,581,30.4,100,0,23.46875,0,1.13
704.292,0.00615974,0,74.2872941,68.55029662,0.268832231,-2.323282724,581,30.4,100,0,23.46875,0,1.13
704.392,0.006119873,0,74.27771735,68.53113786,0.314146001,-2.155920054,581,30.4,100,0,23.46875,0,1.13
704.492,0.00615974,0,74.27771735,68.53113786,0.310909303,-2.175844182,581,30.4,100,0,23.46875,0,1.13
704.592,0.00615974,0,74.2681406,68.52155846,0.281779023,-2.287419295,581,30.4,100,0,23.46875,0,1.13
704.692,0.006119873,0,74.2489871,68.49282015,0.288252418,-2.251555866,581,30.4,100,0,23.46875,0,1.13
704.792,0.006199607,0,74.25856386,68.55029662,0.327092792,-2.319297899,581,30.4,100,0,23.46875,0,1.13
704.892,0.006199607,0,74.2681406,68.52155846,0.340039583,-2.28343447,581,30.4,100,0,23.46875,0,1.13
704.992,0.00615974,0,74.25856386,68.49282015,0.301199209,-2.303358597,581,30.4,100,0,23.46875,0,1.13
705.092,0.00615974,0,74.22983359,68.49282015,0.320619396,-2.255540691,581,30.4,100,0,23.46875,0,1.13
705.192,0.00615974,0,74.2489871,68.46408169,0.28501572,-2.307343422,581,30.4,100,0,23.46875,0,1.13
705.292,0.006080007,0,74.22983359,68.4736612,0.252648742,-2.295388946,581,30.4,100,0,23.46875,0,1.13
705.392,0.006119873,0,74.23941035,68.46408169,0.320619396,-2.235616564,581,30.4,100,0,23.46875,0,1.13
705.492,0.006199607,0,74.22025683,68.4736612,0.340039583,-2.255540691,581,30.4,100,0,23.46875,0,1.13
705.592,0.00615974,0,74.22025683,68.46408169,0.28501572,-2.311328248,581,30.4,100,0,23.46875,0,1.13
705.692,0.00615974,0,74.21068007,68.4736612,0.310909303,-2.227646913,581,30.4,100,0,23.46875,0,1.13
705.792,0.006239473,0,74.20110331,68.45450218,0.317382699,-2.239601389,580,30.4,100,0,23.46875,0,1.13
705.892,0.006080007,0,74.22025683,68.40660433,0.314146001,-2.195768309,580,30.4,100,0,23.46875,0,1.13
705.992,0.006080007,0,74.19152654,68.40660433,0.297962512,-2.295388946,580,30.4,100,0,23.46875,0,1.13
706.092,0.006119873,0,74.19152654,68.41618393,0.346512979,-2.139980752,580,30.4,100,0,23.46875,0,1.13
706.192,0.006080007,0,74.172373,68.42576352,0.346512979,-2.227646913,580,30.4,100,0,23.46875,0,1.13
706.292,0.006199607,0,74.172373,68.39702471,0.291489116,-2.20373796,580,30.4,100,0,23.46875,0,1.13
706.392,0.006119873,0,74.15321945,68.38744507,0.327092792,-2.263510342,580,30.4,100,0,23.46875,0,1.13
706.492,0.006080007,0,74.15321945,68.39702471,0.336802885,-2.271479993,580,30.4,100,0,23.46875,0,1.13
706.592,0.006119873,0,74.18194977,68.40660433,0.336802885,-2.207722785,580,30.4,100,0,23.46875,0,1.13
706.692,0.006119873,0,74.13406588,68.37786542,0.320619396,-2.311328248,580,30.4,100,0,23.46875,0,1.13
706.792,0.006119873,0,74.14364267,68.32996689,0.33032949,-2.227646913,580,30.4,100,0,23.46875,0,1.13
706.892,0.006119873,0,74.14364267,68.35870606,0.320619396,-2.255540691,576,30.4,100,0,23.46875,0,1.13
706.992,0.006119873,0,74.13406588,68.35870606,0.307672605,-2.279449644,576,30.4,100,0,23.46875,0,1.13
707.092,0.00615974,0,74.1244891,68.36828575,0.333566188,-2.235616564,576,30.4,100,0,23.46875,0,1.13
707.192,0.00604014,0,74.13406588,68.35870606,0.275305627,-2.151935229,576,30.4,100,0,23.46875,0,1.13
707.292,0.006119873,0,74.1244891,68.32996689,0.317382699,-2.24757104,576,30.4,100,0,23.46875,0,1.13
707.392,0.006080007,0,74.10533552,68.32996689,0.327092792,-2.223662087,576,30.4,100,0,23.46875,0,1.13
707.492,0.006119873,0,74.10533552,68.33954663,0.310909303,-2.255540691,576,30.4,100,0,23.46875,0,1.13
707.592,0.00604014,0,74.07660513,68.32038714,0.317382699,-2.307343422,576,30.4,100,0,23.46875,0,1.13
707.692,0.006119873,0,74.07660513,68.32038714,0.304435907,-2.24757104,576,30.4,100,0,23.46875,0,1.13
707.792,0.00604014,0,74.07660513,68.32038714,0.310909303,-2.271479993,576,30.4,100,0,23.46875,0,1.13
707.892,0.00604014,0,74.05745152,68.32038714,0.297962512,-2.263510342,576,30.4,100,0,23.46875,0,1.13
707.992,0.006080007,0,74.05745152,68.31080737,0.291489116,-2.243586215,573,30.4,100,0,23.46875,0,1.13
708.092,0.00604014,0,74.08618193,68.29164777,0.340039583,-2.116071799,573,30.4,100,0,23.46875,0,1.13
708.192,0.00604014,0,74.02872108,68.29164777,0.297962512,-2.219677262,573,30.4,100,0,23.46875,0,1.13
708.292,0.00604014,0,74.04787471,68.25332837,0.294725814,-2.263510342,573,30.4,100,0,23.46875,0,1.13
708.392,0.006080007,0,74.04787471,68.2724881,0.28501572,-2.207722785,573,30.4,100,0,23.46875,0,1.13
708.492,0.006119873,0,74.04787471,68.28206795,0.304435907,-2.251555866,573,30.4,100,0,23.46875,0,1.13
708.592,0.00604014,0,74.0382979,68.23416857,0.323856094,-2.147950403,573,30.4,100,0,23.46875,0,1.13
708.692,0.006119873,0,74.00956744,68.26290825,0.323856094,-2.243586215,573,30.4,100,0,23.46875,0,1.13
708.792,0.00604014,0,74.0382979,68.24374848,0.369169864,-2.223662087,573,30.4,100,0,23.46875,0,1.13
708.892,0.006080007,0,74.02872108,68.26290825,0.333566188,-2.207722785,573,30.4,100,0,23.46875,0,1.13
708.992,0.006119873,0,73.96168329,68.26290825,0.333566188,-2.175844182,573,30.4,100,0,23.46875,0,1.13
709.092,0.006080007,0,73.99999062,68.24374848,0.310909303,-2.215692436,574,30.4,100,0,23.46875,0,1.13
709.192,0.006119873,0,73.98083696,68.22458864,0.320619396,-2.32726755,574,30.4,100,0,23.46875,0,1.13
709.292,0.006119873,0,73.98083696,68.2150087,0.320619396,-2.307343422,574,30.4,100,0,23.46875,0,1.131
709.392,0.00604014,0,73.98083696,68.22458864,0.310909303,-2.227646913,574,30.4,100,0,23.46875,0,1.131
709.492,0.006080007,0,73.96168329,68.22458864,0.288252418,-2.187798658,574,30.4,100,0,23.46875,0,1.131
709.592,0.006080007,0,73.97126013,68.22458864,0.33032949,-2.15990488,574,30.4,100,0,23.46875,0,1.131
709.692,0.006080007,0,73.94252961,68.18626876,0.356223072,-2.191783483,574,30.4,100,0,23.46875,0,1.131
709.792,0.006000274,0,73.95210645,68.18626876,0.278542325,-2.307343422,574,30.4,100,0,23.46875,0,1.131
709.892,0.00604014,0,73.94252961,68.17668875,0.291489116,-2.143965578,574,30.4,100,0,23.46875,0,1.131
709.992,0.00604014,0,73.92337592,68.18626876,0.310909303,-2.139980752,574,30.4,100,0,23.46875,0,1.131
710.092,0.006080007,0,73.92337592,68.16710871,0.288252418,-2.255540691,574,30.4,100,0,23.46875,0,1.131
710.192,0.006000274,0,73.91379906,68.15752867,0.310909303,-2.235616564,577,30.4,100,0,23.46875,0,1.131
710.292,0.00604014,0,73.91379906,68.18626876,0.272068929,-2.187798658,577,30.4,100,0,23.46875,0,1.131
710.392,0.006119873,0,73.90422221,68.18626876,0.323856094,-2.183813832,577,30.4,100,0,23.46875,0,1.131
710.492,0.00604014,0,73.88506849,68.17668875,0.281779023,-2.227646913,577,30.4,100,0,23.46875,0,1.131
710.592,0.005960407,0,73.90422221,68.1479486,0.320619396,-2.29140412,577,30.4,100,0,23.46875,0,1.131
710.692,0.00604014,0,73.88506849,68.13836852,0.304435907,-2.239601389,577,30.4,100,0,23.46875,0,1.131
710.792,0.006000274,0,73.86591475,68.1479486,0.294725814,-2.183813832,577,30.4,100,0,23.46875,0,1.131
710.892,0.00604014,0,73.87549162,68.15752867,0.340039583,-2.207722785,577,30.4,100,0,23.46875,0,1.13
710.992,0.00604014,0,73.86591475,68.1479486,0.317382699,-2.251555866,577,30.4,100,0,23.46875,0,1.13
711.092,0.00604014,0,73.85633788,68.1192083,0.327092792,-2.171859356,577,30.4,100,0,23.46875,0,1.13
711.192,0.006119873,0,73.846761,68.12878842,0.297962512,-2.163889705,577,30.4,100,0,23.46875,0,1.13
711.292,0.006080007,0,73.82760724,68.1192083,0.327092792,-2.315313073,579,30.4,100,0,23.46875,0,1.13
711.392,0.006080007,0,73.846761,68.10962816,0.294725814,-2.271479993,579,30.4,100,0,23.46875,0,1.13
711.492,0.00604014,0,73.82760724,68.1192083,0.327092792,-2.147950403,579,30.4,100,0,23.46875,0,1.13
711.592,0.006080007,0,73.79887657,68.12878842,0.310909303,-2.179829007,579,30.4,100,0,23.46875,0,1.13
711.692,0.006000274,0,73.79887657,68.1192083,0.317382699,-2.231631738,579,30.4,100,0,23.46875,0,1.13
711.792,0.006119873,0,73.81803035,68.10962816,0.323856094,-2.20373796,579,30.4,100,0,23.46875,0,1.13
711.892,0.00604014,0,73.81803035,68.09046784,0.297962512,-2.191783483,579,30.4,100,0,23.46875,0,1.13
711.992,0.006080007,0,73.78929967,68.09046784,0.336802885,-2.068253894,579,30.4,100,0,23.46875,0,1.13
712.092,0.00604014,0,73.78929967,68.09046784,0.301199209,-2.263510342,579,30.4,100,0,23.46875,0,1.13
712.192,0.006000274,0,73.77972277,68.06172722,0.288252418,-2.183813832,579,30.4,100,0,23.46875,0,1.13
712.292,0.006000274,0,73.76056896,68.08088765,0.320619396,-2.255540691,579,30.4,100,0,23.46875,0,1.13
712.392,0.006080007,0,73.76056896,68.06172722,0.301199209,-2.295388946,579,30.4,100,0,23.46875,0,1.13
712.492,0.006080007,0,73.77014587,68.05214697,0.301199209,-2.259525517,579,30.4,100,0,23.46875,0,1.13
712.592,0.005960407,0,73.77972277,68.05214697,0.294725814,-2.175844182,579,30.4,100,0,23.46875,0,1.13
712.692,0.00604014,0,73.73183821,68.03298644,0.320619396,-2.227646913,579,30.4,100,0,23.46875,0,1.13
712.792,0.006000274,0,73.74141513,68.03298644,0.275305627,-2.215692436,579,30.4,100,0,23.46875,0,1.13
712.892,0.006119873,0,73.75099205,68.02340614,0.310909303,-2.171859356,579,30.4,100,0,23.46875,0,1.13
712.992,0.005960407,0,73.74141513,68.01382583,0.33032949,-2.191783483,579,30.4,100,0,23.46875,0,1.13
713.092,0.006000274,0,73.75099205,68.01382583,0.268832231,-2.295388946,579,30.4,100,0,23.46875,0,1.13
713.192,0.00604014,0,73.71268436,68.02340614,0.301199209,-2.227646913,579,30.4,100,0,23.46875,0,1.13
713.292,0.00604014,0,73.71268436,68.0042455,0.314146001,-2.235616564,579,30.4,100,0,23.46875,0,1.13
713.392,0.006000274,0,73.71268436,67.9755044,0.323856094,-2.191783483,579,30.4,100,0,23.46875,0,1.13
713.492,0.006000274,0,73.71268436,67.96592399,0.301199209,-2.255540691,577,30.4,100,0,23.46875,0,1.13
713.592,0.00592054,0,73.71268436,67.95634357,0.343276281,-2.243586215,577,30.4,100,0,23.46875,0,1.13
713.692,0.006000274,0,73.67437662,68.01382583,0.320619396,-2.231631738,577,30.4,100,0,23.46875,0,1.13
713.792,0.005960407,0,73.70310743,67.96592399,0.28501572,-2.167874531,577,30.4,100,0,23.46875,0,1.13
713.892,0.00604014,0,73.68395356,67.96592399,0.317382699,-2.243586215,577,30.4,100,0,23.46875,0,1.13
713.992,0.005880674,0,73.6935305,67.9755044,0.288252418,-2.227646913,577,30.4,100,0,23.46875,0,1.13
714.092,0.006000274,0,73.65522272,67.9755044,0.310909303,-2.275464819,577,30.4,100,0,23.46875,0,1.13
714.192,0.006000274,0,73.65522272,67.95634357,0.349749677,-2.187798658,577,30.4,100,0,23.46875,0,1.13
714.292,0.006119873,0,73.60733792,67.96592399,0.268832231,-2.263510342,577,30.4,100,0,23.46875,0,1.13
714.392,0.006000274,0,73.62649185,67.98508478,0.297962512,-2.15990488,577,30.4,100,0,23.46875,0,1.131
714.492,0.006000274,0,73.61691489,67.9755044,0.307672605,-2.15990488,577,30.4,100,0,23.46875,0,1.131
714.592,0.006080007,0,73.63606881,67.9276022,0.320619396,-2.223662087,575,30.4,100,0,23.46875,0,1.131
714.692,0.006000274,0,73.60733792,67.94676313,0.333566188,-2.195768309,575,30.4,100,0,23.46875,0,1.131
714.792,0.006000274,0,73.62649185,67.93718268,0.307672605,-2.223662087,575,30.4,100,0,23.46875,0,1.131
714.892,0.005960407,0,73.61691489,67.9276022,0.310909303,-2.187798658,575,30.4,100,0,23.46875,0,1.131
714.992,0.00592054,0,73.57860699,67.93718268,0.323856094,-2.219677262,575,30.4,100,0,23.46875,0,1.131
715.092,0.005960407,0,73.59776094,67.89886067,0.310909303,-2.207722785,575,30.4,100,0,23.46875,0,1.131
715.192,0.005960407,0,73.60733792,67.93718268,0.317382699,-2.24757104,575,30.4,100,0,23.46875,0,1.131
715.292,0.005960407,0,73.57860699,67.91802171,0.304435907,-2.163889705,575,30.4,100,0,23.46875,0,1.131
715.392,0.006000274,0,73.56903,67.89886067,0.320619396,-2.239601389,575,30.4,100,0,23.46875,0,1.131
715.492,0.006000274,0,73.55945301,67.91802171,0.288252418,-2.143965578,575,30.4,100,0,23.46875,0,1.131
715.592,0.006000274,0,73.55945301,67.91802171,0.352986375,-2.207722785,575,30.4,100,0,23.46875,0,1.131
715.692,0.006080007,0,73.54987602,67.9084412,0.310909303,-2.28343447,573,30.4,100,0,23.46875,0,1.131
715.792,0.006000274,0,73.54987602,67.89886067,0.252648742,-2.120056625,573,30.4,100,0,23.46875,0,1.131
715.892,0.006000274,0,73.54987602,67.87969956,0.343276281,-2.187798658,573,30.4,100,0,23.46875,0,1.131
715.992,0.00592054,0,73.52114501,67.87969956,0.294725814,-2.235616564,573,30.4,100,0,23.46875,0,1.131
716.092,0.00592054,0,73.52114501,67.87011898,0.294725814,-2.20373796,573,30.4,100,0,23.46875,0,1.131
716.192,0.006000274,0,73.53072202,67.88928013,0.297962512,-2.219677262,573,30.4,100,0,23.46875,0,1.132
716.292,0.00592054,0,73.54029902,67.89886067,0.291489116,-2.187798658,573,30.4,100,0,23.46875,0,1.132
716.392,0.00604014,0,73.50199099,67.83179646,0.323856094,-2.271479993,573,30.4,100,0,23.46875,0,1.132
716.492,0.005960407,0,73.49241397,67.85095776,0.333566188,-2.199753134,573,30.4,100,0,23.5,0,1.132
716.592,0.00592054,0,73.49241397,67.84137712,0.320619396,-2.239601389,573,30.4,100,0,23.5,0,1.132
716.692,0.00604014,0,73.48283694,67.83179646,0.33032949,-2.120056625,573,30.4,100,0,23.5,0,1.132
716.792,0.00592054,0,73.47325992,67.84137712,0.343276281,-2.251555866,572,30.4,100,0,23.5,0,1.132
716.892,0.005960407,0,73.49241397,67.82221579,0.320619396,-2.275464819,572,30.4,100,0,23.5,0,1.132
716.992,0.005880674,0,73.48283694,67.82221579,0.340039583,-2.207722785,572,30.4,100,0,23.5,0,1.132
717.092,0.005960407,0,73.44452881,67.8126351,0.310909303,-2.211707611,572,30.4,100,0,23.5,0,1.132
717.192,0.005960407,0,73.44452881,67.78389291,0.333566188,-2.279449644,572,30.4,100,0,23.5,0,1.132
717.292,0.005960407,0,73.44452881,67.80305438,0.33032949,-2.207722785,572,30.4,100,0,23.5,0,1.132
717.392,0.00592054,0,73.44452881,67.80305438,0.307672605,-2.20373796,572,30.4,100,0,23.5,0,1.132
717.492,0.005960407,0,73.46368288,67.80305438,0.317382699,-2.24757104,572,30.4,100,0,23.5,0,1.132
717.592,0.005960407,0,73.41579766,67.79347366,0.28501572,-2.175844182,572,30.4,100,0,23.5,0,1.132
717.692,0.005840807,0,73.41579766,67.79347366,0.294725814,-2.267495168,572,30.4,100,0,23.5,0,1.132
717.792,0.00592054,0,73.42537471,67.77431214,0.320619396,-2.207722785,572,30.4,100,0,23.5,0,1.132
717.892,0.00592054,0,73.39664353,67.75515055,0.33032949,-2.112086974,573,30.4,100,0,23.5,0,1.131
717.992,0.005880674,0,73.41579766,67.78389291,0.336802885,-2.24757104,573,30.4,100,0,23.5,0,1.131
718.092,0.00592054,0,73.37748939,67.76473136,0.33032949,-2.151935229,573,30.4,100,0,23.5,0,1.131
718.192,0.00592054,0,73.37748939,67.73598889,0.297962512,-2.191783483,573,30.4,100,0,23.5,0,1.131
718.292,0.00592054,0,73.38706647,67.73598889,0.252648742,-2.227646913,573,30.4,100,0,23.5,0,1.131
718.392,0.005880674,0,73.38706647,67.73598889,0.265595533,-2.223662087,573,30.4,100,0,23.5,0,1.131
718.492,0.005880674,0,73.37748939,67.74556973,0.323856094,-2.211707611,573,30.4,100,0,23.46875,0,1.131
718.592,0.00592054,0,73.32960396,67.71682716,0.304435907,-2.199753134,573,30.4,100,0,23.46875,0,1.131
718.692,0.005880674,0,73.35833524,67.71682716,0.343276281,-2.207722785,573,30.4,100,0,23.46875,0,1.131
718.792,0.005840807,0,73.34875815,67.73598889,0.28501572,-2.20373796,573,30.4,100,0,23.46875,0,1.131
718.892,0.006000274,0,73.32002686,67.72640803,0.362696468,-2.191783483,573,30.4,100,0,23.46875,0,1.131
718.992,0.005880674,0,73.32960396,67.71682716,0.327092792,-2.15990488,574,30.4,100,0,23.46875,0,1.131
719.092,0.00592054,0,73.33918106,67.71682716,0.323856094,-2.175844182,574,30.4,100,0,23.46875,0,1.131
719.192,0.00592054,0,73.32960396,67.70724626,0.323856094,-2.243586215,574,30.4,100,0,23.46875,0,1.131
719.292,0.005880674,0,73.32002686,67.69766535,0.320619396,-2.24757104,574,30.4,100,0,23.46875,0,1.131
719.392,0.00592054,0,73.30087265,67.72640803,0.265595533,-2.116071799,574,30.4,100,0,23.46875,0,1.131
719.492,0.005840807,0,73.29129554,67.72640803,0.343276281,-2.29140412,574,30.4,100,0,23.46875,0,1.131
719.592,0.005880674,0,73.29129554,67.68808441,0.294725814,-2.207722785,574,30.4,100,0,23.46875,0,1.13
719.692,0.005960407,0,73.29129554,67.68808441,0.317382699,-2.132011101,574,30.4,100,0,23.46875,0,1.13
719.792,0.005880674,0,73.27214129,67.66892249,0.340039583,-2.223662087,574,30.4,100,0,23.46875,0,1.13
719.892,0.00592054,0,73.29129554,67.66892249,0.314146001,-2.215692436,574,30.4,100,0,23.46875,0,1.13
719.992,0.00592054,0,73.25298703,67.6593415,0.323856094,-2.179829007,574,30.4,100,0,23.46875,0,1.13
720.092,0.005840807,0,73.26256416,67.6497605,0.307672605,-2.255540691,575,30.4,100,0,23.46875,0,1.13
720.192,0.00592054,0,73.27214129,67.6497605,0.288252418,-2.271479993,575,30.4,100,0,23.46875,0,1.13
720.292,0.005880674,0,73.25298703,67.6593415,0.346512979,-2.319297899,575,30.4,100,0,23.46875,0,1.13
720.392,0.005880674,0,73.24340989,67.66892249,0.304435907,-2.147950403,575,30.4,100,0,23.46875,0,1.13
720.492,0.005880674,0,73.23383275,67.66892249,0.288252418,-2.183813832,575,30.4,100,0,23.46875,0,1.13
720.592,0.005960407,0,73.21467845,67.6593415,0.336802885,-2.155920054,575,30,100,0,23.46875,0,1.13
720.692,0.005840807,0,73.2242556,67.62101736,0.323856094,-2.255540691,575,30,100,0,23.46875,0,1.13
720.792,0.005960407,0,73.19552413,67.6593415,0.314146001,-2.20373796,575,30,100,0,23.46875,0,1.13
720.892,0.00592054,0,73.21467845,67.6497605,0.317382699,-2.263510342,575,30,100,0,23.46875,0,1.13
720.992,0.005880674,0,73.17636979,67.58269292,0.33032949,-2.24757104,575,30,100,0,23.5,0,1.13
721.092,0.005840807,0,73.18594696,67.64017947,0.301199209,-2.231631738,575,30,100,0,23.5,0,1.13
721.192,0.005800941,0,73.18594696,67.62101736,0.297962512,-2.207722785,576,30,100,0,23.46875,0,1.13
721.292,0.005840807,0,73.15721542,67.60185518,0.327092792,-2.199753134,576,30,100,0,23.5,0,1.131
721.392,0.005880674,0,73.14763824,67.59227406,0.327092792,-2.128026276,576,30,100,0,23.5,0,1.131
721.492,0.00592054,0,73.15721542,67.60185518,0.317382699,-2.143965578,576,30,100,0,23.46875,0,1.131
721.592,0.005840807,0,73.14763824,67.58269292,0.307672605,-2.163889705,576,30,100,0,23.5,0,1.131
721.692,0.005880674,0,73.14763824,67.59227406,0.297962512,-2.235616564,576,30,100,0,23.5,0,1.131
721.792,0.005880674,0,73.13806104,67.57311176,0.301199209,-2.135995927,576,30,100,0,23.5,0,1.131
721.892,0.005960407,0,73.13806104,67.54436817,0.320619396,-2.215692436,576,30,100,0,23.5,0,1.131
721.992,0.00592054,0,73.13806104,67.54436817,0.304435907,-2.199753134,576,30,100,0,23.5,0,1.131
722.092,0.005880674,0,73.16679261,67.50604312,0.343276281,-2.255540691,576,30,100,0,23.5,0,1.131
722.192,0.005840807,0,73.12848384,67.50604312,0.327092792,-2.132011101,576,30,100,0,23.5,0,1.131
722.292,0.005880674,0,73.10932943,67.53478694,0.291489116,-2.227646913,577,30,100,0,23.5,0,1.131
722.392,0.005800941,0,73.10932943,67.49646181,0.336802885,-2.211707611,577,30,100,0,23.5,0,1.131
722.492,0.005880674,0,73.12848384,67.47729913,0.340039583,-2.167874531,577,30,100,0,23.5,0,1.131
722.592,0.005800941,0,73.11890664,67.49646181,0.307672605,-2.15990488,577,30,100,0,23.5,0,1.131
722.692,0.00592054,0,73.10932943,67.47729913,0.28501572,-2.151935229,577,30,100,0,23.5,0,1.131
722.792,0.005880674,0,73.09975222,67.46771776,0.317382699,-2.171859356,577,30,100,0,23.5,0,1.131
722.892,0.005880674,0,73.08059777,67.49646181,0.301199209,-2.231631738,577,30,100,0,23.5,0,1.131
722.992,0.00592054,0,73.09975222,67.47729913,0.307672605,-2.243586215,577,30,100,0,23.5,0,1.131
723.092,0.005840807,0,73.06144331,67.43897354,0.343276281,-2.151935229,577,30,100,0,23.5,0,1.13
723.192,0.00592054,0,73.08059777,67.43897354,0.323856094,-2.219677262,577,30,100,0,23.5,0,1.13
723.292,0.005880674,0,73.08059777,67.44855497,0.304435907,-2.12404145,577,30,100,0,23.5,0,1.13
723.392,0.005840807,0,73.05186607,67.41981063,0.327092792,-2.072238719,578,30,100,0,23.5,0,1.13
723.492,0.005800941,0,73.06144331,67.43897354,0.304435907,-2.155920054,578,30,100,0,23.5,0,1.13
723.592,0.00592054,0,73.06144331,67.41022915,0.304435907,-2.219677262,578,30,100,0,23.5,0,1.13
723.692,0.005840807,0,73.04228882,67.4293921,0.28501572,-2.20373796,578,30,100,0,23.5,0,1.13
723.792,0.005840807,0,73.02313431,67.41981063,0.297962512,-2.187798658,578,30,100,0,23.5,0,1.13
723.892,0.005880674,0,73.00397978,67.40064765,0.320619396,-2.239601389,578,30,100,0,23.5,0,1.13
723.992,0.005880674,0,73.02313431,67.41022915,0.320619396,-2.195768309,578,30,100,0,23.5,0,1.13
724.092,0.005800941,0,73.03271157,67.38148458,0.320619396,-2.175844182,578,30,100,0,23.5,0,1.13
724.192,0.005840807,0,73.00397978,67.36232144,0.304435907,-2.227646913,578,30,100,0,23.5,0,1.13
724.292,0.005840807,0,73.00397978,67.37190302,0.275305627,-2.135995927,578,30,100,0,23.5,0,1.13
724.392,0.005800941,0,73.00397978,67.36232144,0.28501572,-2.231631738,578,30,100,0,23.5,0,1.13
724.492,0.005880674,0,73.01355705,67.38148458,0.323856094,-2.319297899,576,30,100,0,23.5,0,1.13
724.592,0.005880674,0,72.97524794,67.35273984,0.310909303,-2.267495168,576,30,100,0,23.5,0,1.13
724.692,0.005880674,0,72.96567065,67.35273984,0.294725814,-2.219677262,576,30,100,0,23.5,0,1.13
724.792,0.005800941,0,72.96567065,67.34315822,0.268832231,-2.175844182,576,30,100,0,23.5,0,1.13
724.892,0.005800941,0,72.93693875,67.32399492,0.278542325,-2.227646913,576,30,100,0,23.5,0,1.131
724.992,0.005840807,0,72.98482523,67.33357658,0.333566188,-2.223662087,576,30,100,0,23.5,0,1.131
725.092,0.005840807,0,72.93693875,67.33357658,0.33032949,-2.243586215,576,30,100,0,23.5,0,1.131
725.192,0.005800941,0,72.95609336,67.31441325,0.307672605,-2.100132497,576,30,100,0,23.5,0,1.131
725.292,0.005800941,0,72.95609336,67.32399492,0.281779023,-2.12404145,576,30,100,0,23.5,0,1.131
725.392,0.005761074,0,72.92736144,67.33357658,0.314146001,-2.239601389,576,30,100,0,23.5,0,1.131
725.492,0.005840807,0,72.89862947,67.30483155,0.314146001,-2.227646913,576,30,100,0,23.5,0,1.131
725.592,0.005840807,0,72.94651606,67.30483155,0.304435907,-2.243586215,574,30,100,0,23.5,0,1.131
725.692,0.005840807,0,72.91778412,67.28566809,0.288252418,-2.175844182,574,30,100,0,23.5,0,1.131
725.792,0.005880674,0,72.92736144,67.31441325,0.317382699,-2.147950403,574,30,100,0,23.5,0,1.131
725.892,0.005880674,0,72.87947479,67.29524983,0.33032949,-2.223662087,574,30,100,0,23.5,0,1.131
725.992,0.00592054,0,72.9082068,67.27608634,0.314146001,-2.128026276,574,30,100,0,23.5,0,1.131
726.092,0.005840807,0,72.86989745,67.27608634,0.304435907,-2.08020837,574,30,100,0,23.5,0,1.131
726.192,0.005761074,0,72.86032009,67.30483155,0.317382699,-2.183813832,574,30,100,0,23.5,0,1.131
726.292,0.005880674,0,72.85074274,67.26650456,0.304435907,-2.195768309,574,30,100,0,23.5,0,1.131
726.392,0.005761074,0,72.86032009,67.25692276,0.304435907,-2.151935229,574,30,100,0,23.5,0,1.131
726.492,0.005840807,0,72.86989745,67.26650456,0.35945977,-2.15990488,574,30,100,0,23.5,0,1.131
726.592,0.005721208,0,72.84116537,67.24734095,0.304435907,-2.223662087,574,30,100,0,23.5,0,1.131
726.692,0.005840807,0,72.85074274,67.22817726,0.314146001,-2.195768309,572,30,100,0,23.5,0,1.131
726.792,0.005800941,0,72.84116537,67.24734095,0.262358836,-2.195768309,572,30,100,0,23.5,0,1.131
726.892,0.005840807,0,72.85074274,67.25692276,0.301199209,-2.20373796,572,30,100,0,23.5,0,1.131
726.992,0.005761074,0,72.81243324,67.21859538,0.33032949,-2.171859356,572,30,100,0,23.5,0,1.131
727.092,0.005800941,0,72.84116537,67.20901349,0.310909303,-2.151935229,572,30,100,0,23.5,0,1.131
727.192,0.005800941,0,72.79327846,67.25692276,0.297962512,-2.128026276,572,30,100,0,23.5,0,1.131
727.292,0.005800941,0,72.80285586,67.22817726,0.304435907,-2.143965578,572,30,100,0,23.5,0,1.131
727.392,0.005761074,0,72.78370106,67.18984964,0.294725814,-2.271479993,572,30,100,0,23.5,0,1.131
727.492,0.005800941,0,72.76454625,67.24734095,0.297962512,-2.112086974,572,30,100,0,23.5,0,1.131
727.592,0.005761074,0,72.76454625,67.23775911,0.281779023,-2.263510342,572,30,100,0,23.5,0,1.131
727.692,0.005800941,0,72.75496883,67.22817726,0.268832231,-2.263510342,572,30,100,0,23.5,0,1.131
727.792,0.005761074,0,72.76454625,67.20901349,0.323856094,-2.183813832,571,30,100,0,23.5,0,1.131
727.892,0.005880674,0,72.73581397,67.20901349,0.310909303,-2.143965578,571,30,100,0,23.5,0,1.131
727.992,0.005800941,0,72.75496883,67.18984964,0.281779023,-2.211707611,571,30,100,0,23.5,0,1.131
728.092,0.005880674,0,72.76454625,67.17068571,0.317382699,-2.15990488,571,30,100,0,23.5,0,1.131
728.192,0.005800941,0,72.73581397,67.18984964,0.272068929,-2.175844182,571,30,100,0,23.5,0,1.13
728.292,0.005761074,0,72.73581397,67.17068571,0.294725814,-2.243586215,571,30,100,0,23.5,0,1.13
728.392,0.005761074,0,72.75496883,67.1515217,0.291489116,-2.259525517,571,30,100,0,23.5,0,1.13
728.492,0.005800941,0,72.7166591,67.12277553,0.320619396,-2.147950403,571,30,100,0,23.5,0,1.13
728.592,0.005761074,0,72.72623654,67.1515217,0.288252418,-2.251555866,571,30,100,0,23.5,0,1.13
728.692,0.005800941,0,72.73581397,67.14193966,0.307672605,-2.15990488,571,30,100,0,23.5,0,1.13
728.792,0.005840807,0,72.70708165,67.13235761,0.294725814,-2.223662087,571,30,100,0,23.5,0,1.13
728.892,0.005721208,0,72.68792673,67.13235761,0.307672605,-2.155920054,571,30,100,0,23.5,0,1.13
728.992,0.005761074,0,72.69750419,67.12277553,0.320619396,-2.183813832,571,30,100,0,23.5,0,1.13
729.092,0.005641474,0,72.68792673,67.09402919,0.343276281,-2.211707611,571,30,100,0,23.5,0,1.13
729.192,0.005800941,0,72.70708165,67.11319344,0.314146001,-2.104117323,571,30,100,0,23.5,0,1.13
729.292,0.005800941,0,72.65919431,67.10361132,0.301199209,-2.147950403,571,30,100,0,23.5,0,1.13
729.392,0.005800941,0,72.66877179,67.05570045,0.310909303,-2.143965578,571,30,100,0,23.5,0,1.13
729.492,0.005800941,0,72.65919431,67.09402919,0.28501572,-2.128026276,571,30,100,0,23.5,0,1.13
729.592,0.005681341,0,72.64961683,67.08444703,0.33032949,-2.235616564,571,30,100,0,23.5,0,1.13
729.692,0.005800941,0,72.64003934,67.09402919,0.28501572,-2.163889705,571,30,100,0,23.5,0,1.13
729.792,0.005880674,0,72.63046184,67.06528266,0.333566188,-2.116071799,571,30,100,0,23.5,0,1.13
729.892,0.005761074,0,72.64003934,67.08444703,0.288252418,-2.028405639,569,30,100,0,23.5,0,1.13
729.992,0.005800941,0,72.6017293,67.07486486,0.297962512,-2.24757104,569,30,100,0,23.5,0,1.13
730.092,0.005721208,0,72.63046184,67.05570045,0.307672605,-2.211707611,569,30,100,0,23.5,0,1.13
730.192,0.005800941,0,72.64003934,67.04611821,0.327092792,-2.120056625,569,30,100,0,23.5,0,1.13
730.292,0.005721208,0,72.63046184,67.04611821,0.340039583,-2.151935229,569,30,100,0,23.5,0,1.13
730.392,0.005761074,0,72.59215178,67.03653595,0.28501572,-2.223662087,569,30,100,0,23.5,0,1.13
730.492,0.005721208,0,72.61130682,67.01737138,0.323856094,-2.100132497,569,30,100,0,23.5,0,1.13
730.592,0.005761074,0,72.6017293,67.00778906,0.310909303,-2.231631738,569,30,100,0,23.5,0,1.13
730.692,0.005800941,0,72.6017293,67.01737138,0.333566188,-2.128026276,569,30,100,0,23.5,0,1.13
730.792,0.005721208,0,72.61130682,67.00778906,0.372406561,-2.056299417,569,30,100,0,23.5,0,1.13
730.892,0.005761074,0,72.56341917,67.00778906,0.294725814,-2.147950403,569,30,100,0,23.5,0,1.13
730.992,0.005800941,0,72.55384162,67.04611821,0.310909303,-2.223662087,569,30,100,0,23.5,0,1.13
731.092,0.005761074,0,72.56341917,66.98862437,0.272068929,-2.227646913,567,30,100,0,23.5,0,1.13
731.192,0.005761074,0,72.56341917,66.97904199,0.262358836,-2.120056625,567,30,100,0,23.5,0,1.13
731.292,0.005761074,0,72.54426406,66.97904199,0.297962512,-2.155920054,567,30,100,0,23.5,0,1.13
731.392,0.005761074,0,72.54426406,66.99820672,0.272068929,-2.255540691,567,30,100,0,23.5,0,1.13
731.492,0.005681341,0,72.52510893,66.96945959,0.25588544,-2.303358597,567,30,100,0,23.5,0,1.13
731.592,0.005761074,0,72.52510893,66.98862437,0.340039583,-2.15990488,567,30,100,0,23.5,0,1.13
731.692,0.005840807,0,72.54426406,66.97904199,0.281779023,-2.092162846,567,30,100,0,23.5,0,1.131
731.792,0.005681341,0,72.50595377,66.96945959,0.297962512,-2.088178021,567,30,100,0,23.5,0,1.131
731.892,0.005761074,0,72.48679858,66.92154728,0.323856094,-2.032390464,567,30,100,0,23.5,0,1.131
731.992,0.005721208,0,72.50595377,66.95029473,0.314146001,-2.191783483,567,30,100,0,23.5,0,1.131
732.092,0.005761074,0,72.48679858,66.94071227,0.304435907,-2.227646913,567,30,100,0,23.5,0,1.131
732.192,0.005721208,0,72.49637618,66.95987717,0.323856094,-2.211707611,568,30,100,0,23.5,0,1.131
732.292,0.005721208,0,72.45806575,66.95029473,0.333566188,-2.128026276,568,30,100,0,23.5,0,1.131
732.392,0.005761074,0,72.48679858,66.92154728,0.291489116,-2.104117323,568,30,100,0,23.5,0,1.131
732.492,0.005800941,0,72.47722098,66.94071227,0.272068929,-2.139980752,568,30,100,0,23.5,0,1.131
732.592,0.005761074,0,72.46764337,66.92154728,0.340039583,-2.175844182,568,30,100,0,23.5,0,1.131
732.692,0.005681341,0,72.42933286,66.93112979,0.272068929,-2.207722785,568,30,100,0,23.5,0,1.131
732.792,0.005721208,0,72.44848813,66.90238222,0.28501572,-2.171859356,568,30,100,0,23.5,0,1.131
732.892,0.005761074,0,72.44848813,66.86405184,0.301199209,-2.112086974,568,30,100,0,23.5,0,1.131
732.992,0.005721208,0,72.42933286,66.87363447,0.294725814,-2.151935229,568,30,100,0,23.5,0,1.131
733.092,0.005721208,0,72.4389105,66.86405184,0.262358836,-2.195768309,568,30,100,0,23.5,0,1.131
733.192,0.005681341,0,72.41975521,66.87363447,0.343276281,-2.235616564,568,30,100,0,23.5,0,1.131
733.292,0.005761074,0,72.41017756,66.86405184,0.323856094,-2.223662087,569,30,100,0,23.5,0,1.131
733.392,0.005840807,0,72.41975521,66.86405184,0.262358836,-2.227646913,569,30,100,0,23.5,0,1.13
733.492,0.005721208,0,72.41017756,66.84488653,0.281779023,-2.12404145,569,30,100,0,23.5,0,1.13
733.592,0.005761074,0,72.40059991,66.80655565,0.28501572,-2.183813832,569,30,100,0,23.5,0,1.13
733.692,0.005761074,0,72.41017756,66.82572113,0.304435907,-2.20373796,569,30,100,0,23.5,0,1.13
733.792,0.005641474,0,72.41017756,66.8161384,0.291489116,-2.231631738,569,30,100,0,23.5,0,1.13
733.892,0.005761074,0,72.38144457,66.84488653,0.320619396,-2.191783483,569,30,100,0,23.5,0,1.13
733.992,0.005681341,0,72.39102224,66.8161384,0.307672605,-2.211707611,569,30,100,0,23.5,0,1.13
734.092,0.005681341,0,72.37186689,66.8161384,0.317382699,-2.084193195,569,30,100,0,23.5,0,1.13
734.192,0.005840807,0,72.35271151,66.80655565,0.323856094,-2.207722785,569,30,100,0,23.5,0,1.13
734.292,0.005761074,0,72.35271151,66.78739008,0.275305627,-2.171859356,569,30,100,0,23.5,0,1.13
734.392,0.005721208,0,72.3335561,66.78739008,0.28501572,-2.064269068,571,30,100,0,23.5,0,1.13
734.492,0.005721208,0,72.32397839,66.76822444,0.28501572,-2.179829007,571,30,100,0,23.5,0,1.13
734.592,0.005761074,0,72.32397839,66.78739008,0.320619396,-2.143965578,571,30,100,0,23.5,0,1.13
734.692,0.005721208,0,72.32397839,66.75864158,0.317382699,-2.179829007,571,30,100,0,23.5,0,1.13
734.792,0.005761074,0,72.34313381,66.75864158,0.327092792,-2.147950403,571,30,100,0,23.5,0,1.13
734.892,0.005721208,0,72.27608971,66.76822444,0.346512979,-2.199753134,571,30,100,0,23.5,0,1.13
734.992,0.005641474,0,72.31440067,66.75864158,0.323856094,-2.231631738,571,30,100,0,23.5,0,1.13
735.092,0.005721208,0,72.26651195,66.77780727,0.307672605,-2.151935229,571,30,100,0,23.5,0,1.13
735.192,0.005641474,0,72.30482294,66.73947581,0.310909303,-2.175844182,571,30,100,0,23.5,0,1.131
735.292,0.005681341,0,72.2952452,66.73947581,0.294725814,-2.223662087,571,30,100,0,23.5,0,1.131
735.392,0.005681341,0,72.28566746,66.70114401,0.307672605,-2.104117323,571,30,100,0,23.5,0,1.131
735.492,0.005641474,0,72.27608971,66.71072699,0.294725814,-2.187798658,571,30,100,0,23.5,0,1.131
735.592,0.005721208,0,72.28566746,66.691561,0.291489116,-2.112086974,571,30,100,0,23.5,0,1.131
735.692,0.005721208,0,72.27608971,66.68197798,0.294725814,-2.207722785,571,30,100,0,23.5,0,1.131
735.792,0.005681341,0,72.27608971,66.70114401,0.272068929,-2.120056625,571,30,100,0,23.5,0,1.131
735.892,0.005721208,0,72.23777864,66.70114401,0.294725814,-2.147950403,571,30,100,0,23.5,0,1.131
735.992,0.005800941,0,72.24735642,66.68197798,0.33032949,-2.096147672,571,30,100,0,23.5,0,1.131
736.092,0.005721208,0,72.24735642,66.691561,0.265595533,-2.20373796,571,30,100,0,23.5,0,1.131
736.192,0.005721208,0,72.21862306,66.691561,0.323856094,-2.104117323,571,30,100,0,23.5,0,1.131
736.292,0.005721208,0,72.21862306,66.66281187,0.281779023,-2.235616564,571,30,100,0,23.5,0,1.131
736.392,0.005681341,0,72.22820085,66.67239493,0.333566188,-2.211707611,571,30,100,0,23.5,0,1.131
736.492,0.005721208,0,72.15157829,66.80655565,0.317382699,-2.132011101,571,30,100,0,23.5,0,1.131
736.592,0.005721208,0,72.16115614,66.72989289,0.239701951,-2.128026276,571,30,100,0,23.5,0,1.131
736.692,0.005641474,0,72.15157829,66.73947581,0.28501572,-2.128026276,571,30,100,0,23.5,0,1.131
736.792,0.005641474,0,72.10368895,66.83530384,0.33032949,-2.116071799,571,30,100,0,23.5,0,1.131
736.892,0.005641474,0,72.11326684,66.76822444,0.307672605,-2.223662087,571,30,100,0,23.5,0,1.131
736.992,0.005601608,0,72.06537734,66.82572113,0.307672605,-2.167874531,571,30,100,0,23.5,0,1.131
737.092,0.005721208,0,72.07495525,66.80655565,0.28501572,-2.108102148,571,30,100,0,23.5,0,1.131
737.192,0.005641474,0,72.08453316,66.80655565,0.323856094,-2.139980752,571,30,100,0,23.5,0,1.131
737.292,0.005721208,0,72.09411106,66.73947581,0.317382699,-2.096147672,571,30,100,0,23.5,0,1.131
737.392,0.005721208,0,72.07495525,66.72030995,0.310909303,-2.096147672,571,30,100,0,23.5,0,1.131
737.492,0.005681341,0,72.09411106,66.72989289,0.272068929,-2.092162846,571,30,100,0,23.5,0,1.131
737.592,0.005681341,0,72.07495525,66.72989289,0.259122138,-2.207722785,571,30,100,0,23.5,0,1.131
737.692,0.005721208,0,72.06537734,66.72030995,0.291489116,-2.20373796,571,30,100,0,23.5,0,1.131
737.792,0.005681341,0,72.0270656,66.75864158,0.297962512,-2.195768309,571,30,100,0,23.5,0,1.131
737.892,0.005681341,0,72.03664355,66.75864158,0.297962512,-2.104117323,571,30,100,0,23.5,0,1.131
737.992,0.005721208,0,72.05579942,66.67239493,0.25588544,-2.104117323,571,30,100,0,23.5,0,1.131
738.092,0.005721208,0,72.04622149,66.73947581,0.327092792,-2.120056625,571,30,100,0,23.5,0,1.131
738.192,0.005681341,0,71.99833172,66.75864158,0.317382699,-2.104117323,571,30,100,0,23.5,0,1.131
738.292,0.005681341,0,72.00790969,66.74905871,0.297962512,-2.175844182,571,30,100,0,23.5,0,1.131
738.392,0.005761074,0,71.98875374,66.72989289,0.291489116,-2.207722785,571,30,100,0,23.5,0,1.131
738.492,0.005681341,0,71.98875374,66.72989289,0.272068929,-2.167874531,571,30,100,0,23.5,0,1.131
738.592,0.005641474,0,71.98875374,66.73947581,0.314146001,-2.211707611,571,30,100,0,23.5,0,1.131
738.692,0.005641474,0,71.97917576,66.73947581,0.349749677,-2.199753134,571,30,100,0,23.5,0,1.131
738.792,0.005681341,0,71.96959776,66.72989289,0.297962512,-2.239601389,572,30,100,0,23.5,0,1.131
738.892,0.005681341,0,71.96959776,66.70114401,0.28501572,-2.151935229,572,30,100,0,23.5,0,1.131
738.992,0.005641474,0,71.94086374,66.71072699,0.291489116,-2.207722785,572,30,100,0,23.5,0,1.131
739.092,0.005641474,0,71.96959776,66.71072699,0.317382699,-2.195768309,572,30,100,0,23.5,0,1.131
739.192,0.005601608,0,71.93128571,66.691561,0.294725814,-2.207722785,572,30,100,0,23.5,0,1.131
739.292,0.005681341,0,71.95044175,66.71072699,0.301199209,-2.187798658,572,30,100,0,23.5,0,1.131
739.392,0.005561741,0,71.94086374,66.68197798,0.268832231,-2.151935229,572,30,100,0,23.5,0,1.131
739.492,0.005681341,0,71.93128571,66.691561,0.281779023,-2.155920054,572,30,100,0,23.5,0,1.131
739.592,0.005521875,0,71.91212963,66.67239493,0.317382699,-2.155920054,572,30,100,0,23.5,0,1.131
739.692,0.005721208,0,71.91212963,66.66281187,0.291489116,-2.139980752,572,30,100,0,23.5,0,1.131
739.792,0.005641474,0,71.92170768,66.66281187,0.310909303,-2.175844182,572,30,100,0,23.5,0,1.131
739.892,0.005601608,0,71.87381739,66.65322878,0.307672605,-2.096147672,568,30,100,0,23.5,0,1.131
739.992,0.005681341,0,71.87381739,66.62447939,0.294725814,-2.223662087,568,30,100,0,23.5,0,1.131
740.092,0.005681341,0,71.88339546,66.61489622,0.320619396,-2.195768309,568,30,100,0,23.5,0,1.131
740.192,0.005641474,0,71.86423931,66.63406254,0.320619396,-2.147950403,568,30,100,0,23.5,0,1.131
740.292,0.005681341,0,71.86423931,66.58614657,0.327092792,-2.147950403,568,30,100,0,23.5,0,1.131
740.392,0.005681341,0,71.84508312,66.62447939,0.297962512,-2.155920054,568,30,100,0,23.5,0,1.131
740.492,0.005601608,0,71.87381739,66.62447939,0.272068929,-2.215692436,568,30,100,0,23.5,0,1.131
740.592,0.005601608,0,71.83550501,66.61489622,0.288252418,-2.132011101,568,30,100,0,23.5,0,1.131
740.692,0.005641474,0,71.82592689,66.61489622,0.28501572,-2.207722785,568,30,100,0,23.5,0,1.131
740.792,0.005601608,0,71.81634877,66.59572981,0.294725814,-2.163889705,568,30,100,0,23.5,0,1.131
740.892,0.005641474,0,71.83550501,66.57656331,0.246175347,-2.128026276,568,30,100,0,23.5,0,1.131
740.992,0.005601608,0,71.81634877,66.59572981,0.301199209,-2.155920054,563,30,100,0,23.5,0,1.131
741.092,0.005681341,0,71.80677064,66.58614657,0.297962512,-2.151935229,563,30,100,0,23.5,0,1.131
741.192,0.005641474,0,71.82592689,66.59572981,0.288252418,-2.135995927,563,30,100,0,23.5,0,1.131
741.292,0.005601608,0,71.78761435,66.56698003,0.291489116,-2.135995927,563,30,100,0,23.5,0,1.131
741.392,0.005641474,0,71.77803619,66.55739673,0.259122138,-2.20373796,563,30,100,0,23.5,0,1.131
741.492,0.005641474,0,71.77803619,66.55739673,0.265595533,-2.231631738,563,30,100,0,23.5,0,1.131
741.592,0.005721208,0,71.75887985,66.57656331,0.236465253,-2.207722785,563,30,100,0,23.5,0,1.131
741.692,0.005601608,0,71.76845802,66.5478134,0.275305627,-2.15990488,563,30,100,0,23.5,0,1.131
741.792,0.005721208,0,71.75887985,66.5190633,0.275305627,-2.171859356,563,30,100,0,23.5,0,1.131
741.892,0.005561741,0,71.75887985,66.53823006,0.314146001,-2.151935229,563,30,100,0,23.5,0,1.131
741.992,0.005601608,0,71.72056707,66.53823006,0.288252418,-2.135995927,563,30,100,0,23.5,0,1.131
742.092,0.005641474,0,71.72056707,66.5094799,0.294725814,-2.175844182,559,30,100,0,23.5,0,1.131
742.192,0.005601608,0,71.73972348,66.5190633,0.265595533,-2.199753134,559,30,100,0,23.5,0,1.131
742.292,0.005681341,0,71.73014528,66.5190633,0.346512979,-2.207722785,559,30,100,0,23.5,0,1.131
742.392,0.005641474,0,71.71098885,66.49031301,0.291489116,-2.068253894,559,29.6,100,0,23.5,0,1.131
742.492,0.005641474,0,71.71098885,66.49031301,0.278542325,-2.068253894,559,29.6,100,0,23.5,0,1.131
742.592,0.005561741,0,71.70141062,66.47114604,0.268832231,-2.112086974,559,29.6,100,0,23.5,0,1.131
742.692,0.005681341,0,71.70141062,66.5190633,0.294725814,-2.112086974,559,29.6,100,0,23.5,0,1.131
742.792,0.005601608,0,71.6726759,66.47114604,0.310909303,-2.116071799,559,29.6,100,0,23.5,0,1.131
742.892,0.005721208,0,71.66309764,66.46156252,0.301199209,-2.139980752,559,29.6,100,0,23.5,0,1.131
742.992,0.005641474,0,71.68225415,66.46156252,0.320619396,-2.199753134,559,29.6,100,0,23.5,0,1.131
743.092,0.005561741,0,71.68225415,66.47114604,0.327092792,-2.143965578,559,29.6,100,0,23.5,0,1.131
743.192,0.005641474,0,71.64394109,66.46156252,0.28501572,-2.15990488,558,29.6,100,0,23.5,0,1.131
743.292,0.005601608,0,71.65351937,66.46156252,0.265595533,-2.175844182,558,29.6,100,0,23.5,0,1.131
743.392,0.005521875,0,71.6152062,66.44239542,0.288252418,-2.139980752,558,29.6,100,0,23.5,0,1.131
743.492,0.005681341,0,71.6343628,66.42322823,0.317382699,-2.155920054,558,29.6,100,0,23.5,0,1.131
743.592,0.005521875,0,71.64394109,66.42322823,0.291489116,-2.147950403,558,29.6,100,0,23.5,0,1.131
743.692,0.005601608,0,71.62478451,66.42322823,0.291489116,-2.076223545,558,29.6,100,0,23.5,0,1.131
743.792,0.005641474,0,71.64394109,66.42322823,0.310909303,-2.151935229,558,29.6,100,0,23.5,0,1.131
743.892,0.005601608,0,71.58647124,66.4136446,0.281779023,-2.132011101,558,29.6,100,0,23.5,0,1.131
743.992,0.005641474,0,71.56731455,66.39447728,0.28501572,-2.183813832,558,29.6,100,0,23.5,0,1.131
744.092,0.005601608,0,71.6152062,66.40406095,0.307672605,-2.044344941,558,29.6,100,0,23.5,0,1.131
744.192,0.005601608,0,71.60562789,66.40406095,0.317382699,-2.155920054,558,29.6,100,0,23.5,0,1.131
744.292,0.005601608,0,71.59604957,66.4136446,0.262358836,-2.064269068,560,29.6,100,0,23.5,0,1.131
744.392,0.005561741,0,71.5768929,66.42322823,0.317382699,-2.175844182,560,29.6,100,0,23.5,0,1.131
744.492,0.005561741,0,71.5768929,66.37530988,0.275305627,-2.15990488,560,29.6,100,0,23.5,0,1.131
744.592,0.005561741,0,71.58647124,66.37530988,0.297962512,-2.096147672,560,29.6,100,0,23.5,0,1.131
744.692,0.005601608,0,71.53857945,66.37530988,0.314146001,-2.147950403,560,29.6,100,0,23.5,0,1.131
744.792,0.005601608,0,71.53857945,66.37530988,0.314146001,-2.163889705,560,29.6,100,0,23.5,0,1.131
744.892,0.005641474,0,71.54815782,66.3369748,0.291489116,-2.132011101,560,29.6,100,0,23.5,0,1.131
744.992,0.005641474,0,71.54815782,66.37530988,0.294725814,-2.128026276,560,29.6,100,0,23.5,0,1.131
745.092,0.005561741,0,71.53857945,66.36572614,0.281779023,-2.235616564,560,29.6,100,0,23.5,0,1.131
745.192,0.005641474,0,71.50984426,66.36572614,0.307672605,-2.227646913,560,29.6,100,0,23.5,0,1.131
745.292,0.005521875,0,71.50984426,66.3465586,0.288252418,-2.167874531,560,29.6,100,0,23.5,0,1.131
745.392,0.005442141,0,71.50026585,66.3465586,0.265595533,-2.211707611,562,29.6,100,0,23.5,0,1.131
745.492,0.005601608,0,71.50984426,66.3465586,0.272068929,-2.100132497,562,29.6,100,0,23.5,0,1.131
745.592,0.005561741,0,71.47153056,66.32739097,0.265595533,-2.179829007,562,29.6,100,0,23.5,0,1.13
745.692,0.005601608,0,71.46195211,66.31780712,0.317382699,-2.143965578,562,29.6,100,0,23.5,0,1.13
745.792,0.005521875,0,71.46195211,66.30822325,0.320619396,-2.15990488,562,29.6,100,0,23.5,0,1.13
745.892,0.005641474,0,71.481109,66.32739097,0.272068929,-2.08020837,562,29.6,100,0,23.5,0,1.13
745.992,0.005601608,0,71.481109,66.28905545,0.262358836,-2.084193195,562,29.6,100,0,23.5,0,1.13
746.092,0.005521875,0,71.45237365,66.32739097,0.307672605,-2.171859356,562,29.6,100,0,23.5,0,1.13
746.192,0.005601608,0,71.481109,66.29863936,0.297962512,-2.092162846,562,29.6,100,0,23.5,0,1.13
746.292,0.005521875,0,71.45237365,66.29863936,0.294725814,-2.08020837,562,29.6,100,0,23.5,0,1.13
746.392,0.005561741,0,71.43321671,66.26988755,0.301199209,-2.219677262,562,29.6,100,0,23.5,0,1.13
746.492,0.005561741,0,71.45237365,66.28905545,0.281779023,-2.139980752,559,29.6,100,0,23.5,0,1.13
746.592,0.005521875,0,71.43321671,66.26988755,0.249412044,-2.147950403,559,29.6,100,0,23.5,0,1.13
746.692,0.005442141,0,71.42363822,66.26988755,0.265595533,-2.108102148,559,29.6,100,0,23.5,0,1.13
746.792,0.005601608,0,71.41405973,66.27947151,0.291489116,-2.171859356,559,29.6,100,0,23.5,0,1.13
746.892,0.005601608,0,71.38532419,66.25071957,0.281779023,-2.12404145,559,29.6,100,0,23.5,0,1.13
746.992,0.005561741,0,71.40448123,66.26988755,0.249412044,-2.108102148,559,29.6,100,0,23.5,0,1.13
747.092,0.005561741,0,71.38532419,66.21238334,0.33032949,-2.016451162,559,29.6,100,0,23.5,0,1.13
747.192,0.005561741,0,71.39490271,66.24113555,0.294725814,-2.072238719,559,29.6,100,0,23.5,0,1.13
747.292,0.005561741,0,71.38532419,66.21238334,0.307672605,-2.072238719,559,29.6,100,0,23.5,0,1.13
747.392,0.005561741,0,71.36616711,66.25071957,0.294725814,-2.167874531,559,29.6,100,0,23.5,0,1.13
747.492,0.005601608,0,71.37574566,66.20279922,0.291489116,-2.100132497,559,29.6,100,0,23.5,0,1.13
747.592,0.005561741,0,71.35658856,66.20279922,0.327092792,-2.092162846,557,29.6,100,0,23.5,0,1.13
747.692,0.005442141,0,71.35658856,66.21238334,0.288252418,-2.128026276,557,29.6,100,0,23.5,0,1.13
747.792,0.005601608,0,71.35658856,66.21238334,0.310909303,-2.040360115,557,29.6,100,0,23.5,0,1.13
747.892,0.005601608,0,71.34701,66.22196743,0.297962512,-2.143965578,557,29.6,100,0,23.5,0,1.13
747.992,0.005561741,0,71.34701,66.20279922,0.291489116,-2.147950403,557,29.6,100,0,23.5,0,1.13
748.092,0.005561741,0,71.31827426,66.19321508,0.310909303,-2.143965578,557,29.6,100,0,23.5,0,1.13
748.192,0.005482008,0,71.31827426,66.18363092,0.307672605,-2.12404145,557,29.6,100,0,23.5,0,1.13
748.292,0.005521875,0,71.29911705,66.19321508,0.281779023,-2.12404145,557,29.6,100,0,23.5,0,1.13
748.392,0.005601608,0,71.31827426,66.16446254,0.304435907,-2.032390464,557,29.6,100,0,23.5,0,1.13
748.492,0.005521875,0,71.30869566,66.16446254,0.310909303,-2.143965578,557,29.6,100,0,23.5,0,1.13
748.592,0.005561741,0,71.28953843,66.16446254,0.294725814,-2.048329766,557,29.6,100,0,23.5,0,1.13
748.692,0.005561741,0,71.30869566,66.16446254,0.272068929,-1.996527035,555,29.6,100,0,23.5,0,1.13
748.792,0.005521875,0,71.26080252,66.15487831,0.323856094,-2.235616564,555,29.6,100,0,23.5,0,1.13
748.892,0.005561741,0,71.27038117,66.14529406,0.28501572,-2.151935229,555,29.6,100,0,23.5,0,1.13
748.992,0.005521875,0,71.26080252,66.14529406,0.297962512,-2.183813832,555,29.6,100,0,23.5,0,1.131
749.092,0.005601608,0,71.27038117,66.11654118,0.297962512,-2.211707611,555,29.6,100,0,23.5,0,1.131
749.192,0.005601608,0,71.27038117,66.11654118,0.294725814,-2.072238719,555,29.6,100,0,23.5,0,1.131
749.292,0.005402275,0,71.2416452,66.12612549,0.291489116,-2.171859356,555,29.6,100,0,23.5,0,1.131
749.392,0.005561741,0,71.22248783,66.11654118,0.307672605,-2.151935229,555,29.6,100,0,23.5,0,1.131
749.492,0.005521875,0,71.2416452,66.11654118,0.307672605,-2.040360115,555,29.6,100,0,23.5,0,1.131
749.592,0.005601608,0,71.20333043,66.09737247,0.28501572,-2.092162846,555,29.6,100,0,23.5,0,1.131
749.692,0.005482008,0,71.2416452,66.08778809,0.272068929,-2.096147672,555,29.6,100,0,23.5,0,1.131
749.792,0.005482008,0,71.20333043,66.11654118,0.320619396,-2.132011101,554,29.6,100,0,23.5,0,1.131
749.892,0.005561741,0,71.21290914,66.09737247,0.301199209,-2.104117323,554,29.6,100,0,23.5,0,1.131
749.992,0.005561741,0,71.20333043,66.08778809,0.307672605,-2.147950403,554,29.6,100,0,23.5,0,1.131
750.092,0.005442141,0,71.22248783,66.07820368,0.301199209,-2.044344941,554,29.6,100,0,23.5,0,1.131
750.192,0.005561741,0,71.21290914,66.0590348,0.297962512,-2.231631738,554,29.6,100,0,23.5,0,1.131
750.292,0.005521875,0,71.20333043,66.08778809,0.291489116,-2.211707611,554,29.6,100,0,23.5,0,1.131
750.392,0.005601608,0,71.20333043,66.07820368,0.323856094,-2.139980752,554,29.6,100,0,23.5,0,1.131
750.492,0.005521875,0,71.17459425,66.07820368,0.307672605,-2.128026276,554,29.6,100,0,23.5,0,1.131
750.592,0.005561741,0,71.15543675,66.07820368,0.281779023,-2.044344941,554,29.6,100,0,23.5,0,1.131
750.692,0.005521875,0,71.15543675,66.0590348,0.310909303,-2.199753134,554,29.6,100,0,23.5,0,1.131
750.792,0.005561741,0,71.15543675,66.04945032,0.252648742,-2.048329766,554,29.6,100,0,23.5,0,1.131
750.892,0.005482008,0,71.14585798,66.04945032,0.297962512,-2.151935229,552,29.6,100,0,23.5,0,1.131
750.992,0.005721208,0,71.15543675,66.0590348,0.35945977,-2.175844182,552,29.6,100,0,23.5,0,1.131
751.092,0.005482008,0,71.13627921,66.02069675,0.323856094,-2.187798658,552,29.6,100,0,23.5,0,1.131
751.192,0.005561741,0,71.14585798,66.01111218,0.265595533,-2.108102148,552,29.6,100,0,23.5,0,1.131
751.292,0.005561741,0,71.11712163,66.02069675,0.275305627,-2.116071799,552,29.6,100,0,23.5,0,1.131
751.392,0.005482008,0,71.12670042,66.00152759,0.320619396,-2.151935229,552,29.6,100,0,23.5,0,1.131
751.492,0.005601608,0,71.12670042,66.00152759,0.304435907,-2.15990488,552,29.6,100,0,23.5,0,1.131
751.592,0.005561741,0,71.10754282,66.00152759,0.304435907,-2.187798658,552,29.6,100,0,23.5,0,1.131
751.692,0.005561741,0,71.12670042,66.01111218,0.310909303,-2.239601389,552,29.6,100,0,23.5,0,1.131
751.792,0.005561741,0,71.07880634,65.97277368,0.301199209,-2.048329766,552,29.6,100,0,23.5,0,1.131
751.892,0.005521875,0,71.08838518,65.97277368,0.320619396,-2.096147672,552,29.6,100,0,23.5,0,1.131
751.992,0.005641474,0,71.097964,65.963189,0.288252418,-2.191783483,552,29.6,100,0,23.5,0,1.131
752.092,0.005482008,0,71.05006977,65.97277368,0.288252418,-2.104117323,552,29.6,100,0,23.5,0,1.131
752.192,0.005521875,0,71.05006977,65.963189,0.301199209,-2.088178021,552,29.6,100,0,23.5,0,1.131
752.292,0.005521875,0,71.0692275,65.95360429,0.259122138,-2.08020837,552,29.6,100,0,23.5,0,1.131
752.392,0.005521875,0,71.05006977,65.95360429,0.304435907,-2.128026276,552,29.6,100,0,23.5,0,1.13
752.492,0.005521875,0,71.05964864,65.95360429,0.327092792,-2.187798658,552,29.6,100,0,23.5,0,1.13
752.592,0.005521875,0,71.04049089,65.95360429,0.291489116,-2.052314592,552,29.6,100,0,23.5,0,1.13
752.692,0.005482008,0,71.05006977,65.94401957,0.288252418,-2.116071799,552,29.6,100,0,23.5,0,1.13
752.792,0.005442141,0,71.04049089,65.93443481,0.297962512,-2.120056625,552,29.6,100,0,23.5,0,1.13
752.892,0.005442141,0,71.05006977,65.92485004,0.288252418,-2.032390464,552,29.6,100,0,23.5,0,1.13
752.992,0.005482008,0,71.0117542,65.92485004,0.291489116,-2.072238719,552,29.6,100,0,23.5,0,1.13
753.092,0.005442141,0,71.00217528,65.93443481,0.297962512,-2.004496686,554,29.6,100,0,23.5,0,1.13
753.192,0.005442141,0,70.99259635,65.89609557,0.262358836,-2.076223545,554,29.6,100,0,23.5,0,1.13
753.292,0.005561741,0,71.02133311,65.88651071,0.310909303,-2.132011101,554,29.6,100,0,23.5,0,1.13
753.392,0.005521875,0,71.0117542,65.92485004,0.291489116,-2.03637529,554,29.6,100,0,23.5,0,1.13
753.492,0.005561741,0,71.0117542,65.90568042,0.25588544,-2.100132497,554,29.6,100,0,23.5,0,1.13
753.592,0.005561741,0,71.00217528,65.90568042,0.275305627,-2.08020837,554,29.6,100,0,23.5,0,1.13
753.692,0.005482008,0,70.98301741,65.88651071,0.307672605,-2.120056625,554,29.6,100,0,23.5,0,1.13
753.792,0.005521875,0,70.98301741,65.89609557,0.272068929,-2.15990488,554,29.6,100,0,23.5,0,1.13
753.892,0.005521875,0,70.99259635,65.87692581,0.28501572,-2.163889705,554,29.6,100,0,23.5,0,1.13
753.992,0.005482008,0,70.95428054,65.8673409,0.310909303,-2.132011101,554,29.6,100,0,23.5,0,1.13
754.092,0.005482008,0,70.97343847,65.8673409,0.272068929,-2.092162846,554,29.6,100,0,23.5,0,1.13
754.192,0.005402275,0,70.96385951,65.848171,0.323856094,-2.08020837,554,29.6,100,0,23.5,0,1.131
754.292,0.005442141,0,70.97343847,65.848171,0.294725814,-2.128026276,554,29.6,100,0,23.5,0,1.131
754.392,0.005442141,0,70.93512256,65.80983092,0.301199209,-2.03637529,554,29.6,100,0,23.5,0,1.131
754.492,0.005442141,0,70.93512256,65.83858602,0.314146001,-2.084193195,554,29.6,100,0,23.5,0,1.131
754.592,0.005561741,0,70.90638553,65.83858602,0.288252418,-2.064269068,554,29.6,100,0,23.5,0,1.131
754.692,0.005482008,0,70.91596455,65.82900101,0.297962512,-2.104117323,554,29.6,100,0,23.5,0,1.131
754.792,0.005521875,0,70.92554356,65.82900101,0.288252418,-2.175844182,554,29.6,100,0,23.5,0,1.131
754.892,0.005521875,0,70.91596455,65.82900101,0.317382699,-2.151935229,554,29.6,100,0,23.5,0,1.131
754.992,0.005402275,0,70.91596455,65.80024585,0.327092792,-2.199753134,554,29.6,100,0,23.5,0,1.131
755.092,0.005482008,0,70.92554356,65.80024585,0.28501572,-2.104117323,554,29.6,100,0,23.5,0,1.131
755.192,0.005442141,0,70.89680649,65.79066074,0.333566188,-2.08020837,554,29.6,100,0,23.5,0,1.131
755.292,0.005482008,0,70.89680649,65.79066074,0.297962512,-2.143965578,554,29.6,100,0,23.5,0,1.131
755.392,0.005521875,0,70.88722745,65.79066074,0.265595533,-2.175844182,551,29.6,100,0,23.5,0,1.131
755.492,0.005402275,0,70.86806933,65.77149047,0.297962512,-2.052314592,551,29.6,100,0,23.5,0,1.131
755.592,0.005521875,0,70.87764839,65.81941598,0.281779023,-2.120056625,551,29.6,100,0,23.5,0,1.131
755.692,0.005482008,0,70.86806933,65.79066074,0.297962512,-2.135995927,551,29.6,100,0,23.5,0,1.131
755.792,0.005442141,0,70.85849025,65.78107562,0.333566188,-2.135995927,551,29.6,100,0,23.5,0,1.131
755.892,0.005442141,0,70.84891116,65.77149047,0.320619396,-2.135995927,551,29.6,100,0,23.5,0,1.131
755.992,0.005442141,0,70.84891116,65.77149047,0.272068929,-2.12404145,551,29.6,100,0,23.5,0,1.131
756.092,0.005482008,0,70.83933207,65.7619053,0.262358836,-2.12404145,551,29.6,100,0,23.5,0,1.131
756.192,0.005442141,0,70.83933207,65.7619053,0.314146001,-2.104117323,551,29.6,100,0,23.5,0,1.131
756.292,0.005482008,0,70.82017384,65.7523201,0.288252418,-2.03637529,551,29.6,100,0,23.5,0,1.131
756.392,0.005482008,0,70.81059471,65.7523201,0.307672605,-2.112086974,551,29.6,100,0,23.5,0,1.131
756.492,0.005482008,0,70.80101557,65.74273488,0.307672605,-2.132011101,545,29.6,100,0,23.5,0,1.131
756.592,0.005482008,0,70.80101557,65.7619053,0.278542325,-2.096147672,545,29.6,100,0,23.5,0,1.131
756.692,0.005482008,0,70.79143642,65.73314964,0.304435907,-2.120056625,545,29.6,100,0,23.5,0,1.131
756.792,0.005482008,0,70.79143642,65.7523201,0.320619396,-2.040360115,545,29.6,100,0,23.5,0,1.131
756.892,0.005482008,0,70.78185725,65.71397908,0.349749677,-2.108102148,545,29.6,100,0,23.5,0,1.131
756.992,0.005482008,0,70.78185725,65.71397908,0.281779023,-2.175844182,545,29.6,100,0,23.5,0,1.131
757.092,0.005442141,0,70.78185725,65.70439377,0.25588544,-2.128026276,545,29.6,100,0,23.5,0,1.131
757.192,0.005402275,0,70.78185725,65.70439377,0.314146001,-2.132011101,545,29.6,100,0,23.5,0,1.131
757.292,0.005402275,0,70.77227808,65.70439377,0.28501572,-2.179829007,545,29.6,100,0,23.5,0,1.131
757.392,0.005402275,0,70.7531197,65.70439377,0.233228555,-2.147950403,545,29.6,100,0,23.5,0,1.131
757.492,0.005521875,0,70.76269889,65.67563769,0.294725814,-2.056299417,545,29.6,100,0,23.5,0,1.131
757.592,0.005442141,0,70.72438205,65.67563769,0.294725814,-2.024420813,543,29.6,100,0,23.5,0,1.131
757.692,0.005402275,0,70.74354049,65.66605228,0.278542325,-2.128026276,543,29.6,100,0,23.5,0,1.131
757.792,0.005402275,0,70.72438205,65.66605228,0.275305627,-2.092162846,543,29.6,100,0,23.5,0,1.131
757.892,0.005442141,0,70.73396128,65.65646685,0.28501572,-2.052314592,543,29.6,100,0,23.5,0,1.131
757.992,0.005402275,0,70.73396128,65.67563769,0.346512979,-2.044344941,543,29.6,100,0,23.5,0,1.131
758.092,0.005402275,0,70.73396128,65.66605228,0.310909303,-2.072238719,543,29.6,100,0,23.5,0,1.131
758.192,0.005442141,0,70.69564429,65.65646685,0.275305627,-2.108102148,543,29.6,100,0,23.5,0,1.131
758.292,0.005482008,0,70.71480281,65.65646685,0.33032949,-2.147950403,543,29.6,100,0,23.5,0,1.131
758.392,0.005442141,0,70.71480281,65.63729591,0.278542325,-2.151935229,543,29.6,100,0,23.5,0,1.131
758.492,0.005482008,0,70.69564429,65.61812488,0.25588544,-2.068253894,543,29.6,100,0,23.5,0,1.131
758.592,0.005362408,0,70.68606502,65.61812488,0.317382699,-2.211707611,543,29.6,100,0,23.5,0,1.131
758.692,0.005482008,0,70.66690644,65.61812488,0.275305627,-2.064269068,543,29.6,100,0,23.5,0,1.131
758.792,0.005402275,0,70.67648574,65.62771041,0.28501572,-1.992542209,543,29.6,100,0,23.5,0,1.131
758.892,0.005322542,0,70.68606502,65.62771041,0.275305627,-2.100132497,543,29.6,100,0,23.5,0,1.131
758.992,0.005482008,0,70.66690644,65.61812488,0.281779023,-2.128026276,543,29.6,100,0,23.5,0,1.131
759.092,0.005402275,0,70.66690644,65.61812488,0.28501572,-2.100132497,543,29.6,100,0,23.5,0,1.131
759.192,0.005482008,0,70.64774782,65.60853933,0.310909303,-2.092162846,543,29.6,100,0,23.5,0,1.131
759.292,0.005482008,0,70.64774782,65.57978253,0.252648742,-2.143965578,543,29.6,100,0,23.5,0,1.131
759.392,0.005362408,0,70.63816849,65.59895375,0.294725814,-2.056299417,543,29.6,100,0,23.5,0,1.13
759.492,0.005442141,0,70.62858915,65.56061121,0.304435907,-2.120056625,543,29.6,100,0,23.5,0,1.13
759.592,0.005402275,0,70.63816849,65.56061121,0.294725814,-2.084193195,543,29.6,100,0,23.5,0,1.13
759.692,0.005362408,0,70.62858915,65.59895375,0.288252418,-2.112086974,543,29.6,100,0,23.5,0,1.13
759.792,0.005521875,0,70.6190098,65.56061121,0.28501572,-2.143965578,543,29.6,100,0,23.5,0,1.13
759.892,0.005442141,0,70.6190098,65.56061121,0.310909303,-2.151935229,543,29.6,100,0,23.5,0,1.13
759.992,0.005442141,0,70.6190098,65.55102551,0.317382699,-2.15990488,543,29.6,100,0,23.5,0,1.13
760.092,0.005442141,0,70.59027168,65.57978253,0.265595533,-2.096147672,543,29.6,100,0,23.5,0,1.13
760.192,0.005322542,0,70.59985106,65.56061121,0.281779023,-2.155920054,543,29.6,100,0,23.5,0,1.13
760.292,0.005442141,0,70.58069228,65.54143979,0.291489116,-2.076223545,543,29.6,100,0,23.5,0,1.13
760.392,0.005482008,0,70.58069228,65.53185404,0.304435907,-1.992542209,543,29.6,100,0,23.5,0,1.13
760.492,0.005402275,0,70.57111287,65.55102551,0.25588544,-2.128026276,543,29.6,100,0,23.5,0,1.13
760.592,0.005482008,0,70.58069228,65.53185404,0.310909303,-2.104117323,543,29.6,100,0,23.5,0,1.13
760.692,0.005521875,0,70.57111287,65.50309667,0.294725814,-2.120056625,543,29.6,100,0,23.5,0,1.13
760.792,0.005442141,0,70.57111287,65.51268248,0.320619396,-2.060284243,543,29.6,100,0,23.5,0,1.13
760.892,0.005402275,0,70.53279513,65.53185404,0.268832231,-2.052314592,543,29.6,100,0,23.5,0,1.13
760.992,0.005402275,0,70.53279513,65.50309667,0.291489116,-2.163889705,543,29.6,100,0,23.5,0,1.13
761.092,0.005402275,0,70.53279513,65.50309667,0.291489116,-2.143965578,543,29.6,100,0,23.5,0,1.13
761.192,0.005402275,0,70.53279513,65.52226828,0.291489116,-2.048329766,543,29.6,100,0,23.5,0,1.13
761.292,0.005402275,0,70.51363618,65.47433907,0.25588544,-2.096147672,543,29.6,100,0,23.5,0,1.13
761.392,0.005402275,0,70.52321566,65.50309667,0.304435907,-2.076223545,543,29.6,100,0,23.5,0,1.13
761.492,0.005402275,0,70.51363618,65.50309667,0.304435907,-2.088178021,543,29.6,100,0,23.5,0,1.13
761.592,0.005442141,0,70.48489768,65.46475316,0.278542325,-2.064269068,543,29.6,100,0,23.5,0,1.13
761.692,0.005362408,0,70.49447719,65.48392496,0.320619396,-2.084193195,543,29.6,100,0,23.5,0,1.13
761.792,0.005402275,0,70.48489768,65.46475316,0.288252418,-2.048329766,543,29.6,100,0,23.5,0,1.13
761.892,0.005442141,0,70.49447719,65.46475316,0.314146001,-2.088178021,543,29.6,100,0,23.5,0,1.13
761.992,0.005402275,0,70.45615908,65.44558126,0.323856094,-2.088178021,539,29.6,100,0,23.5,0,1.13
762.092,0.005362408,0,70.47531816,65.47433907,0.291489116,-2.12404145,539,29.6,100,0,23.5,0,1.13
762.192,0.005442141,0,70.46573862,65.44558126,0.246175347,-2.064269068,539,29.6,100,0,23.5,0,1.13
762.292,0.005362408,0,70.46573862,65.42640926,0.314146001,-2.072238719,539,29.6,100,0,23.5,0,1.13
762.392,0.005402275,0,70.46573862,65.44558126,0.275305627,-2.060284243,539,29.6,100,0,23.5,0,1.13
762.492,0.005322542,0,70.49447719,65.43599527,0.252648742,-2.056299417,539,29.6,100,0,23.5,0,1.13
762.592,0.005402275,0,70.45615908,65.42640926,0.236465253,-2.12404145,539,29.6,100,0,23.5,0,1.13
762.692,0.005402275,0,70.43699995,65.42640926,0.281779023,-2.20373796,539,29.6,100,0,23.5,0,1.13
762.792,0.005362408,0,70.43699995,65.41682322,0.281779023,-2.092162846,539,29.6,100,0,23.5,0,1.13
762.892,0.005482008,0,70.41784077,65.42640926,0.323856094,-2.03637529,539,29.6,100,0,23.5,0,1.131
762.992,0.005362408,0,70.44657952,65.40723716,0.259122138,-2.235616564,539,29.6,100,0,23.5,0,1.131
763.092,0.005402275,0,70.43699995,65.38806497,0.310909303,-2.032390464,535,29.6,100,0,23.5,0,1.131
763.192,0.005362408,0,70.40826117,65.36889268,0.327092792,-2.132011101,535,29.6,100,0,23.5,0,1.131
763.292,0.005362408,0,70.41784077,65.39765108,0.291489116,-2.147950403,535,29.6,100,0,23.5,0,1.131
763.392,0.005362408,0,70.41784077,65.38806497,0.268832231,-2.088178021,535,29.6,100,0,23.5,0,1.131
763.492,0.005482008,0,70.40826117,65.38806497,0.356223072,-2.08020837,535,29.6,100,0,23.5,0,1.131
763.592,0.005482008,0,70.39868155,65.36889268,0.265595533,-2.088178021,535,29.6,100,0,23.5,0,1.131
763.692,0.005402275,0,70.39868155,65.34972029,0.33032949,-2.116071799,535,29.6,100,0,23.5,0,1.131
763.792,0.005402275,0,70.40826117,65.39765108,0.288252418,-2.056299417,535,29.6,100,0,23.5,0,1.131
763.892,0.005442141,0,70.36994263,65.34972029,0.310909303,-2.104117323,535,29.6,100,0,23.5,0,1.131
763.992,0.005282675,0,70.36994263,65.34013405,0.301199209,-2.084193195,535,29.6,100,0,23.5,0,1.131
764.092,0.005362408,0,70.3412036,65.3305478,0.310909303,-2.052314592,535,29.6,100,0,23.5,0,1.131
764.192,0.005442141,0,70.35078329,65.34972029,0.297962512,-2.072238719,537,29.6,100,0,23.5,0,1.131
764.292,0.005402275,0,70.3316239,65.35930649,0.275305627,-2.104117323,537,29.6,100,0,23.5,0,1.131
764.392,0.005442141,0,70.3412036,65.31137521,0.291489116,-2.100132497,537,29.6,100,0,23.5,0,1.131
764.492,0.005362408,0,70.32204418,65.3305478,0.275305627,-2.088178021,537,29.6,100,0,23.5,0,1.131
764.592,0.005362408,0,70.32204418,65.30178888,0.304435907,-2.112086974,537,29.6,100,0,23.5,0,1.131
764.692,0.005362408,0,70.30288472,65.31137521,0.275305627,-2.108102148,537,29.6,100,0,23.5,0,1.131
764.792,0.005402275,0,70.30288472,65.34972029,0.304435907,-2.012466337,537,29.6,100,0,23.5,0,1.131
764.892,0.005362408,0,70.31246446,65.31137521,0.307672605,-2.088178021,537,29.6,100,0,23.5,0,1.131
764.992,0.005362408,0,70.30288472,65.29220252,0.310909303,-2.092162846,537,29.6,100,0,23.5,0,1.131
765.092,0.005402275,0,70.28372521,65.29220252,0.307672605,-2.028405639,537,29.6,100,0,23.5,0,1.131
765.192,0.005322542,0,70.28372521,65.29220252,0.259122138,-2.128026276,537,29.6,100,0,23.5,0,1.131
765.292,0.005402275,0,70.28372521,65.28261614,0.294725814,-2.120056625,538,29.6,100,0,23.5,0,1.131
765.392,0.005442141,0,70.27414544,65.29220252,0.28501572,-2.128026276,538,29.6,100,0,23.5,0,1.131
765.492,0.005322542,0,70.26456565,65.29220252,0.294725814,-2.104117323,538,29.6,100,0,23.5,0,1.131
765.592,0.005402275,0,70.26456565,65.27302974,0.268832231,-2.135995927,538,29.6,100,0,23.5,0,1.131
765.692,0.005362408,0,70.27414544,65.26344331,0.25588544,-2.08020837,538,29.6,100,0,23.5,0,1.131
765.792,0.005322542,0,70.24540604,65.27302974,0.304435907,-2.068253894,538,29.6,100,0,23.5,0,1.131
765.892,0.005402275,0,70.26456565,65.27302974,0.278542325,-2.120056625,538,29.6,100,0,23.5,0,1.131
765.992,0.005322542,0,70.24540604,65.23468387,0.288252418,-2.15990488,538,29.6,100,0,23.5,0,1.131
766.092,0.005322542,0,70.24540604,65.24427037,0.28501572,-2.104117323,538,29.6,100,0,23.5,0,1.131
766.192,0.005282675,0,70.21666654,65.25385685,0.265595533,-2.116071799,538,29.6,100,0,23.5,0,1.131
766.292,0.005362408,0,70.23582622,65.23468387,0.307672605,-2.112086974,538,29.6,100,0,23.5,0,1.131
766.392,0.005402275,0,70.21666654,65.21551078,0.278542325,-2.143965578,538,29.6,100,0,23.5,0,1.131
766.492,0.005322542,0,70.19750681,65.22509734,0.291489116,-2.092162846,538,29.6,100,0,23.5,0,1.131
766.592,0.005322542,0,70.18792693,65.20592421,0.236465253,-2.00051186,538,29.6,100,0,23.5,0,1.131
766.692,0.005362408,0,70.20708668,65.20592421,0.301199209,-2.092162846,538,29.6,100,0,23.5,0,1.131
766.792,0.005322542,0,70.19750681,65.22509734,0.28501572,-2.108102148,538,29.6,100,0,23.5,0,1.131
766.892,0.005282675,0,70.16876712,65.22509734,0.317382699,-2.084193195,538,29.6,100,0,23.5,0,1.131
766.992,0.005402275,0,70.16876712,65.1963376,0.301199209,-2.108102148,538,29.6,100,0,23.5,0,1.131
767.092,0.005402275,0,70.16876712,65.1963376,0.297962512,-2.143965578,538,29.6,100,0,23.5,0,1.131
767.192,0.005362408,0,70.16876712,65.1963376,0.297962512,-2.048329766,538,29.6,100,0,23.5,0,1.131
767.292,0.005442141,0,70.18792693,65.15799093,0.246175347,-2.040360115,538,29.6,100,0,23.5,0,1.131
767.392,0.005402275,0,70.16876712,65.16757764,0.307672605,-2.028405639,538,29.6,100,0,23.5,0,1.131
767.492,0.005282675,0,70.1591872,65.17716432,0.33032949,-2.068253894,538,29.6,100,0,23.5,0,1.131
767.592,0.005402275,0,70.14960727,65.15799093,0.233228555,-2.139980752,537,29.6,100,0,23.5,0,1.131
767.692,0.005362408,0,70.1591872,65.1484042,0.278542325,-2.092162846,537,29.6,100,0,23.5,0,1.131
767.792,0.005322542,0,70.14002732,65.15799093,0.265595533,-2.072238719,537,29.6,100,0,23.5,0,1.131
767.892,0.005322542,0,70.12086739,65.15799093,0.259122138,-2.112086974,537,29.6,100,0,23.5,0,1.131
767.992,0.005282675,0,70.14002732,65.13881745,0.281779023,-2.08020837,537,29.6,100,0,23.5,0,1.131
768.092,0.005402275,0,70.12086739,65.13881745,0.259122138,-2.008481511,537,29.6,100,0,23.5,0,1.131
768.192,0.005402275,0,70.11128741,65.12923067,0.304435907,-2.147950403,537,29.6,100,0,23.5,0,1.131
768.292,0.005322542,0,70.07296735,65.12923067,0.297962512,-2.116071799,537,29.6,100,0,23.5,0,1.131
768.392,0.005322542,0,70.09212741,65.13881745,0.259122138,-2.084193195,537,29.6,100,0,23.5,0,1.131
768.492,0.005362408,0,70.07296735,65.10047018,0.297962512,-2.008481511,537,29.6,100,0,23.5,0,1.131
768.592,0.005362408,0,70.08254738,65.10047018,0.291489116,-2.020435988,537,29.6,100,0,23.5,0,1.131
768.692,0.005322542,0,70.07296735,65.10047018,0.310909303,-2.076223545,539,29.6,100,0,23.5,0,1.131
768.792,0.005282675,0,70.07296735,65.11964386,0.297962512,-2.151935229,539,29.6,100,0,23.5,0,1.131
768.892,0.005282675,0,70.05380724,65.10047018,0.323856094,-2.132011101,539,29.6,100,0,23.5,0,1.131
768.992,0.005282675,0,70.03464709,65.0908833,0.304435907,-2.064269068,539,29.6,100,0,23.5,0,1.131
769.092,0.005322542,0,70.07296735,65.11005703,0.259122138,-2.116071799,539,29.6,100,0,23.5,0,1.131
769.192,0.005322542,0,70.04422717,65.08129639,0.28501572,-2.120056625,539,29.6,100,0,23.5,0,1.131
769.292,0.005402275,0,70.05380724,65.0908833,0.314146001,-2.096147672,539,29.6,100,0,23.5,0,1.131
769.392,0.005322542,0,70.03464709,65.08129639,0.301199209,-2.15990488,539,29.6,100,0,23.5,0,1.131
769.492,0.005362408,0,70.04422717,65.07170946,0.288252418,-2.139980752,539,29.6,100,0,23.5,0,1.131
769.592,0.005322542,0,70.02506699,65.07170946,0.281779023,-2.040360115,539,29.6,100,0,23.5,0,1.131
769.692,0.005362408,0,70.02506699,65.0621225,0.259122138,-2.112086974,539,29.6,100,0,23.5,0,1.131
769.792,0.005242808,0,69.99632662,65.0621225,0.281779023,-2.12404145,542,29.6,100,0,23.5,0,1.131
769.892,0.005362408,0,69.99632662,65.05253552,0.223518462,-2.128026276,542,29.6,100,0,23.5,0,1.13
769.992,0.005322542,0,70.00590676,65.04294851,0.272068929,-2.016451162,542,29.6,100,0,23.5,0,1.13
770.092,0.005322542,0,69.99632662,65.07170946,0.297962512,-2.108102148,542,29.6,100,0,23.5,0,1.13
770.192,0.005322542,0,69.97716631,65.03336148,0.281779023,-2.167874531,542,29.6,100,0,23.5,0,1.13
770.292,0.005322542,0,69.98674647,65.02377442,0.246175347,-2.040360115,542,29.6,100,0,23.5,0,1.13
770.392,0.005362408,0,69.97716631,65.03336148,0.297962512,-2.151935229,542,29.6,100,0,23.5,0,1.13
770.492,0.005322542,0,69.96758614,65.02377442,0.307672605,-2.104117323,542,29.6,100,0,23.5,0,1.13
770.592,0.005322542,0,69.95800595,65.02377442,0.252648742,-2.08020837,542,29.6,100,0,23.5,0,1.13
770.692,0.005362408,0,69.98674647,64.98542593,0.288252418,-2.147950403,542,29.6,100,0,23.5,0,1.13
770.792,0.005362408,0,69.93884554,65.00460023,0.262358836,-2.00051186,542,29.6,100,0,23.5,0,1.13
770.892,0.005362408,0,69.93884554,64.98542593,0.272068929,-2.072238719,546,29.6,100,0,23.5,0,1.13
770.992,0.005242808,0,69.93884554,64.96625154,0.288252418,-2.076223545,546,29.6,100,0,23.5,0,1.13
771.092,0.005322542,0,69.91968507,64.99501309,0.28501572,-2.104117323,546,29.6,100,0,23.5,0,1.13
771.192,0.005242808,0,69.93884554,64.97583875,0.291489116,-2.052314592,546,29.6,100,0,23.5,0,1.13
771.292,0.005362408,0,69.90052455,64.99501309,0.281779023,-2.088178021,546,29.6,100,0,23.5,0,1.13
771.392,0.005282675,0,69.92926531,64.96625154,0.229991857,-1.932769827,546,29.6,100,0,23.5,0,1.13
771.492,0.005362408,0,69.90052455,64.94707704,0.297962512,-2.08020837,546,29.6,100,0,23.5,0,1.13
771.592,0.005362408,0,69.90052455,64.98542593,0.307672605,-2.048329766,546,29.6,100,0,23.5,0,1.13
771.692,0.005242808,0,69.86220336,64.98542593,0.275305627,-2.068253894,546,29.6,100,0,23.5,0,1.131
771.792,0.005322542,0,69.87178368,64.97583875,0.291489116,-2.096147672,546,29.6,100,0,23.5,0,1.131
771.892,0.005242808,0,69.89094427,64.93748975,0.272068929,-2.104117323,546,29.6,100,0,23.5,0,1.131
771.992,0.005282675,0,69.87178368,64.89914034,0.278542325,-2.116071799,548,29.6,100,0,23.5,0,1.131
772.092,0.005242808,0,69.88136398,64.92790243,0.323856094,-2.12404145,548,29.6,100,0,23.5,0,1.131
772.192,0.005282675,0,69.86220336,64.93748975,0.249412044,-2.096147672,548,29.6,100,0,23.5,0,1.131
772.292,0.005242808,0,69.82388196,64.94707704,0.272068929,-1.984572558,548,29.6,100,0,23.5,0,1.131
772.392,0.005282675,0,69.84304268,64.89914034,0.278542325,-2.040360115,548,29.6,100,0,23.5,0,1.131
772.492,0.005322542,0,69.83346233,64.91831509,0.301199209,-2.016451162,548,29.6,100,0,23.5,0,1.131
772.592,0.005282675,0,69.83346233,64.90872773,0.307672605,-2.016451162,548,29.6,100,0,23.5,0,1.131
772.692,0.005242808,0,69.82388196,64.88955292,0.28501572,-2.068253894,548,29.2,100,0,23.5,0,1.131
772.792,0.005282675,0,69.82388196,64.90872773,0.268832231,-2.179829007,548,29.2,100,0,23.5,0,1.131
772.892,0.005282675,0,69.83346233,64.88955292,0.278542325,-2.120056625,548,29.2,100,0,23.5,0,1.131
772.992,0.005242808,0,69.80472117,64.89914034,0.294725814,-2.052314592,548,29.2,100,0,23.5,0,1.131
773.092,0.005123209,0,69.78556034,64.90872773,0.301199209,-2.088178021,550,29.2,100,0,23.5,0,1.131
773.192,0.005202942,0,69.80472117,64.89914034,0.252648742,-2.147950403,550,29.2,100,0,23.5,0,1.131
773.292,0.005322542,0,69.78556034,64.86079051,0.281779023,-2.048329766,550,29.2,100,0,23.5,0,1.131
773.392,0.005242808,0,69.82388196,64.86079051,0.301199209,-2.132011101,550,29.2,100,0,23.5,0,1.131
773.492,0.005282675,0,69.76639945,64.87037801,0.262358836,-2.096147672,550,29.2,100,0,23.5,0,1.131
773.592,0.005282675,0,69.79514076,64.87037801,0.327092792,-2.008481511,550,29.2,100,0,23.5,0,1.131
773.692,0.005202942,0,69.7759799,64.84161545,0.297962512,-2.128026276,550,29.2,100,0,23.5,0,1.131
773.792,0.005362408,0,69.74723851,64.83202787,0.275305627,-2.048329766,550,29.2,100,0,23.5,0,1.131
773.892,0.005202942,0,69.76639945,64.83202787,0.28501572,-1.984572558,550,29.2,100,0,23.5,0,1.131
773.992,0.005282675,0,69.73765802,64.84161545,0.288252418,-2.076223545,550,29.2,100,0,23.5,0,1.131
774.092,0.005202942,0,69.76639945,64.81285265,0.259122138,-2.112086974,550,29.2,100,0,23.5,0,1.131
774.192,0.005282675,0,69.72807751,64.83202787,0.259122138,-2.040360115,551,29.2,100,0,23.5,0,1.131
774.292,0.005163075,0,69.74723851,64.83202787,0.291489116,-2.096147672,551,29.2,100,0,23.5,0,1.131
774.392,0.005362408,0,69.718497,64.81285265,0.233228555,-2.139980752,551,29.2,100,0,23.5,0,1.131
774.492,0.005202942,0,69.73765802,64.803265,0.307672605,-2.12404145,551,29.2,100,0,23.5,0,1.131
774.592,0.005282675,0,69.70891646,64.79367733,0.272068929,-2.128026276,551,29.2,100,0,23.5,0,1.131
774.692,0.005242808,0,69.72807751,64.78408962,0.301199209,-2.060284243,551,29.2,100,0,23.5,0,1.131
774.792,0.005242808,0,69.72807751,64.79367733,0.249412044,-2.020435988,551,29.2,100,0,23.5,0,1.131
774.892,0.005202942,0,69.68975536,64.79367733,0.340039583,-2.139980752,551,29.2,100,0,23.5,0,1.131
774.992,0.005282675,0,69.69933592,64.79367733,0.252648742,-2.048329766,551,29.2,100,0,23.5,0,1.131
775.092,0.005163075,0,69.68975536,64.76491414,0.310909303,-2.116071799,551,29.2,100,0,23.5,0,1.131
775.192,0.005242808,0,69.6610136,64.7745019,0.246175347,-2.08020837,551,29.2,100,0,23.5,0,1.131
775.292,0.005362408,0,69.65143299,64.7745019,0.272068929,-2.060284243,553,29.2,100,0,23.5,0,1.131
775.392,0.005242808,0,69.6705942,64.78408962,0.304435907,-2.03637529,553,29.2,100,0,23.5,0,1.131
775.492,0.005202942,0,69.6610136,64.7745019,0.249412044,-2.032390464,553,29.2,100,0,23.5,0,1.131
775.592,0.005282675,0,69.6610136,64.75532636,0.25588544,-2.100132497,553,29.2,100,0,23.5,0,1.131
775.692,0.005202942,0,69.62269106,64.75532636,0.28501572,-2.151935229,553,29.2,100,0,23.5,0,1.131
775.792,0.005202942,0,69.63227172,64.74573855,0.281779023,-2.155920054,553,29.2,100,0,23.5,0,1.131
775.892,0.005202942,0,69.62269106,64.71697498,0.28501572,-2.064269068,553,29.2,100,0,23.5,0,1.131
775.992,0.005282675,0,69.63227172,64.73615072,0.262358836,-2.084193195,553,29.2,100,0,23.5,0,1.131
776.092,0.005163075,0,69.62269106,64.71697498,0.278542325,-2.108102148,553,29.2,100,0,23.5,0,1.131
776.192,0.005282675,0,69.63227172,64.72656286,0.275305627,-2.108102148,553,29.2,100,0,23.5,0,1.131
776.292,0.005242808,0,69.61311039,64.73615072,0.262358836,-2.032390464,553,29.2,100,0,23.5,0,1.131
776.392,0.005242808,0,69.63227172,64.69779913,0.301199209,-2.08020837,555,29.2,100,0,23.5,0,1.131
776.492,0.005202942,0,69.60352971,64.70738706,0.294725814,-1.984572558,555,29.2,100,0,23.5,0,1.131
776.592,0.005322542,0,69.59394902,64.69779913,0.246175347,-2.096147672,555,29.2,100,0,23.5,0,1.131
776.692,0.005242808,0,69.57478758,64.67862317,0.265595533,-2.08020837,555,29.2,100,0,23.5,0,1.131
776.792,0.005163075,0,69.59394902,64.69779913,0.278542325,-1.976602907,555,29.2,100,0,23.5,0,1.131
776.892,0.005242808,0,69.57478758,64.67862317,0.291489116,-2.040360115,555,29.2,100,0,23.5,0,1.13
776.992,0.005282675,0,69.57478758,64.67862317,0.291489116,-2.044344941,555,29.2,100,0,23.5,0,1.13
777.092,0.005242808,0,69.57478758,64.67862317,0.262358836,-1.988557384,555,29.2,100,0,23.5,0,1.13
777.192,0.005163075,0,69.55562609,64.66903516,0.278542325,-2.064269068,555,29.2,100,0,23.5,0,1.13
777.292,0.005242808,0,69.56520684,64.67862317,0.291489116,-2.084193195,555,29.2,100,0,23.5,0,1.13
777.392,0.005282675,0,69.52688375,64.67862317,0.314146001,-1.992542209,555,29.2,100,0,23.5,0,1.13
777.492,0.005202942,0,69.52688375,64.66903516,0.304435907,-1.968633257,552,29.2,100,0,23.5,0,1.13
777.592,0.005163075,0,69.53646455,64.66903516,0.278542325,-2.143965578,552,29.2,100,0,23.5,0,1.13
777.692,0.005242808,0,69.53646455,64.64985904,0.262358836,-2.116071799,552,29.2,100,0,23.5,0,1.13
777.792,0.005202942,0,69.53646455,64.65944711,0.291489116,-2.032390464,552,29.2,100,0,23.5,0,1.13
777.892,0.005282675,0,69.50772212,64.65944711,0.262358836,-2.112086974,552,29.2,100,0,23.5,0,1.13
777.992,0.005163075,0,69.49814129,64.64985904,0.294725814,-2.00051186,552,29.2,100,0,23.5,0,1.13
778.092,0.005163075,0,69.49814129,64.63068282,0.262358836,-2.072238719,552,29.2,100,0,23.5,0,1.13
778.192,0.005202942,0,69.49814129,64.63068282,0.310909303,-2.096147672,552,29.2,100,0,23.5,0,1.13
778.292,0.005202942,0,69.46939869,64.6115065,0.278542325,-2.084193195,552,29.2,100,0,23.5,0,1.13
778.392,0.005163075,0,69.48856044,64.6019183,0.320619396,-2.076223545,552,29.2,100,0,23.5,0,1.13
778.492,0.005242808,0,69.47897957,64.58274182,0.281779023,-2.00051186,552,29.2,100,0,23.5,0,1.13
778.592,0.005282675,0,69.47897957,64.59233007,0.317382699,-2.068253894,550,29.2,100,0,23.5,0,1.13
778.692,0.005163075,0,69.4598178,64.62109468,0.281779023,-2.028405639,550,29.2,100,0,23.5,0,1.13
778.792,0.005242808,0,69.43107504,64.59233007,0.281779023,-2.128026276,550,29.2,100,0,23.5,0,1.13
778.892,0.005202942,0,69.44065597,64.58274182,0.288252418,-2.052314592,550,29.2,100,0,23.5,0,1.13
778.992,0.005242808,0,69.4598178,64.58274182,0.28501572,-2.12404145,550,29.2,100,0,23.5,0,1.13
779.092,0.005242808,0,69.43107504,64.55397689,0.281779023,-2.008481511,550,29.2,100,0,23.5,0,1.13
779.192,0.005083342,0,69.43107504,64.58274182,0.28501572,-2.076223545,550,29.2,100,0,23.5,0,1.13
779.292,0.005202942,0,69.40233215,64.55397689,0.275305627,-1.960663606,550,29.2,100,0,23.5,0,1.13
779.392,0.005202942,0,69.38317015,64.52521173,0.210571671,-2.108102148,550,29.2,100,0,23.5,0,1.13
779.492,0.005202942,0,69.43107504,64.55397689,0.272068929,-2.088178021,550,29.2,100,0,23.5,0,1.13
779.592,0.005242808,0,69.39275116,64.55397689,0.291489116,-2.064269068,550,29.2,100,0,23.5,0,1.13
779.692,0.005282675,0,69.42149409,64.55397689,0.294725814,-2.032390464,549,29.2,100,0,23.5,0,1.13
779.792,0.005202942,0,69.37358913,64.53480014,0.304435907,-2.084193195,549,29.2,100,0,23.5,0,1.13
779.892,0.005083342,0,69.38317015,64.52521173,0.320619396,-2.072238719,549,29.2,100,0,23.5,0,1.13
779.992,0.005242808,0,69.38317015,64.52521173,0.25588544,-2.008481511,549,29.2,100,0,23.5,0,1.13
780.092,0.005202942,0,69.35442704,64.50603482,0.291489116,-2.15990488,549,29.2,100,0,23.5,0,1.13
780.192,0.005083342,0,69.39275116,64.54438853,0.291489116,-2.112086974,549,29.2,100,0,23.5,0,1.131
780.292,0.005202942,0,69.37358913,64.51562328,0.246175347,-2.084193195,549,29.2,100,0,23.5,0,1.131
780.392,0.005242808,0,69.37358913,64.50603482,0.291489116,-2.032390464,549,29.2,100,0,23.5,0,1.131
780.492,0.005163075,0,69.34484598,64.4868578,0.28501572,-2.128026276,549,29.2,100,0,23.5,0,1.131
780.592,0.005202942,0,69.3352649,64.50603482,0.291489116,-2.120056625,549,29.2,100,0,23.5,0,1.131
780.692,0.005202942,0,69.34484598,64.50603482,0.268832231,-2.112086974,549,29.2,100,0,23.5,0,1.131
780.792,0.005202942,0,69.32568381,64.50603482,0.262358836,-2.040360115,547,29.2,100,0,23.5,0,1.131
780.892,0.005202942,0,69.3161027,64.4868578,0.281779023,-2.116071799,547,29.2,100,0,23.5,0,1.131
780.992,0.005123209,0,69.3161027,64.4868578,0.288252418,-2.040360115,547,29.2,100,0,23.5,0,1.131
781.092,0.005163075,0,69.32568381,64.4868578,0.304435907,-2.064269068,547,29.2,100,0,23.5,0,1.131
781.192,0.005163075,0,69.30652157,64.45809207,0.259122138,-2.100132497,547,29.2,100,0,23.5,0,1.131
781.292,0.005163075,0,69.30652157,64.46768067,0.272068929,-2.135995927,547,29.2,100,0,23.5,0,1.131
781.392,0.005242808,0,69.3161027,64.4293261,0.249412044,-2.040360115,547,29.2,100,0,23.5,0,1.131
781.492,0.005202942,0,69.3161027,64.44850344,0.281779023,-2.108102148,547,29.2,100,0,23.5,0,1.131
781.592,0.005202942,0,69.3161027,64.45809207,0.291489116,-2.096147672,547,29.2,100,0,23.5,0,1.131
781.692,0.005123209,0,69.27777812,64.44850344,0.259122138,-2.048329766,547,29.2,100,0,23.5,0,1.131
781.792,0.005202942,0,69.28735929,64.46768067,0.310909303,-2.040360115,547,29.2,100,0,23.5,0,1.131
781.892,0.005123209,0,69.26819694,64.45809207,0.297962512,-2.03637529,545,29.2,100,0,23.5,0,1.131
781.992,0.005202942,0,69.24903453,64.4293261,0.281779023,-2.032390464,545,29.2,100,0,23.5,0,1.131
782.092,0.005163075,0,69.25861574,64.41973739,0.265595533,-2.135995927,545,29.2,100,0,23.5,0,1.13
782.192,0.005202942,0,69.24903453,64.4293261,0.28501572,-2.068253894,545,29.2,100,0,23.5,0,1.13
782.292,0.005163075,0,69.25861574,64.41973739,0.265595533,-2.052314592,545,29.2,100,0,23.5,0,1.13
782.392,0.005123209,0,69.22987207,64.41014865,0.278542325,-2.112086974,545,29.2,100,0,23.5,0,1.13
782.492,0.005083342,0,69.22987207,64.3909711,0.278542325,-2.032390464,545,29.2,100,0,23.5,0,1.13
782.592,0.005083342,0,69.22987207,64.36220456,0.246175347,-2.028405639,545,29.2,100,0,23.5,0,1.13
782.692,0.005202942,0,69.22987207,64.40055989,0.246175347,-2.147950403,545,29.2,100,0,23.5,0,1.13
782.792,0.005163075,0,69.22987207,64.3909711,0.259122138,-2.060284243,545,29.2,100,0,23.5,0,1.13
782.892,0.005083342,0,69.22987207,64.36220456,0.265595533,-2.076223545,545,29.2,100,0,23.5,0,1.13
782.992,0.005202942,0,69.21070954,64.36220456,0.249412044,-2.048329766,544,29.2,100,0,23.5,0,1.13
783.092,0.005043475,0,69.20112826,64.38138228,0.288252418,-2.00051186,544,29.2,100,0,23.5,0,1.13
783.192,0.005163075,0,69.19154696,64.37179343,0.310909303,-2.052314592,544,29.2,100,0,23.5,0,1.13
783.292,0.005163075,0,69.19154696,64.35261566,0.310909303,-2.064269068,544,29.2,100,0,23.5,0,1.13
783.392,0.005043475,0,69.19154696,64.36220456,0.317382699,-2.044344941,544,29.2,100,0,23.5,0,1.13
783.492,0.005083342,0,69.19154696,64.35261566,0.307672605,-2.032390464,544,29.2,100,0,23.5,0,1.13
783.592,0.005163075,0,69.15322162,64.36220456,0.249412044,-2.128026276,544,29.2,100,0,23.5,0,1.13
783.692,0.005163075,0,69.17238432,64.33343778,0.268832231,-2.044344941,544,29.2,100,0,23.5,0,1.131
783.792,0.005083342,0,69.12447745,64.36220456,0.265595533,-2.088178021,544,29.2,100,0,23.5,0,1.131
783.892,0.005083342,0,69.17238432,64.31425979,0.259122138,-2.052314592,544,29.2,100,0,23.5,0,1.131
783.992,0.005123209,0,69.15322162,64.33343778,0.252648742,-2.116071799,544,29.2,100,0,23.5,0,1.131
784.092,0.005083342,0,69.12447745,64.33343778,0.252648742,-1.996527035,542,29.2,100,0,23.5,0,1.131
784.192,0.005123209,0,69.12447745,64.33343778,0.307672605,-2.116071799,542,29.2,100,0,23.5,0,1.131
784.292,0.005083342,0,69.11489603,64.27590348,0.252648742,-2.151935229,542,29.2,100,0,23.5,0,1.131
784.392,0.005163075,0,69.12447745,64.2854926,0.272068929,-1.996527035,542,29.2,100,0,23.5,0,1.131
784.492,0.005083342,0,69.11489603,64.29508169,0.288252418,-2.104117323,542,29.2,100,0,23.5,0,1.131
784.592,0.005123209,0,69.1053146,64.31425979,0.304435907,-2.132011101,542,29.2,100,0,23.5,0,1.131
784.692,0.005123209,0,69.09573315,64.27590348,0.252648742,-2.064269068,542,29.2,100,0,23.5,0,1.131
784.792,0.005083342,0,69.1053146,64.2854926,0.265595533,-2.052314592,542,29.2,100,0,23.5,0,1.131
784.892,0.005043475,0,69.1053146,64.27590348,0.278542325,-2.112086974,542,29.2,100,0,23.5,0,1.131
784.992,0.005282675,0,69.09573315,64.2854926,0.278542325,-2.076223545,542,29.2,100,0,23.5,0,1.131
785.092,0.005163075,0,69.08615168,64.25672516,0.28501572,-2.135995927,542,29.2,100,0,23.5,0,1.131
785.192,0.005163075,0,69.06698871,64.27590348,0.281779023,-2.08020837,541,29.2,100,0,23.5,0,1.131
785.292,0.005163075,0,69.08615168,64.23754673,0.242938649,-2.092162846,541,29.2,100,0,23.5,0,1.131
785.392,0.005123209,0,69.07657021,64.25672516,0.265595533,-1.952693955,541,29.2,100,0,23.5,0,1.131
785.492,0.005083342,0,69.0574072,64.23754673,0.265595533,-2.020435988,541,29.2,100,0,23.5,0,1.13
785.592,0.005083342,0,69.0574072,64.22795748,0.281779023,-2.040360115,541,29.2,100,0,23.5,0,1.13
785.692,0.005163075,0,69.06698871,64.25672516,0.22675516,-2.060284243,541,29.2,100,0,23.5,0,1.13
785.792,0.005043475,0,69.03824414,64.21836819,0.28501572,-2.024420813,541,29.2,100,0,23.5,0,1.13
785.892,0.005123209,0,69.03824414,64.22795748,0.275305627,-2.044344941,541,29.2,100,0,23.5,0,1.13
785.992,0.005083342,0,69.03824414,64.21836819,0.301199209,-2.008481511,541,29.2,100,0,23.5,0,1.13
786.092,0.005083342,0,68.99991783,64.21836819,0.323856094,-2.052314592,541,29.2,100,0,23.5,0,1.13
786.192,0.005083342,0,69.03824414,64.20877888,0.252648742,-2.139980752,541,29.2,100,0,23.5,0,1.13
786.292,0.005123209,0,69.01908101,64.20877888,0.291489116,-2.024420813,540,29.2,100,0,23.5,0,1.13
786.392,0.005163075,0,69.01908101,64.19918955,0.272068929,-2.068253894,540,29.2,100,0,23.5,0,1.13
786.492,0.005242808,0,68.99033621,64.18001079,0.281779023,-1.972618082,540,29.2,100,0,23.5,0,1.13
786.592,0.005083342,0,68.99991783,64.16083192,0.301199209,-2.100132497,540,29.2,100,0,23.5,0,1.13
786.692,0.005123209,0,68.99991783,64.20877888,0.291489116,-1.996527035,540,29.2,100,0,23.5,0,1.13
786.792,0.005123209,0,68.98075458,64.17042137,0.272068929,-1.988557384,540,29.2,100,0,23.5,0,1.13
786.892,0.005003609,0,68.97117293,64.17042137,0.28501572,-2.016451162,540,29.2,100,0,23.5,0,1.13
786.992,0.005083342,0,68.96159127,64.18960018,0.265595533,-2.060284243,540,29.2,100,0,23.5,0,1.13
787.092,0.005123209,0,68.95200959,64.15124244,0.233228555,-1.932769827,540,29.2,100,0,23.5,0,1.13
787.192,0.005123209,0,68.97117293,64.16083192,0.246175347,-1.992542209,540,29.2,100,0,23.5,0,1.131
787.292,0.005083342,0,68.9424279,64.14165294,0.25588544,-2.040360115,540,29.2,100,0,23.5,0,1.131
787.392,0.005163075,0,68.93284619,64.16083192,0.307672605,-2.048329766,541,29.2,100,0,23.5,0,1.131
787.492,0.005083342,0,68.9424279,64.15124244,0.275305627,-2.08020837,541,29.2,100,0,23.5,0,1.131
787.592,0.005163075,0,68.93284619,64.14165294,0.278542325,-2.004496686,541,29.2,100,0,23.5,0,1.131
787.692,0.005083342,0,68.95200959,64.13206341,0.278542325,-2.040360115,541,29.2,100,0,23.5,0,1.131
787.792,0.005083342,0,68.93284619,64.12247385,0.288252418,-2.088178021,541,29.2,100,0,23.5,0,1.131
787.892,0.005242808,0,68.92326446,64.13206341,0.272068929,-2.08020837,541,29.2,100,0,23.5,0,1.131
787.992,0.005242808,0,68.90410097,64.10329464,0.310909303,-2.028405639,541,29.2,100,0,23.5,0,1.131
788.092,0.005123209,0,68.93284619,64.11288426,0.259122138,-1.992542209,541,29.2,100,0,23.5,0,1.131
788.192,0.005123209,0,68.91368272,64.08411533,0.25588544,-2.104117323,541,29.2,100,0,23.5,0,1.131
788.292,0.005083342,0,68.8945192,64.10329464,0.265595533,-2.052314592,541,29.2,100,0,23.5,0,1.131
788.392,0.005043475,0,68.8945192,64.13206341,0.275305627,-2.068253894,541,29.2,100,0,23.5,0,1.131
788.492,0.005123209,0,68.88493741,64.07452563,0.275305627,-2.132011101,541,29.2,100,0,23.5,0,1.131
788.592,0.005163075,0,68.88493741,64.093705,0.268832231,-1.992542209,541,29.2,100,0,23.5,0,1.131
788.692,0.005083342,0,68.86577379,64.06493591,0.249412044,-1.976602907,541,29.2,100,0,23.5,0,1.131
788.792,0.005043475,0,68.86577379,64.093705,0.28501572,-2.08020837,541,29.2,100,0,23.5,0,1.131
788.892,0.005083342,0,68.86577379,64.08411533,0.252648742,-2.03637529,541,29.2,100,0,23.5,0,1.131
788.992,0.005043475,0,68.86577379,64.04575637,0.288252418,-2.048329766,541,29.2,100,0,23.5,0,1.131
789.092,0.005123209,0,68.82744636,64.03616656,0.291489116,-2.020435988,541,29.2,100,0,23.5,0,1.131
789.192,0.005083342,0,68.83702824,64.05534615,0.272068929,-2.03637529,541,29.2,100,0,23.5,0,1.131
789.292,0.005043475,0,68.85619196,64.04575637,0.259122138,-2.135995927,541,29.2,100,0,23.5,0,1.131
789.392,0.005123209,0,68.82744636,64.07452563,0.272068929,-2.008481511,541,29.2,100,0,23.5,0,1.131
789.492,0.005123209,0,68.81786446,64.02657672,0.242938649,-1.992542209,541,29.2,100,0,23.5,0,1.131
789.592,0.005043475,0,68.82744636,64.03616656,0.217045066,-1.95667878,542,29.2,100,0,23.5,0,1.131
789.692,0.005043475,0,68.80828255,64.03616656,0.259122138,-2.012466337,542,29.2,100,0,23.5,0,1.131
789.792,0.005083342,0,68.81786446,64.04575637,0.252648742,-2.155920054,542,29.2,100,0,23.5,0,1.131
789.892,0.005083342,0,68.80828255,64.00739696,0.288252418,-2.056299417,542,29.2,100,0,23.53125,0,1.131
789.992,0.005083342,0,68.78911868,64.00739696,0.28501572,-1.972618082,542,29.2,100,0,23.53125,0,1.131
790.092,0.005163075,0,68.79870062,64.01698686,0.252648742,-2.004496686,542,29.2,100,0,23.53125,0,1.131
790.192,0.005043475,0,68.79870062,63.98821709,0.301199209,-2.104117323,542,29.2,100,0,23.53125,0,1.131
790.292,0.005163075,0,68.79870062,64.01698686,0.242938649,-2.060284243,542,29.2,100,0,23.53125,0,1.131
790.392,0.005043475,0,68.78911868,63.99780704,0.259122138,-2.08020837,542,29.2,100,0,23.53125,0,1.131
790.492,0.005083342,0,68.77953672,63.97862711,0.272068929,-2.096147672,542,29.2,100,0,23.53125,0,1.131
790.592,0.005083342,0,68.78911868,63.97862711,0.275305627,-2.03637529,542,29.2,100,0,23.53125,0,1.131
790.692,0.005043475,0,68.76037275,63.98821709,0.278542325,-2.032390464,541,29.2,100,0,23.53125,0,1.131
790.792,0.005043475,0,68.76995474,63.97862711,0.275305627,-2.032390464,541,29.2,100,0,23.53125,0,1.131
790.892,0.005123209,0,68.76037275,63.9690371,0.291489116,-2.064269068,541,29.2,100,0,23.53125,0,1.131
790.992,0.005123209,0,68.76037275,63.94026691,0.304435907,-2.139980752,541,29.2,100,0,23.53125,0,1.131
791.092,0.005043475,0,68.76037275,63.95944707,0.236465253,-2.048329766,541,29.2,100,0,23.53125,0,1.131
791.192,0.005043475,0,68.73162668,63.95944707,0.249412044,-2.088178021,541,29.2,100,0,23.53125,0,1.131
791.292,0.005123209,0,68.73162668,63.9690371,0.278542325,-2.072238719,541,29.2,100,0,23.53125,0,1.131
791.392,0.005083342,0,68.72204462,63.94026691,0.252648742,-2.052314592,541,29.2,100,0,23.53125,0,1.131
791.492,0.005003609,0,68.70288046,63.949857,0.28501572,-1.996527035,541,29.2,100,0,23.53125,0,1.131
791.592,0.005003609,0,68.69329836,63.93067679,0.265595533,-2.056299417,541,29.2,100,0,23.53125,0,1.131
791.692,0.005083342,0,68.69329836,63.93067679,0.307672605,-2.040360115,541,29.2,100,0,23.53125,0,1.131
791.792,0.005043475,0,68.71246255,63.92108665,0.25588544,-2.143965578,539,29.2,100,0,23.53125,0,1.131
791.892,0.004963742,0,68.68371624,63.89231603,0.259122138,-2.064269068,539,29.2,100,0,23.53125,0,1.131
791.992,0.005043475,0,68.68371624,63.89231603,0.249412044,-2.024420813,539,29.2,100,0,23.53125,0,1.131
792.092,0.005043475,0,68.70288046,63.89231603,0.246175347,-2.143965578,539,29.2,100,0,23.53125,0,1.131
792.192,0.005163075,0,68.66455195,63.89231603,0.272068929,-2.052314592,539,29.2,100,0,23.53125,0,1.131
792.292,0.005003609,0,68.70288046,63.87313548,0.307672605,-2.008481511,539,29.2,100,0,23.53125,0,1.131
792.392,0.005083342,0,68.6453876,63.89231603,0.281779023,-2.00051186,539,29.2,100,0,23.53125,0,1.131
792.492,0.005083342,0,68.68371624,63.89231603,0.297962512,-1.984572558,539,29.2,100,0,23.53125,0,1.131
792.592,0.005043475,0,68.6453876,63.86354516,0.252648742,-1.984572558,539,29.2,100,0,23.53125,0,1.131
792.692,0.005003609,0,68.66455195,63.89231603,0.288252418,-2.052314592,539,29.2,100,0,23.53125,0,1.131
792.792,0.005083342,0,68.66455195,63.84436444,0.28501572,-1.928785002,539,29.2,100,0,23.53125,0,1.131
792.892,0.005003609,0,68.66455195,63.86354516,0.262358836,-2.135995927,539,29.2,100,0,23.53125,0,1.131
792.992,0.005043475,0,68.63580539,63.85395482,0.259122138,-2.028405639,539,29.2,100,0,23.5,0,1.131
793.092,0.005043475,0,68.62622318,63.86354516,0.259122138,-1.984572558,539,29.2,100,0,23.53125,0,1.131
793.192,0.005043475,0,68.63580539,63.84436444,0.291489116,-2.016451162,539,29.2,100,0,23.53125,0,1.131
793.292,0.005083342,0,68.61664094,63.81559315,0.291489116,-1.940739478,539,29.2,100,0,23.53125,0,1.131
793.392,0.005003609,0,68.59747643,63.83477404,0.291489116,-2.048329766,539,29.2,100,0,23.5,0,1.131
793.492,0.005043475,0,68.61664094,63.82518361,0.291489116,-2.084193195,539,29.2,100,0,23.5,0,1.131
793.592,0.005003609,0,68.62622318,63.83477404,0.272068929,-2.028405639,539,29.2,100,0,23.53125,0,1.131
793.692,0.005123209,0,68.59747643,63.78682159,0.272068929,-2.072238719,539,29.2,100,0,23.53125,0,1.131
793.792,0.005083342,0,68.59747643,63.82518361,0.278542325,-2.135995927,539,29.2,100,0,23.53125,0,1.131
793.892,0.005003609,0,68.59747643,63.80600266,0.272068929,-2.175844182,539,29.2,100,0,23.53125,0,1.131
793.992,0.005083342,0,68.57831184,63.77723102,0.252648742,-1.980587733,539,29.2,100,0,23.53125,0,1.131
794.092,0.005083342,0,68.57831184,63.78682159,0.249412044,-2.096147672,539,29.2,100,0,23.53125,0,1.131
794.192,0.005003609,0,68.56872953,63.79641214,0.229991857,-1.992542209,539,29.2,100,0,23.53125,0,1.131
794.292,0.005043475,0,68.5304001,63.77723102,0.288252418,-2.088178021,539,29.2,100,0,23.53125,0,1.131
794.392,0.005003609,0,68.54956485,63.77723102,0.272068929,-2.064269068,539,29.2,100,0,23.53125,0,1.131
794.492,0.005043475,0,68.54956485,63.78682159,0.310909303,-2.068253894,539,29.2,100,0,23.53125,0,1.131
794.592,0.005003609,0,68.56872953,63.77723102,0.294725814,-2.044344941,539,29.2,100,0,23.53125,0,1.131
794.692,0.005003609,0,68.5208177,63.76764041,0.278542325,-1.996527035,539,29.2,100,0,23.53125,0,1.131
794.792,0.005083342,0,68.54956485,63.76764041,0.304435907,-2.060284243,539,29.2,100,0,23.53125,0,1.131
794.892,0.005043475,0,68.53998248,63.73886843,0.262358836,-1.992542209,539,29.2,100,0,23.53125,0,1.131
794.992,0.005043475,0,68.54956485,63.73886843,0.236465253,-1.95667878,539,29.2,100,0,23.53125,0,1.131
795.092,0.005003609,0,68.53998248,63.72927771,0.275305627,-1.992542209,539,29.2,100,0,23.53125,0,1.131
795.192,0.005123209,0,68.53998248,63.74845912,0.288252418,-2.056299417,539,29.2,100,0,23.53125,0,1.131
795.292,0.005043475,0,68.5304001,63.72927771,0.28501572,-2.100132497,539,29.2,100,0,23.53125,0,1.131
795.392,0.005083342,0,68.49207041,63.72927771,0.246175347,-2.116071799,539,29.2,100,0,23.53125,0,1.131
795.492,0.005083342,0,68.51123529,63.74845912,0.272068929,-2.008481511,539,29.2,100,0,23.53125,0,1.131
795.592,0.005083342,0,68.50165286,63.73886843,0.259122138,-2.008481511,539,29.2,100,0,23.53125,0,1.131
795.692,0.005083342,0,68.49207041,63.73886843,0.288252418,-2.004496686,539,29.2,100,0,23.53125,0,1.131
795.792,0.004963742,0,68.50165286,63.72927771,0.275305627,-2.008481511,539,29.2,100,0,23.53125,0,1.131
795.892,0.005043475,0,68.48248795,63.73886843,0.272068929,-2.012466337,539,29.2,100,0,23.53125,0,1.13
795.992,0.005003609,0,68.50165286,63.71968697,0.249412044,-2.064269068,539,29.2,100,0,23.53125,0,1.13
796.092,0.005043475,0,68.50165286,63.70050538,0.278542325,-2.120056625,539,29.2,100,0,23.53125,0,1.13
796.192,0.004963742,0,68.47290547,63.70050538,0.291489116,-2.084193195,540,29.2,100,0,23.53125,0,1.13
796.292,0.005003609,0,68.48248795,63.71009619,0.246175347,-1.884951921,540,29.2,100,0,23.53125,0,1.13
796.392,0.005043475,0,68.45374045,63.69091455,0.236465253,-2.028405639,540,29.2,100,0,23.53125,0,1.13
796.492,0.005043475,0,68.46332297,63.6717328,0.262358836,-2.096147672,540,29.2,100,0,23.53125,0,1.13
796.592,0.005083342,0,68.46332297,63.68132369,0.252648742,-1.960663606,540,29.2,100,0,23.53125,0,1.13
796.692,0.005083342,0,68.47290547,63.66214188,0.294725814,-1.976602907,540,29.2,100,0,23.53125,0,1.13
796.792,0.005003609,0,68.45374045,63.66214188,0.317382699,-1.996527035,540,29.2,100,0,23.53125,0,1.13
796.892,0.005003609,0,68.45374045,63.6717328,0.272068929,-2.088178021,540,29.2,100,0,23.53125,0,1.13
796.992,0.005083342,0,68.43457537,63.6717328,0.297962512,-2.020435988,540,29.2,100,0,23.53125,0,1.13
797.092,0.005003609,0,68.44415792,63.6717328,0.272068929,-2.08020837,540,29.2,100,0,23.53125,0,1.13
797.192,0.005003609,0,68.42499281,63.66214188,0.262358836,-2.00051186,540,29.2,100,0,23.53125,0,1.13
797.292,0.005003609,0,68.43457537,63.64295995,0.268832231,-2.020435988,542,29.2,100,0,23.53125,0,1.13
797.392,0.005043475,0,68.42499281,63.61418684,0.291489116,-2.072238719,542,29.2,100,0,23.53125,0,1.13
797.492,0.005003609,0,68.40582763,63.64295995,0.291489116,-1.976602907,542,29.2,100,0,23.53125,0,1.13
797.592,0.005043475,0,68.39624502,63.63336894,0.239701951,-2.096147672,542,29.2,100,0,23.53125,0,1.13
797.692,0.005043475,0,68.40582763,63.60459574,0.272068929,-1.960663606,542,29.2,100,0,23.53125,0,1.131
797.792,0.004963742,0,68.40582763,63.60459574,0.25588544,-2.012466337,542,29.2,100,0,23.53125,0,1.131
797.892,0.005003609,0,68.39624502,63.60459574,0.278542325,-2.020435988,542,29.2,100,0,23.53125,0,1.131
797.992,0.005043475,0,68.39624502,63.60459574,0.259122138,-2.004496686,542,29.2,100,0,23.53125,0,1.131
798.092,0.005043475,0,68.34833169,63.6237779,0.28501572,-2.004496686,542,29.2,100,0,23.53125,0,1.131
798.192,0.004963742,0,68.36749707,63.60459574,0.294725814,-2.028405639,542,29.2,100,0,23.53125,0,1.131
798.292,0.005083342,0,68.36749707,63.59500462,0.28501572,-2.048329766,542,29.2,100,0,23.53125,0,1.131
798.392,0.005043475,0,68.34833169,63.59500462,0.268832231,-1.972618082,540,29.2,100,0,23.53125,0,1.131
798.492,0.005003609,0,68.36749707,63.58541347,0.265595533,-2.084193195,540,29.2,100,0,23.53125,0,1.131
798.592,0.005003609,0,68.35791439,63.56623107,0.275305627,-2.104117323,540,29.2,100,0,23.53125,0,1.131
798.692,0.005043475,0,68.35791439,63.56623107,0.220281764,-2.03637529,540,29.2,100,0,23.53125,0,1.131
798.792,0.005003609,0,68.31958349,63.56623107,0.268832231,-2.024420813,540,29.2,100,0,23.53125,0,1.131
798.892,0.004923876,0,68.32916624,63.58541347,0.265595533,-2.024420813,540,29.2,100,0,23.53125,0,1.131
798.992,0.005003609,0,68.32916624,63.57582228,0.314146001,-2.040360115,540,29.2,100,0,23.53125,0,1.131
799.092,0.005043475,0,68.31000072,63.56623107,0.297962512,-2.028405639,540,29.2,100,0,23.53125,0,1.131
799.192,0.005083342,0,68.32916624,63.54704856,0.281779023,-2.052314592,540,29.2,100,0,23.53125,0,1.131
799.292,0.004963742,0,68.31958349,63.54704856,0.317382699,-2.120056625,540,29.2,100,0,23.53125,0,1.131
799.392,0.005043475,0,68.31958349,63.54704856,0.310909303,-1.988557384,540,29.2,100,0,23.53125,0,1.131
799.492,0.005043475,0,68.32916624,63.52786593,0.323856094,-1.984572558,540,29.2,100,0,23.53125,0,1.131
799.592,0.004963742,0,68.29083513,63.53745726,0.233228555,-2.068253894,540,29.2,100,0,23.53125,0,1.131
799.692,0.004963742,0,68.29083513,63.51827458,0.281779023,-1.920815351,540,29.2,100,0,23.53125,0,1.131
799.792,0.005043475,0,68.28125231,63.52786593,0.246175347,-2.004496686,540,29.2,100,0,23.53125,0,1.131
799.892,0.004963742,0,68.28125231,63.50868319,0.297962512,-2.048329766,540,29.2,100,0,23.53125,0,1.131
799.992,0.005043475,0,68.26208662,63.52786593,0.28501572,-2.004496686,540,29.2,100,0,23.53125,0,1.131
800.092,0.005083342,0,68.25250375,63.50868319,0.294725814,-1.996527035,540,29.2,100,0,23.53125,0,1.131
800.192,0.005043475,0,68.26208662,63.51827458,0.265595533,-1.984572558,540,29.2,100,0,23.53125,0,1.131
800.292,0.004963742,0,68.26208662,63.49909177,0.275305627,-2.064269068,540,29.2,100,0,23.53125,0,1.131
800.392,0.004963742,0,68.25250375,63.47990885,0.288252418,-2.032390464,540,29.2,100,0,23.53125,0,1.131
800.492,0.004923876,0,68.23333796,63.47990885,0.25588544,-2.116071799,540,29.2,100,0,23.53125,0,1.131
800.592,0.005003609,0,68.2141721,63.47031735,0.252648742,-2.012466337,537,29.2,100,0,23.53125,0,1.131
800.692,0.005003609,0,68.23333796,63.45113425,0.281779023,-2.016451162,537,29.2,100,0,23.53125,0,1.131
800.792,0.005043475,0,68.23333796,63.47031735,0.278542325,-2.044344941,537,29.2,100,0,23.53125,0,1.131
800.892,0.004884009,0,68.22375504,63.47990885,0.291489116,-2.100132497,537,29.2,100,0,23.53125,0,1.131
800.992,0.004884009,0,68.2141721,63.47031735,0.265595533,-2.012466337,537,29.2,100,0,23.53125,0,1.131
801.092,0.005003609,0,68.19500616,63.45113425,0.259122138,-1.976602907,537,29.2,100,0,23.53125,0,1.131
801.192,0.004923876,0,68.19500616,63.45113425,0.252648742,-2.076223545,537,29.2,100,0,23.53125,0,1.131
801.292,0.005003609,0,68.18542317,63.44154266,0.259122138,-1.992542209,537,29.2,100,0,23.53125,0,1.131
801.392,0.005003609,0,68.2141721,63.43195103,0.307672605,-1.992542209,537,29.2,100,0,23.53125,0,1.131
801.492,0.004923876,0,68.17584016,63.46072581,0.239701951,-1.996527035,537,29.2,100,0,23.53125,0,1.131
801.592,0.004923876,0,68.17584016,63.4127677,0.265595533,-1.960663606,537,29.2,100,0,23.53125,0,1.131
801.692,0.004963742,0,68.15667409,63.44154266,0.249412044,-2.040360115,536,29.2,100,0,23.53125,0,1.131
801.792,0.005003609,0,68.16625714,63.42235938,0.281779023,-2.024420813,536,29.2,100,0,23.53125,0,1.131
801.892,0.004963742,0,68.14709103,63.4127677,0.265595533,-2.044344941,536,29.2,100,0,23.53125,0,1.131
801.992,0.005043475,0,68.13750795,63.43195103,0.265595533,-2.040360115,536,29.2,100,0,23.53125,0,1.131
802.092,0.005003609,0,68.13750795,63.4127677,0.268832231,-2.03637529,536,29.2,100,0,23.53125,0,1.131
802.192,0.004963742,0,68.13750795,63.39358425,0.294725814,-2.040360115,536,29.2,100,0,23.53125,0,1.131
802.292,0.005003609,0,68.13750795,63.38399248,0.297962512,-2.076223545,536,29.2,100,0,23.53125,0,1.131
802.392,0.004963742,0,68.09917546,63.39358425,0.25588544,-1.988557384,536,29.2,100,0,23.53125,0,1.131
802.492,0.004963742,0,68.11834174,63.4127677,0.297962512,-2.016451162,536,29.2,100,0,23.53125,0,1.131
802.592,0.004923876,0,68.10875861,63.38399248,0.259122138,-1.964648431,536,29.2,100,0,23.53125,0,1.131
802.692,0.004963742,0,68.12792486,63.36480885,0.272068929,-1.960663606,536,29.2,100,0,23.53125,0,1.131
802.792,0.004923876,0,68.11834174,63.37440068,0.272068929,-2.060284243,537,29.2,100,0,23.53125,0,1.131
802.892,0.005003609,0,68.11834174,63.37440068,0.265595533,-2.00051186,537,29.2,100,0,23.53125,0,1.131
802.992,0.005003609,0,68.10875861,63.36480885,0.281779023,-2.03637529,537,29.2,100,0,23.53125,0,1.131
803.092,0.004963742,0,68.09917546,63.35521699,0.22675516,-1.932769827,537,29.2,100,0,23.53125,0,1.131
803.192,0.005043475,0,68.09917546,63.37440068,0.239701951,-1.95667878,537,29.2,100,0,23.53125,0,1.131
803.292,0.005003609,0,68.09917546,63.35521699,0.246175347,-2.084193195,537,29.2,100,0,23.53125,0,1.131
803.392,0.004963742,0,68.08000911,63.36480885,0.249412044,-1.988557384,537,29.2,100,0,23.53125,0,1.131
803.492,0.004963742,0,68.04167619,63.32644123,0.275305627,-2.03637529,537,29.2,100,0,23.53125,0,1.131
803.592,0.004884009,0,68.04167619,63.3456251,0.281779023,-2.032390464,537,29.2,100,0,23.53125,0,1.131
803.692,0.004963742,0,68.06084269,63.31684925,0.242938649,-2.00051186,537,29.2,100,0,23.53125,0,1.131
803.792,0.004923876,0,68.05125945,63.32644123,0.252648742,-1.904876049,537,29.2,100,0,23.53125,0,1.131
803.892,0.004963742,0,68.05125945,63.2976652,0.233228555,-2.03637529,537,29.2,100,0,23.53125,0,1.131
803.992,0.005003609,0,68.03209292,63.30725724,0.28501572,-1.916830525,538,29.2,100,0,23.53125,0,1.131
804.092,0.004923876,0,68.04167619,63.30725724,0.288252418,-2.004496686,538,29.2,100,0,23.53125,0,1.131
804.192,0.005003609,0,68.02250963,63.2976652,0.272068929,-2.004496686,538,29.2,100,0,23.53125,0,1.131
804.292,0.005043475,0,68.02250963,63.2976652,0.294725814,-1.984572558,538,29.2,100,0,23.53125,0,1.131
804.392,0.004923876,0,68.02250963,63.30725724,0.307672605,-2.060284243,538,29.2,100,0,23.53125,0,1.131
804.492,0.005003609,0,68.00334299,63.27848104,0.268832231,-2.072238719,538,29.2,100,0,23.53125,0,1.131
804.592,0.004923876,0,68.00334299,63.2976652,0.275305627,-2.008481511,538,29.2,100,0,23.53125,0,1.131
804.692,0.004923876,0,68.00334299,63.24970456,0.28501572,-2.03637529,538,29.2,100,0,23.53125,0,1.131
804.792,0.004963742,0,67.98417629,63.27848104,0.281779023,-2.012466337,538,29.2,100,0,23.53125,0,1.131
804.892,0.004884009,0,68.01292632,63.24970456,0.239701951,-2.03637529,538,29.2,100,0,23.53125,0,1.131
804.992,0.004923876,0,67.98417629,63.24011234,0.297962512,-2.004496686,538,29.2,100,0,23.53125,0,1.131
805.092,0.004923876,0,67.99375965,63.25929675,0.262358836,-2.028405639,539,29.2,100,0,23.53125,0,1.131
805.192,0.004923876,0,67.97459291,63.24011234,0.236465253,-2.044344941,539,29.2,100,0,23.53125,0,1.131
805.292,0.004884009,0,67.97459291,63.24011234,0.252648742,-1.932769827,539,29.2,100,0,23.53125,0,1.131
805.392,0.004923876,0,67.97459291,63.24970456,0.301199209,-2.024420813,539,29.2,100,0,23.53125,0,1.131
805.492,0.004963742,0,67.95542609,63.24970456,0.239701951,-2.076223545,539,29.2,100,0,23.53125,0,1.131
805.592,0.004923876,0,67.94584266,63.25929675,0.278542325,-1.988557384,539,29.2,100,0,23.53125,0,1.131
805.692,0.004884009,0,67.92667574,63.24011234,0.281779023,-1.960663606,539,29.2,100,0,23.53125,0,1.131
805.792,0.004923876,0,67.94584266,63.22092781,0.281779023,-2.040360115,539,29.2,100,0,23.53125,0,1.131
805.892,0.004884009,0,67.93625921,63.24011234,0.249412044,-2.044344941,539,29.2,100,0,23.53125,0,1.131
805.992,0.004884009,0,67.92667574,63.21133551,0.259122138,-2.096147672,539,29.2,100,0,23.53125,0,1.131
806.092,0.004923876,0,67.91709225,63.20174317,0.268832231,-2.044344941,539,29.2,100,0,23.53125,0,1.131
806.192,0.005003609,0,67.90750874,63.22092781,0.207334973,-2.024420813,541,29.2,100,0,23.53125,0,1.131
806.292,0.004923876,0,67.93625921,63.21133551,0.25588544,-1.984572558,541,29.2,100,0,23.53125,0,1.13
806.392,0.004963742,0,67.89792522,63.21133551,0.275305627,-1.992542209,541,29.2,100,0,23.53125,0,1.13
806.492,0.004923876,0,67.90750874,63.20174317,0.281779023,-2.040360115,541,29.2,100,0,23.53125,0,1.13
806.592,0.004963742,0,67.90750874,63.1825584,0.288252418,-2.004496686,541,29.2,100,0,23.53125,0,1.13
806.692,0.004963742,0,67.88834168,63.1825584,0.252648742,-1.984572558,541,29.2,100,0,23.53125,0,1.13
806.792,0.004884009,0,67.86917454,63.1825584,0.294725814,-2.004496686,541,29.2,100,0,23.53125,0,1.13
806.892,0.004923876,0,67.88834168,63.1825584,0.272068929,-2.108102148,541,29.2,100,0,23.53125,0,1.13
806.992,0.004963742,0,67.87875811,63.1825584,0.265595533,-1.992542209,541,29.2,100,0,23.53125,0,1.13
807.092,0.004884009,0,67.86917454,63.1825584,0.25588544,-2.016451162,541,29.2,100,0,23.53125,0,1.13
807.192,0.004844143,0,67.86917454,63.17296597,0.297962512,-1.936754653,541,29.2,100,0,23.53125,0,1.13
807.292,0.005003609,0,67.85000732,63.16337351,0.242938649,-1.948709129,543,29.2,100,0,23.53125,0,1.13
807.392,0.004923876,0,67.85000732,63.17296597,0.242938649,-2.032390464,543,29.2,100,0,23.53125,0,1.13
807.492,0.005043475,0,67.83084004,63.1441885,0.265595533,-2.004496686,543,29.2,100,0,23.53125,0,1.13
807.592,0.005003609,0,67.85000732,63.1441885,0.275305627,-2.044344941,543,29.2,100,0,23.53125,0,1.13
807.692,0.004884009,0,67.82125637,63.15378102,0.259122138,-1.95667878,543,29.2,100,0,23.53125,0,1.13
807.792,0.004923876,0,67.80208897,63.13459595,0.262358836,-1.976602907,543,29.2,100,0,23.53125,0,1.13
807.892,0.004884009,0,67.83084004,63.12500337,0.265595533,-1.960663606,543,29.2,100,0,23.53125,0,1.13
807.992,0.004963742,0,67.84042369,63.13459595,0.233228555,-2.068253894,543,29.2,100,0,23.53125,0,1.13
808.092,0.004923876,0,67.7829215,63.12500337,0.25588544,-1.960663606,543,29.2,100,0,23.53125,0,1.131
808.192,0.004923876,0,67.81167268,63.13459595,0.275305627,-1.972618082,543,29.2,100,0,23.53125,0,1.131
808.292,0.004923876,0,67.81167268,63.08663274,0.25588544,-2.068253894,543,29.2,100,0,23.53125,0,1.131
808.392,0.004884009,0,67.79250525,63.12500337,0.281779023,-1.908860874,544,29.2,100,0,23.53125,0,1.131
808.492,0.004844143,0,67.80208897,63.09622544,0.259122138,-2.012466337,544,29.2,100,0,23.53125,0,1.131
808.592,0.005003609,0,67.7829215,63.12500337,0.281779023,-2.08020837,544,29.2,100,0,23.53125,0,1.131
808.692,0.004923876,0,67.7829215,63.09622544,0.259122138,-2.072238719,544,29.2,100,0,23.53125,0,1.131
808.792,0.004923876,0,67.77333774,63.09622544,0.28501572,-1.948709129,544,29.2,100,0,23.53125,0,1.131
808.892,0.004963742,0,67.74458634,63.10581811,0.291489116,-2.004496686,544,29.2,100,0,23.53125,0,1.131
808.992,0.004923876,0,67.73500251,63.10581811,0.297962512,-2.012466337,544,29.2,100,0,23.53125,0,1.131
809.092,0.004963742,0,67.77333774,63.06744724,0.252648742,-2.048329766,544,29.2,100,0,23.53125,0,1.131
809.192,0.005003609,0,67.76375396,63.06744724,0.25588544,-1.988557384,544,29.2,100,0,23.53125,0,1.131
809.292,0.004923876,0,67.74458634,63.07704001,0.252648742,-1.872997445,544,29.2,100,0,23.53125,0,1.131
809.392,0.004923876,0,67.73500251,63.08663274,0.259122138,-2.012466337,544,29.2,100,0,23.53125,0,1.131
809.492,0.004963742,0,67.72541865,63.04826163,0.249412044,-1.992542209,543,29.2,100,0,23.53125,0,1.131
809.592,0.005003609,0,67.73500251,63.03866877,0.262358836,-1.996527035,543,29.2,100,0,23.53125,0,1.131
809.692,0.004963742,0,67.71583478,63.04826163,0.278542325,-2.016451162,543,29.2,100,0,23.53125,0,1.131
809.792,0.004963742,0,67.73500251,63.05785445,0.268832231,-2.048329766,543,29.2,100,0,23.53125,0,1.131
809.892,0.004884009,0,67.72541865,63.02907589,0.288252418,-2.08020837,543,29.2,100,0,23.53125,0,1.131
809.992,0.004923876,0,67.70625089,63.04826163,0.272068929,-2.03637529,543,29.2,100,0,23.53125,0,1.131
810.092,0.005003609,0,67.71583478,63.03866877,0.291489116,-1.952693955,543,29.2,100,0,23.53125,0,1.131
810.192,0.005003609,0,67.6774991,63.00029705,0.281779023,-1.968633257,543,29.2,100,0,23.53125,0,1.131
810.292,0.004884009,0,67.68708305,63.00989002,0.268832231,-2.068253894,543,29.2,100,0,23.53125,0,1.131
810.392,0.004884009,0,67.70625089,63.00029705,0.28501572,-1.996527035,543,29.2,100,0,23.53125,0,1.131
810.492,0.004923876,0,67.65833115,63.00989002,0.272068929,-1.988557384,543,29.2,100,0,23.53125,0,1.131
810.592,0.004884009,0,67.6774991,63.00029705,0.246175347,-2.040360115,543,29.2,100,0,23.53125,0,1.131
810.692,0.004884009,0,67.66791514,63.00029705,0.246175347,-2.00051186,543,29.2,100,0,23.53125,0,1.131
810.792,0.004923876,0,67.65833115,62.99070404,0.28501572,-2.028405639,543,29.2,100,0,23.53125,0,1.131
810.892,0.004884009,0,67.64874715,63.00029705,0.281779023,-2.004496686,543,29.2,100,0,23.53125,0,1.131
810.992,0.004923876,0,67.65833115,62.981111,0.281779023,-1.984572558,543,29.2,100,0,23.53125,0,1.131
811.092,0.004963742,0,67.63916313,62.981111,0.281779023,-1.952693955,543,29.2,100,0,23.53125,0,1.131
811.192,0.004884009,0,67.62957908,62.99070404,0.236465253,-2.008481511,543,29.2,100,0,23.53125,0,1.131
811.292,0.004844143,0,67.63916313,62.97151793,0.272068929,-2.048329766,543,29.2,100,0,23.53125,0,1.131
811.392,0.004963742,0,67.62957908,62.9523317,0.278542325,-2.032390464,543,29.2,100,0,23.53125,0,1.131
811.492,0.004963742,0,67.61041095,62.97151793,0.265595533,-2.032390464,543,29.2,100,0,23.53125,0,1.131
811.592,0.004923876,0,67.61999502,62.97151793,0.262358836,-1.984572558,543,29.2,100,0,23.53125,0,1.131
811.692,0.004844143,0,67.60082685,62.96192483,0.25588544,-2.004496686,542,29.2,100,0,23.53125,0,1.131
811.792,0.004923876,0,67.61041095,62.93314534,0.223518462,-1.980587733,542,29.2,100,0,23.53125,0,1.131
811.892,0.004844143,0,67.59124273,62.91395887,0.262358836,-1.960663606,542,29.2,100,0,23.53125,0,1.131
811.992,0.004844143,0,67.61041095,62.981111,0.278542325,-1.988557384,542,29.2,100,0,23.53125,0,1.131
812.092,0.004884009,0,67.59124273,62.94273854,0.278542325,-2.004496686,542,29.2,100,0,23.53125,0,1.131
812.192,0.004844143,0,67.5816586,62.92355212,0.262358836,-1.9128457,542,29.2,100,0,23.53125,0,1.131
812.292,0.004884009,0,67.5816586,62.93314534,0.297962512,-1.984572558,542,29.2,100,0,23.53125,0,1.131
812.392,0.004923876,0,67.57207444,62.90436558,0.246175347,-2.072238719,542,29.2,100,0,23.53125,0,1.131
812.492,0.004923876,0,67.55290607,62.90436558,0.278542325,-1.940739478,542,29.2,100,0,23.53125,0,1.131
812.592,0.004844143,0,67.56249027,62.90436558,0.291489116,-2.032390464,542,29.2,100,0,23.53125,0,1.131
812.692,0.004884009,0,67.55290607,62.90436558,0.262358836,-1.960663606,542,29.2,100,0,23.53125,0,1.131
812.792,0.004884009,0,67.54332186,62.90436558,0.275305627,-2.104117323,541,29.2,100,0,23.53125,0,1.131
812.892,0.004844143,0,67.55290607,62.88517892,0.268832231,-1.924800176,541,29.2,100,0,23.53125,0,1.131
812.992,0.004963742,0,67.54332186,62.88517892,0.259122138,-1.976602907,541,29.2,100,0,23.53125,0,1.131
813.092,0.004923876,0,67.52415338,62.88517892,0.25588544,-1.952693955,541,29.2,100,0,23.53125,0,1.131
813.192,0.004923876,0,67.51456911,62.88517892,0.278542325,-1.968633257,541,29.2,100,0,23.53125,0,1.131
813.292,0.004963742,0,67.51456911,62.85639869,0.259122138,-1.980587733,541,29.2,100,0,23.53125,0,1.131
813.392,0.004804276,0,67.50498483,62.87558554,0.259122138,-2.040360115,541,29.2,100,0,23.53125,0,1.131
813.492,0.004963742,0,67.51456911,62.86599213,0.25588544,-1.940739478,541,29.2,100,0,23.53125,0,1.131
813.592,0.004884009,0,67.50498483,62.85639869,0.291489116,-2.008481511,541,29.2,100,0,23.53125,0,1.131
813.692,0.004884009,0,67.48581619,62.83721172,0.265595533,-2.044344941,541,29.2,100,0,23.53125,0,1.131
813.792,0.004923876,0,67.50498483,62.86599213,0.304435907,-2.108102148,541,29.2,100,0,23.53125,0,1.131
813.892,0.004923876,0,67.48581619,62.86599213,0.291489116,-1.916830525,541,29.2,100,0,23.53125,0,1.131
813.992,0.004884009,0,67.46664748,62.83721172,0.294725814,-2.012466337,541,29.2,100,0,23.53125,0,1.131
814.092,0.004884009,0,67.46664748,62.7988374,0.317382699,-2.056299417,541,29.2,100,0,23.53125,0,1.131
814.192,0.004844143,0,67.46664748,62.83721172,0.25588544,-1.960663606,541,29.2,100,0,23.53125,0,1.131
814.292,0.004884009,0,67.46664748,62.83721172,0.252648742,-2.056299417,541,29.2,100,0,23.53125,0,1.131
814.392,0.004764409,0,67.4474787,62.82761818,0.288252418,-2.040360115,541,29.2,100,0,23.53125,0,1.131
814.492,0.004884009,0,67.46664748,62.81802462,0.239701951,-2.016451162,541,29.2,100,0,23.53125,0,1.131
814.592,0.004804276,0,67.42830983,62.81802462,0.252648742,-1.932769827,541,29.2,100,0,23.53125,0,1.131
814.692,0.004884009,0,67.42830983,62.81802462,0.262358836,-1.984572558,541,29.2,100,0,23.53125,0,1.131
814.792,0.004884009,0,67.42830983,62.7988374,0.265595533,-2.135995927,541,29.2,100,0,23.53125,0,1.131
814.892,0.004884009,0,67.42830983,62.80843102,0.28501572,-2.076223545,541,29.2,100,0,23.53125,0,1.131
814.992,0.004923876,0,67.43789428,62.7988374,0.297962512,-1.980587733,541,29.2,100,0,23.53125,0,1.131
815.092,0.004844143,0,67.42830983,62.7988374,0.278542325,-1.948709129,541,29.2,100,0,23.53125,0,1.131
815.192,0.004884009,0,67.40914089,62.78924374,0.259122138,-1.95667878,541,29.2,100,0,23.53125,0,1.131
815.292,0.004844143,0,67.40914089,62.77965005,0.281779023,-1.932769827,541,29.2,100,0,23.53125,0,1.131
815.392,0.004844143,0,67.38997188,62.76046258,0.268832231,-2.044344941,541,29.2,100,0,23.53125,0,1.131
815.492,0.004884009,0,67.38038734,62.77005633,0.314146001,-2.028405639,541,29.2,100,0,23.53125,0,1.131
815.592,0.004844143,0,67.40914089,62.77965005,0.25588544,-1.904876049,541,29.2,100,0,23.53125,0,1.131
815.692,0.004804276,0,67.35163361,62.75086879,0.265595533,-2.03637529,541,29.2,100,0,23.53125,0,1.131
815.792,0.004804276,0,67.38038734,62.76046258,0.259122138,-2.008481511,541,29.2,100,0,23.53125,0,1.131
815.892,0.004844143,0,67.38038734,62.74127498,0.281779023,-2.088178021,541,29.2,100,0,23.53125,0,1.131
815.992,0.004923876,0,67.35163361,62.76046258,0.262358836,-1.932769827,541,29.2,100,0,23.53125,0,1.131
816.092,0.004844143,0,67.35163361,62.71249335,0.252648742,-1.932769827,541,29.2,100,0,23.53125,0,1.131
816.192,0.004804276,0,67.3612182,62.76046258,0.268832231,-2.032390464,541,29.2,100,0,23.53125,0,1.131
816.292,0.004884009,0,67.35163361,62.73168113,0.268832231,-2.020435988,541,29.2,100,0,23.53125,0,1.131
816.392,0.004923876,0,67.34204899,62.73168113,0.246175347,-2.040360115,541,29.2,100,0,23.53125,0,1.131
816.492,0.004804276,0,67.35163361,62.70289941,0.272068929,-2.004496686,541,29.2,100,0,23.53125,0,1.131
816.592,0.004844143,0,67.34204899,62.69330544,0.265595533,-2.020435988,541,29.2,100,0,23.53125,0,1.131
816.692,0.004844143,0,67.3228797,62.73168113,0.275305627,-2.004496686,541,29.2,100,0,23.53125,0,1.13
816.792,0.004844143,0,67.31329502,62.70289941,0.294725814,-2.024420813,541,29.2,100,0,23.53125,0,1.13
816.892,0.004844143,0,67.31329502,62.71249335,0.272068929,-1.936754653,541,29.2,100,0,23.53125,0,1.13
816.992,0.004804276,0,67.31329502,62.69330544,0.275305627,-2.084193195,541,29.2,100,0,23.53125,0,1.13
817.092,0.004844143,0,67.31329502,62.69330544,0.28501572,-1.944724304,539,29.2,100,0,23.53125,0,1.13
817.192,0.004804276,0,67.31329502,62.70289941,0.259122138,-1.996527035,539,29.2,100,0,23.53125,0,1.13
817.292,0.004804276,0,67.31329502,62.69330544,0.317382699,-2.024420813,539,29.2,100,0,23.53125,0,1.13
817.392,0.004804276,0,67.27495613,62.68371144,0.291489116,-1.95667878,539,29.2,100,0,23.53125,0,1.13
817.492,0.004764409,0,67.27495613,62.70289941,0.25588544,-2.044344941,539,29.2,100,0,23.53125,0,1.13
817.592,0.004844143,0,67.26537135,62.66452334,0.262358836,-1.988557384,539,29.2,100,0,23.53125,0,1.13
817.692,0.004884009,0,67.29412562,62.66452334,0.297962512,-2.00051186,539,29.2,100,0,23.53125,0,1.13
817.792,0.004884009,0,67.27495613,62.65492924,0.236465253,-1.984572558,539,29.2,100,0,23.53125,0,1.13
817.892,0.004844143,0,67.27495613,62.64533511,0.307672605,-1.95667878,539,29.2,100,0,23.53125,0,1.13
817.992,0.004884009,0,67.25578656,62.63574095,0.275305627,-1.976602907,539,29.2,100,0,23.53125,0,1.13
818.092,0.004884009,0,67.25578656,62.64533511,0.297962512,-2.096147672,539,29.2,100,0,23.53125,0,1.13
818.192,0.004844143,0,67.24620175,62.64533511,0.301199209,-2.076223545,537,29.2,100,0,23.53125,0,1.13
818.292,0.004844143,0,67.24620175,62.62614676,0.242938649,-2.060284243,537,29.2,100,0,23.53125,0,1.13
818.392,0.004844143,0,67.22703206,62.64533511,0.278542325,-1.968633257,537,29.2,100,0,23.53125,0,1.131
818.492,0.004804276,0,67.24620175,62.62614676,0.259122138,-2.08020837,537,29.2,100,0,23.53125,0,1.131
818.592,0.004764409,0,67.23661692,62.63574095,0.278542325,-1.932769827,537,29.2,100,0,23.53125,0,1.131
818.692,0.004844143,0,67.22703206,62.63574095,0.229991857,-2.020435988,537,29.2,100,0,23.53125,0,1.131
818.792,0.004884009,0,67.23661692,62.63574095,0.288252418,-1.964648431,537,29.2,100,0,23.53125,0,1.131
818.892,0.004844143,0,67.19827739,62.62614676,0.268832231,-2.020435988,537,29.2,100,0,23.53125,0,1.131
818.992,0.004884009,0,67.2078623,62.62614676,0.307672605,-1.936754653,537,29.2,100,0,23.53125,0,1.131
819.092,0.004844143,0,67.19827739,62.63574095,0.249412044,-2.048329766,537,29.2,100,0,23.53125,0,1.131
819.192,0.004764409,0,67.18869246,62.62614676,0.239701951,-2.016451162,537,29.2,100,0,23.53125,0,1.131
819.292,0.004804276,0,67.18869246,62.62614676,0.297962512,-2.016451162,539,29.2,100,0,23.53125,0,1.131
819.392,0.004804276,0,67.1791075,62.60695828,0.233228555,-1.95667878,539,29.2,100,0,23.53125,0,1.131
819.492,0.004804276,0,67.19827739,62.58776967,0.275305627,-1.936754653,539,29.2,100,0,23.53125,0,1.131
819.592,0.004764409,0,67.16952253,62.58776967,0.278542325,-2.016451162,539,29.2,100,0,23.53125,0,1.131
819.692,0.004764409,0,67.15993754,62.59736399,0.288252418,-2.064269068,539,29.2,100,0,23.53125,0,1.131
819.792,0.004804276,0,67.16952253,62.58776967,0.272068929,-1.992542209,539,29.2,100,0,23.53125,0,1.131
819.892,0.004804276,0,67.15035253,62.57817532,0.259122138,-1.916830525,539,29.2,100,0,23.53125,0,1.131
819.992,0.004844143,0,67.16952253,62.56858094,0.25588544,-1.996527035,539,29.2,100,0,23.53125,0,1.131
820.092,0.004804276,0,67.16952253,62.57817532,0.210571671,-1.980587733,539,29.2,100,0,23.53125,0,1.131
820.192,0.004884009,0,67.12159737,62.58776967,0.233228555,-2.040360115,539,29.2,100,0,23.53125,0,1.131
820.292,0.004804276,0,67.12159737,62.58776967,0.268832231,-1.95667878,539,29.2,100,0,23.53125,0,1.131
820.392,0.004804276,0,67.12159737,62.57817532,0.229991857,-1.964648431,541,29.2,100,0,23.53125,0,1.131
820.492,0.004844143,0,67.12159737,62.57817532,0.233228555,-1.95667878,541,29.2,100,0,23.53125,0,1.131
820.592,0.004844143,0,67.1407675,62.55898653,0.242938649,-2.08020837,541,29.2,100,0,23.53125,0,1.131
820.692,0.004764409,0,67.12159737,62.54939208,0.246175347,-1.976602907,541,29.2,100,0,23.53125,0,1.131
820.792,0.004844143,0,67.10242717,62.54939208,0.220281764,-1.992542209,541,29.2,100,0,23.53125,0,1.131
820.892,0.004844143,0,67.10242717,62.52060855,0.281779023,-1.988557384,541,29.2,100,0,23.53125,0,1.131
820.992,0.004804276,0,67.09284204,62.5397976,0.242938649,-1.988557384,541,29.2,100,0,23.53125,0,1.131
821.092,0.004844143,0,67.09284204,62.52060855,0.265595533,-1.984572558,541,29.2,100,0,23.53125,0,1.131
821.192,0.004844143,0,67.06408652,62.53020309,0.217045066,-1.95667878,541,29.2,100,0,23.53125,0,1.131
821.292,0.004764409,0,67.08325689,62.52060855,0.246175347,-2.016451162,541,29.2,100,0,23.53125,0,1.131
821.392,0.004804276,0,67.08325689,62.54939208,0.239701951,-1.896906398,541,29.2,100,0,23.53125,0,1.131
821.492,0.004844143,0,67.08325689,62.51101398,0.291489116,-1.920815351,543,29.2,100,0,23.53125,0,1.131
821.592,0.004844143,0,67.06408652,62.51101398,0.242938649,-1.972618082,543,29.2,100,0,23.53125,0,1.131
821.692,0.004804276,0,67.07367171,62.50141937,0.28501572,-2.00051186,543,29.2,100,0,23.53125,0,1.131
821.792,0.004884009,0,67.02574555,62.51101398,0.259122138,-1.888936747,543,29.2,100,0,23.53125,0,1.131
821.892,0.004804276,0,67.04491607,62.49182473,0.220281764,-2.024420813,543,29.2,100,0,23.53125,0,1.131
821.992,0.004884009,0,67.04491607,62.51101398,0.294725814,-2.012466337,543,29.2,100,0,23.53125,0,1.131
822.092,0.004884009,0,67.04491607,62.49182473,0.252648742,-2.020435988,543,29.2,100,0,23.53125,0,1.131
822.192,0.004804276,0,67.02574555,62.48223007,0.252648742,-1.968633257,543,29.2,100,0,23.53125,0,1.131
822.292,0.004844143,0,67.04491607,62.47263536,0.278542325,-1.988557384,543,29.2,100,0,23.53125,0,1.131
822.392,0.004724543,0,67.00657494,62.46304063,0.294725814,-2.060284243,543,29.2,100,0,23.53125,0,1.131
822.492,0.004884009,0,67.01616025,62.46304063,0.246175347,-2.004496686,543,29.2,100,0,23.53125,0,1.131
822.592,0.004844143,0,67.02574555,62.49182473,0.272068929,-1.896906398,545,29.2,100,0,23.53125,0,1.131
822.692,0.004764409,0,66.97781887,62.45344587,0.239701951,-1.920815351,545,29.2,100,0,23.53125,0,1.131
822.792,0.004764409,0,66.98740425,62.46304063,0.252648742,-1.976602907,545,29.2,100,0,23.53125,0,1.131
822.892,0.004764409,0,67.01616025,62.43425624,0.265595533,-2.048329766,545,29.2,100,0,23.53125,0,1.131
822.992,0.004764409,0,66.97781887,62.43425624,0.259122138,-2.028405639,545,29.2,100,0,23.53125,0,1.131
823.092,0.004804276,0,66.95864806,62.43425624,0.275305627,-1.996527035,545,29.2,100,0,23.53125,0,1.131
823.192,0.004724543,0,66.96823348,62.43425624,0.268832231,-1.944724304,545,29.2,100,0,23.53125,0,1.131
823.292,0.004884009,0,66.94906262,62.42466138,0.242938649,-2.004496686,545,29.2,100,0,23.53125,0,1.131
823.392,0.004884009,0,66.92989168,62.41506648,0.278542325,-2.008481511,545,29.2,100,0,23.53125,0,1.131
823.492,0.004804276,0,66.95864806,62.42466138,0.272068929,-1.936754653,545,29.2,100,0,23.53125,0,1.131
823.592,0.004804276,0,66.95864806,62.44385107,0.25588544,-1.960663606,545,29.2,100,0,23.53125,0,1.131
823.692,0.004724543,0,66.94906262,62.41506648,0.25588544,-1.948709129,548,29.2,100,0,23.53125,0,1.131
823.792,0.004844143,0,66.94906262,62.40547156,0.278542325,-1.976602907,548,29.2,100,0,23.53125,0,1.131
823.892,0.004804276,0,66.94906262,62.40547156,0.268832231,-1.992542209,548,29.2,100,0,23.53125,0,1.131
823.992,0.004764409,0,66.92989168,62.40547156,0.28501572,-2.024420813,548,29.2,100,0,23.53125,0,1.131
824.092,0.004764409,0,66.92989168,62.3958766,0.262358836,-1.928785002,548,29.2,100,0,23.53125,0,1.131
824.192,0.004764409,0,66.91072067,62.38628161,0.246175347,-1.996527035,548,29.2,100,0,23.53125,0,1.131
824.292,0.004764409,0,66.92030619,62.3958766,0.236465253,-2.016451162,548,29.2,100,0,23.53125,0,1.131
824.392,0.004884009,0,66.92989168,62.3958766,0.272068929,-1.924800176,548,29.2,100,0,23.53125,0,1.131
824.492,0.004764409,0,66.89154956,62.35749644,0.281779023,-1.984572558,548,29.2,100,0,23.53125,0,1.131
824.592,0.004764409,0,66.91072067,62.37668659,0.236465253,-1.964648431,548,29.2,100,0,23.53125,0,1.131
824.692,0.004764409,0,66.91072067,62.36709153,0.28501572,-1.9128457,548,29.2,100,0,23.53125,0,1.131
824.792,0.004804276,0,66.91072067,62.36709153,0.239701951,-2.028405639,550,29.2,100,0,23.53125,0,1.131
824.892,0.004764409,0,66.91072067,62.35749644,0.268832231,-2.008481511,550,29.2,100,0,23.53125,0,1.131
824.992,0.004764409,0,66.88196398,62.34790132,0.262358836,-1.916830525,550,29.2,100,0,23.53125,0,1.131
825.092,0.004844143,0,66.90113513,62.34790132,0.297962512,-2.008481511,550,29.2,100,0,23.53125,0,1.131
825.192,0.004804276,0,66.90113513,62.32871099,0.259122138,-2.052314592,550,29.2,100,0,23.53125,0,1.131
825.292,0.004804276,0,66.86279276,62.33830617,0.262358836,-1.932769827,550,29.2,100,0,23.53125,0,1.131
825.392,0.004764409,0,66.85320711,62.31911577,0.278542325,-1.924800176,550,29.2,100,0,23.53125,0,1.131
825.492,0.004764409,0,66.84362145,62.32871099,0.297962512,-1.992542209,550,29.2,100,0,23.53125,0,1.131
825.592,0.004724543,0,66.84362145,62.30952052,0.291489116,-2.012466337,550,29.2,100,0,23.53125,0,1.131
825.692,0.004804276,0,66.83403576,62.31911577,0.310909303,-1.936754653,550,29.2,100,0,23.53125,0,1.131
825.792,0.004804276,0,66.83403576,62.32871099,0.265595533,-2.088178021,550,29.2,100,0,23.53125,0,1.131
825.892,0.004764409,0,66.79569281,62.31911577,0.268832231,-1.992542209,550,29.2,100,0,23.53125,0,1.131
825.992,0.004844143,0,66.83403576,62.31911577,0.233228555,-1.960663606,550,29.2,100,0,23.53125,0,1.131
826.092,0.004764409,0,66.82445006,62.30952052,0.25588544,-2.008481511,550,29.2,100,0,23.53125,0,1.131
826.192,0.004724543,0,66.81486433,62.28073458,0.246175347,-1.992542209,550,29.2,100,0,23.53125,0,1.131
826.292,0.004724543,0,66.83403576,62.30952052,0.252648742,-2.084193195,550,29.2,100,0,23.53125,0,1.131
826.392,0.004764409,0,66.79569281,62.28073458,0.259122138,-1.948709129,550,29.2,100,0,23.53125,0,1.131
826.492,0.004764409,0,66.81486433,62.2711392,0.262358836,-2.016451162,550,29.2,100,0,23.53125,0,1.131
826.592,0.004884009,0,66.77652121,62.25194834,0.281779023,-1.872997445,550,29.2,100,0,23.53125,0,1.131
826.692,0.004884009,0,66.77652121,62.28073458,0.25588544,-1.9128457,550,29.2,100,0,23.53125,0,1.131
826.792,0.004844143,0,66.77652121,62.29032992,0.265595533,-2.00051186,550,29.2,100,0,23.53125,0,1.131
826.892,0.004804276,0,66.76693538,62.28073458,0.265595533,-1.996527035,550,29.2,100,0,23.53125,0,1.131
826.992,0.004724543,0,66.77652121,62.26154379,0.291489116,-1.932769827,549,29.2,100,0,23.53125,0,1.131
827.092,0.004844143,0,66.74776365,62.26154379,0.278542325,-1.944724304,549,29.2,100,0,23.53125,0,1.131
827.192,0.004764409,0,66.75734953,62.24235287,0.25588544,-1.996527035,549,29.2,100,0,23.53125,0,1.131
827.292,0.004764409,0,66.72859184,62.26154379,0.28501572,-1.976602907,549,29.2,100,0,23.53125,0,1.131
827.392,0.004804276,0,66.76693538,62.2711392,0.28501572,-1.980587733,549,29.2,100,0,23.53125,0,1.131
827.492,0.004764409,0,66.73817776,62.24235287,0.294725814,-1.972618082,549,29.2,100,0,23.53125,0,1.131
827.592,0.004724543,0,66.75734953,62.22316181,0.233228555,-2.064269068,549,29.2,100,0,23.53125,0,1.131
827.692,0.004724543,0,66.73817776,62.22316181,0.242938649,-1.908860874,549,29.2,100,0,23.53125,0,1.131
827.792,0.004804276,0,66.7190059,62.24235287,0.275305627,-1.972618082,549,29.2,100,0,23.53125,0,1.131
827.892,0.004724543,0,66.72859184,62.22316181,0.252648742,-1.940739478,549,29.2,100,0,23.53125,0,1.131
827.992,0.004724543,0,66.70941995,62.21356624,0.236465253,-1.95667878,549,29.2,100,0,23.53125,0,1.131
828.092,0.004804276,0,66.7190059,62.20397063,0.268832231,-1.920815351,549,29.2,100,0,23.53125,0,1.131
828.192,0.004804276,0,66.69983397,62.21356624,0.265595533,-1.980587733,549,29.2,100,0,23.53125,0,1.131
828.292,0.004724543,0,66.68066194,62.20397063,0.242938649,-1.984572558,549,29.2,100,0,23.53125,0,1.131
828.392,0.004804276,0,66.70941995,62.19437499,0.239701951,-2.020435988,549,29.2,100,0,23.53125,0,1.131
828.492,0.004764409,0,66.70941995,62.20397063,0.268832231,-2.028405639,549,29.2,100,0,23.53125,0,1.131
828.592,0.004804276,0,66.68066194,62.16558787,0.275305627,-1.984572558,549,29.2,100,0,23.53125,0,1.131
828.692,0.004724543,0,66.68066194,62.20397063,0.25588544,-1.940739478,549,29.2,100,0,23.53125,0,1.131
828.792,0.004764409,0,66.66148984,62.1559921,0.278542325,-1.976602907,549,29.2,100,0,23.53125,0,1.131
828.892,0.00464481,0,66.68066194,62.17518361,0.272068929,-2.076223545,549,29.2,100,0,23.53125,0,1.131
828.992,0.004724543,0,66.64231764,62.16558787,0.262358836,-1.960663606,549,29.2,100,0,23.53125,0,1.131
829.092,0.004764409,0,66.64231764,62.1559921,0.291489116,-1.992542209,549,29.2,100,0,23.53125,0,1.131
829.192,0.004764409,0,66.64231764,62.1463963,0.288252418,-1.9128457,549,29.2,100,0,23.53125,0,1.131
829.292,0.004764409,0,66.66148984,62.11760869,0.223518462,-1.980587733,548,29.2,100,0,23.53125,0,1.131
829.392,0.004724543,0,66.62314537,62.1463963,0.239701951,-1.996527035,548,28.8,100,0,23.53125,0,1.131
829.492,0.004764409,0,66.62314537,62.11760869,0.246175347,-1.916830525,548,28.8,100,0,23.53125,0,1.131
829.592,0.004764409,0,66.62314537,62.1463963,0.265595533,-1.940739478,548,28.8,100,0,23.53125,0,1.131
829.692,0.004764409,0,66.58480055,62.10801275,0.268832231,-1.944724304,548,28.8,100,0,23.53125,0,1.131
829.792,0.004724543,0,66.59438679,62.09841678,0.259122138,-2.020435988,548,28.8,100,0,23.53125,0,1.131
829.892,0.004764409,0,66.62314537,62.11760869,0.262358836,-1.908860874,548,28.8,100,0,23.53125,0,1.131
829.992,0.004764409,0,66.59438679,62.12720459,0.294725814,-1.932769827,548,28.8,100,0,23.53125,0,1.131
830.092,0.004764409,0,66.58480055,62.10801275,0.28501572,-1.984572558,548,28.8,100,0,23.53125,0,1.131
830.192,0.004764409,0,66.58480055,62.11760869,0.275305627,-2.064269068,548,28.8,100,0,23.53125,0,1.131
830.292,0.004804276,0,66.58480055,62.09841678,0.268832231,-1.916830525,548,28.8,100,0,23.53125,0,1.131
830.392,0.004764409,0,66.59438679,62.11760869,0.249412044,-1.892921572,547,28.8,100,0,23.53125,0,1.131
830.492,0.004684676,0,66.56562802,62.10801275,0.242938649,-1.992542209,547,28.8,100,0,23.53125,0,1.131
830.592,0.004724543,0,66.56562802,62.09841678,0.262358836,-2.00051186,547,28.8,100,0,23.53125,0,1.131
830.692,0.004684676,0,66.58480055,62.08882078,0.275305627,-1.976602907,547,28.8,100,0,23.53125,0,1.131
830.792,0.004684676,0,66.55604172,62.08882078,0.246175347,-1.888936747,547,28.8,100,0,23.53125,0,1.131
830.892,0.004724543,0,66.55604172,62.08882078,0.262358836,-1.916830525,547,28.8,100,0,23.53125,0,1.131
830.992,0.004804276,0,66.5464554,62.06962867,0.246175347,-1.944724304,547,28.8,100,0,23.53125,0,1.131
831.092,0.004764409,0,66.56562802,62.06003257,0.242938649,-2.032390464,547,28.8,100,0,23.53125,0,1.131
831.192,0.004844143,0,66.55604172,62.06962867,0.197624879,-1.908860874,547,28.8,100,0,23.53125,0,1.131
831.292,0.004804276,0,66.5464554,62.05043644,0.288252418,-1.976602907,547,28.8,100,0,23.53125,0,1.131
831.392,0.004684676,0,66.53686906,62.06003257,0.25588544,-1.996527035,547,28.8,100,0,23.53125,0,1.131
831.492,0.004804276,0,66.52728269,62.06962867,0.262358836,-1.888936747,549,28.8,100,0,23.53125,0,1.131
831.592,0.004804276,0,66.52728269,62.06003257,0.262358836,-1.980587733,549,28.8,100,0,23.53125,0,1.131
831.692,0.004764409,0,66.52728269,62.04084027,0.278542325,-1.988557384,549,28.8,100,0,23.53125,0,1.131
831.792,0.004724543,0,66.5081099,62.02164784,0.275305627,-1.952693955,549,28.8,100,0,23.53125,0,1.131
831.892,0.004764409,0,66.5081099,62.03124407,0.25588544,-2.03637529,549,28.8,100,0,23.53125,0,1.131
831.992,0.004724543,0,66.5081099,62.03124407,0.291489116,-1.952693955,549,28.8,100,0,23.53125,0,1.131
832.092,0.004724543,0,66.48893702,62.00245527,0.259122138,-1.928785002,549,28.8,100,0,23.53125,0,1.131
832.192,0.004724543,0,66.48893702,62.01205157,0.265595533,-1.908860874,549,28.8,100,0,23.53125,0,1.131
832.292,0.004724543,0,66.5081099,62.01205157,0.252648742,-1.948709129,549,28.8,100,0,23.53125,0,1.131
832.392,0.004724543,0,66.48893702,62.01205157,0.249412044,-1.976602907,549,28.8,100,0,23.53125,0,1.131
832.492,0.004764409,0,66.47935055,62.03124407,0.249412044,-2.064269068,549,28.8,100,0,23.53125,0,1.131
832.592,0.004804276,0,66.48893702,62.01205157,0.239701951,-1.928785002,549,28.8,100,0,23.53125,0,1.131
832.692,0.004684676,0,66.46976405,61.99285894,0.239701951,-2.012466337,549,28.8,100,0,23.53125,0,1.131
832.792,0.004724543,0,66.46976405,61.99285894,0.268832231,-2.00051186,549,28.8,100,0,23.53125,0,1.131
832.892,0.004684676,0,66.46017753,61.97366617,0.28501572,-1.87698227,549,28.8,100,0,23.53125,0,1.131
832.992,0.004764409,0,66.450591,61.97366617,0.268832231,-1.984572558,549,28.8,100,0,23.53125,0,1.131
833.092,0.004684676,0,66.43141785,61.96406974,0.301199209,-2.048329766,549,28.8,100,0,23.53125,0,1.131
833.192,0.004764409,0,66.44100444,61.96406974,0.281779023,-2.00051186,549,28.8,100,0,23.53125,0,1.131
833.292,0.004764409,0,66.42183125,61.97366617,0.259122138,-1.960663606,549,28.8,100,0,23.53125,0,1.131
833.392,0.004764409,0,66.42183125,61.95447327,0.272068929,-1.900891223,549,28.8,100,0,23.53125,0,1.131
833.492,0.004764409,0,66.42183125,61.97366617,0.217045066,-2.004496686,549,28.8,100,0,23.53125,0,1.131
833.592,0.004804276,0,66.42183125,61.95447327,0.288252418,-1.940739478,549,28.8,100,0,23.53125,0,1.131
833.692,0.004724543,0,66.41224463,61.94487677,0.268832231,-1.896906398,550,28.8,100,0,23.53125,0,1.131
833.792,0.004684676,0,66.41224463,61.94487677,0.236465253,-2.016451162,550,28.8,100,0,23.53125,0,1.131
833.892,0.004724543,0,66.41224463,61.91608707,0.268832231,-2.008481511,550,28.8,100,0,23.53125,0,1.131
833.992,0.004724543,0,66.39307131,61.94487677,0.25588544,-1.928785002,550,28.8,100,0,23.53125,0,1.131
834.092,0.004684676,0,66.40265798,61.93528023,0.236465253,-1.932769827,550,28.8,100,0,23.53125,0,1.131
834.192,0.004764409,0,66.39307131,61.94487677,0.233228555,-2.048329766,550,28.8,100,0,23.53125,0,1.131
834.292,0.004684676,0,66.36431117,61.91608707,0.297962512,-1.944724304,550,28.8,100,0,23.53125,0,1.131
834.392,0.004724543,0,66.3738979,61.92568367,0.291489116,-1.968633257,550,28.8,100,0,23.53125,0,1.131
834.492,0.004724543,0,66.36431117,61.90649043,0.268832231,-2.032390464,550,28.8,100,0,23.53125,0,1.131
834.592,0.004764409,0,66.3738979,61.89689377,0.200861577,-2.008481511,550,28.8,100,0,23.53125,0,1.131
834.692,0.004724543,0,66.36431117,61.90649043,0.213808368,-1.940739478,550,28.8,100,0,23.53125,0,1.131
834.792,0.004604943,0,66.35472441,61.89689377,0.242938649,-1.968633257,548,28.8,100,0,23.53125,0,1.131
834.892,0.004684676,0,66.35472441,61.89689377,0.268832231,-2.020435988,548,28.8,100,0,23.53125,0,1.131
834.992,0.004764409,0,66.35472441,61.88729707,0.246175347,-2.03637529,548,28.8,100,0,23.53125,0,1.131
835.092,0.004764409,0,66.34513763,61.89689377,0.28501572,-1.908860874,548,28.8,100,0,23.53125,0,1.131
835.192,0.004724543,0,66.33555083,61.87770033,0.236465253,-1.944724304,548,28.8,100,0,23.53125,0,1.131
835.292,0.004724543,0,66.33555083,61.85850676,0.291489116,-2.020435988,548,28.8,100,0,23.53125,0,1.131
835.392,0.004764409,0,66.31637716,61.88729707,0.278542325,-1.928785002,548,28.8,100,0,23.53125,0,1.131
835.492,0.004724543,0,66.2972034,61.86810356,0.275305627,-1.992542209,548,28.8,100,0,23.53125,0,1.131
835.592,0.004684676,0,66.32596401,61.85850676,0.220281764,-1.95667878,548,28.8,100,0,23.53125,0,1.131
835.692,0.004724543,0,66.31637716,61.86810356,0.268832231,-2.068253894,548,28.8,100,0,23.53125,0,1.132
835.792,0.004684676,0,66.30679029,61.85850676,0.272068929,-1.952693955,548,28.8,100,0,23.53125,0,1.132
835.892,0.004724543,0,66.2972034,61.85850676,0.229991857,-1.976602907,545,28.8,100,0,23.53125,0,1.132
835.992,0.004684676,0,66.27802956,61.85850676,0.265595533,-1.928785002,545,28.8,100,0,23.53125,0,1.132
836.092,0.004764409,0,66.24926862,61.82971615,0.317382699,-1.95667878,545,28.8,100,0,23.53125,0,1.132
836.192,0.004604943,0,66.2972034,61.82971615,0.242938649,-1.952693955,545,28.8,100,0,23.53125,0,1.132
836.292,0.00464481,0,66.2684426,61.83931306,0.265595533,-1.865027794,545,28.8,100,0,23.53125,0,1.132
836.392,0.004724543,0,66.2684426,61.82011922,0.249412044,-1.992542209,545,28.8,100,0,23.53125,0,1.132
836.492,0.004764409,0,66.2684426,61.82971615,0.307672605,-2.008481511,545,28.8,100,0,23.53125,0,1.132
836.592,0.004684676,0,66.2684426,61.81052225,0.25588544,-1.924800176,545,28.8,100,0,23.53125,0,1.132
836.692,0.004764409,0,66.2684426,61.82971615,0.223518462,-1.984572558,545,28.8,100,0,23.53125,0,1.132
836.792,0.004764409,0,66.2396816,61.82971615,0.265595533,-1.980587733,545,28.8,100,0,23.53125,0,1.132
836.892,0.004804276,0,66.22050748,61.81052225,0.272068929,-2.032390464,545,28.8,100,0,23.53125,0,1.132
836.992,0.004684676,0,66.2396816,61.78173113,0.259122138,-1.964648431,543,28.8,100,0,23.53125,0,1.132
837.092,0.004724543,0,66.23009455,61.78173113,0.265595533,-1.992542209,543,28.8,100,0,23.53125,0,1.132
837.192,0.004724543,0,66.23009455,61.79132821,0.249412044,-1.988557384,543,28.8,100,0,23.53125,0,1.132
837.292,0.004724543,0,66.22050748,61.79132821,0.272068929,-1.928785002,543,28.8,100,0,23.53125,0,1.132
837.392,0.004764409,0,66.20133328,61.76253689,0.239701951,-1.888936747,543,28.8,100,0,23.53125,0,1.132
837.492,0.004684676,0,66.22050748,61.79132821,0.28501572,-1.996527035,543,28.8,100,0,23.53125,0,1.131
837.592,0.004604943,0,66.20133328,61.78173113,0.252648742,-1.872997445,543,28.8,100,0,23.53125,0,1.131
837.692,0.004724543,0,66.20133328,61.76253689,0.249412044,-1.892921572,543,28.8,100,0,23.53125,0,1.131
837.792,0.00464481,0,66.20133328,61.76253689,0.236465253,-1.884951921,543,28.8,100,0,23.53125,0,1.131
837.892,0.00464481,0,66.1725718,61.74334251,0.249412044,-1.908860874,543,28.8,100,0,23.53125,0,1.131
837.992,0.004724543,0,66.19174614,61.724148,0.22675516,-1.976602907,543,28.8,100,0,23.53125,0,1.131
838.092,0.004724543,0,66.18215899,61.73374527,0.249412044,-1.996527035,541,28.8,100,0,23.53125,0,1.131
838.192,0.004724543,0,66.19174614,61.724148,0.310909303,-1.980587733,541,28.8,100,0,23.53125,0,1.131
838.292,0.004764409,0,66.1725718,61.76253689,0.25588544,-1.9128457,541,28.8,100,0,23.53125,0,1.131
838.392,0.00464481,0,66.1629846,61.74334251,0.242938649,-1.944724304,541,28.8,100,0,23.53125,0,1.131
838.492,0.004604943,0,66.18215899,61.71455069,0.22675516,-1.960663606,541,28.8,100,0,23.53125,0,1.131
838.592,0.004684676,0,66.14381013,61.74334251,0.281779023,-1.904876049,541,28.8,100,0,23.53125,0,1.131
838.692,0.004684676,0,66.15339738,61.74334251,0.281779023,-2.008481511,541,28.8,100,0,23.53125,0,1.131
838.792,0.004724543,0,66.13422286,61.73374527,0.246175347,-1.948709129,541,28.8,100,0,23.53125,0,1.131
838.892,0.004684676,0,66.12463556,61.69535597,0.288252418,-1.964648431,541,28.8,100,0,23.53125,0,1.131
838.992,0.00464481,0,66.12463556,61.68575856,0.259122138,-2.03637529,541,28.8,100,0,23.53125,0,1.131
839.092,0.004764409,0,66.13422286,61.68575856,0.281779023,-2.048329766,541,28.8,100,0,23.53125,0,1.131
839.192,0.004604943,0,66.13422286,61.70495334,0.272068929,-1.972618082,540,28.8,100,0,23.53125,0,1.131
839.292,0.00464481,0,66.12463556,61.70495334,0.294725814,-1.940739478,540,28.8,100,0,23.53125,0,1.131
839.392,0.004764409,0,66.11504825,61.70495334,0.236465253,-1.900891223,540,28.8,100,0,23.53125,0,1.131
839.492,0.004724543,0,66.09587355,61.68575856,0.278542325,-1.936754653,540,28.8,100,0,23.53125,0,1.131
839.592,0.004684676,0,66.09587355,61.66656363,0.281779023,-2.032390464,540,28.8,100,0,23.53125,0,1.131
839.692,0.004684676,0,66.10546091,61.71455069,0.246175347,-1.936754653,540,28.8,100,0,23.53125,0,1.131
839.792,0.004724543,0,66.06711133,61.65696612,0.275305627,-1.960663606,540,28.8,100,0,23.53125,0,1.131
839.892,0.004764409,0,66.06711133,61.64736857,0.278542325,-2.012466337,540,28.8,100,0,23.53125,0,1.131
839.992,0.004684676,0,66.08628616,61.66656363,0.246175347,-1.857058143,540,28.8,100,0,23.53125,0,1.131
840.092,0.004724543,0,66.08628616,61.64736857,0.265595533,-1.928785002,540,28.8,100,0,23.53125,0,1.131
840.192,0.004684676,0,66.06711133,61.68575856,0.233228555,-1.908860874,540,28.8,100,0,23.53125,0,1.131
840.292,0.004604943,0,66.06711133,61.64736857,0.233228555,-1.968633257,539,28.8,100,0,23.53125,0,1.131
840.392,0.004724543,0,66.06711133,61.65696612,0.25588544,-1.948709129,539,28.8,100,0,23.53125,0,1.131
840.492,0.00464481,0,66.05752387,61.63777099,0.268832231,-1.865027794,539,28.8,100,0,23.53125,0,1.131
840.592,0.004724543,0,66.05752387,61.63777099,0.259122138,-1.920815351,539,28.8,100,0,23.53125,0,1.131
840.692,0.004724543,0,66.05752387,61.61857573,0.229991857,-1.996527035,539,28.8,100,0,23.53125,0,1.131
840.792,0.004684676,0,66.02876138,61.62817338,0.242938649,-1.980587733,539,28.8,100,0,23.53125,0,1.131
840.892,0.004684676,0,66.01917383,61.64736857,0.262358836,-1.9128457,539,28.8,100,0,23.53125,0,1.13
840.992,0.004684676,0,66.00958627,61.59938032,0.236465253,-1.845103667,539,28.8,100,0,23.53125,0,1.13
841.092,0.004724543,0,66.02876138,61.62817338,0.22675516,-1.932769827,539,28.8,100,0,23.53125,0,1.13
841.192,0.004684676,0,66.00958627,61.60897804,0.233228555,-1.872997445,539,28.8,100,0,23.53125,0,1.13
841.292,0.004684676,0,66.00958627,61.60897804,0.236465253,-1.908860874,539,28.8,100,0,23.53125,0,1.13
841.392,0.004724543,0,65.99999868,61.59938032,0.242938649,-2.008481511,538,28.8,100,0,23.53125,0,1.13
841.492,0.004724543,0,66.00958627,61.58978257,0.262358836,-1.908860874,538,28.8,100,0,23.53125,0,1.13
841.592,0.004724543,0,66.00958627,61.62817338,0.259122138,-2.024420813,538,28.8,100,0,23.53125,0,1.13
841.692,0.004604943,0,65.98082343,61.58978257,0.268832231,-1.996527035,538,28.8,100,0,23.53125,0,1.13
841.792,0.004604943,0,65.98082343,61.58978257,0.25588544,-1.904876049,538,28.8,100,0,23.53125,0,1.13
841.892,0.004724543,0,65.99999868,61.58978257,0.265595533,-1.95667878,538,28.8,100,0,23.53125,0,1.13
841.992,0.00464481,0,65.98082343,61.57058696,0.252648742,-1.996527035,538,28.8,100,0,23.53125,0,1.13
842.092,0.00464481,0,65.97123577,61.56098911,0.242938649,-1.992542209,538,28.8,100,0,23.53125,0,1.13
842.192,0.004684676,0,65.95206038,61.55139122,0.249412044,-1.936754653,538,28.8,100,0,23.53125,0,1.13
842.292,0.004684676,0,65.97123577,61.53219533,0.233228555,-1.888936747,538,28.8,100,0,23.53125,0,1.13
842.392,0.004684676,0,65.95206038,61.52259734,0.25588544,-1.964648431,538,28.8,100,0,23.53125,0,1.13
842.492,0.00464481,0,65.94247266,61.56098911,0.28501572,-1.964648431,537,28.8,100,0,23.53125,0,1.13
842.592,0.004604943,0,65.92329713,61.54179329,0.25588544,-1.952693955,537,28.8,100,0,23.53125,0,1.13
842.692,0.004724543,0,65.9328849,61.55139122,0.297962512,-1.95667878,537,28.8,100,0,23.53125,0,1.13
842.792,0.004724543,0,65.92329713,61.55139122,0.294725814,-1.928785002,537,28.8,100,0,23.53125,0,1.13
842.892,0.00464481,0,65.9328849,61.53219533,0.236465253,-1.95667878,537,28.8,100,0,23.53125,0,1.13
842.992,0.004684676,0,65.92329713,61.53219533,0.288252418,-1.900891223,537,28.8,100,0,23.53125,0,1.13
843.092,0.004684676,0,65.9328849,61.51299931,0.291489116,-1.984572558,537,28.8,100,0,23.53125,0,1.13
843.192,0.004684676,0,65.90412151,61.53219533,0.252648742,-1.972618082,537,28.8,100,0,23.53125,0,1.13
843.292,0.004684676,0,65.91370933,61.51299931,0.291489116,-1.920815351,537,28.8,100,0,23.53125,0,1.13
843.392,0.00464481,0,65.90412151,61.48420502,0.252648742,-1.932769827,537,28.8,100,0,23.53125,0,1.13
843.492,0.004604943,0,65.8849458,61.52259734,0.28501572,-1.95667878,537,28.8,100,0,23.53125,0,1.13
843.592,0.004724543,0,65.90412151,61.52259734,0.229991857,-2.004496686,538,28.8,100,0,23.53125,0,1.13
843.692,0.004604943,0,65.87535791,61.51299931,0.25588544,-1.936754653,538,28.8,100,0,23.53125,0,1.13
843.792,0.004724543,0,65.85618206,61.49380315,0.28501572,-2.008481511,538,28.8,100,0,23.53125,0,1.13
843.892,0.00464481,0,65.89453367,61.47460686,0.272068929,-1.932769827,538,28.8,100,0,23.53125,0,1.13
843.992,0.004684676,0,65.87535791,61.49380315,0.246175347,-2.040360115,538,28.8,100,0,23.53125,0,1.13
844.092,0.004684676,0,65.85618206,61.48420502,0.246175347,-1.932769827,538,28.8,100,0,23.53125,0,1.13
844.192,0.004684676,0,65.85618206,61.47460686,0.239701951,-1.988557384,538,28.8,100,0,23.53125,0,1.13
844.292,0.004684676,0,65.86577,61.47460686,0.246175347,-1.940739478,538,28.8,100,0,23.53125,0,1.13
844.392,0.004604943,0,65.85618206,61.44581215,0.246175347,-1.976602907,538,28.8,100,0,23.53125,0,1.132
844.492,0.004684676,0,65.85618206,61.49380315,0.246175347,-1.861042969,538,28.8,100,0,23.53125,0,1.132
844.592,0.00464481,0,65.82741811,61.45541042,0.236465253,-1.932769827,538,28.8,100,0,23.53125,0,1.132
844.692,0.004764409,0,65.8465941,61.45541042,0.268832231,-1.849088492,538,28.8,100,0,23.53125,0,1.132
844.792,0.00464481,0,65.81783008,61.44581215,0.268832231,-1.9128457,538,28.8,100,0,23.53125,0,1.132
844.892,0.00464481,0,65.83700612,61.44581215,0.291489116,-2.048329766,538,28.8,100,0,23.53125,0,1.132
844.992,0.00464481,0,65.82741811,61.43621385,0.252648742,-1.908860874,538,28.8,100,0,23.53125,0,1.132
845.092,0.00464481,0,65.80824203,61.40741872,0.262358836,-1.916830525,538,28.8,100,0,23.53125,0,1.132
845.192,0.004684676,0,65.79865395,61.45541042,0.242938649,-1.992542209,538,28.8,100,0,23.53125,0,1.132
845.292,0.004724543,0,65.80824203,61.42661551,0.268832231,-1.908860874,538,28.8,100,0,23.53125,0,1.132
845.392,0.004565076,0,65.79865395,61.41701713,0.297962512,-1.880967096,538,28.8,100,0,23.53125,0,1.132
845.492,0.004684676,0,65.76988957,61.41701713,0.236465253,-2.032390464,538,28.8,100,0,23.53125,0,1.132
845.592,0.004604943,0,65.77947772,61.39782028,0.272068929,-2.012466337,538,28.8,100,0,23.53125,0,1.132
845.692,0.004565076,0,65.76988957,61.41701713,0.246175347,-1.896906398,538,28.8,100,0,23.53125,0,1.132
845.792,0.004724543,0,65.76988957,61.40741872,0.22675516,-1.996527035,537,28.8,100,0,23.53125,0,1.132
845.892,0.004724543,0,65.77947772,61.37862329,0.301199209,-2.004496686,537,28.8,100,0,23.5625,0,1.132
845.992,0.004604943,0,65.7603014,61.39782028,0.249412044,-1.964648431,537,28.8,100,0,23.5625,0,1.131
846.092,0.00464481,0,65.7603014,61.37862329,0.239701951,-1.865027794,537,28.8,100,0,23.5625,0,1.131
846.192,0.004724543,0,65.75071321,61.37862329,0.242938649,-1.968633257,537,28.8,100,0,23.5625,0,1.131
846.292,0.004764409,0,65.7603014,61.36902474,0.25588544,-1.936754653,537,28.8,100,0,23.5625,0,1.131
846.392,0.00464481,0,65.74112499,61.37862329,0.288252418,-1.968633257,537,28.8,100,0,23.5625,0,1.131
846.492,0.00464481,0,65.72194848,61.3882218,0.288252418,-2.00051186,537,28.8,100,0,23.5625,0,1.131
846.592,0.004604943,0,65.73153675,61.36902474,0.252648742,-1.984572558,537,28.8,100,0,23.5625,0,1.131
846.692,0.004684676,0,65.74112499,61.35942616,0.239701951,-1.884951921,537,28.8,100,0,23.5625,0,1.131
846.792,0.00464481,0,65.72194848,61.35942616,0.294725814,-1.992542209,537,28.8,100,0,23.5625,0,1.131
846.892,0.004565076,0,65.70277188,61.34022889,0.217045066,-1.880967096,536,28.8,100,0,23.5625,0,1.131
846.992,0.004565076,0,65.70277188,61.34022889,0.252648742,-1.845103667,536,28.8,100,0,23.5625,0,1.131
847.092,0.004684676,0,65.71236019,61.32103148,0.259122138,-2.024420813,536,28.8,100,0,23.5625,0,1.131
847.192,0.004485343,0,65.68359518,61.34982754,0.233228555,-1.805255412,536,28.8,100,0,23.5625,0,1.131
847.292,0.004604943,0,65.69318354,61.3306302,0.25588544,-1.924800176,536,28.8,100,0,23.5625,0,1.131
847.392,0.00464481,0,65.68359518,61.3306302,0.233228555,-1.988557384,536,28.8,100,0,23.5625,0,1.131
847.492,0.00464481,0,65.6740068,61.31143272,0.233228555,-1.940739478,536,28.8,100,0,23.5625,0,1.131
847.592,0.004604943,0,65.68359518,61.35942616,0.268832231,-1.992542209,536,28.8,100,0,23.5625,0,1.131
847.692,0.00464481,0,65.69318354,61.32103148,0.252648742,-1.944724304,536,28.8,100,0,23.5625,0,1.131
847.792,0.004684676,0,65.66441839,61.30183392,0.249412044,-1.916830525,536,28.8,100,0,23.5625,0,1.13
847.892,0.004604943,0,65.6740068,61.30183392,0.259122138,-1.984572558,536,28.8,100,0,23.5625,0,1.13
847.992,0.004604943,0,65.6452415,61.31143272,0.265595533,-1.976602907,533,28.8,100,0,23.5625,0,1.13
848.092,0.004565076,0,65.65482996,61.2634384,0.252648742,-1.896906398,533,28.8,100,0,23.5625,0,1.13
848.192,0.004724543,0,65.65482996,61.2922351,0.217045066,-1.980587733,533,28.8,100,0,23.5625,0,1.13
848.292,0.004684676,0,65.60688744,61.30183392,0.233228555,-1.821194714,533,28.8,100,0,23.5625,0,1.13
848.392,0.00464481,0,65.62606452,61.2922351,0.239701951,-1.940739478,533,28.8,100,0,23.5625,0,1.13
848.492,0.004684676,0,65.65482996,61.27303734,0.275305627,-1.964648431,533,28.8,100,0,23.5625,0,1.13
848.592,0.004604943,0,65.63565302,61.28263623,0.291489116,-2.032390464,533,28.8,100,0,23.5625,0,1.13
848.692,0.004604943,0,65.65482996,61.28263623,0.25588544,-1.928785002,533,28.8,100,0,23.5625,0,1.13
848.792,0.00464481,0,65.58771026,61.2634384,0.25588544,-2.052314592,533,28.8,100,0,23.5625,0,1.13
848.892,0.004724543,0,65.61647599,61.2634384,0.262358836,-1.888936747,533,28.8,100,0,23.5625,0,1.13
848.992,0.004604943,0,65.60688744,61.24424043,0.265595533,-1.9128457,533,28.8,100,0,23.5625,0,1.13
849.092,0.004565076,0,65.60688744,61.28263623,0.223518462,-1.964648431,533,28.8,100,0,23.5625,0,1.13
849.192,0.004684676,0,65.57812164,61.22504232,0.25588544,-1.841118841,533,28.8,100,0,23.5625,0,1.13
849.292,0.004565076,0,65.56853299,61.23464139,0.22675516,-2.056299417,533,28.8,100,0,23.5625,0,1.13
849.392,0.004604943,0,65.59729886,61.21544321,0.272068929,-1.86901262,533,28.8,100,0,23.5625,0,1.13
849.492,0.004724543,0,65.56853299,61.23464139,0.272068929,-1.916830525,533,28.8,100,0,23.5625,0,1.13
849.592,0.004604943,0,65.56853299,61.23464139,0.272068929,-1.972618082,533,28.8,100,0,23.5625,0,1.131
849.692,0.004604943,0,65.57812164,61.22504232,0.229991857,-1.996527035,533,28.8,100,0,23.5625,0,1.131
849.792,0.004604943,0,65.54935562,61.21544321,0.252648742,-1.87698227,533,28.8,100,0,23.5625,0,1.131
849.892,0.004724543,0,65.53017816,61.20584406,0.239701951,-1.944724304,533,28.8,100,0,23.5625,0,1.131
849.992,0.00464481,0,65.55894432,61.20584406,0.239701951,-1.857058143,533,28.8,100,0,23.5625,0,1.131
850.092,0.00464481,0,65.56853299,61.18664567,0.25588544,-1.888936747,533,28.8,100,0,23.5625,0,1.131
850.192,0.004604943,0,65.5397669,61.19624488,0.252648742,-1.984572558,530,28.8,100,0,23.5625,0,1.131
850.292,0.004684676,0,65.53017816,61.20584406,0.246175347,-1.936754653,530,28.8,100,0,23.5625,0,1.131
850.392,0.004565076,0,65.54935562,61.19624488,0.275305627,-1.968633257,530,28.8,100,0,23.5625,0,1.131
850.492,0.00464481,0,65.53017816,61.19624488,0.265595533,-1.936754653,530,28.8,100,0,23.5625,0,1.131
850.592,0.00464481,0,65.5397669,61.20584406,0.291489116,-2.032390464,530,28.8,100,0,23.5625,0,1.131
850.692,0.004604943,0,65.5110006,61.17704642,0.262358836,-1.936754653,530,28.8,100,0,23.5625,0,1.131
850.792,0.004684676,0,65.50141178,61.18664567,0.217045066,-1.924800176,530,28.8,100,0,23.5625,0,1.131
850.892,0.004565076,0,65.5110006,61.16744713,0.259122138,-1.964648431,530,28.8,100,0,23.5625,0,1.131
850.992,0.004485343,0,65.49182294,61.13864906,0.242938649,-1.95667878,530,28.8,100,0,23.5625,0,1.131
851.092,0.00464481,0,65.52058939,61.16744713,0.22675516,-1.9128457,530,28.8,100,0,23.5625,0,1.131
851.192,0.004604943,0,65.49182294,61.17704642,0.265595533,-1.920815351,530,28.8,100,0,23.5625,0,1.131
851.292,0.004724543,0,65.47264518,61.14824845,0.259122138,-1.948709129,530,28.8,100,0,23.5625,0,1.131
851.392,0.00464481,0,65.46305627,61.14824845,0.259122138,-1.940739478,530,28.8,100,0,23.5625,0,1.131
851.492,0.00464481,0,65.47264518,61.14824845,0.278542325,-1.988557384,530,28.8,100,0,23.5625,0,1.131
851.592,0.004604943,0,65.48223407,61.14824845,0.25588544,-2.004496686,530,28.8,100,0,23.5625,0,1.131
851.692,0.00464481,0,65.45346733,61.15784781,0.272068929,-1.928785002,530,28.8,100,0,23.5625,0,1.131
851.792,0.00452521,0,65.45346733,61.11945017,0.268832231,-1.95667878,530,28.8,100,0,23.5625,0,1.131
851.892,0.004604943,0,65.45346733,61.12904963,0.265595533,-1.928785002,530,28.8,100,0,23.5625,0,1.131
851.992,0.004604943,0,65.45346733,61.11945017,0.233228555,-1.928785002,530,28.8,100,0,23.5625,0,1.131
852.092,0.004604943,0,65.41511134,61.12904963,0.281779023,-2.00051186,530,28.8,100,0,23.5625,0,1.131
852.192,0.004684676,0,65.44387837,61.10025114,0.252648742,-1.920815351,530,28.8,100,0,23.5625,0,1.131
852.292,0.004565076,0,65.42470037,61.11945017,0.239701951,-1.920815351,530,28.8,100,0,23.5625,0,1.131
852.392,0.004565076,0,65.43428938,61.09065157,0.223518462,-2.016451162,529,28.8,100,0,23.5625,0,1.131
852.492,0.00464481,0,65.43428938,61.07145232,0.236465253,-1.95667878,529,28.8,100,0,23.5625,0,1.131
852.592,0.004684676,0,65.41511134,61.09065157,0.288252418,-1.960663606,529,28.8,100,0,23.5625,0,1.131
852.692,0.004604943,0,65.41511134,61.09065157,0.25588544,-1.924800176,529,28.8,100,0,23.5625,0,1.131
852.792,0.00464481,0,65.40552228,61.07145232,0.22675516,-2.016451162,529,28.8,100,0,23.5625,0,1.131
852.892,0.004604943,0,65.40552228,61.09065157,0.272068929,-1.880967096,529,28.8,100,0,23.5625,0,1.131
852.992,0.004565076,0,65.37675495,61.08105196,0.28501572,-1.861042969,529,28.8,100,0,23.5625,0,1.131
853.092,0.004604943,0,65.39593319,61.07145232,0.265595533,-1.884951921,529,28.8,100,0,23.5625,0,1.131
853.192,0.004604943,0,65.39593319,61.07145232,0.25588544,-1.916830525,529,28.8,100,0,23.5625,0,1.131
853.292,0.004684676,0,65.37675495,61.06185264,0.220281764,-1.884951921,529,28.8,100,0,23.5625,0,1.131
853.392,0.004604943,0,65.36716579,61.0330534,0.272068929,-1.920815351,529,28.8,100,0,23.5625,0,1.131
853.492,0.004604943,0,65.37675495,61.02345358,0.272068929,-1.916830525,531,28.8,100,0,23.5625,0,1.131
853.592,0.004684676,0,65.3479874,61.06185264,0.246175347,-1.896906398,531,28.8,100,0,23.5625,0,1.131
853.692,0.004604943,0,65.35757661,61.02345358,0.268832231,-1.841118841,531,28.8,100,0,23.5625,0,1.131
853.792,0.004604943,0,65.33839817,61.04265318,0.272068929,-2.064269068,531,28.8,100,0,23.5625,0,1.131
853.892,0.004604943,0,65.32880891,61.0330534,0.259122138,-1.888936747,531,28.8,100,0,23.5625,0,1.131
853.992,0.00452521,0,65.33839817,61.00425383,0.239701951,-1.940739478,531,28.8,100,0,23.5625,0,1.131
854.092,0.00464481,0,65.32880891,61.0330534,0.229991857,-1.87698227,531,28.8,100,0,23.5625,0,1.131
854.192,0.004604943,0,65.32880891,61.00425383,0.233228555,-1.861042969,531,28.8,100,0,23.5625,0,1.131
854.292,0.004604943,0,65.32880891,60.9946539,0.25588544,-1.936754653,531,28.8,100,0,23.5625,0,1.131
854.392,0.004684676,0,65.28086225,60.9946539,0.242938649,-1.845103667,531,28.8,100,0,23.5625,0,1.131
854.492,0.004604943,0,65.30963032,60.9946539,0.252648742,-1.95667878,531,28.8,100,0,23.5625,0,1.131
854.592,0.00464481,0,65.30004099,61.00425383,0.242938649,-1.805255412,531,28.8,100,0,23.5625,0,1.131
854.692,0.004565076,0,65.32880891,60.97545394,0.272068929,-1.888936747,531,28.8,100,0,23.5625,0,1.131
854.792,0.004604943,0,65.28086225,60.97545394,0.275305627,-1.952693955,531,28.8,100,0,23.5625,0,1.131
854.892,0.004565076,0,65.28086225,60.9946539,0.242938649,-1.960663606,531,28.8,100,0,23.5625,0,1.131
854.992,0.004604943,0,65.28086225,60.97545394,0.252648742,-1.813225063,531,28.8,100,0,23.5625,0,1.131
855.092,0.004565076,0,65.28086225,60.97545394,0.236465253,-2.016451162,531,28.8,100,0,23.5625,0,1.131
855.192,0.004565076,0,65.25209396,60.9946539,0.236465253,-1.86901262,531,28.8,100,0,23.5625,0,1.131
855.292,0.00452521,0,65.29045163,60.95625384,0.217045066,-1.948709129,531,28.8,100,0,23.5625,0,1.131
855.392,0.004565076,0,65.26168342,60.95625384,0.259122138,-1.892921572,531,28.8,100,0,23.5625,0,1.131
855.492,0.004604943,0,65.24250448,60.97545394,0.268832231,-1.920815351,531,28.8,100,0,23.5625,0,1.131
855.592,0.004684676,0,65.23291498,60.94665373,0.236465253,-1.916830525,531,28.8,100,0,23.5625,0,1.131
855.692,0.004604943,0,65.25209396,60.97545394,0.242938649,-1.952693955,530,28.8,100,0,23.5625,0,1.131
855.792,0.00464481,0,65.24250448,60.96585391,0.236465253,-1.821194714,530,28.8,100,0,23.5625,0,1.131
855.892,0.00464481,0,65.21373589,60.93705359,0.239701951,-1.936754653,530,28.8,100,0,23.5625,0,1.131
855.992,0.004684676,0,65.23291498,60.91785319,0.265595533,-2.008481511,530,28.8,100,0,23.5625,0,1.131
856.092,0.00464481,0,65.22332545,60.93705359,0.246175347,-1.968633257,530,28.8,100,0,23.5625,0,1.131
856.192,0.004604943,0,65.23291498,60.93705359,0.236465253,-1.976602907,530,28.8,100,0,23.5625,0,1.131
856.292,0.00464481,0,65.21373589,60.92745341,0.249412044,-1.972618082,530,28.8,100,0,23.5625,0,1.131
856.392,0.004604943,0,65.22332545,60.91785319,0.25588544,-1.960663606,530,28.8,100,0,23.5625,0,1.131
856.492,0.004565076,0,65.21373589,60.89865265,0.281779023,-1.960663606,530,28.8,100,0,23.5625,0,1.131
856.592,0.004604943,0,65.20414631,60.91785319,0.233228555,-1.888936747,530,28.8,100,0,23.5625,0,1.131
856.692,0.004565076,0,65.14660831,60.89865265,0.236465253,-1.960663606,530,28.8,100,0,23.5625,0,1.131
856.792,0.004604943,0,65.16578774,60.90825294,0.22675516,-1.936754653,530,28.8,100,0,23.5625,0,1.131
856.892,0.004565076,0,65.16578774,60.89865265,0.236465253,-1.992542209,530,28.8,100,0,23.5625,0,1.131
856.992,0.004565076,0,65.16578774,60.91785319,0.252648742,-1.932769827,530,28.8,100,0,23.5625,0,1.131
857.092,0.00452521,0,65.14660831,60.90825294,0.25588544,-1.884951921,530,28.8,100,0,23.5625,0,1.131
857.192,0.004565076,0,65.15619804,60.89865265,0.262358836,-1.928785002,530,28.8,100,0,23.5625,0,1.131
857.292,0.004604943,0,65.18496708,60.86025115,0.242938649,-1.841118841,530,28.8,100,0,23.5625,0,1.131
857.392,0.004485343,0,65.16578774,60.88905233,0.233228555,-1.9128457,530,28.8,100,0,23.5625,0,1.131
857.492,0.00452521,0,65.15619804,60.88905233,0.252648742,-1.976602907,530,28.8,100,0,23.5625,0,1.131
857.592,0.004604943,0,65.12742877,60.86985158,0.25588544,-1.853073318,530,28.8,100,0,23.5625,0,1.131
857.692,0.00452521,0,65.12742877,60.86025115,0.252648742,-1.896906398,530,28.8,100,0,23.5625,0,1.131
857.792,0.004565076,0,65.12742877,60.86985158,0.262358836,-1.948709129,530,28.8,100,0,23.5625,0,1.131
857.892,0.00464481,0,65.13701855,60.87945197,0.259122138,-1.916830525,533,28.8,100,0,23.5625,0,1.131
857.992,0.00464481,0,65.12742877,60.84105017,0.236465253,-1.904876049,533,28.8,100,0,23.5625,0,1.131
858.092,0.004565076,0,65.12742877,60.86025115,0.259122138,-2.00051186,533,28.8,100,0,23.5625,0,1.131
858.192,0.004604943,0,65.0890694,60.86025115,0.246175347,-1.940739478,533,28.8,100,0,23.5625,0,1.13
858.292,0.00452521,0,65.09865928,60.86985158,0.28501572,-1.884951921,533,28.8,100,0,23.5625,0,1.13
858.392,0.00452521,0,65.09865928,60.85065068,0.307672605,-1.888936747,533,28.8,100,0,23.5625,0,1.13
858.492,0.004604943,0,65.09865928,60.84105017,0.268832231,-1.793300935,533,28.8,100,0,23.5625,0,1.13
858.592,0.004604943,0,65.0890694,60.83144963,0.217045066,-1.920815351,533,28.8,100,0,23.5625,0,1.13
858.692,0.00464481,0,65.0890694,60.83144963,0.25588544,-1.87698227,533,28.8,100,0,23.5625,0,1.13
858.792,0.00452521,0,65.06988956,60.85065068,0.259122138,-1.924800176,533,28.8,100,0,23.5625,0,1.13
858.892,0.004565076,0,65.06988956,60.81224845,0.262358836,-1.86901262,533,28.8,100,0,23.5625,0,1.13
858.992,0.00452521,0,65.0890694,60.81224845,0.249412044,-1.960663606,537,28.8,100,0,23.5625,0,1.13
859.092,0.004604943,0,65.05070962,60.8026478,0.288252418,-1.916830525,537,28.8,100,0,23.5625,0,1.13
859.192,0.00452521,0,65.03152957,60.8026478,0.217045066,-1.892921572,537,28.8,100,0,23.5625,0,1.13
859.292,0.004565076,0,65.06988956,60.8026478,0.239701951,-1.920815351,537,28.8,100,0,23.5625,0,1.13
859.392,0.00452521,0,65.04111961,60.78344639,0.265595533,-1.845103667,537,28.8,100,0,23.5625,0,1.13
859.492,0.004565076,0,65.01234943,60.79304711,0.25588544,-1.87698227,537,28.8,100,0,23.5625,0,1.13
859.592,0.00452521,0,65.02193951,60.82184906,0.242938649,-1.872997445,537,28.8,100,0,23.5625,0,1.13
859.692,0.00452521,0,65.03152957,60.77384563,0.207334973,-2.032390464,537,28.8,100,0,23.5625,0,1.13
859.792,0.004565076,0,65.01234943,60.76424484,0.242938649,-1.892921572,537,28.8,100,0,23.5625,0,1.13
859.892,0.004565076,0,65.01234943,60.76424484,0.242938649,-1.865027794,537,28.8,100,0,23.5625,0,1.131
859.992,0.00452521,0,65.01234943,60.75464401,0.259122138,-1.900891223,537,28.8,100,0,23.5625,0,1.131
860.092,0.004604943,0,65.00275932,60.79304711,0.272068929,-1.817209888,541,28.8,100,0,23.5625,0,1.131
860.192,0.004565076,0,64.98357902,60.76424484,0.229991857,-1.841118841,541,28.8,100,0,23.5625,0,1.131
860.292,0.00464481,0,64.99316918,60.76424484,0.233228555,-1.984572558,541,28.8,100,0,23.5625,0,1.131
860.392,0.004565076,0,64.97398884,60.75464401,0.229991857,-1.928785002,541,28.8,100,0,23.5625,0,1.131
860.492,0.004565076,0,64.98357902,60.74504314,0.278542325,-1.904876049,541,28.8,100,0,23.5625,0,1.131
860.592,0.004565076,0,64.97398884,60.74504314,0.229991857,-1.865027794,541,28.8,100,0,23.5625,0,1.131
860.692,0.00464481,0,64.95480838,60.74504314,0.275305627,-1.87698227,541,28.8,100,0,23.5625,0,1.131
860.792,0.00452521,0,64.96439862,60.74504314,0.242938649,-1.880967096,541,28.8,100,0,23.5625,0,1.131
860.892,0.004604943,0,64.94521812,60.71624032,0.233228555,-1.892921572,541,28.8,100,0,23.5625,0,1.131
860.992,0.00452521,0,64.95480838,60.74504314,0.233228555,-1.908860874,541,28.8,100,0,23.5625,0,1.131
861.092,0.00452521,0,64.95480838,60.71624032,0.246175347,-1.992542209,541,28.8,100,0,23.5625,0,1.131
861.192,0.004565076,0,64.96439862,60.71624032,0.220281764,-1.952693955,543,28.8,100,0,23.5625,0,1.131
861.292,0.004565076,0,64.92603752,60.7066393,0.259122138,-1.940739478,543,28.8,100,0,23.5625,0,1.131
861.392,0.00452521,0,64.94521812,60.7066393,0.236465253,-1.960663606,543,28.8,100,0,23.5625,0,1.131
861.492,0.004565076,0,64.94521812,60.69703825,0.288252418,-1.861042969,543,28.8,100,0,23.5625,0,1.131
861.592,0.004485343,0,64.91644718,60.7066393,0.213808368,-1.984572558,543,28.8,100,0,23.5625,0,1.131
861.692,0.004604943,0,64.94521812,60.69703825,0.291489116,-1.9128457,543,28.8,100,0,23.5625,0,1.131
861.792,0.004565076,0,64.91644718,60.68743717,0.262358836,-1.968633257,543,28.8,100,0,23.5625,0,1.131
861.892,0.004565076,0,64.89726642,60.66823488,0.262358836,-1.968633257,543,28.8,100,0,23.5625,0,1.131
861.992,0.00452521,0,64.89726642,60.64903245,0.249412044,-2.00051186,543,28.8,100,0,23.5625,0,1.131
862.092,0.00452521,0,64.90685681,60.68743717,0.275305627,-1.920815351,543,28.8,100,0,23.5625,0,1.131
862.192,0.004565076,0,64.90685681,60.68743717,0.278542325,-1.916830525,543,28.8,100,0,23.5625,0,1.131
862.292,0.004485343,0,64.89726642,60.65863368,0.229991857,-1.908860874,544,28.8,100,0,23.5625,0,1.131
862.392,0.00452521,0,64.90685681,60.68743717,0.210571671,-1.928785002,544,28.8,100,0,23.5625,0,1.131
862.492,0.00452521,0,64.87808555,60.64903245,0.272068929,-1.924800176,544,28.8,100,0,23.5625,0,1.131
862.592,0.00452521,0,64.887676,60.63943118,0.275305627,-1.9128457,544,28.8,100,0,23.5625,0,1.131
862.692,0.004565076,0,64.87808555,60.62982987,0.25588544,-2.00051186,544,28.8,100,0,23.5625,0,1.131
862.792,0.004604943,0,64.86849508,60.65863368,0.268832231,-1.904876049,544,28.8,100,0,23.5625,0,1.131
862.892,0.00452521,0,64.86849508,60.61062715,0.220281764,-1.916830525,544,28.8,100,0,23.5625,0,1.131
862.992,0.004565076,0,64.85890459,60.64903245,0.242938649,-1.861042969,544,28.8,100,0,23.5625,0,1.131
863.092,0.004445477,0,64.85890459,60.64903245,0.262358836,-1.849088492,544,28.8,100,0,23.5625,0,1.131
863.192,0.00464481,0,64.85890459,60.62022853,0.259122138,-1.904876049,544,28.8,100,0,23.5625,0,1.131
863.292,0.00464481,0,64.82054235,60.62022853,0.223518462,-1.996527035,544,28.8,100,0,23.5625,0,1.131
863.392,0.004565076,0,64.82054235,60.61062715,0.275305627,-1.944724304,544,28.8,100,0,23.5625,0,1.131
863.492,0.00452521,0,64.82054235,60.62982987,0.320619396,-1.928785002,544,28.8,100,0,23.5625,0,1.131
863.592,0.004604943,0,64.82054235,60.61062715,0.291489116,-1.872997445,544,28.8,100,0,23.5625,0,1.131
863.692,0.004485343,0,64.83013295,60.61062715,0.25588544,-1.865027794,544,28.8,100,0,23.5625,0,1.131
863.792,0.004565076,0,64.81095172,60.60102573,0.25588544,-1.936754653,544,28.8,100,0,23.5625,0,1.131
863.892,0.004604943,0,64.82054235,60.57222126,0.246175347,-1.900891223,544,28.8,100,0,23.5625,0,1.131
863.992,0.004565076,0,64.79177039,60.59142428,0.259122138,-1.904876049,544,28.8,100,0,23.5625,0,1.131
864.092,0.004565076,0,64.79177039,60.57222126,0.262358836,-1.932769827,544,28.8,100,0,23.5625,0,1.131
864.192,0.004565076,0,64.80136107,60.60102573,0.28501572,-1.888936747,544,28.8,100,0,23.5625,0,1.131
864.292,0.00452521,0,64.79177039,60.58182279,0.242938649,-1.944724304,544,28.8,100,0,23.5625,0,1.131
864.392,0.004604943,0,64.7629982,60.56261969,0.217045066,-1.880967096,544,28.8,100,0,23.5625,0,1.131
864.492,0.004565076,0,64.79177039,60.55301809,0.229991857,-1.880967096,545,28.8,100,0,23.5625,0,1.131
864.592,0.004485343,0,64.78217969,60.52421306,0.249412044,-2.028405639,545,28.8,100,0,23.5625,0,1.131
864.692,0.00464481,0,64.7629982,60.53381477,0.275305627,-1.896906398,545,28.8,100,0,23.5625,0,1.131
864.792,0.00452521,0,64.74381661,60.52421306,0.246175347,-1.944724304,545,28.8,100,0,23.5625,0,1.131
864.892,0.004485343,0,64.75340742,60.54341645,0.22675516,-2.020435988,545,28.8,100,0,23.5625,0,1.131
864.992,0.00464481,0,64.74381661,60.53381477,0.246175347,-1.952693955,545,28.8,100,0,23.5625,0,1.131
865.092,0.004565076,0,64.75340742,60.52421306,0.229991857,-1.896906398,545,28.8,100,0,23.5625,0,1.131
865.192,0.00452521,0,64.74381661,60.54341645,0.288252418,-1.976602907,545,28.8,100,0,23.5625,0,1.131
865.292,0.004604943,0,64.72463492,60.52421306,0.272068929,-1.904876049,545,28.8,100,0,23.5625,0,1.131
865.392,0.004565076,0,64.71504403,60.52421306,0.259122138,-1.948709129,545,28.8,100,0,23.5625,0,1.131
865.492,0.00452521,0,64.70545312,60.51461131,0.223518462,-1.87698227,545,28.8,100,0,23.5625,0,1.131
865.592,0.00452521,0,64.72463492,60.51461131,0.22675516,-1.920815351,546,28.8,100,0,23.5625,0,1.131
865.692,0.00452521,0,64.70545312,60.52421306,0.265595533,-1.884951921,546,28.8,100,0,23.5625,0,1.131
865.792,0.004604943,0,64.68627121,60.52421306,0.239701951,-1.837134016,546,28.8,100,0,23.5625,0,1.131
865.892,0.004604943,0,64.69586218,60.4954077,0.229991857,-1.880967096,546,28.8,100,0,23.5625,0,1.131
865.992,0.00452521,0,64.68627121,60.4954077,0.252648742,-1.857058143,546,28.8,100,0,23.5625,0,1.131
866.092,0.004485343,0,64.72463492,60.47620394,0.249412044,-1.9128457,546,28.8,100,0,23.5625,0,1.131
866.192,0.004565076,0,64.68627121,60.47620394,0.233228555,-1.884951921,546,28.8,100,0,23.5625,0,1.131
866.292,0.00452521,0,64.67668022,60.4954077,0.223518462,-1.87698227,546,28.8,100,0,23.5625,0,1.131
866.392,0.00452521,0,64.67668022,60.4954077,0.278542325,-1.849088492,546,28.8,100,0,23.5625,0,1.131
866.492,0.00452521,0,64.67668022,60.47620394,0.229991857,-1.940739478,546,28.8,100,0,23.5625,0,1.131
866.592,0.004485343,0,64.6670892,60.45700003,0.291489116,-1.908860874,546,28.8,100,0,23.5625,0,1.131
866.692,0.00452521,0,64.65749816,60.45700003,0.262358836,-1.948709129,546,28.8,100,0,23.5625,0,1.131
866.792,0.004565076,0,64.64790708,60.47620394,0.236465253,-1.809240237,546,28.8,100,0,23.5625,0,1.131
866.892,0.00452521,0,64.63831599,60.466602,0.25588544,-1.980587733,546,28.8,100,0,23.5625,0,1.131
866.992,0.004485343,0,64.63831599,60.44739802,0.22675516,-1.87698227,546,28.8,100,0,23.5625,0,1.131
867.092,0.004565076,0,64.65749816,60.48580584,0.242938649,-1.936754653,546,28.8,100,0,23.5625,0,1.131
867.192,0.00452521,0,64.64790708,60.44739802,0.22675516,-1.980587733,546,28.8,100,0,23.5625,0,1.131
867.292,0.004565076,0,64.60954253,60.43779597,0.252648742,-1.964648431,546,28.8,100,0,23.5625,0,1.131
867.392,0.004445477,0,64.62872486,60.43779597,0.294725814,-1.948709129,546,28.8,100,0,23.5625,0,1.131
867.492,0.00452521,0,64.62872486,60.44739802,0.297962512,-1.920815351,546,28.8,100,0,23.5625,0,1.131
867.592,0.004445477,0,64.59995133,60.43779597,0.262358836,-1.904876049,546,28.8,100,0,23.5625,0,1.131
867.692,0.004604943,0,64.62872486,60.41859176,0.239701951,-2.040360115,546,28.8,100,0,23.5625,0,1.131
867.792,0.00452521,0,64.61913371,60.41859176,0.262358836,-1.992542209,546,28.8,100,0,23.5625,0,1.131
867.892,0.00452521,0,64.57117756,60.41859176,0.223518462,-1.817209888,546,28.8,100,0,23.5625,0,1.131
867.992,0.004565076,0,64.59995133,60.38978517,0.265595533,-1.916830525,546,28.8,100,0,23.5625,0,1.131
868.092,0.004565076,0,64.5903601,60.39938741,0.275305627,-1.944724304,546,28.8,100,0,23.5625,0,1.131
868.192,0.004485343,0,64.56158625,60.43779597,0.242938649,-1.872997445,546,28.8,100,0,23.5625,0,1.131
868.292,0.004565076,0,64.5903601,60.4089896,0.229991857,-1.960663606,546,28.8,100,0,23.5625,0,1.131
868.392,0.004565076,0,64.57117756,60.39938741,0.229991857,-1.908860874,546,28.8,100,0,23.5625,0,1.131
868.492,0.00452521,0,64.56158625,60.3801829,0.272068929,-1.825179539,546,28.8,100,0,23.5625,0,1.131
868.592,0.004565076,0,64.5903601,60.3801829,0.28501572,-1.908860874,546,28.8,100,0,23.5625,0,1.131
868.692,0.004485343,0,64.57117756,60.38978517,0.217045066,-1.817209888,546,28.8,100,0,23.5625,0,1.131
868.792,0.00452521,0,64.57117756,60.38978517,0.223518462,-1.87698227,546,28.8,100,0,23.5625,0,1.131
868.892,0.00452521,0,64.54240355,60.38978517,0.239701951,-1.936754653,544,28.8,100,0,23.5625,0,1.131
868.992,0.00452521,0,64.53281216,60.37058059,0.229991857,-1.892921572,544,28.8,100,0,23.5625,0,1.131
869.092,0.00452521,0,64.50403783,60.36097824,0.204098275,-1.916830525,544,28.8,100,0,23.5625,0,1.131
869.192,0.004565076,0,64.53281216,60.34177344,0.268832231,-1.896906398,544,28.8,100,0,23.5625,0,1.131
869.292,0.004485343,0,64.53281216,60.36097824,0.220281764,-1.940739478,544,28.8,100,0,23.5625,0,1.131
869.392,0.00452521,0,64.52322074,60.36097824,0.272068929,-1.984572558,544,28.8,100,0,23.5625,0,1.131
869.492,0.004565076,0,64.50403783,60.33217098,0.278542325,-1.948709129,544,28.8,100,0,23.5625,0,1.131
869.592,0.004445477,0,64.50403783,60.34177344,0.246175347,-1.960663606,544,28.8,100,0,23.5625,0,1.131
869.692,0.004485343,0,64.52322074,60.32256848,0.22675516,-1.964648431,544,28.8,100,0,23.5625,0,1.131
869.792,0.00440561,0,64.5136293,60.32256848,0.278542325,-1.857058143,544,28.8,100,0,23.5625,0,1.131
869.892,0.004485343,0,64.49444633,60.32256848,0.233228555,-1.968633257,544,28.8,100,0,23.5625,0,1.131
869.992,0.00452521,0,64.5136293,60.33217098,0.275305627,-1.865027794,542,28.8,100,0,23.5625,0,1.131
870.092,0.00452521,0,64.46567168,60.33217098,0.242938649,-1.988557384,542,28.8,100,0,23.5625,0,1.131
870.192,0.004445477,0,64.48485481,60.32256848,0.259122138,-1.872997445,542,28.8,100,0,23.5625,0,1.131
870.292,0.004445477,0,64.49444633,60.30336337,0.259122138,-1.988557384,542,28.8,100,0,23.5625,0,1.131
870.392,0.004485343,0,64.49444633,60.29376076,0.268832231,-1.857058143,542,28.8,100,0,23.5625,0,1.131
870.492,0.00452521,0,64.45608007,60.30336337,0.239701951,-1.916830525,542,28.8,100,0,23.5625,0,1.131
870.592,0.00452521,0,64.46567168,60.28415812,0.239701951,-2.016451162,542,28.8,100,0,23.5625,0,1.131
870.692,0.00452521,0,64.45608007,60.28415812,0.210571671,-1.9128457,542,28.8,100,0,23.5625,0,1.131
870.792,0.00452521,0,64.44648844,60.30336337,0.210571671,-1.972618082,542,28.8,100,0,23.5625,0,1.131
870.892,0.004565076,0,64.45608007,60.26495271,0.220281764,-1.952693955,542,28.8,100,0,23.5625,0,1.131
870.992,0.004565076,0,64.43689678,60.26495271,0.25588544,-1.888936747,542,28.8,100,0,23.5625,0,1.131
871.092,0.004445477,0,64.41771338,60.26495271,0.22675516,-1.996527035,540,28.8,100,0,23.5625,0,1.131
871.192,0.00452521,0,64.43689678,60.26495271,0.252648742,-1.825179539,540,28.8,100,0,23.5625,0,1.131
871.292,0.00452521,0,64.43689678,60.27455543,0.294725814,-1.872997445,540,28.8,100,0,23.5625,0,1.131
871.392,0.004485343,0,64.40812165,60.26495271,0.246175347,-1.872997445,540,28.8,100,0,23.5625,0,1.131
871.492,0.004565076,0,64.40812165,60.22654144,0.262358836,-1.892921572,540,28.8,100,0,23.5625,0,1.131
871.592,0.004485343,0,64.41771338,60.24574715,0.213808368,-1.888936747,540,28.8,100,0,23.5625,0,1.131
871.692,0.00452521,0,64.39852988,60.23614431,0.246175347,-1.896906398,540,28.8,100,0,23.5625,0,1.131
871.792,0.004485343,0,64.41771338,60.27455543,0.25588544,-1.928785002,540,28.8,100,0,23.5625,0,1.131
871.892,0.00452521,0,64.38893808,60.21693853,0.239701951,-1.904876049,540,28.8,100,0,23.5625,0,1.131
871.992,0.004485343,0,64.37934626,60.22654144,0.191151484,-2.008481511,540,28.8,100,0,23.5625,0,1.131
872.092,0.004565076,0,64.36975442,60.22654144,0.242938649,-1.861042969,540,28.8,100,0,23.5625,0,1.131
872.192,0.004445477,0,64.38893808,60.22654144,0.242938649,-1.928785002,541,28.8,100,0,23.5625,0,1.131
872.292,0.00452521,0,64.36016254,60.21693853,0.301199209,-1.797285761,541,28.8,100,0,23.5625,0,1.131
872.392,0.00452521,0,64.36016254,60.20733558,0.184678088,-1.992542209,541,28.8,100,0,23.5625,0,1.131
872.492,0.00452521,0,64.37934626,60.22654144,0.297962512,-1.805255412,541,28.8,100,0,23.5625,0,1.131
872.592,0.004485343,0,64.33138675,60.22654144,0.233228555,-1.944724304,541,28.8,100,0,23.5625,0,1.131
872.692,0.004445477,0,64.36016254,60.18812956,0.265595533,-1.904876049,541,28.8,100,0,23.5625,0,1.131
872.792,0.00440561,0,64.35057064,60.18812956,0.268832231,-1.880967096,541,28.8,100,0,23.5625,0,1.131
872.892,0.004485343,0,64.34097871,60.19773259,0.265595533,-1.908860874,541,28.8,100,0,23.5625,0,1.131
872.992,0.004485343,0,64.34097871,60.1785265,0.249412044,-1.900891223,541,28.8,100,0,23.5625,0,1.131
873.092,0.004565076,0,64.33138675,60.1689234,0.233228555,-1.821194714,541,28.8,100,0,23.5625,0,1.131
873.192,0.00452521,0,64.33138675,60.19773259,0.236465253,-1.865027794,541,28.8,100,0,23.5625,0,1.131
873.292,0.004565076,0,64.30261072,60.14971708,0.239701951,-1.960663606,542,28.8,100,0,23.5625,0,1.131
873.392,0.00452521,0,64.32179477,60.1689234,0.220281764,-1.900891223,542,28.8,100,0,23.5625,0,1.131
873.492,0.00452521,0,64.30261072,60.1689234,0.259122138,-1.904876049,542,28.8,100,0,23.5625,0,1.131
873.592,0.004485343,0,64.28342656,60.1785265,0.259122138,-1.837134016,542,28.8,100,0,23.5625,0,1.131
873.692,0.004445477,0,64.31220276,60.1785265,0.272068929,-1.948709129,542,28.8,100,0,23.5625,0,1.13
873.792,0.00440561,0,64.28342656,60.1689234,0.281779023,-1.920815351,542,28.8,100,0,23.5625,0,1.13
873.892,0.004604943,0,64.29301865,60.14011387,0.278542325,-1.920815351,542,28.8,100,0,23.5625,0,1.13
873.992,0.00452521,0,64.27383444,60.14011387,0.252648742,-1.924800176,542,28.8,100,0,23.5625,0,1.13
874.092,0.004445477,0,64.26424229,60.14971708,0.249412044,-1.936754653,542,28.8,100,0,23.5625,0,1.13
874.192,0.004565076,0,64.28342656,60.14971708,0.268832231,-1.900891223,542,28.8,100,0,23.5625,0,1.13
874.292,0.004485343,0,64.26424229,60.12090732,0.217045066,-1.853073318,542,28.8,100,0,23.5625,0,1.13
874.392,0.004485343,0,64.27383444,60.10170063,0.268832231,-1.896906398,541,28.8,100,0,23.5625,0,1.13
874.492,0.004445477,0,64.24505791,60.11130399,0.229991857,-1.984572558,541,28.8,100,0,23.5625,0,1.13
874.592,0.004485343,0,64.23546568,60.13051061,0.259122138,-1.920815351,541,28.8,100,0,23.5625,0,1.13
874.692,0.004365743,0,64.28342656,60.13051061,0.249412044,-1.932769827,541,28.8,100,0,23.5625,0,1.13
874.792,0.004485343,0,64.22587342,60.14011387,0.249412044,-1.829164365,541,28.8,100,0,23.5625,0,1.13
874.892,0.00452521,0,64.33138675,60.10170063,0.265595533,-1.904876049,541,28.8,100,0,23.5625,0,1.13
874.992,0.00452521,0,64.18750411,60.10170063,0.239701951,-1.948709129,541,28.8,100,0,23.5625,0,1.13
875.092,0.00452521,0,64.22587342,60.11130399,0.246175347,-1.845103667,541,28.8,100,0,23.5625,0,1.13
875.192,0.004485343,0,64.23546568,60.07289029,0.236465253,-1.904876049,541,28.8,100,0,23.5625,0,1.13
875.292,0.004485343,0,64.24505791,60.10170063,0.242938649,-1.948709129,541,28.8,100,0,23.5625,0,1.13
875.392,0.004445477,0,64.18750411,60.09209722,0.25588544,-1.87698227,541,28.8,100,0,23.5625,0,1.13
875.492,0.00452521,0,64.19709648,60.12090732,0.22675516,-1.948709129,540,28.8,100,0,23.5625,0,1.13
875.592,0.00440561,0,64.29301865,60.08249378,0.25588544,-1.896906398,540,28.8,100,0,23.5625,0,1.13
875.692,0.00452521,0,64.17791172,60.09209722,0.229991857,-1.996527035,540,28.8,100,0,23.5625,0,1.13
875.792,0.004445477,0,64.11076417,60.08249378,0.262358836,-1.888936747,540,28.8,100,0,23.5625,0,1.13
875.892,0.004485343,0,64.28342656,60.07289029,0.262358836,-1.825179539,540,28.8,100,0,23.5625,0,1.13
875.992,0.004445477,0,64.29301865,60.06328677,0.278542325,-1.95667878,540,28.8,100,0,23.5625,0,1.13
876.092,0.004445477,0,64.05320804,60.05368321,0.252648742,-1.928785002,540,28.8,100,0,23.5625,0,1.13
876.192,0.004565076,0,64.17791172,60.07289029,0.239701951,-1.829164365,540,28.8,100,0,23.5625,0,1.13
876.292,0.004445477,0,64.20668882,60.05368321,0.265595533,-1.896906398,540,28.8,100,0,23.5625,0,1.13
876.392,0.004485343,0,64.11076417,60.05368321,0.217045066,-1.932769827,540,28.8,100,0,23.5625,0,1.13
876.492,0.00452521,0,64.12994932,60.05368321,0.233228555,-1.936754653,540,28.8,100,0,23.5625,0,1.13
876.592,0.004445477,0,64.20668882,60.05368321,0.233228555,-1.861042969,540,28.8,100,0,23.5625,0,1.13
876.692,0.004445477,0,64.15872684,60.03447598,0.259122138,-1.984572558,539,28.8,100,0,23.5625,0,1.13
876.792,0.00452521,0,64.10117155,60.04407962,0.252648742,-1.896906398,539,28.8,100,0,23.5625,0,1.13
876.892,0.00440561,0,64.10117155,60.0152686,0.22675516,-1.86901262,539,28.8,100,0,23.5625,0,1.13
876.992,0.00440561,0,64.16831929,60.03447598,0.262358836,-1.865027794,539,28.8,100,0,23.5625,0,1.13
877.092,0.004485343,0,64.14913436,60.02487231,0.233228555,-1.932769827,539,28.8,100,0,23.5625,0,1.13
877.192,0.00440561,0,64.12035676,60.0152686,0.213808368,-1.940739478,539,28.8,100,0,23.5625,0,1.13
877.292,0.004485343,0,64.12035676,59.98645723,0.249412044,-1.888936747,539,28.8,100,0,23.5625,0,1.131
877.392,0.227857851,0,63.99565091,60.04407962,0.18144139,-0.844912472,539,28.8,100,0,23.5625,0,1.131
877.492,0.261545123,0,64.12035676,60.00566484,0.210571671,-0.852882123,539,28.8,100,0,23.5625,0,1.131
877.592,0.283830549,0,64.0628008,60.0152686,0.187914786,-0.793109741,539,28.8,100,0,23.5625,0,1.131
877.692,0.302368516,0,64.12994932,60.00566484,0.242938649,-0.840927646,539,28.8,100,0,23.5625,0,1.131
877.792,0.319232087,0,64.0628008,60.0152686,0.187914786,-0.809049042,539,28.8,100,0,23.5625,0,1.131
877.892,0.334819926,0,64.0628008,59.98645723,0.249412044,-0.821003519,539,28.8,100,0,23.5625,0,1.131
877.992,0.349769901,0,64.13954186,59.98645723,0.210571671,-0.821003519,539,28.8,100,0,23.5625,0,1.131
878.092,0.364281343,0,64.10117155,60.0152686,0.207334973,-0.789124915,539,28.8,100,0,23.5625,0,1.131
878.192,0.378234653,0,64.11076417,59.97685336,0.210571671,-0.789124915,539,28.8,100,0,23.5625,0,1.131
878.292,0.39186903,0,64.0628008,59.98645723,0.217045066,-0.868821425,539,28.8,100,0,23.5625,0,1.131
878.392,0.405343941,0,64.0628008,60.00566484,0.22675516,-0.725367707,539,28.8,100,0,23.5625,0,1.131
878.492,0.418420187,0,64.07239353,59.95764552,0.229991857,-0.773185613,539,28.8,100,0,23.5625,0,1.131
878.592,0.4312971,0,64.03402244,60.0152686,0.210571671,-0.824988344,539,28.8,100,0,23.5625,0,1.131
878.692,0.444054413,0,64.08198623,59.98645723,0.207334973,-0.765215962,539,28.8,100,0,23.5625,0,1.131
878.792,0.456492794,0,64.09157891,59.94804153,0.233228555,-0.928593807,539,28.8,100,0,23.5625,0,1.131
878.892,0.468731842,0,64.04361526,59.95764552,0.246175347,-0.888745552,538,28.8,100,0,23.5625,0,1.131
878.992,0.48085129,0,64.00524384,59.93843751,0.210571671,-0.789124915,538,28.8,100,0,23.5625,0,1.131
879.092,0.492771406,0,64.05320804,59.91922936,0.246175347,-0.793109741,538,28.8,100,0,23.5625,0,1.131
879.192,0.504571922,0,64.0244296,59.93843751,0.246175347,-0.860851774,538,28.8,100,0,23.5625,0,1.131
879.292,0.516093372,0,64.00524384,59.93843751,0.25588544,-0.876791076,538,28.8,100,0,23.5625,0,1.131
879.392,0.527335756,0,64.01483673,59.90002105,0.220281764,-0.836942821,538,28.8,100,0,23.5625,0,1.131
879.492,0.538737607,0,64.03402244,59.90962522,0.236465253,-0.904684854,538,28.8,100,0,23.5625,0,1.131
879.592,0.549780658,0,64.03402244,59.90962522,0.213808368,-0.82897317,538,28.8,100,0,23.5625,0,1.131
879.692,0.56058451,0,64.01483673,59.93843751,0.239701951,-0.824988344,538,28.8,100,0,23.5625,0,1.131
879.792,0.571268763,0,64.01483673,59.91922936,0.22675516,-0.824988344,538,28.8,100,0,23.5625,0,1.131
879.892,0.581913149,0,64.01483673,59.88081258,0.281779023,-0.817018693,538,28.8,100,0,23.5625,0,1.131
879.992,0.592158869,0,63.96687196,59.90002105,0.278542325,-0.87280625,540,28.8,100,0,23.5625,0,1.131
880.092,0.602603923,0,63.99565091,59.90002105,0.242938649,-0.928593807,540,28.8,100,0,23.5625,0,1.131
880.192,0.612730043,0,64.00524384,59.90002105,0.242938649,-0.813033868,540,28.8,100,0,23.5625,0,1.131
880.292,0.622696698,0,63.94768586,59.88081258,0.22675516,-0.809049042,540,28.8,100,0,23.5625,0,1.131
880.392,0.632424153,0,63.97646497,59.87120829,0.246175347,-0.761231137,540,28.8,100,0,23.5625,0,1.131
880.492,0.642151608,0,63.96687196,59.88081258,0.239701951,-0.781155264,540,28.8,100,0,23.5625,0,1.131
880.592,0.651759464,0,63.97646497,59.89041684,0.272068929,-0.761231137,540,28.8,100,0,23.5625,0,1.131
880.692,0.661207854,0,63.97646497,59.88081258,0.252648742,-0.852882123,540,28.8,100,0,23.5625,0,1.131
880.792,0.670377177,0,63.94768586,59.87120829,0.304435907,-0.721382882,540,28.8,100,0,23.5625,0,1.131
880.892,0.679586367,0,63.95727893,59.88081258,0.223518462,-0.78514009,540,28.8,100,0,23.5625,0,1.131
880.992,0.688675958,0,63.91890649,59.86160396,0.294725814,-0.824988344,540,28.8,100,0,23.5625,0,1.131
881.092,0.697566215,0,63.92849964,59.86160396,0.268832231,-0.817018693,541,28.8,100,0,23.5625,0,1.131
881.192,0.706336873,0,63.90931331,59.8519996,0.200861577,-0.896715203,541,28.8,100,0,23.5625,0,1.131
881.292,0.715067665,0,63.94768586,59.82318626,0.236465253,-0.809049042,541,28.8,100,0,23.5625,0,1.131
881.392,0.723559257,0,63.92849964,59.8519996,0.242938649,-0.880775901,541,28.8,100,0,23.5625,0,1.131
881.492,0.732010982,0,63.91890649,59.84239519,0.262358836,-0.832957995,541,28.8,100,0,23.5625,0,1.131
881.592,0.740382975,0,63.8997201,59.83279074,0.239701951,-0.721382882,541,28.8,100,0,23.5625,0,1.131
881.692,0.748635367,0,63.90931331,59.84239519,0.239701951,-0.713413231,541,28.8,100,0,23.5625,0,1.131
881.792,0.756808027,0,63.8997201,59.80397717,0.28501572,-0.840927646,541,28.8,100,0,23.5625,0,1.131
881.892,0.764861087,0,63.91890649,59.79437257,0.236465253,-0.741307009,541,28.8,100,0,23.5625,0,1.131
881.992,0.77287428,0,63.8997201,59.81358174,0.25588544,-0.840927646,541,28.8,100,0,23.5625,0,1.131
882.092,0.780688141,0,63.8805336,59.81358174,0.278542325,-0.765215962,541,28.8,100,0,23.5625,0,1.131
882.192,0.788502002,0,63.8997201,59.82318626,0.265595533,-0.817018693,539,28.8,100,0,23.5625,0,1.131
882.292,0.796196263,0,63.89012687,59.80397717,0.239701951,-0.753261486,539,28.8,100,0,23.5625,0,1.131
882.392,0.803810791,0,63.87094031,59.78476793,0.25588544,-0.757246311,539,28.8,100,0,23.5625,0,1.131
882.492,0.811345585,0,63.86134699,59.78476793,0.291489116,-0.848897297,539,28.8,100,0,23.5625,0,1.131
882.592,0.818720914,0,63.87094031,59.77516325,0.281779023,-0.769200788,539,28.8,100,0,23.5625,0,1.131
882.692,0.826136109,0,63.85175364,59.76555854,0.239701951,-0.809049042,539,28.8,100,0,23.5625,0,1.131
882.792,0.833391838,0,63.84216026,59.77516325,0.242938649,-0.824988344,539,28.8,100,0,23.5625,0,1.131
882.892,0.840647567,0,63.84216026,59.76555854,0.252648742,-0.725367707,539,28.8,100,0,23.5625,0,1.131
882.992,0.847664096,0,63.86134699,59.74634898,0.252648742,-0.805064217,539,28.8,100,0,23.5625,0,1.131
883.092,0.854760359,0,63.86134699,59.76555854,0.220281764,-0.757246311,539,28.8,100,0,23.5625,0,1.131
883.192,0.861816755,0,63.83256685,59.74634898,0.252648742,-0.765215962,539,28.8,100,0,23.5625,0,1.131
883.292,0.868753552,0,63.84216026,59.74634898,0.278542325,-0.809049042,540,28.8,100,0,23.5625,0,1.131
883.392,0.875610615,0,63.84216026,59.75595378,0.265595533,-0.821003519,540,28.8,100,0,23.5625,0,1.131
883.492,0.882387945,0,63.83256685,59.75595378,0.229991857,-0.876791076,540,28.8,100,0,23.5625,0,1.131
883.592,0.889165276,0,63.80378646,59.75595378,0.278542325,-0.789124915,540,28.8,100,0,23.5625,0,1.131
883.692,0.895823006,0,63.82297342,59.70792941,0.252648742,-0.904684854,540,28.8,100,0,23.5625,0,1.131
883.792,0.902401004,0,63.80378646,59.71753436,0.233228555,-0.892730377,540,28.8,100,0,23.5625,0,1.131
883.892,0.909018868,0,63.79419294,59.70792941,0.272068929,-0.82897317,540,28.8,100,0,23.5625,0,1.131
883.992,0.915477266,0,63.77500581,59.71753436,0.297962512,-0.805064217,540,28.8,100,0,23.5625,0,1.131
884.092,0.921935663,0,63.78459939,59.70792941,0.252648742,-0.745291835,540,28.8,100,0,23.5625,0,1.131
884.192,0.928394062,0,63.78459939,59.67911431,0.268832231,-0.78514009,540,28.8,100,0,23.5625,0,1.13
884.292,0.934692993,0,63.78459939,59.66950921,0.25588544,-0.721382882,540,28.8,100,0,23.5625,0,1.13
884.392,0.941031791,0,63.7654122,59.67911431,0.268832231,-0.777170439,540,28.8,100,0,23.5625,0,1.13
884.492,0.947290857,0,63.78459939,59.68871938,0.252648742,-0.74927666,540,28.8,100,0,23.5625,0,1.13
884.592,0.953510055,0,63.77500581,59.69832442,0.229991857,-0.757246311,540,28.8,100,0,23.5625,0,1.13
884.692,0.959689388,0,63.78459939,59.71753436,0.28501572,-0.793109741,540,28.8,100,0,23.5625,0,1.13
884.792,0.965908587,0,63.7654122,59.67911431,0.268832231,-0.733337358,540,28.8,100,0,23.5625,0,1.13
884.892,0.971888586,0,63.7462249,59.66950921,0.239701951,-0.884760726,540,28.8,100,0,23.5625,0,1.13
884.992,0.977948318,0,63.77500581,59.66950921,0.22675516,-0.821003519,540,28.8,100,0,23.5625,0,1.13
885.092,0.984008051,0,63.7462249,59.65990406,0.249412044,-0.78514009,540,28.8,100,0,23.5625,0,1.13
885.192,0.989948184,0,63.7654122,59.66950921,0.262358836,-0.813033868,540,28.8,100,0,23.5625,0,1.13
885.292,0.99584845,0,63.7462249,59.65029887,0.223518462,-0.78514009,540,28.8,100,0,23.5625,0,1.13
885.392,1.001788583,0,63.7462249,59.65029887,0.262358836,-0.852882123,540,28.8,100,0,23.5625,0,1.13
885.492,1.007728717,0,63.7462249,59.65029887,0.22675516,-0.884760726,539,28.8,100,0,23.5625,0,1.13
885.592,1.01354925,0,63.7462249,59.65029887,0.278542325,-0.805064217,539,28.8,100,0,23.5625,0,1.13
885.692,1.019449517,0,63.7462249,59.64069364,0.25588544,-0.876791076,539,28.8,100,0,23.5625,0,1.13
885.792,1.025190317,0,63.7462249,59.63108837,0.28501572,-0.757246311,539,28.8,100,0,23.5625,0,1.13
885.892,1.031050718,0,63.73663121,59.63108837,0.249412044,-0.824988344,539,28.8,100,0,23.5625,0,1.131
885.992,1.036751652,0,63.72703748,59.65029887,0.268832231,-0.773185613,539,28.8,100,0,23.5625,0,1.131
886.092,1.042412719,0,63.72703748,59.62148307,0.262358836,-0.781155264,539,28.8,100,0,23.5625,0,1.131
886.192,1.048073787,0,63.70784995,59.60227234,0.275305627,-0.832957995,539,28.8,100,0,23.5625,0,1.131
886.292,1.053774721,0,63.73663121,59.64069364,0.252648742,-0.856866948,539,28.8,100,0,23.5625,0,1.131
886.392,1.059475656,0,63.70784995,59.63108837,0.242938649,-0.860851774,539,28.8,100,0,23.5625,0,1.131
886.492,1.06505699,0,63.71744373,59.61187772,0.233228555,-0.777170439,539,28.8,100,0,23.5625,0,1.131
886.592,1.070678192,0,63.73663121,59.60227234,0.259122138,-0.741307009,538,28.8,100,0,23.5625,0,1.131
886.692,1.076299393,0,63.67906844,59.62148307,0.223518462,-0.840927646,538,28.8,100,0,23.5625,0,1.131
886.792,1.081800995,0,63.69825614,59.61187772,0.246175347,-0.797094566,538,28.8,100,0,23.5625,0,1.131
886.892,1.08750193,0,63.67906844,59.60227234,0.220281764,-0.832957995,538,28.8,100,0,23.5625,0,1.131
886.992,1.092963665,0,63.71744373,59.60227234,0.262358836,-0.848897297,538,28.8,100,0,23.5625,0,1.131
887.092,1.098545,0,63.68866231,59.59266691,0.246175347,-0.761231137,538,28.8,100,0,23.5625,0,1.131
887.192,1.104046602,0,63.68866231,59.5638504,0.307672605,-0.817018693,538,28.8,100,0,23.5625,0,1.131
887.292,1.109548205,0,63.69825614,59.59266691,0.233228555,-0.821003519,538,28.8,100,0,23.5625,0,1.131
887.392,1.115049807,0,63.68866231,59.5638504,0.246175347,-0.852882123,538,28.8,100,0,23.5625,0,1.131
887.492,1.120471676,0,63.67906844,59.59266691,0.268832231,-0.757246311,538,28.8,100,0,23.5625,0,1.131
887.592,1.126053012,0,63.68866231,59.58306145,0.272068929,-0.821003519,538,28.8,100,0,23.5625,0,1.131
887.692,1.131514748,0,63.66947454,59.57345595,0.25588544,-0.844912472,536,28.8,100,0,23.5625,0,1.131
887.792,1.136976484,0,63.69825614,59.53503354,0.294725814,-0.876791076,536,28.8,100,0,23.5625,0,1.131
887.892,1.142478087,0,63.67906844,59.55424482,0.259122138,-0.681534627,536,28.8,100,0,23.5625,0,1.131
887.992,1.147860091,0,63.66947454,59.55424482,0.268832231,-0.761231137,536,28.8,100,0,23.5625,0,1.131
888.092,1.153321827,0,63.65988062,59.55424482,0.229991857,-0.817018693,536,28.8,100,0,23.5625,0,1.131
888.192,1.158743697,0,63.67906844,59.5638504,0.268832231,-0.860851774,536,28.8,100,0,23.5625,0,1.131
888.292,1.164165567,0,63.65028667,59.57345595,0.294725814,-0.876791076,536,28.8,100,0,23.5625,0,1.131
888.392,1.169547571,0,63.69825614,59.55424482,0.252648742,-0.868821425,536,28.8,100,0,23.5625,0,1.131
888.492,1.175049175,0,63.66947454,59.52542784,0.278542325,-0.817018693,536,28.8,100,0,23.5625,0,1.131
888.592,1.180471045,0,63.66947454,59.52542784,0.25588544,-0.824988344,536,28.8,100,0,23.5625,0,1.131
888.692,1.185892916,0,63.66947454,59.52542784,0.259122138,-0.74927666,536,28.8,100,0,23.5625,0,1.131
888.792,1.191195187,0,63.66947454,59.53503354,0.252648742,-0.832957995,534,28.8,100,0,23.5625,0,1.131
888.892,1.196577191,0,63.65988062,59.52542784,0.233228555,-0.745291835,534,28.8,100,0,23.5625,0,1.131
888.992,1.202118662,0,63.66947454,59.5158221,0.25588544,-0.809049042,534,28.8,100,0,23.5625,0,1.131
889.092,1.207381067,0,63.65028667,59.5158221,0.233228555,-0.805064217,534,28.8,100,0,23.5625,0,1.131
889.192,1.212723205,0,63.62150463,59.4966105,0.259122138,-0.713413231,534,28.8,100,0,23.5625,0,1.131
889.292,1.218145076,0,63.65028667,59.53503354,0.233228555,-0.801079391,534,28.8,100,0,23.5625,0,1.131
889.392,1.223606814,0,63.64069268,59.5158221,0.246175347,-0.880775901,534,28.8,100,0,23.5625,0,1.131
889.492,1.228869219,0,63.64069268,59.50621632,0.233228555,-0.805064217,534,28.8,100,0,23.5625,0,1.131
889.592,1.234330958,0,63.63109867,59.5158221,0.25588544,-0.773185613,534,28.8,100,0,23.5625,0,1.131
889.692,1.239712963,0,63.64069268,59.52542784,0.200861577,-0.813033868,534,28.8,100,0,23.5625,0,1.131
889.792,1.245094969,0,63.65028667,59.50621632,0.288252418,-0.824988344,534,28.8,100,0,23.5625,0,1.131
889.892,1.250397241,0,63.65028667,59.5158221,0.288252418,-0.797094566,533,28.8,100,0,23.5625,0,1.131
889.992,1.25585898,0,63.61191056,59.48700464,0.252648742,-0.809049042,533,28.8,100,0,23.5625,0,1.131
890.092,1.261240986,0,63.65028667,59.50621632,0.259122138,-0.82897317,533,28.8,100,0,23.5625,0,1.131
890.192,1.266662859,0,63.64069268,59.50621632,0.259122138,-0.884760726,533,28.8,100,0,23.5625,0,1.131
890.292,1.272004998,0,63.62150463,59.5158221,0.262358836,-0.765215962,533,28.8,100,0,23.5625,0,1.131
890.392,1.277307271,0,63.62150463,59.48700464,0.22675516,-0.82897317,533,28.8,100,0,23.5625,0,1.131
890.492,1.282848744,0,63.63109867,59.4677928,0.259122138,-0.793109741,533,28.8,100,0,23.5625,0,1.131
890.592,1.288151018,0,63.61191056,59.4677928,0.281779023,-0.733337358,533,28.8,100,0,23.5625,0,1.131
890.692,1.293493158,0,63.61191056,59.47739874,0.259122138,-0.868821425,533,28.8,100,0,23.5625,0,1.131
890.792,1.298915031,0,63.63109867,59.4485808,0.278542325,-0.844912472,533,28.8,100,0,23.5625,0,1.131
890.892,1.304297038,0,63.61191056,59.47739874,0.262358836,-0.817018693,533,28.8,100,0,23.5625,0,1.131
890.992,1.309679045,0,63.63109867,59.4677928,0.246175347,-0.741307009,536,28.8,100,0,23.5625,0,1.131
891.092,1.315061053,0,63.61191056,59.4677928,0.220281764,-0.852882123,536,28.8,100,0,23.5625,0,1.131
891.192,1.320363327,0,63.60231646,59.45818682,0.288252418,-0.908669679,536,28.8,100,0,23.5625,0,1.131
891.292,1.325785201,0,63.60231646,59.4485808,0.281779023,-0.813033868,536,28.8,100,0,23.5625,0,1.131
891.392,1.331246942,0,63.61191056,59.43897474,0.25588544,-0.797094566,536,28.8,100,0,23.5625,0,1.131
891.492,1.336469483,0,63.63109867,59.4485808,0.249412044,-0.844912472,536,28.8,100,0,23.5625,0,1.131
891.592,1.341971092,0,63.61191056,59.45818682,0.246175347,-0.757246311,536,28.8,100,0,23.5625,0,1.131
891.692,1.347313233,0,63.60231646,59.4485808,0.239701951,-0.793109741,536,28.8,100,0,23.5625,0,1.131
891.792,1.352735108,0,63.62150463,59.4197625,0.239701951,-0.860851774,536,28.8,100,0,23.5625,0,1.131
891.892,1.358117117,0,63.58312818,59.4485808,0.249412044,-0.852882123,536,28.8,100,0,23.5625,0,1.131
891.992,1.363538992,0,63.60231646,59.4197625,0.265595533,-0.82897317,536,28.8,100,0,23.5625,0,1.131
892.092,1.368841267,0,63.59272233,59.42936864,0.239701951,-0.753261486,538,28.8,100,0,23.5625,0,1.131
892.192,1.374263143,0,63.58312818,59.4485808,0.272068929,-0.813033868,538,28.8,100,0,23.5625,0,1.131
892.292,1.379565419,0,63.59272233,59.45818682,0.25588544,-0.91663933,538,28.8,100,0,23.5625,0,1.131
892.392,1.384947428,0,63.59272233,59.40055011,0.265595533,-0.789124915,538,28.8,100,0,23.5625,0,1.131
892.492,1.390289571,0,63.59272233,59.42936864,0.268832231,-0.824988344,538,28.8,100,0,23.5625,0,1.131
892.592,1.395711447,0,63.58312818,59.4197625,0.242938649,-0.82897317,538,28.8,100,0,23.5625,0,1.131
892.692,1.401013723,0,63.59272233,59.40055011,0.307672605,-0.87280625,538,28.8,100,0,23.5625,0,1.131
892.792,1.406395733,0,63.60231646,59.38133755,0.294725814,-0.868821425,538,28.8,100,0,23.5625,0,1.131
892.892,1.411777743,0,63.57353399,59.41015633,0.246175347,-0.817018693,538,28.8,100,0,23.5625,0,1.131
892.992,1.417159753,0,63.61191056,59.41015633,0.233228555,-0.793109741,538,28.8,100,0,23.5625,0,1.131
893.092,1.422422163,0,63.59272233,59.4197625,0.265595533,-0.868821425,538,28.8,100,0,23.5625,0,1.131
893.192,1.42772444,0,63.58312818,59.41015633,0.239701951,-0.884760726,538,28.8,100,0,23.5625,0,1.131
893.292,1.433146318,0,63.59272233,59.40055011,0.252648742,-0.832957995,538,28.8,100,0,23.5625,0,1.131
893.392,1.438448595,0,63.58312818,59.37173121,0.249412044,-0.848897297,538,28.8,100,0,23.5625,0,1.131
893.492,1.443750873,0,63.56393977,59.37173121,0.249412044,-0.769200788,538,28.8,100,0,23.5625,0,1.131
893.592,1.449132884,0,63.61191056,59.41015633,0.259122138,-0.932578632,538,28.8,100,0,23.5625,0,1.131
893.692,1.454395295,0,63.57353399,59.39094385,0.25588544,-0.880775901,538,28.8,100,0,23.5625,0,1.131
893.792,1.459697573,0,63.58312818,59.38133755,0.259122138,-0.74927666,538,28.8,100,0,23.5625,0,1.131
893.892,1.464999851,0,63.59272233,59.38133755,0.297962512,-0.82897317,538,28.8,100,0,23.5625,0,1.131
893.992,1.470262262,0,63.57353399,59.40055011,0.252648742,-0.813033868,538,28.8,100,0,23.5625,0,1.131
894.092,1.475644274,0,63.59272233,59.36212483,0.291489116,-0.805064217,538,28.8,100,0,23.5625,0,1.131
894.192,1.480826953,0,63.57353399,59.37173121,0.252648742,-0.87280625,538,28.8,100,0,23.5625,0,1.131
894.292,1.486089365,0,63.55434553,59.38133755,0.259122138,-0.817018693,539,28.8,100,0,23.5625,0,1.131
894.392,1.491391644,0,63.58312818,59.39094385,0.252648742,-0.717398057,539,28.8,100,0,23.5625,0,1.131
894.492,1.496654056,0,63.60231646,59.35251841,0.268832231,-0.805064217,539,28.8,100,0,23.5625,0,1.131
894.592,1.501876602,0,63.58312818,59.34291196,0.249412044,-0.844912472,539,28.8,100,0,23.5625,0,1.131
894.692,1.507139014,0,63.59272233,59.37173121,0.262358836,-0.789124915,539,28.8,100,0,23.5625,0,1.131
894.792,1.512401427,0,63.57353399,59.36212483,0.262358836,-0.78514009,539,28.8,100,0,23.5625,0,1.131
894.892,1.517584106,0,63.56393977,59.37173121,0.236465253,-0.836942821,539,28.8,100,0,23.5625,0,1.131
894.992,1.522726919,0,63.59272233,59.35251841,0.217045066,-0.761231137,539,28.8,100,0,23.5625,0,1.131
895.092,1.527989332,0,63.58312818,59.36212483,0.242938649,-0.824988344,539,28.8,100,0,23.5625,0,1.131
895.192,1.533211879,0,63.57353399,59.32369892,0.204098275,-0.777170439,539,28.8,100,0,23.5625,0,1.131
895.292,1.538354692,0,63.56393977,59.34291196,0.246175347,-0.840927646,539,28.8,100,0,23.5625,0,1.131
895.392,1.543497506,0,63.60231646,59.34291196,0.281779023,-0.725367707,538,28.8,100,0,23.5625,0,1.131
895.492,1.548720053,0,63.59272233,59.33330546,0.278542325,-0.793109741,538,28.8,100,0,23.5625,0,1.131
895.592,1.553902733,0,63.57353399,59.33330546,0.217045066,-0.832957995,538,28.8,100,0,23.5625,0,1.131
895.692,1.559045547,0,63.58312818,59.34291196,0.297962512,-0.74927666,538,28.8,100,0,23.5625,0,1.131
895.792,1.564148495,0,63.57353399,59.33330546,0.207334973,-0.789124915,538,28.8,100,0,23.5625,0,1.131
895.892,1.569291309,0,63.53515695,59.33330546,0.242938649,-0.809049042,538,28.8,100,0,23.5625,0,1.131
895.992,1.574394256,0,63.58312818,59.29487906,0.246175347,-0.777170439,538,28.8,100,0,23.5625,0,1.131
896.092,1.579497204,0,63.57353399,59.36212483,0.22675516,-0.82897317,538,28.8,100,0,23.5625,0,1.131
896.192,1.584520419,0,63.57353399,59.34291196,0.246175347,-0.864836599,538,28.8,100,0,23.5625,0,1.131
896.292,1.589742967,0,63.57353399,59.31409234,0.246175347,-0.777170439,538,28.8,100,0,23.5625,0,1.132
896.392,1.594766182,0,63.56393977,59.31409234,0.268832231,-0.908669679,538,28.8,100,0,23.5625,0,1.132
896.492,1.599829263,0,63.58312818,59.29487906,0.239701951,-0.697473929,537,28.8,100,0,23.5625,0,1.132
896.592,1.604932212,0,63.54475125,59.30448572,0.249412044,-0.860851774,537,28.8,100,0,23.5625,0,1.132
896.692,1.609955427,0,63.57353399,59.29487906,0.249412044,-0.844912472,537,28.8,100,0,23.5625,0,1.132
896.792,1.615138109,0,63.54475125,59.32369892,0.297962512,-0.773185613,537,28.8,100,0,23.5625,0,1.132
896.892,1.620161325,0,63.59272233,59.32369892,0.242938649,-0.777170439,537,28.8,100,0,23.5625,0,1.132
896.992,1.625304141,0,63.55434553,59.29487906,0.246175347,-0.777170439,537,28.8,100,0,23.59375,0,1.132
897.092,1.630247623,0,63.57353399,59.31409234,0.259122138,-0.852882123,537,28.8,100,0,23.59375,0,1.132
897.192,1.635270839,0,63.57353399,59.30448572,0.262358836,-0.856866948,537,28.8,100,0,23.59375,0,1.132
897.292,1.640373789,0,63.56393977,59.28527236,0.239701951,-0.936563458,537,28.8,100,0,23.59375,0,1.132
897.392,1.645397005,0,63.57353399,59.30448572,0.278542325,-0.860851774,537,28.8,100,0,23.5625,0,1.132
897.492,1.650499955,0,63.56393977,59.28527236,0.268832231,-0.777170439,537,28.8,100,0,23.5625,0,1.132
897.592,1.655642772,0,63.56393977,59.29487906,0.242938649,-0.781155264,537,28.8,100,0,23.59375,0,1.132
897.692,1.660586255,0,63.55434553,59.29487906,0.207334973,-0.836942821,537,28.8,100,0,23.59375,0,1.132
897.792,1.665729072,0,63.56393977,59.28527236,0.229991857,-0.733337358,537,28.8,100,0,23.59375,0,1.132
897.892,1.670792156,0,63.55434553,59.27566562,0.259122138,-0.777170439,537,28.8,100,0,23.5625,0,1.132
897.992,1.675815373,0,63.56393977,59.28527236,0.239701951,-0.836942821,537,28.8,100,0,23.5625,0,1.131
898.092,1.680878458,0,63.55434553,59.28527236,0.265595533,-0.924608981,537,28.8,100,0,23.5625,0,1.131
898.192,1.685941542,0,63.54475125,59.27566562,0.301199209,-0.856866948,537,28.8,100,0,23.5625,0,1.131
898.292,1.69096476,0,63.56393977,59.28527236,0.223518462,-0.805064217,537,28.8,100,0,23.5625,0,1.131
898.392,1.696147445,0,63.53515695,59.26605884,0.249412044,-0.868821425,537,28.8,100,0,23.5625,0,1.131
898.492,1.70133013,0,63.54475125,59.24684516,0.236465253,-0.848897297,537,28.8,100,0,23.5625,0,1.131
898.592,1.706353348,0,63.55434553,59.26605884,0.278542325,-0.832957995,537,28.8,100,0,23.5625,0,1.131
898.692,1.7114563,0,63.57353399,59.24684516,0.259122138,-0.753261486,538,28.8,100,0,23.5625,0,1.131
898.792,1.716559252,0,63.56393977,59.28527236,0.246175347,-0.817018693,538,28.8,100,0,23.5625,0,1.131
898.892,1.721781805,0,63.54475125,59.25645202,0.259122138,-0.840927646,538,28.8,100,0,23.5625,0,1.131
898.992,1.726805024,0,63.54475125,59.25645202,0.25588544,-0.868821425,538,28.8,100,0,23.5625,0,1.131
899.092,1.73198771,0,63.56393977,59.26605884,0.252648742,-0.761231137,538,28.8,100,0,23.5625,0,1.131
899.192,1.73713053,0,63.55434553,59.25645202,0.278542325,-0.936563458,538,28.8,100,0,23.5625,0,1.131
899.292,1.74239295,0,63.53515695,59.25645202,0.25588544,-0.717398057,538,28.8,100,0,23.5625,0,1.131
899.392,1.747575637,0,63.54475125,59.25645202,0.262358836,-0.832957995,538,28.8,100,0,23.5625,0,1.131
899.492,1.752838058,0,63.57353399,59.22763132,0.22675516,-0.876791076,538,28.8,100,0,23.5625,0,1.131
899.592,1.758060612,0,63.55434553,59.24684516,0.288252418,-0.840927646,538,28.8,100,0,23.5625,0,1.131
899.692,1.763283166,0,63.55434553,59.24684516,0.262358836,-0.805064217,538,28.8,100,0,23.5625,0,1.131
899.792,1.768465854,0,63.54475125,59.24684516,0.294725814,-0.832957995,538,28.8,100,0,23.5625,0,1.131
899.892,1.773808009,0,63.54475125,59.23723826,0.217045066,-0.824988344,538,28.8,100,0,23.5625,0,1.131
899.992,1.779190031,0,63.54475125,59.23723826,0.262358836,-0.805064217,538,28.8,100,0,23.5625,0,1.131
900.092,1.784412586,0,63.56393977,59.24684516,0.272068929,-0.856866948,538,28.8,100,0,23.5625,0,1.131
900.192,1.789794609,0,63.55434553,59.21802434,0.197624879,-0.836942821,538,28.8,100,0,23.5625,0,1.131
900.292,1.795176631,0,63.55434553,59.23723826,0.291489116,-0.920624156,538,28.8,100,0,23.59375,0,1.131
900.392,1.800638388,0,63.55434553,59.25645202,0.22675516,-0.848897297,538,28.8,100,0,23.59375,0,1.131
900.492,1.80590081,0,63.55434553,59.22763132,0.236465253,-0.900700028,538,28.8,100,0,23.59375,0,1.131
900.592,1.811402434,0,63.53515695,59.23723826,0.268832231,-0.844912472,538,28.8,100,0,23.59375,0,1.131
900.692,1.816983792,0,63.54475125,59.22763132,0.259122138,-0.900700028,538,28.8,100,0,23.5625,0,1.131
900.792,1.822525283,0,63.54475125,59.25645202,0.233228555,-0.817018693,538,28.8,100,0,23.5625,0,1.131
900.892,1.828066774,0,63.56393977,59.24684516,0.259122138,-0.860851774,538,28.8,100,0,23.5625,0,1.131
900.992,1.833648133,0,63.55434553,59.23723826,0.236465253,-0.836942821,537,28.8,100,0,23.5625,0,1.131
901.092,1.839349092,0,63.52556262,59.22763132,0.252648742,-0.832957995,537,28.8,100,0,23.5625,0,1.131
901.192,1.845010184,0,63.54475125,59.22763132,0.281779023,-0.797094566,537,28.8,100,0,23.5625,0,1.131
901.292,1.850751011,0,63.53515695,59.24684516,0.272068929,-0.836942821,537,28.8,100,0,23.59375,0,1.131
901.392,1.856531704,0,63.54475125,59.21802434,0.239701951,-0.789124915,537,28.8,100,0,23.59375,0,1.131
901.492,1.862272531,0,63.54475125,59.20841731,0.220281764,-0.840927646,537,28.8,100,0,23.59375,0,1.131
901.592,1.868451894,0,63.54475125,59.23723826,0.272068929,-0.836942821,537,28.8,100,0,23.59375,0,1.131
901.692,1.874272455,0,63.53515695,59.179596,0.297962512,-0.904684854,537,28.8,100,0,23.59375,0,1.131
901.792,1.880372084,0,63.51596826,59.18920315,0.236465253,-0.721382882,537,28.8,100,0,23.59375,0,1.131
901.892,1.88639198,0,63.54475125,59.21802434,0.229991857,-0.884760726,537,28.8,100,0,23.59375,0,1.131
901.992,1.892571344,0,63.52556262,59.18920315,0.259122138,-0.789124915,537,28.8,100,0,23.59375,0,1.131
902.092,1.898750708,0,63.54475125,59.18920315,0.242938649,-0.836942821,538,28.8,100,0,23.59375,0,1.131
902.192,1.905049673,0,63.52556262,59.20841731,0.268832231,-0.801079391,538,28.8,100,0,23.59375,0,1.131
902.292,1.911627706,0,63.52556262,59.18920315,0.239701951,-0.876791076,538,28.8,100,0,23.59375,0,1.131
902.392,1.917926671,0,63.52556262,59.18920315,0.236465253,-0.912654505,538,28.8,100,0,23.59375,0,1.131
902.492,1.924584439,0,63.53515695,59.1603816,0.262358836,-0.74927666,538,28.8,100,0,23.59375,0,1.131
902.592,1.931162473,0,63.50637386,59.18920315,0.223518462,-0.793109741,538,28.8,100,0,23.59375,0,1.131
902.692,1.938059442,0,63.50637386,59.15077433,0.252648742,-0.832957995,538,28.8,100,0,23.59375,0,1.131
902.792,1.944956412,0,63.51596826,59.16998882,0.246175347,-0.805064217,538,28.8,100,0,23.59375,0,1.131
902.892,1.951853382,0,63.52556262,59.15077433,0.22675516,-0.757246311,538,28.8,100,0,23.59375,0,1.131
902.992,1.958869953,0,63.50637386,59.16998882,0.217045066,-0.78514009,538,28.8,100,0,23.59375,0,1.131
903.092,1.966125726,0,63.52556262,59.1603816,0.246175347,-0.844912472,538,28.8,100,0,23.59375,0,1.131
903.192,1.973341633,0,63.48718499,59.14116702,0.268832231,-0.82897317,539,28.8,100,0,23.59375,0,1.131
903.292,1.980876474,0,63.53515695,59.1603816,0.268832231,-0.876791076,539,28.8,100,0,23.59375,0,1.131
903.392,1.988491051,0,63.52556262,59.16998882,0.294725814,-0.876791076,539,28.8,100,0,23.59375,0,1.131
903.492,1.996185361,0,63.52556262,59.14116702,0.259122138,-0.836942821,539,28.8,100,0,23.59375,0,1.131
903.592,2.003879672,0,63.49677944,59.15077433,0.220281764,-0.876791076,539,28.8,100,0,23.59375,0,1.131
903.692,2.01173345,0,63.51596826,59.13155968,0.217045066,-0.824988344,539,28.8,100,0,23.59375,0,1.131
903.792,2.019826431,0,63.49677944,59.15077433,0.25588544,-0.789124915,539,28.8,100,0,23.59375,0,1.131
903.892,2.027999146,0,63.49677944,59.1603816,0.233228555,-0.821003519,539,28.8,100,0,23.59375,0,1.131
903.992,2.036251595,0,63.50637386,59.1603816,0.246175347,-0.777170439,539,28.8,100,0,23.59375,0,1.131
904.092,2.044543912,0,63.48718499,59.179596,0.291489116,-0.824988344,539,28.8,100,0,23.59375,0,1.131
904.192,2.053195032,0,63.49677944,59.179596,0.236465253,-0.821003519,539,28.8,100,0,23.59375,0,1.131
904.292,2.061806285,0,63.51596826,59.14116702,0.242938649,-0.852882123,540,28.8,100,0,23.59375,0,1.131
904.392,2.070417539,0,63.45840147,59.14116702,0.265595533,-0.91663933,540,28.8,100,0,23.59375,0,1.131
904.492,2.079267995,0,63.49677944,59.13155968,0.22675516,-0.797094566,540,28.8,100,0,23.59375,0,1.131
904.592,2.088277919,0,63.47759051,59.14116702,0.242938649,-0.813033868,540,28.8,100,0,23.59375,0,1.131
904.692,2.09720811,0,63.47759051,59.15077433,0.239701951,-0.880775901,540,28.8,100,0,23.59375,0,1.131
904.792,2.106058568,0,63.47759051,59.14116702,0.229991857,-0.852882123,540,28.8,100,0,23.59375,0,1.131
904.892,2.115108361,0,63.49677944,59.13155968,0.310909303,-0.860851774,540,28.8,100,0,23.59375,0,1.131
904.992,2.124277755,0,63.50637386,59.13155968,0.220281764,-0.840927646,540,28.8,100,0,23.59375,0,1.131
905.092,2.133287683,0,63.47759051,59.11234486,0.291489116,-0.801079391,540,28.8,100,0,23.59375,0,1.131
905.192,2.142536812,0,63.48718499,59.13155968,0.259122138,-0.876791076,540,28.8,100,0,23.59375,0,1.131
905.292,2.151666342,0,63.467996,59.14116702,0.242938649,-0.840927646,540,28.8,100,0,23.59375,0,1.131
905.392,2.160756005,0,63.47759051,59.13155968,0.252648742,-0.817018693,539,28.8,100,0,23.59375,0,1.131
905.492,2.169805803,0,63.4488069,59.11234486,0.259122138,-0.74927666,539,28.8,100,0,23.59375,0,1.131
905.592,2.1788556,0,63.467996,59.10273739,0.252648742,-0.920624156,539,28.8,100,0,23.59375,0,1.131
905.692,2.187825665,0,63.47759051,59.13155968,0.278542325,-0.852882123,539,28.8,100,0,23.59375,0,1.131
905.792,2.196875464,0,63.47759051,59.13155968,0.252648742,-0.888745552,539,28.8,100,0,23.59375,0,1.131
905.892,2.205885397,0,63.467996,59.09312988,0.233228555,-0.864836599,539,28.8,100,0,23.59375,0,1.131
905.992,2.21477573,0,63.45840147,59.10273739,0.233228555,-0.888745552,539,28.8,100,0,23.59375,0,1.131
906.092,2.223347127,0,63.467996,59.10273739,0.294725814,-0.880775901,539,28.8,100,0,23.59375,0,1.131
906.192,2.232038127,0,63.4488069,59.09312988,0.223518462,-0.773185613,539,28.8,100,0,23.59375,0,1.131
906.292,2.24080886,0,63.4392123,59.09312988,0.272068929,-0.805064217,539,28.8,100,0,23.59375,0,1.131
906.392,2.249420127,0,63.4488069,59.09312988,0.252648742,-0.95250276,539,28.8,100,0,23.59375,0,1.131
906.492,2.25795166,0,63.45840147,59.09312988,0.223518462,-0.824988344,538,28.8,100,0,23.59375,0,1.131
906.592,2.266243992,0,63.4488069,59.09312988,0.268832231,-0.773185613,538,28.8,100,0,23.59375,0,1.131
906.692,2.274576192,0,63.45840147,59.09312988,0.265595533,-0.884760726,538,28.8,100,0,23.59375,0,1.131
906.792,2.282828658,0,63.42961767,59.09312988,0.272068929,-0.809049042,538,28.8,100,0,23.59375,0,1.131
906.892,2.291001391,0,63.42961767,59.08352233,0.233228555,-0.876791076,538,28.8,100,0,23.59375,0,1.131
906.992,2.299134257,0,63.4392123,59.10273739,0.242938649,-0.844912472,538,28.8,100,0,23.59375,0,1.131
907.092,2.306908321,0,63.4392123,59.09312988,0.259122138,-0.781155264,538,28.8,100,0,23.59375,0,1.131
907.192,2.314722252,0,63.4488069,59.10273739,0.262358836,-0.773185613,538,28.8,100,0,23.59375,0,1.131
907.292,2.322496318,0,63.4392123,59.09312988,0.265595533,-0.880775901,538,28.8,100,0,23.59375,0,1.131
907.392,2.330150782,0,63.41042833,59.09312988,0.28501572,-0.848897297,538,28.8,100,0,23.59375,0,1.131
907.492,2.337924848,0,63.4392123,59.08352233,0.249412044,-0.864836599,538,28.8,100,0,23.59375,0,1.131
907.592,2.34510091,0,63.42002302,59.06430711,0.246175347,-0.852882123,538,28.8,100,0,23.59375,0,1.131
907.692,2.352715509,0,63.41042833,59.05469944,0.25588544,-0.817018693,538,28.8,100,0,23.59375,0,1.131
907.792,2.360090907,0,63.4392123,59.07391474,0.25588544,-0.868821425,538,28.8,100,0,23.59375,0,1.131
907.892,2.367107501,0,63.4392123,59.09312988,0.25588544,-0.852882123,538,28.8,100,0,23.59375,0,1.131
907.992,2.374443033,0,63.42002302,59.05469944,0.239701951,-0.892730377,538,28.8,100,0,23.59375,0,1.131
908.092,2.381300161,0,63.4392123,59.06430711,0.28501572,-0.860851774,538,28.8,100,0,23.59375,0,1.131
908.192,2.388037688,0,63.39123887,59.06430711,0.239701951,-0.860851774,538,28.8,100,0,23.59375,0,1.131
908.292,2.394934683,0,63.41042833,59.09312988,0.278542325,-0.82897317,538,28.8,100,0,23.59375,0,1.131
908.392,2.401672211,0,63.40083361,59.04509172,0.259122138,-0.824988344,538,28.8,100,0,23.59375,0,1.131
908.492,2.408609075,0,63.41042833,59.07391474,0.259122138,-0.745291835,538,28.8,100,0,23.59375,0,1.131
908.592,2.415067534,0,63.40083361,59.06430711,0.239701951,-0.868821425,538,28.8,100,0,23.59375,0,1.131
908.692,2.421685462,0,63.40083361,59.05469944,0.239701951,-0.737322184,538,28.8,100,0,23.59375,0,1.131
908.792,2.428024321,0,63.38164409,59.05469944,0.294725814,-0.757246311,538,28.8,100,0,23.59375,0,1.131
908.892,2.434363181,0,63.42002302,59.09312988,0.288252418,-0.864836599,538,28.8,100,0,23.59375,0,1.131
908.992,2.440702041,0,63.40083361,59.05469944,0.28501572,-0.848897297,538,28.8,100,0,23.59375,0,1.131
909.092,2.4469213,0,63.39123887,59.04509172,0.265595533,-0.87280625,538,28.8,100,0,23.59375,0,1.131
909.192,2.453020958,0,63.40083361,59.07391474,0.233228555,-0.741307009,538,28.8,100,0,23.59375,0,1.131
909.292,2.459040883,0,63.39123887,59.06430711,0.249412044,-0.856866948,538,28.8,100,0,23.59375,0,1.131
909.392,2.464941207,0,63.41042833,59.04509172,0.301199209,-0.813033868,538,28.8,100,0,23.59375,0,1.131
909.492,2.470761797,0,63.38164409,59.04509172,0.272068929,-0.805064217,538,28.8,100,0,23.59375,0,1.131
909.592,2.476741856,0,63.36245445,59.04509172,0.249412044,-0.721382882,538,28.8,100,0,23.59375,0,1.131
909.692,2.482522579,0,63.39123887,59.03548397,0.281779023,-0.793109741,539,28.8,100,0,23.59375,0,1.131
909.792,2.488024234,0,63.38164409,59.02587618,0.252648742,-0.900700028,539,28.8,100,0,23.59375,0,1.131
909.892,2.493725224,0,63.38164409,59.04509172,0.259122138,-0.773185613,539,28.8,100,0,23.59375,0,1.131
909.992,2.499226879,0,63.40083361,59.01626834,0.278542325,-0.824988344,539,28.8,100,0,23.59375,0,1.131
910.092,2.504848135,0,63.38164409,59.01626834,0.262358836,-0.82897317,539,28.8,100,0,23.59375,0,1.131
910.192,2.51023019,0,63.36245445,59.05469944,0.28501572,-0.805064217,539,28.8,100,0,23.59375,0,1.131
910.292,2.515771713,0,63.37204929,59.03548397,0.252648742,-0.82897317,539,28.8,100,0,23.59375,0,1.131
910.392,2.520954433,0,63.39123887,58.99705254,0.262358836,-0.836942821,539,28.8,100,0,23.59375,0,1.131
910.492,2.526057418,0,63.36245445,59.02587618,0.249412044,-0.729352533,539,28.8,100,0,23.59375,0,1.131
910.592,2.531200271,0,63.37204929,59.02587618,0.242938649,-0.797094566,539,28.8,100,0,23.59375,0,1.131
910.692,2.536462726,0,63.37204929,59.03548397,0.239701951,-0.789124915,539,28.8,100,0,23.59375,0,1.131
910.792,2.541406244,0,63.37204929,59.03548397,0.25588544,-0.848897297,540,28.8,100,0,23.59375,0,1.131
910.892,2.546509231,0,63.38164409,59.02587618,0.233228555,-0.781155264,540,28.8,100,0,23.59375,0,1.131
910.992,2.551492617,0,63.37204929,59.02587618,0.25588544,-0.737322184,540,28.8,100,0,23.59375,0,1.131
911.092,2.5562368,0,63.38164409,58.99705254,0.22675516,-0.860851774,540,28.8,100,0,23.59375,0,1.131
911.192,2.561020851,0,63.36245445,58.98744459,0.233228555,-0.896715203,540,28.8,100,0,23.59375,0,1.131
911.292,2.565725168,0,63.38164409,59.00666046,0.246175347,-0.884760726,540,28.8,100,0,23.59375,0,1.131
911.392,2.570509219,0,63.38164409,59.00666046,0.229991857,-0.840927646,540,28.8,100,0,23.59375,0,1.131
911.492,2.57529327,0,63.37204929,58.99705254,0.262358836,-1.024229618,540,28.8,100,0,23.59375,0,1.131
911.592,2.579638784,0,63.36245445,59.00666046,0.272068929,-0.789124915,540,28.8,100,0,23.59375,0,1.131
911.692,2.584263368,0,63.38164409,58.99705254,0.268832231,-0.824988344,540,28.8,100,0,23.59375,0,1.131
911.792,2.588808217,0,63.36245445,58.98744459,0.200861577,-0.82897317,540,28.8,100,0,23.59375,0,1.131
911.892,2.593193598,0,63.36245445,58.98744459,0.207334973,-0.773185613,541,28.8,100,0,23.59375,0,1.131
911.992,2.597539113,0,63.36245445,59.00666046,0.239701951,-0.817018693,541,28.8,100,0,23.59375,0,1.131
912.092,2.601924494,0,63.34326469,58.96822854,0.272068929,-0.74927666,541,28.8,100,0,23.59375,0,1.131
912.192,2.606309876,0,63.34326469,58.99705254,0.197624879,-0.821003519,541,28.8,100,0,23.59375,0,1.131
912.292,2.610456056,0,63.34326469,58.97783658,0.249412044,-0.82897317,541,28.8,100,0,23.59375,0,1.131
912.392,2.614681969,0,63.35285959,58.98744459,0.291489116,-0.761231137,541,28.8,100,0,23.59375,0,1.131
912.492,2.618907883,0,63.36245445,58.98744459,0.272068929,-0.844912472,541,28.8,100,0,23.59375,0,1.131
912.592,2.623054063,0,63.34326469,58.98744459,0.217045066,-0.832957995,541,28.8,100,0,23.59375,0,1.131
912.692,2.627040775,0,63.32407481,58.96822854,0.259122138,-0.793109741,541,28.8,100,0,23.59375,0,1.131
912.792,2.631107221,0,63.34326469,58.96822854,0.25588544,-0.860851774,541,28.8,100,0,23.59375,0,1.131
912.892,2.635014199,0,63.32407481,58.98744459,0.281779023,-0.765215962,541,28.8,100,0,23.59375,0,1.131
912.992,2.638921177,0,63.33366977,58.97783658,0.249412044,-0.789124915,539,28.8,100,0,23.59375,0,1.131
913.092,2.642788287,0,63.34326469,58.96822854,0.249412044,-0.848897297,539,28.8,100,0,23.59375,0,1.131
913.192,2.646735133,0,63.35285959,58.94901234,0.259122138,-0.801079391,539,28.8,100,0,23.59375,0,1.131
913.292,2.650442775,0,63.29528977,58.95862046,0.220281764,-0.805064217,539,28.8,100,0,23.59375,0,1.131
913.392,2.654150418,0,63.33366977,58.97783658,0.272068929,-0.836942821,539,28.8,100,0,23.59375,0,1.131
913.492,2.657858061,0,63.34326469,58.97783658,0.204098275,-0.832957995,539,28.8,100,0,23.59375,0,1.131
913.592,2.661525837,0,63.33366977,58.98744459,0.265595533,-0.868821425,539,28.8,100,0,23.59375,0,1.131
913.692,2.66523348,0,63.32407481,58.97783658,0.220281764,-0.824988344,539,28.8,100,0,23.59375,0,1.131
913.792,2.668781655,0,63.33366977,58.93940417,0.249412044,-0.821003519,539,28.8,100,0,23.59375,0,1.131
913.892,2.67232983,0,63.33366977,58.92018772,0.229991857,-0.91663933,539,28.8,100,0,23.59375,0,1.131
913.992,2.675798271,0,63.34326469,58.95862046,0.22675516,-0.797094566,539,28.8,100,0,23.59375,0,1.131
914.092,2.679266712,0,63.30488482,58.94901234,0.278542325,-0.848897297,536,28.8,100,0,23.59375,0,1.131
914.192,2.682695286,0,63.31447983,58.92979597,0.246175347,-0.848897297,536,28.8,100,0,23.59375,0,1.131
914.292,2.686243462,0,63.29528977,58.93940417,0.275305627,-0.824988344,536,28.8,100,0,23.59375,0,1.131
914.392,2.689512567,0,63.30488482,58.93940417,0.242938649,-0.801079391,536,28.8,100,0,23.59375,0,1.131
914.492,2.692901274,0,63.32407481,58.92018772,0.236465253,-0.74927666,536,28.8,100,0,23.59375,0,1.131
914.592,2.696050779,0,63.32407481,58.92979597,0.246175347,-0.737322184,536,28.8,100,0,23.59375,0,1.131
914.692,2.699359752,0,63.2856947,58.93940417,0.294725814,-0.773185613,536,28.8,100,0,23.59375,0,1.131
914.792,2.702628858,0,63.2760996,58.93940417,0.210571671,-0.74927666,536,28.8,100,0,23.59375,0,1.131
914.892,2.705658761,0,63.32407481,58.91057943,0.281779023,-0.821003519,536,28.8,100,0,23.59375,0,1.131
914.992,2.708728532,0,63.30488482,58.91057943,0.265595533,-0.864836599,536,28.8,100,0,23.59375,0,1.131
915.092,2.711957771,0,63.2856947,58.9009711,0.246175347,-0.777170439,536,28.8,100,0,23.59375,0,1.131
915.192,2.715107276,0,63.26650446,58.92979597,0.229991857,-0.805064217,534,28.8,100,0,23.59375,0,1.131
915.292,2.718256781,0,63.26650446,58.91057943,0.25588544,-0.74927666,534,28.8,100,0,23.59375,0,1.13
915.392,2.721366419,0,63.2569093,58.9009711,0.252648742,-0.888745552,534,28.8,100,0,23.59375,0,1.13
915.492,2.724356456,0,63.2856947,58.91057943,0.259122138,-0.852882123,534,28.8,100,0,23.59375,0,1.13
915.592,2.727346493,0,63.2569093,58.89136273,0.252648742,-0.87280625,534,28.8,100,0,23.59375,0,1.13
915.692,2.730256795,0,63.2473141,58.9009711,0.213808368,-0.888745552,534,28.8,100,0,23.59375,0,1.13
915.792,2.733167098,0,63.2569093,58.89136273,0.252648742,-0.777170439,534,28.8,100,0,23.59375,0,1.13
915.892,2.736197002,0,63.2569093,58.9009711,0.242938649,-0.836942821,534,28.8,100,0,23.59375,0,1.13
915.992,2.738947836,0,63.26650446,58.88175432,0.217045066,-0.773185613,534,28.8,100,0,23.59375,0,1.13
916.092,2.741858139,0,63.2473141,58.9009711,0.223518462,-0.832957995,534,28.8,100,0,23.59375,0,1.13
916.192,2.744648841,0,63.26650446,58.9009711,0.223518462,-0.832957995,534,28.8,100,0,23.59375,0,1.13
916.292,2.747359808,0,63.2569093,58.9009711,0.259122138,-0.860851774,533,28.8,100,0,23.59375,0,1.13
916.392,2.750270111,0,63.2473141,58.86253737,0.233228555,-0.805064217,533,28.8,100,0,23.59375,0,1.13
916.492,2.752981079,0,63.21852834,58.88175432,0.246175347,-0.801079391,533,28.8,100,0,23.59375,0,1.13
916.592,2.755532578,0,63.23771888,58.88175432,0.28501572,-0.789124915,533,28.8,100,0,23.59375,0,1.13
916.692,2.758283412,0,63.20893303,58.84332026,0.249412044,-0.832957995,533,28.8,100,0,23.59375,0,1.13
916.792,2.76099438,0,63.2473141,58.86253737,0.288252418,-0.777170439,533,28.8,100,0,23.59375,0,1.13
916.892,2.763545879,0,63.21852834,58.85292884,0.246175347,-0.777170439,533,28.8,100,0,23.59375,0,1.13
916.992,2.766177113,0,63.22812363,58.85292884,0.252648742,-0.880775901,533,28.8,100,0,23.59375,0,1.13
917.092,2.768648877,0,63.20893303,58.85292884,0.22675516,-0.773185613,533,28.8,100,0,23.59375,0,1.131
917.192,2.771319978,0,63.21852834,58.85292884,0.246175347,-0.928593807,533,28.8,100,0,23.59375,0,1.131
917.292,2.773871478,0,63.20893303,58.84332026,0.210571671,-0.844912472,533,28.8,100,0,23.59375,0,1.131
917.392,2.776303375,0,63.20893303,58.80488554,0.249412044,-0.832957995,534,28.8,100,0,23.59375,0,1.131
917.492,2.778775141,0,63.20893303,58.85292884,0.239701951,-0.87280625,534,28.8,100,0,23.59375,0,1.131
917.592,2.781286773,0,63.20893303,58.84332026,0.239701951,-0.745291835,534,28.8,100,0,23.59375,0,1.131
917.692,2.783638937,0,63.18974231,58.82410298,0.268832231,-0.769200788,534,28.8,100,0,23.59375,0,1.131
917.792,2.786030968,0,63.18014691,58.82410298,0.236465253,-0.74927666,534,28.8,100,0,23.59375,0,1.131
917.892,2.788383131,0,63.18014691,58.86253737,0.272068929,-0.856866948,534,28.8,100,0,23.59375,0,1.131
917.992,2.79081503,0,63.19933769,58.82410298,0.272068929,-0.74927666,534,28.8,100,0,23.59375,0,1.131
918.092,2.793167194,0,63.19933769,58.82410298,0.246175347,-0.884760726,534,28.8,100,0,23.59375,0,1.131
918.192,2.795559225,0,63.18974231,58.80488554,0.236465253,-0.880775901,534,28.8,100,0,23.59375,0,1.131
918.292,2.797871522,0,63.18014691,58.81449428,0.217045066,-0.781155264,534,28.8,100,0,23.59375,0,1.131
918.392,2.800143951,0,63.18014691,58.82410298,0.239701951,-0.793109741,534,28.8,100,0,23.59375,0,1.131
918.492,2.80257585,0,63.16095601,58.80488554,0.278542325,-0.852882123,534,28.8,100,0,23.59375,0,1.131
918.592,2.804768545,0,63.15136051,58.82410298,0.233228555,-0.713413231,534,28.8,100,0,23.59375,0,1.131
918.692,2.807001108,0,63.15136051,58.79527676,0.233228555,-0.936563458,534,28.8,100,0,23.59375,0,1.131
918.792,2.809193804,0,63.15136051,58.77605906,0.233228555,-0.725367707,534,28.8,100,0,23.59375,0,1.131
918.892,2.811346632,0,63.16095601,58.79527676,0.249412044,-0.832957995,534,28.8,100,0,23.59375,0,1.131
918.992,2.813579195,0,63.18014691,58.76645015,0.223518462,-0.832957995,534,28.8,100,0,23.59375,0,1.131
919.092,2.815771891,0,63.15136051,58.78566793,0.246175347,-0.856866948,534,28.8,100,0,23.59375,0,1.131
919.192,2.817765251,0,63.15136051,58.77605906,0.242938649,-0.880775901,534,28.8,100,0,23.59375,0,1.131
919.292,2.819918079,0,63.15136051,58.79527676,0.246175347,-0.856866948,534,28.8,100,0,23.59375,0,1.131
919.392,2.822070908,0,63.12257384,58.79527676,0.259122138,-0.801079391,534,28.8,100,0,23.59375,0,1.131
919.492,2.824144002,0,63.15136051,58.76645015,0.265595533,-0.809049042,534,28.8,100,0,23.59375,0,1.131
919.592,2.826217097,0,63.13216943,58.76645015,0.281779023,-0.781155264,535,28.8,100,0,23.59375,0,1.131
919.692,2.828210457,0,63.14176499,58.74723221,0.236465253,-0.856866948,535,28.8,100,0,23.59375,0,1.131
919.792,2.830283551,0,63.13216943,58.76645015,0.252648742,-0.824988344,535,28.8,100,0,23.59375,0,1.131
919.892,2.832316778,0,63.15136051,58.7568412,0.25588544,-0.805064217,535,28.8,100,0,23.59375,0,1.131
919.992,2.83442974,0,63.12257384,58.76645015,0.262358836,-0.821003519,535,28.8,100,0,23.59375,0,1.131
920.092,2.836383233,0,63.10338258,58.73762318,0.246175347,-0.848897297,535,28.8,100,0,23.59375,0,1.131
920.192,2.838376593,0,63.11297823,58.73762318,0.22675516,-0.868821425,535,28.8,100,0,23.59375,0,1.131
920.292,2.840250352,0,63.07459546,58.74723221,0.233228555,-0.82897317,535,28.8,100,0,23.59375,0,1.131
920.392,2.842323447,0,63.12257384,58.7280141,0.239701951,-0.813033868,535,28.8,100,0,23.59375,0,1.131
920.492,2.844117471,0,63.07459546,58.71840499,0.229991857,-0.741307009,535,28.8,100,0,23.59375,0,1.131
920.592,2.846110832,0,63.0937869,58.74723221,0.223518462,-0.896715203,535,28.8,100,0,23.59375,0,1.131
920.692,2.847944723,0,63.0937869,58.74723221,0.246175347,-0.87280625,533,28.8,100,0,23.59375,0,1.131
920.792,2.849818482,0,63.08419119,58.71840499,0.265595533,-0.789124915,533,28.8,100,0,23.59375,0,1.131
920.892,2.851572639,0,63.07459546,58.69918663,0.268832231,-0.769200788,533,28.8,100,0,23.59375,0,1.131
920.992,2.853526133,0,63.08419119,58.71840499,0.259122138,-0.817018693,533,28.4,100,0,23.59375,0,1.131
921.092,2.855320157,0,63.05540389,58.71840499,0.242938649,-0.908669679,533,28.4,100,0,23.59375,0,1.131
921.192,2.857233783,0,63.08419119,58.68957738,0.194388181,-0.821003519,533,28.4,100,0,23.59375,0,1.131
921.292,2.858948074,0,63.06499969,58.7280141,0.25588544,-0.813033868,533,28.4,100,0,23.59375,0,1.131
921.392,2.860702231,0,63.05540389,58.69918663,0.25588544,-0.888745552,533,28.4,100,0,23.59375,0,1.131
921.492,2.862655725,0,63.07459546,58.71840499,0.242938649,-0.789124915,533,28.4,100,0,23.59375,0,1.131
921.592,2.864489617,0,63.0362122,58.69918663,0.25588544,-0.832957995,533,28.4,100,0,23.59375,0,1.131
921.692,2.866203907,0,63.0362122,58.68957738,0.233228555,-0.824988344,533,28.4,100,0,23.59375,0,1.131
921.792,2.867958065,0,63.04580806,58.7280141,0.22675516,-0.78514009,532,28.4,100,0,23.59375,0,1.131
921.892,2.869632488,0,63.02661631,58.69918663,0.233228555,-0.781155264,532,28.4,100,0,23.59375,0,1.131
921.992,2.871346778,0,63.04580806,58.68957738,0.217045066,-0.797094566,532,28.4,100,0,23.59375,0,1.131
922.092,2.873021201,0,63.02661631,58.66074941,0.239701951,-0.78514009,532,28.4,100,0,23.59375,0,1.131
922.192,2.874775359,0,63.0362122,58.67035877,0.236465253,-0.685519453,532,28.4,100,0,23.59375,0,1.131
922.292,2.876529517,0,63.01702038,58.66074941,0.233228555,-0.876791076,532,28.4,100,0,23.59375,0,1.131
922.392,2.878084339,0,63.02661631,58.6799681,0.265595533,-0.852882123,532,28.4,100,0,23.59375,0,1.131
922.492,2.879718895,0,63.02661631,58.66074941,0.265595533,-0.757246311,532,28.4,100,0,23.59375,0,1.131
922.592,2.881433185,0,63.02661631,58.67035877,0.242938649,-0.725367707,532,28.4,100,0,23.59375,0,1.131
922.692,2.883107609,0,63.00742443,58.67035877,0.22675516,-0.813033868,532,28.4,100,0,23.59375,0,1.131
922.792,2.884622563,0,62.99782845,58.67035877,0.229991857,-0.761231137,532,28.4,100,0,23.59375,0,1.131
922.892,2.886217252,0,62.99782845,58.64153055,0.229991857,-0.805064217,531,28.4,100,0,23.59375,0,1.131
922.992,2.887811941,0,62.97863639,58.66074941,0.272068929,-0.888745552,531,28.4,100,0,23.59375,0,1.131
923.092,2.889406631,0,62.98823243,58.64153055,0.217045066,-0.765215962,531,28.4,100,0,23.59375,0,1.131
923.192,2.89100132,0,62.98823243,58.61270194,0.281779023,-0.860851774,531,28.4,100,0,23.59375,0,1.131
923.292,2.892516274,0,62.97863639,58.63192105,0.246175347,-0.880775901,531,28.4,100,0,23.59375,0,1.131
923.392,2.893991362,0,62.98823243,58.60309232,0.246175347,-0.824988344,531,28.4,100,0,23.59375,0,1.131
923.492,2.895665786,0,62.97863639,58.64153055,0.288252418,-0.836942821,531,28.4,100,0,23.59375,0,1.131
923.592,2.897140873,0,62.97863639,58.65114,0.278542325,-0.840927646,531,28.4,100,0,23.59375,0,1.131
923.692,2.898695695,0,62.9402519,58.61270194,0.25588544,-0.844912472,531,28.4,100,0,23.59375,0,1.131
923.792,2.900170783,0,62.97863639,58.63192105,0.239701951,-0.737322184,531,28.4,100,0,23.59375,0,1.131
923.892,2.901685738,0,62.95944421,58.61270194,0.268832231,-0.832957995,531,28.4,100,0,23.59375,0,1.131
923.992,2.903120958,0,62.94984807,58.61270194,0.239701951,-0.852882123,530,28.4,100,0,23.59375,0,1.131
924.092,2.904715647,0,62.9402519,58.62231152,0.259122138,-0.797094566,530,28.4,100,0,23.59375,0,1.131
924.192,2.906071133,0,62.95944421,58.57426321,0.239701951,-0.78514009,530,28.4,100,0,23.59375,0,1.131
924.292,2.907586088,0,62.92105948,58.60309232,0.239701951,-0.717398057,530,28.4,100,0,23.59375,0,1.131
924.392,2.909061176,0,62.93065571,58.58387296,0.239701951,-0.888745552,530,28.4,100,0,23.59375,0,1.131
924.492,2.910496396,0,62.93065571,58.60309232,0.252648742,-0.876791076,530,28.4,100,0,23.59375,0,1.131
924.592,2.911931617,0,62.92105948,58.57426321,0.249412044,-0.82897317,530,28.4,100,0,23.59375,0,1.131
924.692,2.913287103,0,62.88267425,58.58387296,0.252648742,-0.836942821,530,28.4,100,0,23.59375,0,1.131
924.792,2.914682456,0,62.91146322,58.57426321,0.246175347,-0.82897317,530,28.4,100,0,23.59375,0,1.131
924.892,2.916117677,0,62.92105948,58.57426321,0.207334973,-0.82897317,530,28.4,100,0,23.59375,0,1.131
924.992,2.91751303,0,62.91146322,58.55504359,0.223518462,-0.797094566,530,28.4,100,0,23.59375,0,1.131
925.092,2.918948251,0,62.8922706,58.54543372,0.262358836,-0.880775901,528,28.4,100,0,23.59375,0,1.131
925.192,2.92026387,0,62.88267425,58.55504359,0.239701951,-0.908669679,528,28.4,100,0,23.59375,0,1.131
925.292,2.921619356,0,62.90186692,58.55504359,0.239701951,-0.817018693,528,28.4,100,0,23.59375,0,1.131
925.392,2.92301471,0,62.86348145,58.52621385,0.278542325,-0.737322184,528,28.4,100,0,23.59375,0,1.131
925.492,2.924250594,0,62.88267425,58.55504359,0.200861577,-0.896715203,528,28.4,100,0,23.59375,0,1.131
925.592,2.925645948,0,62.88267425,58.53582381,0.223518462,-0.629731896,528,28.4,100,0,23.59375,0,1.131
925.692,2.9269217,0,62.88267425,58.53582381,0.252648742,-0.856866948,528,28.4,100,0,23.59375,0,1.131
925.792,2.928396788,0,62.87307786,58.53582381,0.268832231,-0.856866948,528,28.4,100,0,23.59375,0,1.131
925.892,2.929592805,0,62.87307786,58.51660385,0.233228555,-0.860851774,528,28.4,100,0,23.59375,0,1.131
925.992,2.930868557,0,62.84428853,58.51660385,0.22675516,-0.892730377,528,28.4,100,0,23.59375,0,1.131
926.092,2.932263911,0,62.86348145,58.51660385,0.22675516,-0.82897317,528,28.4,100,0,23.59375,0,1.131
926.192,2.933459928,0,62.84428853,58.48777361,0.22675516,-0.856866948,528,28.4,100,0,23.59375,0,1.131
926.292,2.934895149,0,62.853885,58.52621385,0.246175347,-0.789124915,528,28.4,100,0,23.59375,0,1.131
926.392,2.936091166,0,62.82509548,58.50699381,0.249412044,-0.836942821,528,28.4,100,0,23.59375,0,1.131
926.492,2.937327051,0,62.82509548,58.49738373,0.22675516,-0.809049042,528,28.4,100,0,23.59375,0,1.131
926.592,2.93864267,0,62.83469202,58.49738373,0.22675516,-0.809049042,528,28.4,100,0,23.59375,0,1.131
926.692,2.939838688,0,62.79630567,58.51660385,0.249412044,-0.900700028,528,28.4,100,0,23.59375,0,1.131
926.792,2.941154307,0,62.82509548,58.48777361,0.249412044,-0.832957995,528,28.4,100,0,23.59375,0,1.131
926.892,2.942350325,0,62.79630567,58.50699381,0.249412044,-0.844912472,528,28.4,100,0,23.59375,0,1.131
926.992,2.943626077,0,62.79630567,58.48777361,0.272068929,-0.852882123,528,28.4,100,0,23.59375,0,1.131
927.092,2.944822094,0,62.81549891,58.46855323,0.239701951,-0.821003519,528,28.4,100,0,23.59375,0,1.131
927.192,2.945978245,0,62.80590231,58.46855323,0.223518462,-0.78514009,528,28.4,100,0,23.59375,0,1.131
927.292,2.947253997,0,62.78670901,58.45894298,0.297962512,-0.852882123,529,28.4,100,0,23.59375,0,1.131
927.392,2.948450014,0,62.80590231,58.43972235,0.239701951,-0.860851774,529,28.4,100,0,23.59375,0,1.131
927.492,2.949685899,0,62.79630567,58.45894298,0.246175347,-0.817018693,529,28.4,100,0,23.59375,0,1.132
927.592,2.95084205,0,62.78670901,58.47816344,0.207334973,-0.733337358,529,28.4,100,0,23.59375,0,1.132
927.692,2.951958333,0,62.75791883,58.45894298,0.217045066,-0.840927646,529,28.4,100,0,23.59375,0,1.132
927.792,2.95315435,0,62.75791883,58.42050154,0.229991857,-0.932578632,529,28.4,100,0,23.59375,0,1.132
927.892,2.954350368,0,62.77711231,58.43972235,0.288252418,-0.781155264,529,28.4,100,0,23.59375,0,1.132
927.992,2.955426784,0,62.73872522,58.46855323,0.259122138,-0.78514009,529,28.4,100,0,23.59375,0,1.132
928.092,2.956742404,0,62.76751559,58.43011197,0.236465253,-0.832957995,529,28.4,100,0,23.59375,0,1.132
928.192,2.957858687,0,62.72912837,58.43011197,0.272068929,-0.832957995,529,28.4,100,0,23.59375,0,1.132
928.292,2.959014837,0,62.72912837,58.43011197,0.236465253,-0.797094566,529,28.4,100,0,23.59375,0,1.132
928.392,2.96013112,0,62.75791883,58.42050154,0.233228555,-0.940548283,531,28.4,100,0,23.59375,0,1.132
928.492,2.961367006,0,62.70033762,58.42050154,0.213808368,-0.809049042,531,28.4,100,0,23.59375,0,1.132
928.592,2.962403554,0,62.72912837,58.42050154,0.22675516,-0.832957995,531,28.4,100,0,23.59375,0,1.132
928.692,2.963559705,0,62.70993457,58.42050154,0.249412044,-0.904684854,531,28.4,100,0,23.59375,0,1.132
928.792,2.964556386,0,62.69074064,58.40128057,0.223518462,-0.757246311,531,28.4,100,0,23.59375,0,1.132
928.892,2.965752404,0,62.68114363,58.40128057,0.272068929,-0.900700028,531,28.4,100,0,23.59375,0,1.132
928.992,2.966948422,0,62.71953148,58.41089108,0.304435907,-0.928593807,531,28.4,100,0,23.59375,0,1.132
929.092,2.967945104,0,62.70993457,58.39167002,0.207334973,-0.876791076,531,28.4,100,0,23.59375,0,1.131
929.192,2.969101254,0,62.68114363,58.36283812,0.259122138,-0.868821425,531,28.4,100,0,23.59375,0,1.131
929.292,2.97017767,0,62.69074064,58.38205943,0.265595533,-0.892730377,531,28.4,100,0,23.59375,0,1.131
929.392,2.971293954,0,62.67154659,58.3724488,0.242938649,-0.789124915,531,28.4,100,0,23.59375,0,1.131
929.492,2.97237037,0,62.68114363,58.38205943,0.223518462,-0.757246311,532,28.4,100,0,23.59375,0,1.131
929.592,2.973446786,0,62.66194952,58.36283812,0.259122138,-0.864836599,532,28.4,100,0,23.59375,0,1.131
929.692,2.974443468,0,62.66194952,58.36283812,0.229991857,-0.82897317,532,28.4,100,0,23.59375,0,1.131
929.792,2.975480017,0,62.67154659,58.36283812,0.220281764,-0.813033868,532,28.4,100,0,23.59375,0,1.131
929.892,2.976556433,0,62.64275528,58.36283812,0.229991857,-0.840927646,532,28.4,100,0,23.59375,0,1.131
929.992,2.977632849,0,62.64275528,58.3532274,0.242938649,-0.87280625,532,28.4,100,0,23.59375,0,1.131
930.092,2.978629531,0,62.65235242,58.32439499,0.249412044,-0.797094566,532,28.4,100,0,23.59375,0,1.131
930.192,2.979745814,0,62.61396368,58.34361664,0.259122138,-0.789124915,532,28.4,100,0,23.59375,0,1.131
930.292,2.980702629,0,62.62356091,58.3532274,0.22675516,-0.852882123,532,28.4,100,0,23.59375,0,1.131
930.392,2.981779045,0,62.61396368,58.3147841,0.268832231,-0.761231137,532,28.4,100,0,23.59375,0,1.131
930.492,2.982815594,0,62.59476913,58.32439499,0.210571671,-0.813033868,532,28.4,100,0,23.59375,0,1.131
930.592,2.98389201,0,62.62356091,58.33400584,0.22675516,-0.832957995,531,28.4,100,0,23.59375,0,1.131
930.692,2.984808958,0,62.59476913,58.33400584,0.262358836,-0.848897297,531,28.4,100,0,23.59375,0,1.131
930.792,2.985845507,0,62.61396368,58.30517316,0.220281764,-0.757246311,531,28.4,100,0,23.59375,0,1.131
930.892,2.986682719,0,62.55637963,58.3147841,0.25588544,-0.805064217,531,28.4,100,0,23.59375,0,1.131
930.992,2.98783887,0,62.5851718,58.36283812,0.262358836,-0.801079391,531,28.4,100,0,23.59375,0,1.131
931.092,2.988875419,0,62.5851718,58.32439499,0.220281764,-0.817018693,531,28.4,100,0,23.59375,0,1.131
931.192,2.989752499,0,62.5851718,58.29556219,0.252648742,-0.836942821,531,28.4,100,0,23.59375,0,1.131
931.292,2.990749181,0,62.56597706,58.30517316,0.25588544,-0.797094566,531,28.4,100,0,23.59375,0,1.131
931.392,2.991705996,0,62.57557444,58.30517316,0.25588544,-0.789124915,531,28.4,100,0,23.59375,0,1.131
931.492,2.992742545,0,62.57557444,58.28595117,0.236465253,-0.821003519,531,28.4,100,0,23.59375,0,1.131
931.592,2.993739227,0,62.57557444,58.29556219,0.25588544,-0.832957995,531,28.4,100,0,23.59375,0,1.131
931.692,2.994616307,0,62.5371847,58.27634011,0.272068929,-0.793109741,533,28.4,100,0,23.59375,0,1.131
931.792,2.995692723,0,62.5371847,58.266729,0.249412044,-0.805064217,533,28.4,100,0,23.59375,0,1.131
931.892,2.99660967,0,62.52758718,58.30517316,0.246175347,-0.797094566,533,28.4,100,0,23.59375,0,1.131
931.992,2.997526618,0,62.5371847,58.25711786,0.249412044,-0.809049042,533,28.4,100,0,23.59375,0,1.131
932.092,2.998443565,0,62.5371847,58.27634011,0.25588544,-0.860851774,533,28.4,100,0,23.59375,0,1.131
932.192,2.999440247,0,62.51798963,58.266729,0.272068929,-0.832957995,533,28.4,100,0,23.59375,0,1.131
932.292,3.00027746,0,62.48919679,58.24750667,0.252648742,-0.801079391,533,28.4,100,0,23.59375,0,1.131
932.392,3.001314009,0,62.50839205,58.266729,0.236465253,-0.924608981,533,28.4,100,0,23.59375,0,1.131
932.492,3.002310691,0,62.48919679,58.24750667,0.252648742,-0.824988344,533,28.4,100,0,23.59375,0,1.131
932.592,3.003227638,0,62.48919679,58.23789543,0.207334973,-0.789124915,533,28.4,100,0,23.59375,0,1.13
932.692,3.004104719,0,62.47000141,58.24750667,0.220281764,-0.852882123,533,28.4,100,0,23.59375,0,1.13
932.792,3.004981799,0,62.49879444,58.24750667,0.242938649,-0.801079391,533,28.4,100,0,23.59375,0,1.13
932.892,3.005898746,0,62.47959912,58.20906148,0.259122138,-0.805064217,533,28.4,100,0,23.59375,0,1.13
932.992,3.006815694,0,62.48919679,58.23789543,0.233228555,-0.821003519,533,28.4,100,0,23.59375,0,1.13
933.092,3.007732641,0,62.46040367,58.20906148,0.252648742,-0.809049042,533,28.4,100,0,23.59375,0,1.13
933.192,3.008649589,0,62.4508059,58.21867284,0.246175347,-0.924608981,533,28.4,100,0,23.59375,0,1.13
933.292,3.009486802,0,62.46040367,58.18983863,0.213808368,-0.753261486,533,28.4,100,0,23.59375,0,1.13
933.392,3.010483484,0,62.44120809,58.21867284,0.301199209,-0.82897317,533,28.4,100,0,23.59375,0,1.13
933.492,3.011280829,0,62.44120809,58.20906148,0.265595533,-0.78514009,533,28.4,100,0,23.59375,0,1.13
933.592,3.012237644,0,62.41241448,58.20906148,0.233228555,-0.844912472,533,28.4,100,0,23.59375,0,1.13
933.692,3.01303499,0,62.4508059,58.18983863,0.210571671,-0.781155264,533,28.4,100,0,23.59375,0,1.13
933.792,3.013991804,0,62.44120809,58.21867284,0.204098275,-0.725367707,533,28.4,100,0,23.59375,0,1.13
933.892,3.014829017,0,62.42201239,58.18983863,0.239701951,-0.789124915,533,28.4,100,0,23.59375,0,1.13
933.992,3.01566623,0,62.44120809,58.18983863,0.233228555,-0.844912472,533,28.4,100,0,23.59375,0,1.13
934.092,3.016623045,0,62.41241448,58.18983863,0.229991857,-0.844912472,533,28.4,100,0,23.59375,0,1.13
934.192,3.017500126,0,62.40281655,58.16100402,0.210571671,-0.82897317,533,28.4,100,0,23.59375,0,1.13
934.292,3.018377206,0,62.42201239,58.14178074,0.239701951,-0.868821425,533,28.4,100,0,23.59375,0,1.13
934.392,3.019094817,0,62.42201239,58.16100402,0.22675516,-0.789124915,533,28.4,100,0,23.59375,0,1.131
934.492,3.019971897,0,62.40281655,58.1706156,0.265595533,-0.753261486,533,28.4,100,0,23.59375,0,1.131
934.592,3.020769243,0,62.40281655,58.14178074,0.22675516,-0.813033868,533,28.4,100,0,23.59375,0,1.131
934.692,3.021726058,0,62.40281655,58.1513924,0.220281764,-0.777170439,533,28.4,100,0,23.59375,0,1.131
934.792,3.022523404,0,62.36442449,58.1513924,0.246175347,-0.725367707,533,28.4,100,0,23.59375,0,1.131
934.892,3.023280882,0,62.40281655,58.13216903,0.213808368,-0.840927646,533,28.4,100,0,23.59375,0,1.131
934.992,3.024277564,0,62.38362059,58.13216903,0.268832231,-0.852882123,533,28.4,100,0,23.59375,0,1.131
935.092,3.025035043,0,62.36442449,58.14178074,0.223518462,-0.821003519,533,28.4,100,0,23.59375,0,1.131
935.192,3.025872256,0,62.36442449,58.14178074,0.233228555,-0.856866948,533,28.4,100,0,23.59375,0,1.131
935.292,3.026629734,0,62.36442449,58.13216903,0.249412044,-0.832957995,533,28.4,100,0,23.59375,0,1.131
935.392,3.02742708,0,62.36442449,58.10333365,0.278542325,-0.844912472,533,28.4,100,0,23.59375,0,1.131
935.492,3.028264293,0,62.36442449,58.11294549,0.220281764,-0.87280625,533,28.4,100,0,23.59375,0,1.131
935.592,3.029221108,0,62.33563011,58.09372177,0.236465253,-0.777170439,533,28.4,100,0,23.59375,0,1.131
935.692,3.02993872,0,62.32603192,58.10333365,0.220281764,-0.821003519,533,28.4,100,0,23.59375,0,1.131
935.792,3.030696198,0,62.32603192,58.09372177,0.223518462,-0.824988344,533,28.4,100,0,23.59375,0,1.131
935.892,3.031453677,0,62.33563011,58.07449788,0.268832231,-0.789124915,533,28.4,100,0,23.59375,0,1.131
935.992,3.032330757,0,62.32603192,58.05527382,0.207334973,-0.793109741,533,28.4,100,0,23.59375,0,1.131
936.092,3.033088236,0,62.32603192,58.09372177,0.259122138,-0.821003519,534,28.4,100,0,23.59375,0,1.131
936.192,3.033965316,0,62.30683544,58.08410985,0.242938649,-0.932578632,534,28.4,100,0,23.59375,0,1.131
936.292,3.034722795,0,62.29723715,58.09372177,0.239701951,-0.844912472,534,28.4,100,0,23.59375,0,1.131
936.392,3.035560008,0,62.28763883,58.08410985,0.220281764,-0.817018693,534,28.4,100,0,23.59375,0,1.131
936.492,3.036277619,0,62.32603192,58.05527382,0.236465253,-0.801079391,534,28.4,100,0,23.59375,0,1.131
936.592,3.0371547,0,62.30683544,58.05527382,0.259122138,-0.868821425,534,28.4,100,0,23.59375,0,1.131
936.692,3.037832444,0,62.28763883,58.08410985,0.239701951,-0.745291835,534,28.4,100,0,23.59375,0,1.131
936.792,3.03862979,0,62.29723715,58.07449788,0.272068929,-0.821003519,534,28.4,100,0,23.59375,0,1.131
936.892,3.039427135,0,62.26844209,58.03604959,0.239701951,-0.801079391,534,28.4,100,0,23.59375,0,1.131
936.992,3.040224481,0,62.25884367,58.05527382,0.22675516,-0.844912472,534,28.4,100,0,23.59375,0,1.131
937.092,3.041021827,0,62.25884367,58.05527382,0.25588544,-0.761231137,534,28.4,100,0,23.59375,0,1.131
937.192,3.041659704,0,62.28763883,58.05527382,0.25588544,-0.777170439,538,28.4,100,0,23.59375,0,1.131
937.292,3.042536785,0,62.29723715,58.05527382,0.275305627,-0.896715203,538,28.4,100,0,23.59375,0,1.131
937.392,3.043214529,0,62.25884367,58.05527382,0.22675516,-0.805064217,538,28.4,100,0,23.59375,0,1.131
937.492,3.043972007,0,62.25884367,58.01682518,0.22675516,-0.896715203,538,28.4,100,0,23.59375,0,1.131
937.592,3.044729486,0,62.23004821,58.00721291,0.242938649,-0.737322184,538,28.4,100,0,23.59375,0,1.131
937.692,3.04540723,0,62.25884367,58.01682518,0.194388181,-0.801079391,538,28.4,100,0,23.59375,0,1.131
937.792,3.046204576,0,62.25884367,58.03604959,0.236465253,-0.840927646,538,28.4,100,0,23.59375,0,1.131
937.892,3.047001922,0,62.25884367,57.99760059,0.22675516,-0.868821425,538,28.4,100,0,23.59375,0,1.131
937.992,3.047440462,0,62.24924521,57.99760059,0.223518462,-0.821003519,538,28.4,100,0,23.59375,0,1.131
938.092,3.048197941,0,62.23004821,57.98798823,0.22675516,-0.82897317,538,28.4,100,0,23.59375,0,1.131
938.192,3.048915552,0,62.24924521,57.98798823,0.236465253,-0.737322184,538,28.4,100,0,23.59375,0,1.131
938.292,3.049752766,0,62.22044966,57.98798823,0.281779023,-0.896715203,539,28.4,100,0,23.59375,0,1.131
938.392,3.05043051,0,62.21085108,57.99760059,0.252648742,-0.809049042,539,28.4,100,0,23.59375,0,1.131
938.492,3.051347458,0,62.21085108,58.00721291,0.204098275,-0.797094566,539,28.4,100,0,23.59375,0,1.131
938.592,3.052025202,0,62.21085108,57.96876339,0.213808368,-0.95250276,539,28.4,100,0,23.59375,0,1.131
938.692,3.052782681,0,62.23964673,57.96876339,0.22675516,-0.824988344,539,28.4,100,0,23.59375,0,1.131
938.792,3.053460425,0,62.19165381,57.96876339,0.223518462,-0.832957995,539,28.4,100,0,23.59375,0,1.131
938.892,3.054178036,0,62.21085108,57.93992579,0.249412044,-0.761231137,539,28.4,100,0,23.59375,0,1.131
938.992,3.05501525,0,62.19165381,57.96876339,0.252648742,-0.864836599,539,28.4,100,0,23.59375,0,1.131
939.092,3.055613259,0,62.23004821,57.94953837,0.22675516,-0.91663933,539,28.4,100,0,23.59375,0,1.131
939.192,3.056251136,0,62.18205513,57.93992579,0.217045066,-0.868821425,539,28.4,100,0,23.59375,0,1.131
939.292,3.056968747,0,62.20125246,57.93992579,0.210571671,-0.745291835,539,28.4,100,0,23.59375,0,1.131
939.392,3.057805961,0,62.21085108,57.93992579,0.200861577,-0.777170439,541,28.4,100,0,23.59375,0,1.131
939.492,3.05840397,0,62.19165381,57.93992579,0.239701951,-0.844912472,541,28.4,100,0,23.59375,0,1.13
939.592,3.059161449,0,62.19165381,57.92070051,0.259122138,-0.948517934,541,28.4,100,0,23.59375,0,1.13
939.692,3.059799326,0,62.16285767,57.92070051,0.223518462,-0.805064217,541,28.4,100,0,23.59375,0,1.13
939.792,3.060516938,0,62.18205513,57.92070051,0.268832231,-0.888745552,541,28.4,100,0,23.59375,0,1.13
939.892,3.061154814,0,62.18205513,57.93992579,0.265595533,-0.805064217,541,28.4,100,0,23.59375,0,1.13
939.992,3.061872426,0,62.15325889,57.90147505,0.252648742,-0.761231137,541,28.4,100,0,23.59375,0,1.13
940.092,3.062590037,0,62.14366008,57.89186226,0.239701951,-0.797094566,541,28.4,100,0,23.59375,0,1.13
940.192,3.063267782,0,62.19165381,57.9110878,0.259122138,-0.844912472,541,28.4,100,0,23.59375,0,1.13
940.292,3.063825924,0,62.13406123,57.90147505,0.242938649,-0.817018693,541,28.4,100,0,23.59375,0,1.13
940.392,3.064583403,0,62.17245642,57.89186226,0.259122138,-0.836942821,541,28.4,100,0,23.59375,0,1.13
940.492,3.065181412,0,62.15325889,57.9110878,0.246175347,-0.868821425,541,28.4,100,0,23.59375,0,1.13
940.592,3.065938891,0,62.14366008,57.87263654,0.236465253,-0.900700028,541,28.4,100,0,23.59375,0,1.13
940.692,3.066616635,0,62.13406123,57.88224942,0.239701951,-0.765215962,541,28.4,100,0,23.59375,0,1.13
940.792,3.067174778,0,62.14366008,57.88224942,0.259122138,-0.821003519,541,28.4,100,0,23.59375,0,1.13
940.892,3.067892389,0,62.14366008,57.84379763,0.246175347,-0.860851774,541,28.4,100,0,23.59375,0,1.13
940.992,3.068530266,0,62.11486344,57.84379763,0.242938649,-0.836942821,541,28.4,100,0,23.59375,0,1.13
941.092,3.069168143,0,62.11486344,57.87263654,0.239701951,-0.840927646,541,28.4,100,0,23.59375,0,1.13
941.192,3.069885755,0,62.07646747,57.83418457,0.249412044,-0.87280625,541,28.4,100,0,23.59375,0,1.13
941.292,3.070483764,0,62.1052645,57.86302361,0.204098275,-0.91663933,541,28.4,100,0,23.59375,0,1.131
941.392,3.071201376,0,62.12446236,57.84379763,0.220281764,-0.789124915,541,28.4,100,0,23.59375,0,1.131
941.492,3.071719651,0,62.09566552,57.83418457,0.25588544,-0.821003519,541,28.4,100,0,23.59375,0,1.131
941.592,3.072357528,0,62.1052645,57.82457147,0.28501572,-0.824988344,540,28.4,100,0,23.59375,0,1.131
941.692,3.07307514,0,62.13406123,57.82457147,0.259122138,-0.848897297,540,28.4,100,0,23.59375,0,1.131
941.792,3.073673149,0,62.09566552,57.81495832,0.207334973,-0.765215962,540,28.4,100,0,23.59375,0,1.131
941.892,3.074311026,0,62.06686839,57.82457147,0.229991857,-0.912654505,540,28.4,100,0,23.59375,0,1.131
941.992,3.074988771,0,62.05726928,57.82457147,0.259122138,-0.836942821,540,28.4,100,0,23.59375,0,1.131
942.092,3.07558678,0,62.08606651,57.80534513,0.236465253,-0.888745552,540,28.4,100,0,23.59375,0,1.131
942.192,3.076264525,0,62.06686839,57.82457147,0.223518462,-0.817018693,540,28.4,100,0,23.59375,0,1.131
942.292,3.0767828,0,62.06686839,57.82457147,0.213808368,-0.852882123,540,28.4,100,0,23.59375,0,1.131
942.392,3.077420677,0,62.03807096,57.78611862,0.246175347,-0.868821425,540,28.4,100,0,23.59375,0,1.131
942.492,3.078098421,0,62.04767014,57.7957319,0.259122138,-0.832957995,540,28.4,100,0,23.59375,0,1.131
942.592,3.078656563,0,62.04767014,57.81495832,0.281779023,-0.87280625,540,28.4,100,0,23.59375,0,1.131
942.692,3.079334308,0,62.03807096,57.78611862,0.229991857,-0.860851774,540,28.4,100,0,23.59375,0,1.131
942.792,3.079852583,0,62.03807096,57.7765053,0.272068929,-0.844912472,540,28.4,100,0,23.59375,0,1.131
942.892,3.080570195,0,62.05726928,57.78611862,0.262358836,-0.844912472,540,28.4,100,0,23.59375,0,1.131
942.992,3.081168204,0,62.01887251,57.7765053,0.242938649,-0.824988344,540,28.4,100,0,23.59375,0,1.131
943.092,3.081766214,0,62.01887251,57.76689194,0.252648742,-0.821003519,540,28.4,100,0,23.59375,0,1.131
943.192,3.082244622,0,62.02847175,57.78611862,0.259122138,-0.773185613,540,28.4,100,0,23.59375,0,1.131
943.292,3.082962234,0,62.00927324,57.76689194,0.268832231,-0.813033868,540,28.4,100,0,23.59375,0,1.131
943.392,3.083520376,0,61.99967393,57.76689194,0.246175347,-0.892730377,540,28.4,100,0,23.59375,0,1.131
943.492,3.084158253,0,61.99007458,57.75727853,0.233228555,-0.821003519,540,28.4,100,0,23.59375,0,1.131
943.592,3.084716395,0,61.98047521,57.74766507,0.194388181,-0.777170439,540,28.4,100,0,23.625,0,1.131
943.692,3.085274538,0,61.99007458,57.74766507,0.288252418,-0.852882123,540,28.4,100,0,23.625,0,1.131
943.792,3.08599215,0,61.99007458,57.74766507,0.239701951,-0.78514009,541,28.4,100,0,23.625,0,1.131
943.892,3.086510425,0,61.9708758,57.74766507,0.239701951,-0.824988344,541,28.4,100,0,23.625,0,1.131
943.992,3.087148302,0,61.9708758,57.71882444,0.252648742,-0.793109741,541,28.4,100,0,23.625,0,1.131
944.092,3.087786179,0,61.98047521,57.74766507,0.220281764,-0.765215962,541,28.4,100,0,23.59375,0,1.131
944.192,3.088264587,0,61.98047521,57.70921081,0.268832231,-0.824988344,541,28.4,100,0,23.625,0,1.131
944.292,3.088862597,0,61.96127636,57.68998342,0.252648742,-0.880775901,541,28.4,100,0,23.625,0,1.131
944.392,3.089460606,0,61.94207737,57.71882444,0.242938649,-0.74927666,541,28.4,100,0,23.625,0,1.131
944.492,3.089978881,0,61.96127636,57.71882444,0.288252418,-0.805064217,541,28.4,100,0,23.59375,0,1.131
944.592,3.090656626,0,61.94207737,57.67075584,0.252648742,-0.840927646,541,28.4,100,0,23.59375,0,1.131
944.692,3.091174901,0,61.96127636,57.69959714,0.229991857,-0.801079391,541,28.4,100,0,23.59375,0,1.131
944.792,3.091733044,0,61.91327865,57.68998342,0.239701951,-0.900700028,541,28.4,100,0,23.59375,0,1.131
944.892,3.092370921,0,61.93247783,57.67075584,0.246175347,-0.87280625,542,28.4,100,0,23.59375,0,1.131
944.992,3.092849329,0,61.91327865,57.68036965,0.204098275,-0.813033868,542,28.4,100,0,23.59375,0,1.131
945.092,3.093407471,0,61.93247783,57.67075584,0.213808368,-0.773185613,542,28.4,100,0,23.625,0,1.131
945.192,3.093885879,0,61.88447962,57.68036965,0.25588544,-0.817018693,542,28.4,100,0,23.625,0,1.131
945.292,3.094324419,0,61.903679,57.67075584,0.197624879,-0.844912472,542,28.4,100,0,23.625,0,1.131
945.392,3.094882562,0,61.88447962,57.65152809,0.207334973,-0.82897317,542,28.4,100,0,23.625,0,1.131
945.492,3.095719776,0,61.89407933,57.63230016,0.239701951,-0.91663933,542,28.4,100,0,23.625,0,1.131
945.592,3.096158316,0,61.89407933,57.65152809,0.268832231,-0.737322184,542,28.4,100,0,23.625,0,1.131
945.692,3.096676591,0,61.8652801,57.65152809,0.210571671,-0.793109741,542,28.4,100,0,23.625,0,1.131
945.792,3.097274601,0,61.8652801,57.65152809,0.259122138,-0.924608981,542,28.4,100,0,23.625,0,1.131
945.892,3.097832744,0,61.87487987,57.64191415,0.249412044,-0.789124915,542,28.4,100,0,23.625,0,1.131
945.992,3.098430754,0,61.85568029,57.62268613,0.223518462,-0.789124915,541,28.4,100,0,23.625,0,1.131
946.092,3.098909161,0,61.85568029,57.63230016,0.272068929,-0.813033868,541,28.4,100,0,23.625,0,1.131
946.192,3.099507171,0,61.85568029,57.63230016,0.233228555,-0.824988344,541,28.4,100,0,23.625,0,1.131
946.292,3.100065314,0,61.84608044,57.62268613,0.265595533,-0.769200788,541,28.4,100,0,23.625,0,1.131
946.392,3.100583589,0,61.8652801,57.61307206,0.236465253,-0.761231137,541,28.4,100,0,23.625,0,1.13
946.492,3.101061997,0,61.83648056,57.60345794,0.220281764,-0.809049042,541,28.4,100,0,23.625,0,1.13
946.592,3.10162014,0,61.82688065,57.61307206,0.194388181,-0.805064217,541,28.4,100,0,23.625,0,1.13
946.692,3.102098547,0,61.80768073,57.57461531,0.268832231,-0.948517934,541,28.4,100,0,23.625,0,1.13
946.792,3.102776292,0,61.81728071,57.59384377,0.272068929,-0.852882123,541,28.4,100,0,23.625,0,1.13
946.892,3.103214833,0,61.81728071,57.58422957,0.200861577,-0.74927666,541,28.4,100,0,23.625,0,1.13
946.992,3.10385271,0,61.80768073,57.58422957,0.246175347,-0.884760726,541,28.4,100,0,23.625,0,1.13
947.092,3.10429125,0,61.78848067,57.58422957,0.22675516,-0.840927646,539,28.4,100,0,23.625,0,1.13
947.192,3.10488926,0,61.77888059,57.58422957,0.233228555,-0.884760726,539,28.4,100,0,23.625,0,1.13
947.292,3.105447403,0,61.78848067,57.56500101,0.249412044,-0.78514009,539,28.4,100,0,23.625,0,1.13
947.392,3.105925811,0,61.77888059,57.55538667,0.229991857,-0.832957995,539,28.4,100,0,23.625,0,1.13
947.492,3.106404219,0,61.78848067,57.55538667,0.236465253,-0.821003519,539,28.4,100,0,23.625,0,1.13
947.592,3.106922494,0,61.76928047,57.57461531,0.268832231,-0.868821425,539,28.4,100,0,23.625,0,1.13
947.692,3.107440769,0,61.75968032,57.55538667,0.233228555,-0.848897297,539,28.4,100,0,23.625,0,1.13
947.792,3.107919177,0,61.75968032,57.53615785,0.272068929,-0.844912472,539,28.4,100,0,23.625,0,1.13
947.892,3.108517187,0,61.75968032,57.55538667,0.239701951,-0.824988344,539,28.4,100,0,23.625,0,1.13
947.992,3.108995595,0,61.75008014,57.52654337,0.204098275,-0.817018693,539,28.4,100,0,23.625,0,1.13
948.092,3.10951387,0,61.75968032,57.54577228,0.229991857,-0.797094566,539,28.4,100,0,23.625,0,1.13
948.192,3.110072013,0,61.74047993,57.48808502,0.223518462,-0.813033868,537,28.4,100,0,23.625,0,1.131
948.292,3.110510553,0,61.72127939,57.53615785,0.252648742,-0.813033868,537,28.4,100,0,23.625,0,1.131
948.392,3.110988961,0,61.71167907,57.52654337,0.25588544,-0.725367707,537,28.4,100,0,23.625,0,1.131
948.492,3.111586971,0,61.74047993,57.51692885,0.236465253,-0.860851774,537,28.4,100,0,23.625,0,1.131
948.592,3.111866043,0,61.69247834,57.47847032,0.22675516,-0.797094566,537,28.4,100,0,23.625,0,1.131
948.692,3.112583655,0,61.68287792,57.47847032,0.272068929,-0.805064217,537,28.4,100,0,23.625,0,1.131
948.792,3.11310193,0,61.71167907,57.50731429,0.246175347,-0.82897317,537,28.4,100,0,23.625,0,1.131
948.892,3.113580338,0,61.70207872,57.48808502,0.229991857,-0.848897297,537,28.4,100,0,23.625,0,1.131
948.992,3.114058746,0,61.69247834,57.47847032,0.294725814,-0.87280625,537,28.4,100,0,23.625,0,1.131
949.092,3.114537154,0,61.70207872,57.44962594,0.229991857,-0.860851774,537,28.4,100,0,23.625,0,1.131
949.192,3.114975694,0,61.67327746,57.45924078,0.229991857,-0.836942821,537,28.4,100,0,23.625,0,1.131
949.292,3.115533837,0,61.67327746,57.44001106,0.246175347,-0.713413231,537,28.4,100,0,23.625,0,1.131
949.392,3.11609198,0,61.68287792,57.46885557,0.268832231,-0.777170439,539,28.4,100,0,23.625,0,1.131
949.492,3.11653052,0,61.65407645,57.45924078,0.191151484,-0.884760726,539,28.4,100,0,23.625,0,1.131
949.592,3.117008928,0,61.65407645,57.44962594,0.249412044,-0.844912472,539,28.4,100,0,23.625,0,1.131
949.692,3.117487336,0,61.66367697,57.45924078,0.220281764,-0.904684854,539,28.4,100,0,23.625,0,1.131
949.792,3.118045479,0,61.65407645,57.44001106,0.229991857,-0.856866948,539,28.4,100,0,23.625,0,1.131
949.892,3.11848402,0,61.64447589,57.44001106,0.272068929,-0.797094566,539,28.4,100,0,23.625,0,1.131
949.992,3.119002295,0,61.61567402,57.44962594,0.22675516,-0.821003519,539,28.4,100,0,23.625,0,1.13
950.092,3.119400968,0,61.6348753,57.44001106,0.281779023,-0.840927646,539,28.4,100,0,23.625,0,1.13
950.192,3.119919244,0,61.62527468,57.3630904,0.262358836,-0.904684854,539,28.4,100,0,23.625,0,1.13
950.292,3.120357784,0,61.60607332,57.44001106,0.281779023,-0.801079391,539,28.4,100,0,23.625,0,1.13
950.392,3.120915927,0,61.60607332,57.44001106,0.252648742,-0.836942821,539,28.4,100,0,23.625,0,1.13
950.492,3.121274733,0,61.6348753,57.43039614,0.268832231,-0.824988344,537,28.4,100,0,23.625,0,1.13
950.592,3.121832876,0,61.61567402,57.39193599,0.200861577,-0.884760726,537,28.4,100,0,23.625,0,1.13
950.692,3.122351151,0,61.5964726,57.40155109,0.249412044,-0.856866948,537,28.4,100,0,23.625,0,1.13
950.792,3.122749824,0,61.5964726,57.41116615,0.249412044,-0.824988344,537,28.4,100,0,23.625,0,1.13
950.892,3.123148498,0,61.58687183,57.40155109,0.249412044,-0.87280625,537,28.4,100,0,23.625,0,1.13
950.992,3.123746508,0,61.57727104,57.42078117,0.242938649,-0.868821425,537,28.4,100,0,23.625,0,1.13
951.092,3.124224916,0,61.55806934,57.38232083,0.239701951,-0.82897317,537,28.4,100,0,23.625,0,1.13
951.192,3.124583722,0,61.57727104,57.39193599,0.272068929,-0.908669679,537,28.4,100,0,23.625,0,1.13
951.292,3.125022263,0,61.57727104,57.3630904,0.291489116,-0.848897297,537,28.4,100,0,23.625,0,1.13
951.392,3.125540538,0,61.55806934,57.34385978,0.249412044,-0.781155264,537,28.4,100,0,23.625,0,1.13
951.492,3.126018946,0,61.54846844,57.3342444,0.262358836,-0.82897317,537,28.4,100,0,23.625,0,1.13
951.592,3.126417619,0,61.55806934,57.35347511,0.242938649,-1.000320665,539,28.4,100,0,23.625,0,1.13
951.692,3.126935895,0,61.52926654,57.3630904,0.239701951,-0.868821425,539,28.4,100,0,23.625,0,1.131
951.792,3.127414303,0,61.53886751,57.3342444,0.259122138,-0.729352533,539,28.4,100,0,23.625,0,1.131
951.892,3.127812976,0,61.53886751,57.35347511,0.207334973,-0.832957995,539,28.4,100,0,23.625,0,1.131
951.992,3.128171782,0,61.51966553,57.3342444,0.252648742,-0.856866948,539,28.4,100,0,23.625,0,1.131
952.092,3.128610323,0,61.5100645,57.32462898,0.229991857,-0.765215962,539,28.4,100,0,23.625,0,1.131
952.192,3.129128598,0,61.53886751,57.3342444,0.249412044,-0.892730377,539,28.4,100,0,23.625,0,1.131
952.292,3.129607006,0,61.5100645,57.3342444,0.275305627,-0.769200788,539,28.4,100,0,23.625,0,1.131
952.392,3.129925945,0,61.48126118,57.3342444,0.223518462,-0.805064217,539,28.4,100,0,23.625,0,1.131
952.492,3.13044422,0,61.50046342,57.31501351,0.239701951,-0.87280625,539,28.4,100,0,23.625,0,1.131
952.592,3.130962496,0,61.49086232,57.29578244,0.252648742,-0.801079391,539,28.4,100,0,23.625,0,1.131
952.692,3.131361169,0,61.49086232,57.31501351,0.233228555,-0.824988344,540,28.4,100,0,23.625,0,1.131
952.792,3.131879445,0,61.48126118,57.29578244,0.239701951,-0.82897317,540,28.4,100,0,23.625,0,1.131
952.892,3.132357853,0,61.47166,57.2669355,0.239701951,-0.860851774,540,28.4,100,0,23.625,0,1.131
952.992,3.132796394,0,61.48126118,57.305398,0.207334973,-0.797094566,540,28.4,100,0,23.625,0,1.131
953.092,3.1331552,0,61.46205879,57.27655119,0.22675516,-0.824988344,540,28.4,100,0,23.625,0,1.131
953.192,3.13359374,0,61.44285626,57.2669355,0.278542325,-0.840927646,540,28.4,100,0,23.625,0,1.131
953.292,3.133952546,0,61.44285626,57.28616684,0.236465253,-0.824988344,540,28.4,100,0,23.625,0,1.131
953.392,3.134470822,0,61.44285626,57.23808814,0.213808368,-0.809049042,540,28.4,100,0,23.625,0,1.131
953.492,3.134789761,0,61.4236536,57.28616684,0.242938649,-0.737322184,540,28.4,100,0,23.625,0,1.131
953.592,3.135387771,0,61.45245754,57.2669355,0.249412044,-0.884760726,540,28.4,100,0,23.625,0,1.131
953.692,3.135666842,0,61.4236536,57.25731976,0.239701951,-0.781155264,540,28.4,100,0,23.625,0,1.131
953.792,3.136185117,0,61.43325495,57.24770397,0.210571671,-0.805064217,541,28.4,100,0,23.625,0,1.131
953.892,3.136623658,0,61.44285626,57.24770397,0.242938649,-0.793109741,541,28.4,100,0,23.625,0,1.131
953.992,3.137022332,0,61.4236536,57.24770397,0.278542325,-0.87280625,541,28.4,100,0,23.625,0,1.131
954.092,3.137460872,0,61.39484934,57.23808814,0.22675516,-0.793109741,541,28.4,100,0,23.625,0,1.131
954.192,3.137859546,0,61.41405221,57.24770397,0.288252418,-0.82897317,541,28.4,100,0,23.625,0,1.131
954.292,3.138258219,0,61.41405221,57.24770397,0.246175347,-0.868821425,541,28.4,100,0,23.625,0,1.131
954.392,3.138736627,0,61.40445079,57.22847227,0.197624879,-0.757246311,541,28.4,100,0,23.625,0,1.131
954.492,3.139175168,0,61.38524785,57.20924038,0.239701951,-0.852882123,541,28.4,100,0,23.625,0,1.131
954.592,3.139573842,0,61.40445079,57.20924038,0.25588544,-0.797094566,541,28.4,100,0,23.625,0,1.131
954.692,3.139972515,0,61.41405221,57.21885634,0.220281764,-0.856866948,541,28.4,100,0,23.625,0,1.131
954.792,3.140411056,0,61.37564633,57.22847227,0.223518462,-0.821003519,541,28.4,100,0,23.625,0,1.131
954.892,3.140809729,0,61.35644318,57.19000831,0.217045066,-0.78514009,542,28.4,100,0,23.625,0,1.131
954.992,3.141208403,0,61.38524785,57.19962436,0.213808368,-0.789124915,542,28.4,100,0,23.625,0,1.131
955.092,3.141646943,0,61.35644318,57.1803922,0.25588544,-0.91663933,542,28.4,100,0,23.625,0,1.131
955.192,3.142045617,0,61.34684155,57.1803922,0.242938649,-0.87280625,542,28.4,100,0,23.625,0,1.131
955.292,3.142404423,0,61.35644318,57.19000831,0.233228555,-0.721382882,542,28.4,100,0,23.625,0,1.131
955.392,3.142803096,0,61.33723988,57.19000831,0.249412044,-0.836942821,542,28.4,100,0,23.625,0,1.131
955.492,3.143241637,0,61.32763819,57.19000831,0.25588544,-0.860851774,542,28.4,100,0,23.625,0,1.131
955.592,3.143720045,0,61.33723988,57.16115986,0.249412044,-0.761231137,542,28.4,100,0,23.625,0,1.131
955.692,3.144118719,0,61.31803645,57.16115986,0.320619396,-0.840927646,542,28.4,100,0,23.625,0,1.131
955.792,3.14455726,0,61.31803645,57.16115986,0.236465253,-0.87280625,542,28.4,100,0,23.625,0,1.131
955.892,3.144916066,0,61.30843468,57.16115986,0.239701951,-0.836942821,542,28.4,100,0,23.625,0,1.131
955.992,3.145274872,0,61.29883288,57.14192733,0.25588544,-0.848897297,543,28.4,100,0,23.625,0,1.131
956.092,3.145793147,0,61.30843468,57.14192733,0.239701951,-0.904684854,543,28.4,100,0,23.625,0,1.131
956.192,3.146112086,0,61.30843468,57.14192733,0.239701951,-0.793109741,543,28.4,100,0,23.625,0,1.131
956.292,3.14651076,0,61.29883288,57.15154362,0.207334973,-0.809049042,543,28.4,100,0,23.625,0,1.131
956.392,3.146989168,0,61.29883288,57.12269462,0.22675516,-0.769200788,543,28.4,100,0,23.625,0,1.131
956.492,3.147347974,0,61.26042531,57.09384521,0.236465253,-0.940548283,543,28.4,100,0,23.625,0,1.131
956.592,3.147786515,0,61.28923104,57.10346173,0.25588544,-0.74927666,543,28.4,100,0,23.625,0,1.131
956.692,3.148105453,0,61.28923104,57.1130782,0.229991857,-0.824988344,543,28.4,100,0,23.625,0,1.131
956.792,3.14846426,0,61.25082334,57.09384521,0.210571671,-0.864836599,543,28.4,100,0,23.625,0,1.131
956.892,3.148862933,0,61.27002726,57.1130782,0.184678088,-0.765215962,543,28.4,100,0,23.625,0,1.131
956.992,3.149261606,0,61.27002726,57.10346173,0.259122138,-0.840927646,543,28.4,100,0,23.625,0,1.131
957.092,3.149700147,0,61.27002726,57.09384521,0.246175347,-0.876791076,544,28.4,100,0,23.625,0,1.131
957.192,3.150019086,0,61.26042531,57.08422865,0.236465253,-0.78514009,544,28.4,100,0,23.625,0,1.131
957.292,3.15041776,0,61.24122132,57.10346173,0.259122138,-0.836942821,544,28.4,100,0,23.625,0,1.131
957.392,3.150896168,0,61.26042531,57.10346173,0.239701951,-0.797094566,544,28.4,100,0,23.625,0,1.131
957.492,3.151215107,0,61.24122132,57.06499539,0.210571671,-0.932578632,544,28.4,100,0,23.625,0,1.131
957.592,3.151653647,0,61.23161927,57.06499539,0.233228555,-0.852882123,544,28.4,100,0,23.625,0,1.131
957.692,3.151972586,0,61.21241507,57.07461204,0.259122138,-0.868821425,544,28.4,100,0,23.625,0,1.131
957.792,3.152411127,0,61.20281291,57.05537869,0.197624879,-0.813033868,544,28.4,100,0,23.625,0,1.131
957.892,3.152730066,0,61.19321072,57.06499539,0.213808368,-0.805064217,544,28.4,100,0,23.625,0,1.131
957.992,3.153168607,0,61.20281291,57.03614516,0.200861577,-0.824988344,544,28.4,100,0,23.625,0,1.131
958.092,3.153607148,0,61.22201719,57.05537869,0.236465253,-0.765215962,544,28.4,100,0,23.625,0,1.131
958.192,3.153965954,0,61.18360849,57.02652832,0.213808368,-0.781155264,545,28.4,100,0,23.625,0,1.131
958.292,3.15432476,0,61.18360849,57.02652832,0.223518462,-0.801079391,545,28.4,100,0,23.625,0,1.131
958.392,3.154643699,0,61.19321072,57.03614516,0.242938649,-0.753261486,545,28.4,100,0,23.625,0,1.131
958.492,3.155042372,0,61.17400623,57.02652832,0.25588544,-0.781155264,545,28.4,100,0,23.625,0,1.131
958.592,3.155441046,0,61.1548016,57.03614516,0.210571671,-0.817018693,545,28.4,100,0,23.625,0,1.13
958.692,3.155759984,0,61.17400623,57.00729451,0.265595533,-0.824988344,545,28.4,100,0,23.625,0,1.13
958.792,3.156158658,0,61.17400623,57.01691144,0.259122138,-0.789124915,545,28.4,100,0,23.625,0,1.13
958.892,3.156477597,0,61.17400623,56.98806051,0.220281764,-0.856866948,545,28.4,100,0,23.625,0,1.13
958.992,3.156796536,0,61.14519923,57.00729451,0.236465253,-0.832957995,545,28.4,100,0,23.625,0,1.13
959.092,3.157354678,0,61.14519923,56.97844344,0.220281764,-0.805064217,545,28.4,100,0,23.625,0,1.13
959.192,3.157673617,0,61.14519923,57.01691144,0.249412044,-0.840927646,545,28.4,100,0,23.625,0,1.13
959.292,3.157952689,0,61.10678941,56.97844344,0.236465253,-0.860851774,545,28.4,100,0,23.625,0,1.13
959.392,3.158311495,0,61.14519923,56.95920917,0.200861577,-0.908669679,545,28.4,100,0,23.625,0,1.13
959.492,3.158710168,0,61.11639192,56.98806051,0.268832231,-0.777170439,545,28.4,100,0,23.625,0,1.13
959.592,3.159108842,0,61.11639192,56.96882633,0.239701951,-0.801079391,545,28.4,100,0,23.625,0,1.13
959.692,3.15958725,0,61.11639192,56.97844344,0.25588544,-0.900700028,545,28.4,100,0,23.625,0,1.13
959.792,3.159866322,0,61.11639192,56.97844344,0.25588544,-0.701458755,545,28.4,100,0,23.625,0,1.13
959.892,3.160185261,0,61.10678941,56.97844344,0.236465253,-0.91663933,545,28.4,100,0,23.625,0,1.13
959.992,3.160544067,0,61.11639192,56.94959197,0.249412044,-0.844912472,545,28.4,100,0,23.625,0,1.13
960.092,3.160823138,0,61.06837901,56.93997471,0.217045066,-0.892730377,545,28.4,100,0,23.625,0,1.13
960.192,3.161341414,0,61.08758428,56.93997471,0.220281764,-0.896715203,545,28.4,100,0,23.625,0,1.13
960.292,3.161580618,0,61.07798166,56.93997471,0.246175347,-0.797094566,545,28.4,100,0,23.625,0,1.13
960.392,3.161939424,0,61.06837901,56.93997471,0.242938649,-0.848897297,544,28.4,100,0,23.625,0,1.131
960.492,3.16229823,0,61.05877632,56.93997471,0.246175347,-0.840927646,544,28.4,100,0,23.625,0,1.131
960.592,3.162577302,0,61.07798166,56.94959197,0.236465253,-0.777170439,544,28.4,100,0,23.625,0,1.131
960.692,3.162936108,0,61.05877632,56.93035742,0.233228555,-0.769200788,544,28.4,100,0,23.625,0,1.131
960.792,3.163374649,0,61.0491736,56.90150524,0.217045066,-0.824988344,544,28.4,100,0,23.625,0,1.131
960.892,3.163733455,0,61.05877632,56.91112268,0.204098275,-0.844912472,544,28.4,100,0,23.625,0,1.131
960.992,3.164012526,0,61.03957084,56.91112268,0.229991857,-0.725367707,544,28.4,100,0,23.625,0,1.131
961.092,3.164331465,0,61.03957084,56.89188776,0.213808368,-0.801079391,544,28.4,100,0,23.625,0,1.131
961.192,3.164849741,0,61.02036521,56.88227023,0.207334973,-0.860851774,544,28.4,100,0,23.625,0,1.131
961.292,3.165128812,0,61.02996804,56.88227023,0.239701951,-0.868821425,544,28.4,100,0,23.625,0,1.131
961.392,3.165487619,0,61.02996804,56.88227023,0.213808368,-0.844912472,544,28.4,100,0,23.625,0,1.131
961.492,3.165686955,0,61.02996804,56.88227023,0.217045066,-0.813033868,542,28.4,100,0,23.625,0,1.131
961.592,3.166125496,0,61.03957084,56.88227023,0.262358836,-0.900700028,542,28.4,100,0,23.625,0,1.131
961.692,3.16652417,0,61.01076234,56.86303503,0.22675516,-0.836942821,542,28.4,100,0,23.625,0,1.131
961.792,3.166803241,0,61.02996804,56.84379965,0.217045066,-0.904684854,542,28.4,100,0,23.625,0,1.131
961.892,3.167201915,0,60.98195353,56.84379965,0.294725814,-0.832957995,542,28.4,100,0,23.625,0,1.131
961.992,3.167560721,0,60.9915565,56.86303503,0.249412044,-0.817018693,542,28.4,100,0,23.625,0,1.131
962.092,3.167799925,0,60.9915565,56.84379965,0.242938649,-0.860851774,542,28.4,100,0,23.625,0,1.13
962.192,3.168158732,0,60.9915565,56.87265265,0.275305627,-0.769200788,542,28.4,100,0,23.625,0,1.13
962.292,3.16847767,0,60.9915565,56.82456408,0.262358836,-0.733337358,542,28.4,100,0,23.625,0,1.13
962.392,3.168876344,0,60.96274747,56.83418188,0.213808368,-0.888745552,542,28.4,100,0,23.625,0,1.13
962.492,3.169195283,0,60.98195353,56.84379965,0.233228555,-0.824988344,542,28.4,100,0,23.625,0,1.13
962.592,3.169474354,0,60.96274747,56.80532832,0.242938649,-0.773185613,541,28.4,100,0,23.625,0,1.13
962.692,3.169793293,0,60.94354127,56.81494622,0.207334973,-0.884760726,541,28.4,100,0,23.625,0,1.13
962.792,3.170191967,0,60.94354127,56.81494622,0.249412044,-0.840927646,541,28.4,100,0,23.625,0,1.13
962.892,3.170510906,0,60.96274747,56.80532832,0.220281764,-0.840927646,541,28.4,100,0,23.625,0,1.13
962.992,3.170829844,0,60.92433492,56.81494622,0.229991857,-0.821003519,541,28.4,100,0,23.625,0,1.13
963.092,3.171268385,0,60.93393811,56.79571037,0.262358836,-0.789124915,541,28.4,100,0,23.625,0,1.13
963.192,3.171587324,0,60.93393811,56.78609238,0.233228555,-0.848897297,541,28.4,100,0,23.625,0,1.13
963.292,3.171906263,0,60.93393811,56.77647433,0.242938649,-0.824988344,541,28.4,100,0,23.625,0,1.13
963.392,3.172304937,0,60.93393811,56.78609238,0.197624879,-0.777170439,541,28.4,100,0,23.625,0,1.13
963.492,3.172504274,0,60.9147317,56.76685625,0.239701951,-0.805064217,541,28.4,100,0,23.625,0,1.13
963.592,3.17286308,0,60.90512843,56.76685625,0.239701951,-0.856866948,541,28.4,100,0,23.625,0,1.13
963.692,3.173182019,0,60.90512843,56.76685625,0.233228555,-0.852882123,539,28.4,100,0,23.625,0,1.13
963.792,3.173500958,0,60.8859218,56.75723811,0.197624879,-0.741307009,539,28.4,100,0,23.625,0,1.13
963.892,3.173939498,0,60.9147317,56.76685625,0.217045066,-0.70544358,539,28.4,100,0,23.625,0,1.131
963.992,3.174258437,0,60.86671502,56.75723811,0.217045066,-0.793109741,539,28.4,100,0,23.625,0,1.131
964.092,3.174577376,0,60.87631843,56.77647433,0.210571671,-0.797094566,539,28.4,100,0,23.625,0,1.131
964.192,3.174736846,0,60.86671502,56.75723811,0.207334973,-0.805064217,539,28.4,100,0,23.625,0,1.131
964.292,3.175175387,0,60.8475081,56.7380017,0.229991857,-0.757246311,539,28.4,100,0,23.625,0,1.131
964.392,3.175534193,0,60.8859218,56.75723811,0.239701951,-0.856866948,539,28.4,100,0,23.625,0,1.131
964.492,3.175932866,0,60.87631843,56.72838343,0.242938649,-0.860851774,539,28.4,100,0,23.625,0,1.131
964.592,3.176172071,0,60.86671502,56.71876511,0.314146001,-0.817018693,539,28.4,100,0,23.625,0,1.131
964.692,3.176451142,0,60.86671502,56.71876511,0.213808368,-0.773185613,539,28.4,100,0,23.625,0,1.131
964.792,3.176809948,0,60.83790458,56.69952832,0.210571671,-0.805064217,537,28.4,100,0,23.625,0,1.131
964.892,3.17708902,0,60.83790458,56.70914674,0.252648742,-0.888745552,537,28.4,100,0,23.625,0,1.131
964.992,3.177368091,0,60.82830103,56.70914674,0.236465253,-0.844912472,537,28.4,100,0,23.625,0,1.131
965.092,3.177766765,0,60.81869744,56.69952832,0.252648742,-0.78514009,537,28.4,100,0,23.625,0,1.131
965.192,3.178085704,0,60.83790458,56.69952832,0.246175347,-0.824988344,537,28.4,100,0,23.625,0,1.131
965.292,3.17844451,0,60.81869744,56.68029135,0.223518462,-0.824988344,537,28.4,100,0,23.625,0,1.131
965.392,3.178763449,0,60.78988646,56.64181684,0.217045066,-0.821003519,537,28.4,100,0,23.625,0,1.131
965.492,3.179082388,0,60.78028272,56.68029135,0.217045066,-0.797094566,537,28.4,100,0,23.625,0,1.131
965.592,3.17936146,0,60.80909382,56.67067279,0.197624879,-0.821003519,537,28.4,100,0,23.625,0,1.131
965.692,3.179680398,0,60.78028272,56.67067279,0.239701951,-0.840927646,537,28.4,100,0,23.625,0,1.131
965.792,3.179999337,0,60.79949016,56.68029135,0.262358836,-0.900700028,537,28.4,100,0,23.625,0,1.131
965.892,3.180238542,0,60.78988646,56.67067279,0.242938649,-0.856866948,535,28.4,100,0,23.625,0,1.131
965.992,3.180637215,0,60.78988646,56.65143554,0.242938649,-0.773185613,535,28.4,100,0,23.625,0,1.131
966.092,3.180956154,0,60.77067895,56.64181684,0.217045066,-0.82897317,535,28.4,100,0,23.625,0,1.131
966.192,3.18131496,0,60.76107515,56.62257931,0.259122138,-0.74927666,535,28.4,100,0,23.625,0,1.131
966.292,3.181554165,0,60.76107515,56.62257931,0.22675516,-0.717398057,535,28.4,100,0,23.625,0,1.131
966.392,3.181833236,0,60.76107515,56.65143554,0.210571671,-0.757246311,535,28.4,100,0,23.625,0,1.131
966.492,3.18223191,0,60.74186742,56.62257931,0.22675516,-0.852882123,535,28.4,100,0,23.625,0,1.131
966.592,3.182431247,0,60.76107515,56.61296047,0.204098275,-0.832957995,535,28.4,100,0,23.625,0,1.131
966.692,3.182909655,0,60.73226351,56.62257931,0.249412044,-0.824988344,535,28.4,100,0,23.625,0,1.131
966.792,3.183108992,0,60.73226351,56.6321981,0.22675516,-0.87280625,535,28.4,100,0,23.625,0,1.131
966.892,3.183427931,0,60.73226351,56.6321981,0.242938649,-0.801079391,535,28.4,100,0,23.625,0,1.131
966.992,3.183667135,0,60.72265955,56.61296047,0.229991857,-0.856866948,536,28.4,100,0,23.625,0,1.131
967.092,3.184065808,0,60.71305556,56.60334159,0.25588544,-0.757246311,536,28.4,100,0,23.625,0,1.131
967.192,3.18434488,0,60.69384747,56.59372265,0.25588544,-0.888745552,536,28.4,100,0,23.625,0,1.131
967.292,3.184584084,0,60.70345154,56.60334159,0.239701951,-0.777170439,536,28.4,100,0,23.625,0,1.131
967.392,3.185022625,0,60.67463924,56.59372265,0.204098275,-0.868821425,536,28.4,100,0,23.625,0,1.131
967.492,3.185301697,0,60.67463924,56.58410367,0.233228555,-0.82897317,536,28.4,100,0,23.625,0,1.131
967.592,3.185620636,0,60.68424337,56.58410367,0.200861577,-0.82897317,536,28.4,100,0,23.625,0,1.131
967.692,3.185899707,0,60.71305556,56.59372265,0.217045066,-0.793109741,536,28.4,100,0,23.625,0,1.131
967.792,3.186138911,0,60.68424337,56.57448465,0.233228555,-0.880775901,536,28.4,100,0,23.625,0,1.131
967.892,3.186417983,0,60.68424337,56.54562728,0.246175347,-0.797094566,536,28.4,100,0,23.625,0,1.131
967.992,3.186816657,0,60.67463924,56.54562728,0.242938649,-0.856866948,536,28.4,100,0,23.625,0,1.131
968.092,3.187095728,0,60.67463924,56.55524645,0.236465253,-0.817018693,537,28.4,100,0,23.625,0,1.131
968.192,3.187414667,0,60.66503507,56.54562728,0.223518462,-0.769200788,537,28.4,100,0,23.625,0,1.131
968.292,3.187574137,0,60.64582661,56.54562728,0.200861577,-0.709428406,537,28.4,100,0,23.625,0,1.131
968.392,3.18797281,0,60.64582661,56.52638881,0.236465253,-0.821003519,537,28.4,100,0,23.625,0,1.131
968.492,3.188331617,0,60.62661801,56.55524645,0.223518462,-0.924608981,537,28.4,100,0,23.625,0,1.131
968.592,3.188570821,0,60.64582661,56.54562728,0.229991857,-0.956487585,537,28.4,100,0,23.625,0,1.131
968.692,3.188929627,0,60.63622233,56.54562728,0.229991857,-0.789124915,537,28.4,100,0,23.625,0,1.131
968.792,3.189168831,0,60.62661801,56.52638881,0.210571671,-0.876791076,537,28.4,100,0,23.625,0,1.131
968.892,3.189328301,0,60.61701365,56.52638881,0.194388181,-0.793109741,537,28.4,100,0,23.625,0,1.131
968.992,3.18964724,0,60.58820036,56.5167695,0.239701951,-0.860851774,537,28.4,100,0,23.625,0,1.131
969.092,3.190006046,0,60.61701365,56.49753073,0.239701951,-0.912654505,537,28.4,100,0,23.625,0,1.131
969.192,3.190364852,0,60.60740926,56.50715014,0.242938649,-0.896715203,540,28.4,100,0,23.625,0,1.131
969.292,3.190564189,0,60.60740926,56.48791128,0.252648742,-0.908669679,540,28.4,100,0,23.625,0,1.131
969.392,3.190883128,0,60.60740926,56.48791128,0.246175347,-0.793109741,540,28.4,100,0,23.625,0,1.131
969.492,3.1911622,0,60.57859585,56.47829178,0.25588544,-0.904684854,540,28.4,100,0,23.625,0,1.131
969.592,3.191441271,0,60.56899131,56.46867224,0.259122138,-0.832957995,540,28.4,100,0,23.625,0,1.131
969.692,3.19176021,0,60.59780483,56.48791128,0.262358836,-0.884760726,540,28.4,100,0,23.625,0,1.131
969.792,3.192158884,0,60.55938673,56.45905264,0.233228555,-0.689504278,540,28.4,100,0,23.625,0,1.131
969.892,3.192318353,0,60.57859585,56.48791128,0.22675516,-0.844912472,540,28.4,100,0,23.625,0,1.131
969.992,3.192557558,0,60.54017747,56.46867224,0.265595533,-0.880775901,540,28.4,100,0,23.625,0,1.131
970.092,3.192916364,0,60.54017747,56.449433,0.22675516,-0.836942821,540,28.4,100,0,23.625,0,1.131
970.192,3.193195435,0,60.54978212,56.449433,0.242938649,-0.777170439,540,28.4,100,0,23.625,0,1.131
970.292,3.193474507,0,60.54017747,56.45905264,0.239701951,-0.813033868,542,28.4,100,0,23.625,0,1.131
970.392,3.193753579,0,60.54017747,56.43981331,0.223518462,-0.856866948,542,28.4,100,0,23.625,0,1.131
970.492,3.194072518,0,60.53057278,56.45905264,0.233228555,-0.840927646,542,28.4,100,0,23.625,0,1.131
970.592,3.194231987,0,60.54017747,56.43019357,0.239701951,-0.87280625,542,28.4,100,0,23.625,0,1.131
970.692,3.194511059,0,60.52096805,56.41095396,0.223518462,-0.78514009,542,28.4,100,0,23.625,0,1.131
970.792,3.194829998,0,60.50175849,56.42057379,0.239701951,-0.948517934,542,28.4,100,0,23.625,0,1.131
970.892,3.195109069,0,60.52096805,56.43019357,0.204098275,-0.892730377,542,28.4,100,0,23.625,0,1.131
970.992,3.195467876,0,60.50175849,56.41095396,0.210571671,-0.840927646,542,28.4,100,0,23.625,0,1.131
971.092,3.195786814,0,60.52096805,56.40133408,0.242938649,-0.844912472,542,28.4,100,0,23.625,0,1.131
971.192,3.196026019,0,60.52096805,56.39171415,0.229991857,-0.805064217,542,28.4,100,0,23.625,0,1.131
971.292,3.196225356,0,60.45373393,56.39171415,0.223518462,-0.964457236,542,28.4,100,0,23.625,0,1.131
971.392,3.196544295,0,60.47294386,56.40133408,0.259122138,-0.836942821,542,28.4,100,0,23.625,0,1.131
971.492,3.196823366,0,60.51136329,56.42057379,0.194388181,-0.844912472,542,28.4,100,0,23.625,0,1.131
971.592,3.19722204,0,60.47294386,56.38209418,0.239701951,-0.781155264,542,28.4,100,0,23.625,0,1.131
971.692,3.197341642,0,60.47294386,56.41095396,0.22675516,-0.797094566,542,28.4,100,0,23.625,0,1.131
971.792,3.197740316,0,60.45373393,56.41095396,0.236465253,-0.912654505,542,28.4,100,0,23.625,0,1.131
971.892,3.198019387,0,60.46333891,56.39171415,0.210571671,-0.781155264,542,28.4,100,0,23.625,0,1.131
971.992,3.198298459,0,60.46333891,56.37247416,0.22675516,-0.789124915,542,28.4,100,0,23.625,0,1.131
972.092,3.198537663,0,60.43452384,56.38209418,0.249412044,-0.809049042,542,28.4,100,0,23.625,0,1.131
972.192,3.198816735,0,60.43452384,56.37247416,0.265595533,-0.733337358,542,28.4,100,0,23.625,0,1.131
972.292,3.199095806,0,60.43452384,56.36285409,0.233228555,-0.773185613,542,28.4,100,0,23.625,0,1.131
972.392,3.199374878,0,60.42491874,56.35323397,0.220281764,-0.689504278,542,28.4,100,0,23.625,0,1.131
972.492,3.199614082,0,60.42491874,56.36285409,0.22675516,-0.892730377,542,28.4,100,0,23.625,0,1.131
972.592,3.199893154,0,60.40570843,56.35323397,0.22675516,-0.844912472,542,28.4,100,0,23.625,0,1.131
972.692,3.200172225,0,60.39610322,56.3436138,0.217045066,-0.721382882,542,28.4,100,0,23.625,0,1.131
972.792,3.200451297,0,60.40570843,56.36285409,0.229991857,-0.860851774,542,28.4,100,0,23.625,0,1.131
972.892,3.200690501,0,60.40570843,56.3436138,0.259122138,-0.777170439,542,28.4,100,0,23.625,0,1.131
972.992,3.200969573,0,60.40570843,56.31475302,0.233228555,-0.757246311,542,28.4,100,0,23.625,0,1.131
973.092,3.201288512,0,60.41531361,56.30513266,0.25588544,-0.777170439,542,28.4,100,0,23.625,0,1.131
973.192,3.201487849,0,60.36728737,56.31475302,0.236465253,-0.836942821,542,28.4,100,0,23.625,0,1.131
973.292,3.201846655,0,60.36728737,56.32437333,0.246175347,-0.836942821,542,28.4,100,0,23.625,0,1.131
973.392,3.202045992,0,60.34807661,56.3436138,0.217045066,-0.741307009,542,28.4,100,0,23.625,0,1.131
973.492,3.202404798,0,60.357682,56.29551226,0.262358836,-0.777170439,542,28.4,100,0,23.625,0,1.131
973.592,3.202564268,0,60.34807661,56.30513266,0.229991857,-0.852882123,542,28.4,100,0,23.625,0,1.131
973.692,3.202883207,0,60.34807661,56.28589181,0.242938649,-0.78514009,542,28.4,100,0,23.625,0,1.131
973.792,3.203162278,0,60.34807661,56.28589181,0.223518462,-0.757246311,542,28.4,100,0,23.625,0,1.131
973.892,3.203361615,0,60.33847117,56.27627131,0.259122138,-0.852882123,542,28.4,100,0,23.625,0,1.131
973.992,3.203600819,0,60.34807661,56.27627131,0.22675516,-0.809049042,542,28.4,100,0,23.625,0,1.131
974.092,3.203919758,0,60.31926019,56.26665076,0.204098275,-0.880775901,542,28.4,100,0,23.625,0,1.131
974.192,3.204158963,0,60.30965464,56.26665076,0.28501572,-0.852882123,542,28.4,100,0,23.625,0,1.131
974.292,3.204477902,0,60.33847117,56.27627131,0.252648742,-0.781155264,542,28.4,100,0,23.625,0,1.131
974.392,3.204717106,0,60.30965464,56.28589181,0.246175347,-0.82897317,542,28.4,100,0,23.625,0,1.131
974.492,3.204996178,0,60.30004905,56.23778883,0.220281764,-0.78514009,542,28.4,100,0,23.625,0,1.131
974.592,3.205155647,0,60.30004905,56.26665076,0.249412044,-0.880775901,542,28.4,100,0,23.625,0,1.131
974.692,3.205474586,0,60.3288657,56.24740952,0.194388181,-0.852882123,542,28.4,100,0,23.625,0,1.131
974.792,3.205793525,0,60.30004905,56.25703016,0.252648742,-0.840927646,542,28.4,100,0,23.625,0,1.131
974.892,3.205952995,0,60.29044343,56.25703016,0.239701951,-0.844912472,542,28.4,100,0,23.625,0,1.131
974.992,3.206311801,0,60.29044343,56.22816809,0.233228555,-0.880775901,542,28.4,100,0,23.625,0,1.131
975.092,3.206551005,0,60.26162633,56.22816809,0.178204692,-0.757246311,542,28.4,100,0,23.625,0,1.131
975.192,3.206790209,0,60.29044343,56.20892646,0.233228555,-0.821003519,542,28.4,100,0,23.625,0,1.131
975.292,3.207109148,0,60.26162633,56.2185473,0.233228555,-0.809049042,542,28.4,100,0,23.625,0,1.131
975.392,3.20738822,0,60.24241474,56.19930558,0.242938649,-0.880775901,542,28.4,100,0,23.625,0,1.131
975.492,3.207587557,0,60.24241474,56.19930558,0.268832231,-0.78514009,542,28.4,100,0,23.625,0,1.131
975.592,3.207906496,0,60.27123207,56.18006367,0.249412044,-0.908669679,542,28.4,100,0,23.625,0,1.131
975.692,3.2081457,0,60.23280889,56.22816809,0.229991857,-0.781155264,542,28.4,100,0,23.625,0,1.131
975.792,3.20830517,0,60.22320301,56.18968465,0.236465253,-0.805064217,542,28.4,100,0,23.625,0,1.131
975.892,3.208703844,0,60.21359708,56.18968465,0.239701951,-0.832957995,543,28.4,100,0,23.625,0,1.131
975.992,3.208863313,0,60.21359708,56.18006367,0.259122138,-0.797094566,543,28.4,100,0,23.625,0,1.131
976.092,3.209102517,0,60.21359708,56.18006367,0.210571671,-0.793109741,543,28.4,100,0,23.625,0,1.131
976.192,3.209421456,0,60.19438511,56.18006367,0.249412044,-0.888745552,543,28.4,100,0,23.625,0,1.131
976.292,3.209700528,0,60.20399112,56.18006367,0.22675516,-0.924608981,543,28.4,100,0,23.625,0,1.131
976.392,3.209899865,0,60.22320301,56.15120044,0.220281764,-0.888745552,543,28.4,100,0,23.625,0,1.131
976.492,3.210218804,0,60.19438511,56.17044264,0.236465253,-0.860851774,543,28.4,100,0,23.625,0,1.131
976.592,3.210418141,0,60.20399112,56.16082156,0.217045066,-0.78514009,543,28.4,100,0,23.625,0,1.131
976.692,3.210657345,0,60.175173,56.14157926,0.259122138,-0.805064217,543,28.4,100,0,23.625,0,1.131
976.792,3.210896549,0,60.18477907,56.12233677,0.249412044,-0.781155264,543,28.4,100,0,23.625,0,1.131
976.892,3.211135754,0,60.16556688,56.13195804,0.217045066,-0.860851774,543,28.4,100,0,23.625,0,1.131
976.992,3.211414825,0,60.175173,56.14157926,0.249412044,-0.844912472,544,28.4,100,0,23.625,0,1.131
977.092,3.211693897,0,60.13674831,56.14157926,0.220281764,-0.773185613,544,28.4,100,0,23.625,0,1.131
977.192,3.211853366,0,60.14635454,56.10309409,0.278542325,-0.78514009,544,28.4,100,0,23.625,0,1.131
977.292,3.212212173,0,60.14635454,56.13195804,0.259122138,-0.892730377,544,28.4,100,0,23.625,0,1.131
977.392,3.212291907,0,60.175173,56.13195804,0.236465253,-0.868821425,544,28.4,100,0,23.625,0,1.131
977.492,3.212650714,0,60.13674831,56.11271545,0.262358836,-0.821003519,544,28.4,100,0,23.625,0,1.131
977.592,3.21300952,0,60.12714204,56.09347267,0.220281764,-0.797094566,544,28.4,100,0,23.625,0,1.131
977.692,3.21316899,0,60.10792939,56.0742297,0.239701951,-0.884760726,544,28.4,100,0,23.625,0,1.131
977.792,3.213368327,0,60.10792939,56.10309409,0.233228555,-0.868821425,544,28.4,100,0,23.625,0,1.131
977.892,3.213647398,0,60.12714204,56.11271545,0.259122138,-0.856866948,544,28.4,100,0,23.625,0,1.131
977.992,3.21392647,0,60.09832301,56.06460814,0.223518462,-0.809049042,544,28.4,100,0,23.625,0,1.131
978.092,3.214125807,0,60.08871659,56.05498653,0.233228555,-0.904684854,542,28.4,100,0,23.625,0,1.131
978.192,3.214404879,0,60.07911013,56.05498653,0.252648742,-0.836942821,542,28.4,100,0,23.625,0,1.131
978.292,3.214644083,0,60.10792939,56.0742297,0.268832231,-0.817018693,542,28.4,100,0,23.625,0,1.131
978.392,3.214883287,0,60.08871659,56.0742297,0.223518462,-0.789124915,542,28.4,100,0,23.625,0,1.131
978.492,3.215122491,0,60.08871659,56.06460814,0.242938649,-0.685519453,542,28.4,100,0,23.625,0,1.131
