(cellpy) - Loading raw-file: ['GMJuly2022_CELL901/GMJuly2022_CELL901REF_RPT_3_P25C_P5P0PSI_20230228_R1.res', 'GMJuly2022_CELL901/GMJuly2022_CELL901REF_RATE_1_P25C_P5P0PSI_20230302_R1.res']
(cellpy) - Loading raw-file: ['GMJuly2022_CELL901/GMJuly2022_CELL901REF_RPT_3_P25C_P5P0PSI_20230228_R1.res', 'GMJuly2022_CELL901/GMJuly2022_CELL901REF_RATE_1_P25C_P5P0PSI_20230302_R1.res']
(cellpy) - 
Could not set custom log-dir - non-existing directory
Dir: c:\Users\Vivian\Dropbox (University of Michigan)\from_box\Research\PyBaMM\PyBaMM\degradation_model\tuning_umbl2022feb\cellpy_data\logs
Using current directory instead: c:\Users\Vivian\Dropbox (University of Michigan)\from_box\Research\PyBaMM\PyBaMM\degradation_model\tuning_umbl2022feb
(cellpy) - Loading raw-file: ['GMJuly2022_CELL901/GMJuly2022_CELL901REF_RPT_3_P25C_P5P0PSI_20230228_R1.res', 'GMJuly2022_CELL901/GMJuly2022_CELL901REF_RATE_1_P25C_P5P0PSI_20230302_R1.res']
(cellpy) - 
Could not set custom log-dir - non-existing directory
Dir: c:\Users\Vivian\Dropbox (University of Michigan)\from_box\Research\PyBaMM\PyBaMM\degradation_model\tuning_umbl2022feb\cellpy_data\logs
Using current directory instead: c:\Users\Vivian\Dropbox (University of Michigan)\from_box\Research\PyBaMM\PyBaMM\degradation_model\tuning_umbl2022feb
(cellpy) - Loading raw-file: ['Z:/PROJ_GMJULY2022/Cycler_Data_By_Cell/GMJuly2022_CELL901/GMJuly2022_CELL901REF_RPT_3_P25C_P5P0PSI_20230228_R1.res', 'Z:/PROJ_GMJULY2022/Cycler_Data_By_Cell/GMJuly2022_CELL901/GMJuly2022_CELL901REF_RATE_1_P25C_P5P0PSI_20230302_R1.res']
(cellpy) - 
Could not set custom log-dir - non-existing directory
Dir: c:\Users\Vivian\Dropbox (University of Michigan)\from_box\Research\PyBaMM\PyBaMM\degradation_model\tuning_umbl2022feb\cellpy_data\logs
Using current directory instead: c:\Users\Vivian\Dropbox (University of Michigan)\from_box\Research\PyBaMM\PyBaMM\degradation_model\tuning_umbl2022feb
(cellpy) - Loading raw-file: ['Z:/PROJ_GMJULY2022/Cycler_Data_By_Cell/GMJuly2022_CELL901/GMJuly2022_CELL901REF_RPT_3_P25C_P5P0PSI_20230228_R1.res', 'Z:/PROJ_GMJULY2022/Cycler_Data_By_Cell/GMJuly2022_CELL901/GMJuly2022_CELL901REF_RATE_1_P25C_P5P0PSI_20230302_R1.res']
(cellpy) - Setting mass: 1
(cellpy) - Creating step table
(cellpy) - Creating summary data
(cellpy) - Using the following nominal capacity: 1.0
(cellpy) - Assuming cycling in anode half-data (discharge before charge) mode
(cellpy) - Created CellpyCell object
(cellpy) - 
Could not set custom log-dir - non-existing directory
Dir: c:\Users\Vivian\Dropbox (University of Michigan)\from_box\Research\PyBaMM\PyBaMM\degradation_model\tuning_umbl2022feb\cellpy_data\logs
Using current directory instead: c:\Users\Vivian\Dropbox (University of Michigan)\from_box\Research\PyBaMM\PyBaMM\degradation_model\tuning_umbl2022feb
(cellpy) - Loading raw-file: ['Z:/PROJ_GMJULY2022/Cycler_Data_By_Cell/GMJuly2022_CELL901/GMJuly2022_CELL901REF_RPT_3_P25C_P5P0PSI_20230228_R1.res', 'Z:/PROJ_GMJULY2022/Cycler_Data_By_Cell/GMJuly2022_CELL901/GMJuly2022_CELL901REF_RATE_1_P25C_P5P0PSI_20230302_R1.res']
(cellpy) - Setting mass: 1
(cellpy) - Creating step table
(cellpy) - Creating summary data
(cellpy) - Using the following nominal capacity: 1.0
(cellpy) - Assuming cycling in anode half-data (discharge before charge) mode
(cellpy) - Created CellpyCell object
(cellpy) - 
Could not set custom log-dir - non-existing directory
Dir: c:\Users\Vivian\Dropbox (University of Michigan)\from_box\Research\PyBaMM\PyBaMM\degradation_model\tuning_umbl2022feb\cellpy_data\logs
Using current directory instead: c:\Users\Vivian\Dropbox (University of Michigan)\from_box\Research\PyBaMM\PyBaMM\degradation_model\tuning_umbl2022feb
(cellpy) - Loading raw-file: ['Z:/PROJ_GMJULY2022/Cycler_Data_By_Cell/GMJuly2022_CELL901/GMJuly2022_CELL901REF_RPT_3_P25C_P5P0PSI_20230228_R1.res', 'Z:/PROJ_GMJULY2022/Cycler_Data_By_Cell/GMJuly2022_CELL901/GMJuly2022_CELL901REF_RATE_1_P25C_P5P0PSI_20230302_R1.res']
(cellpy) - Setting mass: 1
(cellpy) - Creating step table
(cellpy) - Creating summary data
(cellpy) - Using the following nominal capacity: 1.0
(cellpy) - Assuming cycling in anode half-data (discharge before charge) mode
(cellpy) - Created CellpyCell object
(cellpy) - Loading raw-file: ['Z:/PROJ_GMJULY2022/Cycler_Data_By_Cell/GMJuly2022_CELL901/GMJuly2022_CELL901REF_RPT_3_P25C_P5P0PSI_20230228_R1.res', 'Z:/PROJ_GMJULY2022/Cycler_Data_By_Cell/GMJuly2022_CELL901/GMJuly2022_CELL901REF_RATE_1_P25C_P5P0PSI_20230302_R1.res']
(cellpy) - Setting mass: 1
(cellpy) - Creating step table
(cellpy) - Creating summary data
(cellpy) - Using the following nominal capacity: 1.0
(cellpy) - Assuming cycling in anode half-data (discharge before charge) mode
(cellpy) - Created CellpyCell object
(cellpy) - 
Could not set custom log-dir - non-existing directory
Dir: c:\Users\Vivian\Dropbox (University of Michigan)\from_box\Research\PyBaMM\PyBaMM\degradation_model\tuning_umbl2022feb\cellpy_data\logs
Using current directory instead: c:\Users\Vivian\Dropbox (University of Michigan)\from_box\Research\PyBaMM\PyBaMM\degradation_model\tuning_umbl2022feb
(cellpy) - Loading raw-file: ['Z:/PROJ_GMJULY2022/Cycler_Data_By_Cell/GMJuly2022_CELL901/GMJuly2022_CELL901REF_RPT_3_P25C_P5P0PSI_20230228_R1.res', 'Z:/PROJ_GMJULY2022/Cycler_Data_By_Cell/GMJuly2022_CELL901/GMJuly2022_CELL901REF_RATE_1_P25C_P5P0PSI_20230302_R1.res']
(cellpy) - Setting mass: 1
(cellpy) - Creating step table
(cellpy) - Creating summary data
(cellpy) - Using the following nominal capacity: 1.0
(cellpy) - Assuming cycling in anode half-data (discharge before charge) mode
(cellpy) - Created CellpyCell object
(cellpy) - Loading raw-file: ['Z:/PROJ_GMJULY2022/Cycler_Data_By_Cell/GMJuly2022_CELL901/GMJuly2022_CELL901REF_RPT_3_P25C_P5P0PSI_20230228_R1.res', 'Z:/PROJ_GMJULY2022/Cycler_Data_By_Cell/GMJuly2022_CELL901/GMJuly2022_CELL901REF_RATE_1_P25C_P5P0PSI_20230302_R1.res']
(cellpy) - Setting mass: 1
(cellpy) - Creating step table
(cellpy) - Creating summary data
(cellpy) - Using the following nominal capacity: 1.0
(cellpy) - Assuming cycling in anode half-data (discharge before charge) mode
(cellpy) - Created CellpyCell object
(cellpy) - Loading raw-file: ['Z:/PROJ_GMJULY2022/Cycler_Data_By_Cell/GMJuly2022_CELL901/GMJuly2022_CELL901REF_RPT_3_P25C_P5P0PSI_20230228_R1.res', 'Z:/PROJ_GMJULY2022/Cycler_Data_By_Cell/GMJuly2022_CELL901/GMJuly2022_CELL901REF_RATE_1_P25C_P5P0PSI_20230302_R1.res']
(cellpy) - Setting mass: 1
(cellpy) - Creating step table
(cellpy) - Creating summary data
(cellpy) - Using the following nominal capacity: 1.0
(cellpy) - Assuming cycling in anode half-data (discharge before charge) mode
(cellpy) - Created CellpyCell object
(cellpy) - Loading raw-file: ['Z:/PROJ_GMJULY2022/Cycler_Data_By_Cell/GMJuly2022_CELL901/GMJuly2022_CELL901REF_RPT_3_P25C_P5P0PSI_20230228_R1.res', 'Z:/PROJ_GMJULY2022/Cycler_Data_By_Cell/GMJuly2022_CELL901/GMJuly2022_CELL901REF_RATE_1_P25C_P5P0PSI_20230302_R1.res']
(cellpy) - Setting mass: 1
(cellpy) - Creating step table
(cellpy) - Creating summary data
(cellpy) - Using the following nominal capacity: 1.0
(cellpy) - Assuming cycling in anode half-data (discharge before charge) mode
(cellpy) - Created CellpyCell object
(cellpy) - Loading raw-file: ['Z:/PROJ_GMJULY2022/Cycler_Data_By_Cell/GMJuly2022_CELL901/GMJuly2022_CELL901REF_RPT_3_P25C_P5P0PSI_20230228_R1.res', 'Z:/PROJ_GMJULY2022/Cycler_Data_By_Cell/GMJuly2022_CELL901/GMJuly2022_CELL901REF_RATE_1_P25C_P5P0PSI_20230302_R1.res']
(cellpy) - Setting mass: 1
(cellpy) - Creating step table
(cellpy) - Creating summary data
(cellpy) - Using the following nominal capacity: 1.0
(cellpy) - Assuming cycling in anode half-data (discharge before charge) mode
(cellpy) - Created CellpyCell object
(cellpy) - 
Could not set custom log-dir - non-existing directory
Dir: c:\Users\Vivian\Dropbox (University of Michigan)\from_box\Research\PyBaMM\PyBaMM\degradation_model\tuning_umbl2022feb\cellpy_data\logs
Using current directory instead: c:\Users\Vivian\Dropbox (University of Michigan)\from_box\Research\PyBaMM\PyBaMM\degradation_model\tuning_umbl2022feb
(cellpy) - Loading raw-file: ['Z:/PROJ_GMJULY2022/Cycler_Data_By_Cell/GMJuly2022_CELL901/GMJuly2022_CELL901REF_RPT_3_P25C_P5P0PSI_20230228_R1.res', 'Z:/PROJ_GMJULY2022/Cycler_Data_By_Cell/GMJuly2022_CELL901/GMJuly2022_CELL901REF_RATE_1_P25C_P5P0PSI_20230302_R1.res']
(cellpy) - Setting mass: 1
(cellpy) - Creating step table
(cellpy) - Creating summary data
(cellpy) - Using the following nominal capacity: 1.0
(cellpy) - Assuming cycling in anode half-data (discharge before charge) mode
(cellpy) - Created CellpyCell object
(cellpy) - 
Could not set custom log-dir - non-existing directory
Dir: c:\Users\Vivian\Dropbox (University of Michigan)\from_box\Research\PyBaMM\PyBaMM\degradation_model\tuning_umbl2022feb\cellpy_data\logs
Using current directory instead: c:\Users\Vivian\Dropbox (University of Michigan)\from_box\Research\PyBaMM\PyBaMM\degradation_model\tuning_umbl2022feb
(cellpy) - Loading raw-file: ['Z:/PROJ_GMJULY2022/Cycler_Data_By_Cell/GMJuly2022_CELL901/GMJuly2022_CELL901REF_RPT_3_P25C_P5P0PSI_20230228_R1.res', 'Z:/PROJ_GMJULY2022/Cycler_Data_By_Cell/GMJuly2022_CELL901/GMJuly2022_CELL901REF_RATE_1_P25C_P5P0PSI_20230302_R1.res']
(cellpy) - Setting mass: 1
(cellpy) - Creating step table
(cellpy) - Creating summary data
(cellpy) - Using the following nominal capacity: 1.0
(cellpy) - Assuming cycling in anode half-data (discharge before charge) mode
(cellpy) - Created CellpyCell object
(cellpy) - 
Could not set custom log-dir - non-existing directory
Dir: c:\Users\Vivian\Dropbox (University of Michigan)\from_box\Research\PyBaMM\PyBaMM\degradation_model\tuning_umbl2022feb\cellpy_data\logs
Using current directory instead: c:\Users\Vivian\Dropbox (University of Michigan)\from_box\Research\PyBaMM\PyBaMM\degradation_model\tuning_umbl2022feb
(cellpy) - Loading raw-file: ['Z:/PROJ_GMJULY2022/Cycler_Data_By_Cell/GMJuly2022_CELL901/GMJuly2022_CELL901REF_RPT_3_P25C_P5P0PSI_20230228_R1.res', 'Z:/PROJ_GMJULY2022/Cycler_Data_By_Cell/GMJuly2022_CELL901/GMJuly2022_CELL901REF_RATE_1_P25C_P5P0PSI_20230302_R1.res']
(cellpy) - Setting mass: 1
(cellpy) - Creating step table
(cellpy) - Creating summary data
(cellpy) - Using the following nominal capacity: 1.0
(cellpy) - Assuming cycling in anode half-data (discharge before charge) mode
(cellpy) - Created CellpyCell object
(cellpy) - 
Could not set custom log-dir - non-existing directory
Dir: c:\Users\Vivian\Dropbox (University of Michigan)\from_box\Research\PyBaMM\PyBaMM\degradation_model\tuning_umbl2022feb\cellpy_data\logs
Using current directory instead: c:\Users\Vivian\Dropbox (University of Michigan)\from_box\Research\PyBaMM\PyBaMM\degradation_model\tuning_umbl2022feb
(cellpy) - Loading raw-file: ['Z:/PROJ_GMJULY2022/Cycler_Data_By_Cell/GMJuly2022_CELL901/GMJuly2022_CELL901REF_RPT_3_P25C_P5P0PSI_20230228_R1.res', 'Z:/PROJ_GMJULY2022/Cycler_Data_By_Cell/GMJuly2022_CELL901/GMJuly2022_CELL901REF_RATE_1_P25C_P5P0PSI_20230302_R1.res']
(cellpy) - Setting mass: 1
(cellpy) - Creating step table
(cellpy) - Creating summary data
(cellpy) - Using the following nominal capacity: 1.0
(cellpy) - Assuming cycling in anode half-data (discharge before charge) mode
(cellpy) - Created CellpyCell object
(cellpy) - Loading raw-file: ['Z:/PROJ_GMJULY2022/Cycler_Data_By_Cell/GMJuly2022_CELL901/GMJuly2022_CELL901REF_RPT_3_P25C_P5P0PSI_20230228_R1.res', 'Z:/PROJ_GMJULY2022/Cycler_Data_By_Cell/GMJuly2022_CELL901/GMJuly2022_CELL901REF_RATE_1_P25C_P5P0PSI_20230302_R1.res']
(cellpy) - Setting mass: 1
(cellpy) - Creating step table
(cellpy) - Creating summary data
(cellpy) - Using the following nominal capacity: 1.0
(cellpy) - Assuming cycling in anode half-data (discharge before charge) mode
(cellpy) - Created CellpyCell object
(cellpy) - 
Could not set custom log-dir - non-existing directory
Dir: c:\Users\Vivian\Dropbox (University of Michigan)\from_box\Research\PyBaMM\PyBaMM\degradation_model\tuning_umbl2022feb\cellpy_data\logs
Using current directory instead: c:\Users\Vivian\Dropbox (University of Michigan)\from_box\Research\PyBaMM\PyBaMM\degradation_model\tuning_umbl2022feb
(cellpy) - Loading raw-file: ['Z:/PROJ_GMJULY2022/Cycler_Data_By_Cell/GMJuly2022_CELL901/GMJuly2022_CELL901REF_RPT_3_P25C_P5P0PSI_20230228_R1.res', 'Z:/PROJ_GMJULY2022/Cycler_Data_By_Cell/GMJuly2022_CELL901/GMJuly2022_CELL901REF_RATE_1_P25C_P5P0PSI_20230302_R1.res']
(cellpy) - Setting mass: 1
(cellpy) - Creating step table
(cellpy) - Creating summary data
(cellpy) - Using the following nominal capacity: 1.0
(cellpy) - Assuming cycling in anode half-data (discharge before charge) mode
(cellpy) - Created CellpyCell object
(cellpy) - 
Could not set custom log-dir - non-existing directory
Dir: c:\Users\Vivian\Dropbox (University of Michigan)\from_box\Research\PyBaMM\PyBaMM\degradation_model\tuning_umbl2022feb\cellpy_data\logs
Using current directory instead: c:\Users\Vivian\Dropbox (University of Michigan)\from_box\Research\PyBaMM\PyBaMM\degradation_model\tuning_umbl2022feb
(cellpy) - Loading raw-file: ['Z:/PROJ_GMJULY2022/Cycler_Data_By_Cell/GMJuly2022_CELL901/GMJuly2022_CELL901REF_RPT_3_P25C_P5P0PSI_20230228_R1.res', 'Z:/PROJ_GMJULY2022/Cycler_Data_By_Cell/GMJuly2022_CELL901/GMJuly2022_CELL901REF_RATE_1_P25C_P5P0PSI_20230302_R1.res']
(cellpy) - Setting mass: 1
(cellpy) - Creating step table
(cellpy) - Creating summary data
(cellpy) - Using the following nominal capacity: 1.0
(cellpy) - Assuming cycling in anode half-data (discharge before charge) mode
(cellpy) - Created CellpyCell object
(cellpy) - 
Could not set custom log-dir - non-existing directory
Dir: c:\Users\Vivian\Dropbox (University of Michigan)\from_box\Research\PyBaMM\PyBaMM\degradation_model\tuning_umbl2022feb\cellpy_data\logs
Using current directory instead: c:\Users\Vivian\Dropbox (University of Michigan)\from_box\Research\PyBaMM\PyBaMM\degradation_model\tuning_umbl2022feb
(cellpy) - Loading raw-file: ['Z:/PROJ_GMJULY2022/Cycler_Data_By_Cell/GMJuly2022_CELL901/GMJuly2022_CELL901REF_RPT_3_P25C_P5P0PSI_20230228_R1.res', 'Z:/PROJ_GMJULY2022/Cycler_Data_By_Cell/GMJuly2022_CELL901/GMJuly2022_CELL901REF_RATE_1_P25C_P5P0PSI_20230302_R1.res']
(cellpy) - Setting mass: 1
(cellpy) - Creating step table
(cellpy) - Creating summary data
(cellpy) - Using the following nominal capacity: 1.0
(cellpy) - Assuming cycling in anode half-data (discharge before charge) mode
(cellpy) - Created CellpyCell object
(cellpy) - 
Could not set custom log-dir - non-existing directory
Dir: c:\Users\Vivian\Dropbox (University of Michigan)\from_box\Research\PyBaMM\PyBaMM\degradation_model\tuning_umbl2022feb\cellpy_data\logs
Using current directory instead: c:\Users\Vivian\Dropbox (University of Michigan)\from_box\Research\PyBaMM\PyBaMM\degradation_model\tuning_umbl2022feb
(cellpy) - Loading raw-file: ['Z:/PROJ_GMJULY2022/Cycler_Data_By_Cell/GMJuly2022_CELL901/GMJuly2022_CELL901REF_RPT_3_P25C_P5P0PSI_20230228_R1.res', 'Z:/PROJ_GMJULY2022/Cycler_Data_By_Cell/GMJuly2022_CELL901/GMJuly2022_CELL901REF_RATE_1_P25C_P5P0PSI_20230302_R1.res']
(cellpy) - Setting mass: 1
(cellpy) - Creating step table
(cellpy) - Creating summary data
(cellpy) - Using the following nominal capacity: 1.0
(cellpy) - Assuming cycling in anode half-data (discharge before charge) mode
(cellpy) - Created CellpyCell object
(cellpy) - 
Could not set custom log-dir - non-existing directory
Dir: c:\Users\Vivian\Dropbox (University of Michigan)\from_box\Research\PyBaMM\PyBaMM\degradation_model\tuning_umbl2022feb\cellpy_data\logs
Using current directory instead: c:\Users\Vivian\Dropbox (University of Michigan)\from_box\Research\PyBaMM\PyBaMM\degradation_model\tuning_umbl2022feb
(cellpy) - Loading raw-file: ['Z:/PROJ_GMJULY2022/Cycler_Data_By_Cell/GMJuly2022_CELL901/GMJuly2022_CELL901REF_RPT_3_P25C_P5P0PSI_20230228_R1.res', 'Z:/PROJ_GMJULY2022/Cycler_Data_By_Cell/GMJuly2022_CELL901/GMJuly2022_CELL901REF_RATE_1_P25C_P5P0PSI_20230302_R1.res']
(cellpy) - Setting mass: 1
(cellpy) - Creating step table
(cellpy) - Creating summary data
(cellpy) - Using the following nominal capacity: 1.0
(cellpy) - Assuming cycling in anode half-data (discharge before charge) mode
(cellpy) - Created CellpyCell object
(cellpy) - Loading raw-file: ['Z:/PROJ_GMJULY2022/Cycler_Data_By_Cell/GMJuly2022_CELL901/GMJuly2022_CELL901REF_RPT_3_P25C_P5P0PSI_20230228_R1.res', 'Z:/PROJ_GMJULY2022/Cycler_Data_By_Cell/GMJuly2022_CELL901/GMJuly2022_CELL901REF_RATE_1_P25C_P5P0PSI_20230302_R1.res']
(cellpy) - Setting mass: 1
(cellpy) - Creating step table
(cellpy) - Creating summary data
(cellpy) - Using the following nominal capacity: 1.0
(cellpy) - Assuming cycling in anode half-data (discharge before charge) mode
(cellpy) - Created CellpyCell object
(cellpy) - 
Could not set custom log-dir - non-existing directory
Dir: c:\Users\Vivian\Dropbox (University of Michigan)\from_box\Research\PyBaMM\PyBaMM\degradation_model\tuning_umbl2022feb\cellpy_data\logs
Using current directory instead: c:\Users\Vivian\Dropbox (University of Michigan)\from_box\Research\PyBaMM\PyBaMM\degradation_model\tuning_umbl2022feb
(cellpy) - Loading raw-file: ['Z:/PROJ_GMJULY2022/Cycler_Data_By_Cell/GMJuly2022_CELL901/GMJuly2022_CELL901REF_RPT_3_P25C_P5P0PSI_20230228_R1.res', 'Z:/PROJ_GMJULY2022/Cycler_Data_By_Cell/GMJuly2022_CELL901/GMJuly2022_CELL901REF_RATE_1_P25C_P5P0PSI_20230302_R1.res']
(cellpy) - Setting mass: 1
(cellpy) - Creating step table
(cellpy) - Creating summary data
(cellpy) - Using the following nominal capacity: 1.0
(cellpy) - Assuming cycling in anode half-data (discharge before charge) mode
(cellpy) - Created CellpyCell object
(cellpy) - 
Could not set custom log-dir - non-existing directory
Dir: c:\Users\Vivian\Dropbox (University of Michigan)\from_box\Research\PyBaMM\PyBaMM\degradation_model\tuning_umbl2022feb\cellpy_data\logs
Using current directory instead: c:\Users\Vivian\Dropbox (University of Michigan)\from_box\Research\PyBaMM\PyBaMM\degradation_model\tuning_umbl2022feb
(cellpy) - Loading raw-file: ['Z:/PROJ_GMJULY2022/Cycler_Data_By_Cell/GMJuly2022_CELL901/GMJuly2022_CELL901REF_RPT_3_P25C_P5P0PSI_20230228_R1.res', 'Z:/PROJ_GMJULY2022/Cycler_Data_By_Cell/GMJuly2022_CELL901/GMJuly2022_CELL901REF_RATE_1_P25C_P5P0PSI_20230302_R1.res']
(cellpy) - Setting mass: 1
(cellpy) - Creating step table
(cellpy) - Creating summary data
(cellpy) - Using the following nominal capacity: 1.0
(cellpy) - Assuming cycling in anode half-data (discharge before charge) mode
(cellpy) - Created CellpyCell object
(cellpy) - 
Could not set custom log-dir - non-existing directory
Dir: c:\Users\Vivian\Dropbox (University of Michigan)\from_box\Research\PyBaMM\PyBaMM\degradation_model\tuning_umbl2022feb\cellpy_data\logs
Using current directory instead: c:\Users\Vivian\Dropbox (University of Michigan)\from_box\Research\PyBaMM\PyBaMM\degradation_model\tuning_umbl2022feb
(cellpy) - Loading raw-file: ['Z:/PROJ_GMJULY2022/Cycler_Data_By_Cell/GMJuly2022_CELL901/GMJuly2022_CELL901REF_RPT_3_P25C_P5P0PSI_20230228_R1.res', 'Z:/PROJ_GMJULY2022/Cycler_Data_By_Cell/GMJuly2022_CELL901/GMJuly2022_CELL901REF_RATE_1_P25C_P5P0PSI_20230302_R1.res']
(cellpy) - Setting mass: 1
(cellpy) - Creating step table
(cellpy) - Creating summary data
(cellpy) - Using the following nominal capacity: 1.0
(cellpy) - Assuming cycling in anode half-data (discharge before charge) mode
(cellpy) - Created CellpyCell object
(cellpy) - Loading raw-file: ['Z:/PROJ_GMJULY2022/Cycler_Data_By_Cell/GMJuly2022_CELL901/GMJuly2022_CELL901REF_RPT_3_P25C_P5P0PSI_20230228_R1.res', 'Z:/PROJ_GMJULY2022/Cycler_Data_By_Cell/GMJuly2022_CELL901/GMJuly2022_CELL901REF_RATE_1_P25C_P5P0PSI_20230302_R1.res']
(cellpy) - Setting mass: 1
(cellpy) - Creating step table
(cellpy) - Creating summary data
(cellpy) - Using the following nominal capacity: 1.0
(cellpy) - Assuming cycling in anode half-data (discharge before charge) mode
(cellpy) - Created CellpyCell object
(cellpy) - 
Could not set custom log-dir - non-existing directory
Dir: c:\Users\Vivian\Dropbox (University of Michigan)\from_box\Research\PyBaMM\PyBaMM\degradation_model\tuning_umbl2022feb\cellpy_data\logs
Using current directory instead: c:\Users\Vivian\Dropbox (University of Michigan)\from_box\Research\PyBaMM\PyBaMM\degradation_model\tuning_umbl2022feb
(cellpy) - Loading raw-file: ['Z:/PROJ_GMJULY2022/Cycler_Data_By_Cell/GMJuly2022_CELL901/GMJuly2022_CELL901REF_RPT_3_P25C_P5P0PSI_20230228_R1.res', 'Z:/PROJ_GMJULY2022/Cycler_Data_By_Cell/GMJuly2022_CELL901/GMJuly2022_CELL901REF_RATE_1_P25C_P5P0PSI_20230302_R1.res']
(cellpy) - Setting mass: 1
(cellpy) - Creating step table
(cellpy) - Creating summary data
(cellpy) - Using the following nominal capacity: 1.0
(cellpy) - Assuming cycling in anode half-data (discharge before charge) mode
(cellpy) - Created CellpyCell object
(cellpy) - 
Could not set custom log-dir - non-existing directory
Dir: c:\Users\Vivian\Dropbox (University of Michigan)\from_box\Research\PyBaMM\PyBaMM\degradation_model\tuning_umbl2022feb\cellpy_data\logs
Using current directory instead: c:\Users\Vivian\Dropbox (University of Michigan)\from_box\Research\PyBaMM\PyBaMM\degradation_model\tuning_umbl2022feb
(cellpy) - Loading raw-file: ['Z:/PROJ_GMJULY2022/Cycler_Data_By_Cell/GMJuly2022_CELL901/GMJuly2022_CELL901REF_RPT_3_P25C_P5P0PSI_20230228_R1.res', 'Z:/PROJ_GMJULY2022/Cycler_Data_By_Cell/GMJuly2022_CELL901/GMJuly2022_CELL901REF_RATE_1_P25C_P5P0PSI_20230302_R1.res']
(cellpy) - Setting mass: 1
(cellpy) - Creating step table
(cellpy) - Creating summary data
(cellpy) - Using the following nominal capacity: 1.0
(cellpy) - Assuming cycling in anode half-data (discharge before charge) mode
(cellpy) - Created CellpyCell object
(cellpy) - 
Could not set custom log-dir - non-existing directory
Dir: c:\Users\Vivian\Dropbox (University of Michigan)\from_box\Research\PyBaMM\PyBaMM\degradation_model\tuning_umbl2022feb\cellpy_data\logs
Using current directory instead: c:\Users\Vivian\Dropbox (University of Michigan)\from_box\Research\PyBaMM\PyBaMM\degradation_model\tuning_umbl2022feb
(cellpy) - Loading raw-file: ['Z:/PROJ_GMJULY2022/Cycler_Data_By_Cell/GMJuly2022_CELL901/GMJuly2022_CELL901REF_RPT_3_P25C_P5P0PSI_20230228_R1.res', 'Z:/PROJ_GMJULY2022/Cycler_Data_By_Cell/GMJuly2022_CELL901/GMJuly2022_CELL901REF_RATE_1_P25C_P5P0PSI_20230302_R1.res']
(cellpy) - Setting mass: 1
(cellpy) - Creating step table
(cellpy) - Creating summary data
(cellpy) - Using the following nominal capacity: 1.0
(cellpy) - Assuming cycling in anode half-data (discharge before charge) mode
(cellpy) - Created CellpyCell object
(cellpy) - Loading raw-file: ['Z:/PROJ_GMJULY2022/Cycler_Data_By_Cell/GMJuly2022_CELL901/GMJuly2022_CELL901REF_RPT_3_P25C_P5P0PSI_20230228_R1.res', 'Z:/PROJ_GMJULY2022/Cycler_Data_By_Cell/GMJuly2022_CELL901/GMJuly2022_CELL901REF_RATE_1_P25C_P5P0PSI_20230302_R1.res']
(cellpy) - Setting mass: 1
(cellpy) - Creating step table
(cellpy) - Creating summary data
(cellpy) - Using the following nominal capacity: 1.0
(cellpy) - Assuming cycling in anode half-data (discharge before charge) mode
(cellpy) - Created CellpyCell object
(cellpy) - 
Could not set custom log-dir - non-existing directory
Dir: c:\Users\Vivian\Dropbox (University of Michigan)\from_box\Research\PyBaMM\PyBaMM\degradation_model\tuning_umbl2022feb\cellpy_data\logs
Using current directory instead: c:\Users\Vivian\Dropbox (University of Michigan)\from_box\Research\PyBaMM\PyBaMM\degradation_model\tuning_umbl2022feb
(cellpy) - Loading raw-file: ['Z:/PROJ_GMJULY2022/Cycler_Data_By_Cell/GMJuly2022_CELL901/GMJuly2022_CELL901REF_RPT_3_P25C_P5P0PSI_20230228_R1.res', 'Z:/PROJ_GMJULY2022/Cycler_Data_By_Cell/GMJuly2022_CELL901/GMJuly2022_CELL901REF_RATE_1_P25C_P5P0PSI_20230302_R1.res']
(cellpy) - Setting mass: 1
(cellpy) - Creating step table
(cellpy) - Creating summary data
(cellpy) - Using the following nominal capacity: 1.0
(cellpy) - Assuming cycling in anode half-data (discharge before charge) mode
(cellpy) - Created CellpyCell object
(cellpy) - Loading raw-file: ['Z:/PROJ_GMJULY2022/Cycler_Data_By_Cell/GMJuly2022_CELL901/GMJuly2022_CELL901REF_RPT_3_P25C_P5P0PSI_20230228_R1.res', 'Z:/PROJ_GMJULY2022/Cycler_Data_By_Cell/GMJuly2022_CELL901/GMJuly2022_CELL901REF_RATE_1_P25C_P5P0PSI_20230302_R1.res']
(cellpy) - Setting mass: 1
(cellpy) - Creating step table
(cellpy) - Creating summary data
(cellpy) - Using the following nominal capacity: 1.0
(cellpy) - Assuming cycling in anode half-data (discharge before charge) mode
(cellpy) - Created CellpyCell object
(cellpy) - Loading raw-file: ['Z:/PROJ_GMJULY2022/Cycler_Data_By_Cell/GMJuly2022_CELL901/GMJuly2022_CELL901REF_RPT_3_P25C_P5P0PSI_20230228_R1.res', 'Z:/PROJ_GMJULY2022/Cycler_Data_By_Cell/GMJuly2022_CELL901/GMJuly2022_CELL901REF_RATE_1_P25C_P5P0PSI_20230302_R1.res']
(cellpy) - Setting mass: 1
(cellpy) - Creating step table
(cellpy) - Creating summary data
(cellpy) - Using the following nominal capacity: 1.0
(cellpy) - Assuming cycling in anode half-data (discharge before charge) mode
(cellpy) - Created CellpyCell object
(cellpy) - 
Could not set custom log-dir - non-existing directory
Dir: c:\Users\Vivian\Dropbox (University of Michigan)\from_box\Research\PyBaMM\PyBaMM\degradation_model\tuning_umbl2022feb\cellpy_data\logs
Using current directory instead: c:\Users\Vivian\Dropbox (University of Michigan)\from_box\Research\PyBaMM\PyBaMM\degradation_model\tuning_umbl2022feb
(cellpy) - Loading raw-file: ['Z:/PROJ_GMJULY2022/Cycler_Data_By_Cell/GMJuly2022_CELL901/GMJuly2022_CELL901REF_RPT_3_P25C_P5P0PSI_20230228_R1.res', 'Z:/PROJ_GMJULY2022/Cycler_Data_By_Cell/GMJuly2022_CELL901/GMJuly2022_CELL901REF_RATE_1_P25C_P5P0PSI_20230302_R1.res']
(cellpy) - Setting mass: 1
(cellpy) - Creating step table
(cellpy) - Creating summary data
(cellpy) - Using the following nominal capacity: 1.0
(cellpy) - Assuming cycling in anode half-data (discharge before charge) mode
(cellpy) - Created CellpyCell object
(cellpy) - Loading raw-file: ['Z:/PROJ_GMJULY2022/Cycler_Data_By_Cell/GMJuly2022_CELL901/GMJuly2022_CELL901REF_RPT_3_P25C_P5P0PSI_20230228_R1.res', 'Z:/PROJ_GMJULY2022/Cycler_Data_By_Cell/GMJuly2022_CELL901/GMJuly2022_CELL901REF_RATE_1_P25C_P5P0PSI_20230302_R1.res']
(cellpy) - 
Could not set custom log-dir - non-existing directory
Dir: c:\Users\Vivian\Dropbox (University of Michigan)\from_box\Research\PyBaMM\PyBaMM\degradation_model\tuning_umbl2022feb\cellpy_data\logs
Using current directory instead: c:\Users\Vivian\Dropbox (University of Michigan)\from_box\Research\PyBaMM\PyBaMM\degradation_model\tuning_umbl2022feb
(cellpy) - Loading raw-file: ['Z:/PROJ_GMJULY2022/Cycler_Data_By_Cell/GMJuly2022_CELL901/GMJuly2022_CELL901REF_RPT_3_P25C_P5P0PSI_20230228_R1.res', 'Z:/PROJ_GMJULY2022/Cycler_Data_By_Cell/GMJuly2022_CELL901/GMJuly2022_CELL901REF_RATE_1_P25C_P5P0PSI_20230302_R1.res']
(cellpy) - Setting mass: 1
(cellpy) - Creating step table
(cellpy) - Creating summary data
(cellpy) - Using the following nominal capacity: 1.0
(cellpy) - Assuming cycling in anode half-data (discharge before charge) mode
(cellpy) - Created CellpyCell object
(cellpy) - Loading raw-file: ['Z:/PROJ_GMJULY2022/Cycler_Data_By_Cell/GMJuly2022_CELL901/GMJuly2022_CELL901REF_RPT_3_P25C_P5P0PSI_20230228_R1.res', 'Z:/PROJ_GMJULY2022/Cycler_Data_By_Cell/GMJuly2022_CELL901/GMJuly2022_CELL901REF_RATE_1_P25C_P5P0PSI_20230302_R1.res']
(cellpy) - Setting mass: 1
(cellpy) - Creating step table
(cellpy) - Creating summary data
(cellpy) - Using the following nominal capacity: 1.0
(cellpy) - Assuming cycling in anode half-data (discharge before charge) mode
(cellpy) - Created CellpyCell object
(cellpy) - No such comm: c50894e8d74f4f7989052e2bfbeacfa7
(cellpy) - No such comm: c50894e8d74f4f7989052e2bfbeacfa7
(cellpy) - No such comm: c50894e8d74f4f7989052e2bfbeacfa7
(cellpy) - No such comm: c50894e8d74f4f7989052e2bfbeacfa7
(cellpy) - No such comm: c50894e8d74f4f7989052e2bfbeacfa7
(cellpy) - No such comm: c50894e8d74f4f7989052e2bfbeacfa7
(cellpy) - No such comm: c50894e8d74f4f7989052e2bfbeacfa7
(cellpy) - No such comm: 95ec028ae94d4f20ba47418938640d6b
(cellpy) - No such comm: 95ec028ae94d4f20ba47418938640d6b
(cellpy) - No such comm: 95ec028ae94d4f20ba47418938640d6b
(cellpy) - No such comm: 95ec028ae94d4f20ba47418938640d6b
(cellpy) - No such comm: 95ec028ae94d4f20ba47418938640d6b
(cellpy) - No such comm: 95ec028ae94d4f20ba47418938640d6b
(cellpy) - No such comm: 95ec028ae94d4f20ba47418938640d6b
(cellpy) - No such comm: 7bb271d2cfae42a2b1d5ef433655e707
(cellpy) - No such comm: 7bb271d2cfae42a2b1d5ef433655e707
(cellpy) - No such comm: 7bb271d2cfae42a2b1d5ef433655e707
(cellpy) - No such comm: 7bb271d2cfae42a2b1d5ef433655e707
(cellpy) - No such comm: 7bb271d2cfae42a2b1d5ef433655e707
(cellpy) - No such comm: 7bb271d2cfae42a2b1d5ef433655e707
(cellpy) - No such comm: 7bb271d2cfae42a2b1d5ef433655e707
(cellpy) - No such comm: 71fa0573f7f842f6a2be3eb559ab79dd
(cellpy) - No such comm: 71fa0573f7f842f6a2be3eb559ab79dd
(cellpy) - No such comm: 71fa0573f7f842f6a2be3eb559ab79dd
(cellpy) - No such comm: 71fa0573f7f842f6a2be3eb559ab79dd
(cellpy) - No such comm: 71fa0573f7f842f6a2be3eb559ab79dd
(cellpy) - No such comm: 71fa0573f7f842f6a2be3eb559ab79dd
(cellpy) - No such comm: 71fa0573f7f842f6a2be3eb559ab79dd
(cellpy) - No such comm: 71fa0573f7f842f6a2be3eb559ab79dd
(cellpy) - No such comm: 71fa0573f7f842f6a2be3eb559ab79dd
(cellpy) - No such comm: 71fa0573f7f842f6a2be3eb559ab79dd
(cellpy) - No such comm: 71fa0573f7f842f6a2be3eb559ab79dd
(cellpy) - No such comm: 71fa0573f7f842f6a2be3eb559ab79dd
(cellpy) - No such comm: 71fa0573f7f842f6a2be3eb559ab79dd
(cellpy) - No such comm: 187801e8d52448a1b46956d826af4eef
(cellpy) - No such comm: 187801e8d52448a1b46956d826af4eef
(cellpy) - No such comm: 187801e8d52448a1b46956d826af4eef
(cellpy) - No such comm: 187801e8d52448a1b46956d826af4eef
(cellpy) - No such comm: 187801e8d52448a1b46956d826af4eef
(cellpy) - No such comm: 187801e8d52448a1b46956d826af4eef
(cellpy) - No such comm: 187801e8d52448a1b46956d826af4eef
(cellpy) - No such comm: ecec3e4b626a4db9bcc4d23a3e857046
(cellpy) - No such comm: ecec3e4b626a4db9bcc4d23a3e857046
(cellpy) - No such comm: ecec3e4b626a4db9bcc4d23a3e857046
(cellpy) - No such comm: ecec3e4b626a4db9bcc4d23a3e857046
(cellpy) - No such comm: ecec3e4b626a4db9bcc4d23a3e857046
(cellpy) - No such comm: ecec3e4b626a4db9bcc4d23a3e857046
(cellpy) - No such comm: ecec3e4b626a4db9bcc4d23a3e857046
(cellpy) - No such comm: ecec3e4b626a4db9bcc4d23a3e857046
(cellpy) - No such comm: ecec3e4b626a4db9bcc4d23a3e857046
(cellpy) - No such comm: ecec3e4b626a4db9bcc4d23a3e857046
(cellpy) - No such comm: ecec3e4b626a4db9bcc4d23a3e857046
(cellpy) - No such comm: ecec3e4b626a4db9bcc4d23a3e857046
(cellpy) - No such comm: ecec3e4b626a4db9bcc4d23a3e857046
(cellpy) - No such comm: ecec3e4b626a4db9bcc4d23a3e857046
(cellpy) - No such comm: ecec3e4b626a4db9bcc4d23a3e857046
(cellpy) - No such comm: ecec3e4b626a4db9bcc4d23a3e857046
(cellpy) - No such comm: ecec3e4b626a4db9bcc4d23a3e857046
(cellpy) - No such comm: ecec3e4b626a4db9bcc4d23a3e857046
(cellpy) - No such comm: ecec3e4b626a4db9bcc4d23a3e857046
(cellpy) - No such comm: ecec3e4b626a4db9bcc4d23a3e857046
(cellpy) - No such comm: ecec3e4b626a4db9bcc4d23a3e857046
(cellpy) - No such comm: ecec3e4b626a4db9bcc4d23a3e857046
(cellpy) - No such comm: ecec3e4b626a4db9bcc4d23a3e857046
(cellpy) - No such comm: ecec3e4b626a4db9bcc4d23a3e857046
(cellpy) - No such comm: ecec3e4b626a4db9bcc4d23a3e857046
(cellpy) - No such comm: ecec3e4b626a4db9bcc4d23a3e857046
(cellpy) - No such comm: ecec3e4b626a4db9bcc4d23a3e857046
(cellpy) - No such comm: ecec3e4b626a4db9bcc4d23a3e857046
(cellpy) - No such comm: ecec3e4b626a4db9bcc4d23a3e857046
(cellpy) - No such comm: ecec3e4b626a4db9bcc4d23a3e857046
(cellpy) - No such comm: ecec3e4b626a4db9bcc4d23a3e857046
(cellpy) - No such comm: ecec3e4b626a4db9bcc4d23a3e857046
(cellpy) - No such comm: ecec3e4b626a4db9bcc4d23a3e857046
(cellpy) - No such comm: ecec3e4b626a4db9bcc4d23a3e857046
(cellpy) - No such comm: ecec3e4b626a4db9bcc4d23a3e857046
(cellpy) - No such comm: ecec3e4b626a4db9bcc4d23a3e857046
(cellpy) - No such comm: ecec3e4b626a4db9bcc4d23a3e857046
(cellpy) - No such comm: ecec3e4b626a4db9bcc4d23a3e857046
(cellpy) - No such comm: ecec3e4b626a4db9bcc4d23a3e857046
(cellpy) - No such comm: ecec3e4b626a4db9bcc4d23a3e857046
(cellpy) - No such comm: ecec3e4b626a4db9bcc4d23a3e857046
(cellpy) - No such comm: ecec3e4b626a4db9bcc4d23a3e857046
(cellpy) - No such comm: ecec3e4b626a4db9bcc4d23a3e857046
(cellpy) - No such comm: ecec3e4b626a4db9bcc4d23a3e857046
(cellpy) - No such comm: ecec3e4b626a4db9bcc4d23a3e857046
(cellpy) - No such comm: ecec3e4b626a4db9bcc4d23a3e857046
(cellpy) - No such comm: ecec3e4b626a4db9bcc4d23a3e857046
(cellpy) - No such comm: ecec3e4b626a4db9bcc4d23a3e857046
(cellpy) - No such comm: ecec3e4b626a4db9bcc4d23a3e857046
(cellpy) - No such comm: ecec3e4b626a4db9bcc4d23a3e857046
(cellpy) - No such comm: ecec3e4b626a4db9bcc4d23a3e857046
(cellpy) - No such comm: ecec3e4b626a4db9bcc4d23a3e857046
(cellpy) - No such comm: ecec3e4b626a4db9bcc4d23a3e857046
(cellpy) - No such comm: ecec3e4b626a4db9bcc4d23a3e857046
(cellpy) - No such comm: ecec3e4b626a4db9bcc4d23a3e857046
(cellpy) - No such comm: ecec3e4b626a4db9bcc4d23a3e857046
(cellpy) - No such comm: ecec3e4b626a4db9bcc4d23a3e857046
(cellpy) - No such comm: ecec3e4b626a4db9bcc4d23a3e857046
(cellpy) - No such comm: ecec3e4b626a4db9bcc4d23a3e857046
(cellpy) - No such comm: ecec3e4b626a4db9bcc4d23a3e857046
(cellpy) - No such comm: ecec3e4b626a4db9bcc4d23a3e857046
(cellpy) - No such comm: ecec3e4b626a4db9bcc4d23a3e857046
(cellpy) - No such comm: ecec3e4b626a4db9bcc4d23a3e857046
(cellpy) - No such comm: ecec3e4b626a4db9bcc4d23a3e857046
(cellpy) - No such comm: ecec3e4b626a4db9bcc4d23a3e857046
(cellpy) - No such comm: ecec3e4b626a4db9bcc4d23a3e857046
(cellpy) - No such comm: ecec3e4b626a4db9bcc4d23a3e857046
(cellpy) - No such comm: ecec3e4b626a4db9bcc4d23a3e857046
(cellpy) - No such comm: ecec3e4b626a4db9bcc4d23a3e857046
(cellpy) - No such comm: ecec3e4b626a4db9bcc4d23a3e857046
(cellpy) - No such comm: ecec3e4b626a4db9bcc4d23a3e857046
(cellpy) - No such comm: ecec3e4b626a4db9bcc4d23a3e857046
(cellpy) - No such comm: ecec3e4b626a4db9bcc4d23a3e857046
(cellpy) - No such comm: ecec3e4b626a4db9bcc4d23a3e857046
(cellpy) - No such comm: ecec3e4b626a4db9bcc4d23a3e857046
(cellpy) - No such comm: ecec3e4b626a4db9bcc4d23a3e857046
(cellpy) - No such comm: ecec3e4b626a4db9bcc4d23a3e857046
(cellpy) - No such comm: 617d8a3636e244ca8f3141ed24ba00b7
(cellpy) - No such comm: 617d8a3636e244ca8f3141ed24ba00b7
(cellpy) - No such comm: 617d8a3636e244ca8f3141ed24ba00b7
(cellpy) - No such comm: 617d8a3636e244ca8f3141ed24ba00b7
(cellpy) - No such comm: 617d8a3636e244ca8f3141ed24ba00b7
(cellpy) - No such comm: 617d8a3636e244ca8f3141ed24ba00b7
(cellpy) - No such comm: 617d8a3636e244ca8f3141ed24ba00b7
(cellpy) - No such comm: 5dd6b39c3ce544b0a8650e8563b1e91c
(cellpy) - No such comm: 5dd6b39c3ce544b0a8650e8563b1e91c
(cellpy) - No such comm: 5dd6b39c3ce544b0a8650e8563b1e91c
(cellpy) - No such comm: 5dd6b39c3ce544b0a8650e8563b1e91c
(cellpy) - No such comm: 5dd6b39c3ce544b0a8650e8563b1e91c
(cellpy) - No such comm: 5dd6b39c3ce544b0a8650e8563b1e91c
(cellpy) - No such comm: 5dd6b39c3ce544b0a8650e8563b1e91c
(cellpy) - No such comm: 791c3e21ef864bf0a7efe7f19b7d75cc
(cellpy) - No such comm: 791c3e21ef864bf0a7efe7f19b7d75cc
(cellpy) - No such comm: 791c3e21ef864bf0a7efe7f19b7d75cc
(cellpy) - No such comm: 791c3e21ef864bf0a7efe7f19b7d75cc
(cellpy) - No such comm: 791c3e21ef864bf0a7efe7f19b7d75cc
(cellpy) - No such comm: 791c3e21ef864bf0a7efe7f19b7d75cc
(cellpy) - No such comm: 791c3e21ef864bf0a7efe7f19b7d75cc
(cellpy) - No such comm: 544a1b8488614543861887f0d7ee5e52
(cellpy) - No such comm: 544a1b8488614543861887f0d7ee5e52
(cellpy) - No such comm: 544a1b8488614543861887f0d7ee5e52
(cellpy) - No such comm: 544a1b8488614543861887f0d7ee5e52
(cellpy) - No such comm: 544a1b8488614543861887f0d7ee5e52
(cellpy) - No such comm: 544a1b8488614543861887f0d7ee5e52
(cellpy) - No such comm: 544a1b8488614543861887f0d7ee5e52
(cellpy) - No such comm: a07be88de6aa4f0eb9f4949322b3aa26
(cellpy) - No such comm: a07be88de6aa4f0eb9f4949322b3aa26
(cellpy) - No such comm: a07be88de6aa4f0eb9f4949322b3aa26
(cellpy) - No such comm: a07be88de6aa4f0eb9f4949322b3aa26
(cellpy) - No such comm: a07be88de6aa4f0eb9f4949322b3aa26
(cellpy) - No such comm: a07be88de6aa4f0eb9f4949322b3aa26
(cellpy) - No such comm: a07be88de6aa4f0eb9f4949322b3aa26
(cellpy) - No such comm: 5913358d83b841f5bb507f9ab9fe72d3
(cellpy) - No such comm: 5913358d83b841f5bb507f9ab9fe72d3
(cellpy) - No such comm: 5913358d83b841f5bb507f9ab9fe72d3
(cellpy) - No such comm: 5913358d83b841f5bb507f9ab9fe72d3
(cellpy) - No such comm: 5913358d83b841f5bb507f9ab9fe72d3
(cellpy) - No such comm: 5913358d83b841f5bb507f9ab9fe72d3
(cellpy) - No such comm: 5913358d83b841f5bb507f9ab9fe72d3
(cellpy) - No such comm: 747fedc5f9874f52a7ad8e1e4608a1cc
(cellpy) - No such comm: 747fedc5f9874f52a7ad8e1e4608a1cc
(cellpy) - No such comm: 747fedc5f9874f52a7ad8e1e4608a1cc
(cellpy) - No such comm: 747fedc5f9874f52a7ad8e1e4608a1cc
(cellpy) - No such comm: 747fedc5f9874f52a7ad8e1e4608a1cc
(cellpy) - No such comm: 747fedc5f9874f52a7ad8e1e4608a1cc
(cellpy) - No such comm: 747fedc5f9874f52a7ad8e1e4608a1cc
(cellpy) - No such comm: 154e934e25ed4ce483c94c01641b9c8c
(cellpy) - No such comm: 154e934e25ed4ce483c94c01641b9c8c
(cellpy) - No such comm: 154e934e25ed4ce483c94c01641b9c8c
(cellpy) - No such comm: 154e934e25ed4ce483c94c01641b9c8c
(cellpy) - No such comm: 154e934e25ed4ce483c94c01641b9c8c
(cellpy) - No such comm: 154e934e25ed4ce483c94c01641b9c8c
(cellpy) - No such comm: 154e934e25ed4ce483c94c01641b9c8c
(cellpy) - No such comm: 4b174b908212402298f0a0da46b94d82
(cellpy) - No such comm: 4b174b908212402298f0a0da46b94d82
(cellpy) - No such comm: 4b174b908212402298f0a0da46b94d82
(cellpy) - No such comm: 4b174b908212402298f0a0da46b94d82
(cellpy) - No such comm: 4b174b908212402298f0a0da46b94d82
(cellpy) - No such comm: 4b174b908212402298f0a0da46b94d82
(cellpy) - No such comm: 4b174b908212402298f0a0da46b94d82
(cellpy) - No such comm: c693c40da48e43a58686032b042b08b2
(cellpy) - No such comm: c693c40da48e43a58686032b042b08b2
(cellpy) - No such comm: c693c40da48e43a58686032b042b08b2
(cellpy) - No such comm: c693c40da48e43a58686032b042b08b2
(cellpy) - No such comm: c693c40da48e43a58686032b042b08b2
(cellpy) - No such comm: c693c40da48e43a58686032b042b08b2
(cellpy) - No such comm: c693c40da48e43a58686032b042b08b2
(cellpy) - No such comm: 6a7fb7a7a5514a82a6c17389e64a2392
(cellpy) - No such comm: 6a7fb7a7a5514a82a6c17389e64a2392
(cellpy) - No such comm: 6a7fb7a7a5514a82a6c17389e64a2392
(cellpy) - No such comm: 6a7fb7a7a5514a82a6c17389e64a2392
(cellpy) - No such comm: 6a7fb7a7a5514a82a6c17389e64a2392
(cellpy) - No such comm: 6a7fb7a7a5514a82a6c17389e64a2392
(cellpy) - No such comm: 6a7fb7a7a5514a82a6c17389e64a2392
(cellpy) - No such comm: 2189f17628604d7db71dccf40e409d63
(cellpy) - No such comm: 2189f17628604d7db71dccf40e409d63
(cellpy) - No such comm: 2189f17628604d7db71dccf40e409d63
(cellpy) - No such comm: 2189f17628604d7db71dccf40e409d63
(cellpy) - No such comm: 2189f17628604d7db71dccf40e409d63
(cellpy) - No such comm: 2189f17628604d7db71dccf40e409d63
(cellpy) - No such comm: 2189f17628604d7db71dccf40e409d63
(cellpy) - No such comm: 38e348e4b81a48fbbfdf6bbf0b425492
(cellpy) - No such comm: 38e348e4b81a48fbbfdf6bbf0b425492
(cellpy) - No such comm: 38e348e4b81a48fbbfdf6bbf0b425492
(cellpy) - No such comm: 38e348e4b81a48fbbfdf6bbf0b425492
(cellpy) - No such comm: 38e348e4b81a48fbbfdf6bbf0b425492
(cellpy) - No such comm: 38e348e4b81a48fbbfdf6bbf0b425492
(cellpy) - No such comm: 38e348e4b81a48fbbfdf6bbf0b425492
(cellpy) - No such comm: 48ff6e18e26d4729a90dd67a1fcd7535
(cellpy) - No such comm: 48ff6e18e26d4729a90dd67a1fcd7535
(cellpy) - No such comm: 48ff6e18e26d4729a90dd67a1fcd7535
(cellpy) - No such comm: 48ff6e18e26d4729a90dd67a1fcd7535
(cellpy) - No such comm: 48ff6e18e26d4729a90dd67a1fcd7535
(cellpy) - No such comm: 48ff6e18e26d4729a90dd67a1fcd7535
(cellpy) - No such comm: 48ff6e18e26d4729a90dd67a1fcd7535
(cellpy) - No such comm: 46bd33aeb0e1491abb5e0d12c316d6da
(cellpy) - No such comm: 46bd33aeb0e1491abb5e0d12c316d6da
(cellpy) - No such comm: 46bd33aeb0e1491abb5e0d12c316d6da
(cellpy) - No such comm: 46bd33aeb0e1491abb5e0d12c316d6da
(cellpy) - No such comm: 46bd33aeb0e1491abb5e0d12c316d6da
(cellpy) - No such comm: 46bd33aeb0e1491abb5e0d12c316d6da
(cellpy) - No such comm: 46bd33aeb0e1491abb5e0d12c316d6da
(cellpy) - No such comm: b23d05ec5e394a3fb05b5743c2fb3ad4
(cellpy) - No such comm: b23d05ec5e394a3fb05b5743c2fb3ad4
(cellpy) - No such comm: b23d05ec5e394a3fb05b5743c2fb3ad4
(cellpy) - No such comm: b23d05ec5e394a3fb05b5743c2fb3ad4
(cellpy) - No such comm: b23d05ec5e394a3fb05b5743c2fb3ad4
(cellpy) - No such comm: b23d05ec5e394a3fb05b5743c2fb3ad4
(cellpy) - No such comm: b23d05ec5e394a3fb05b5743c2fb3ad4
(cellpy) - No such comm: f0cc60d0fcd144c8b285b377ed64369e
(cellpy) - No such comm: f0cc60d0fcd144c8b285b377ed64369e
(cellpy) - No such comm: f0cc60d0fcd144c8b285b377ed64369e
(cellpy) - No such comm: f0cc60d0fcd144c8b285b377ed64369e
(cellpy) - No such comm: f0cc60d0fcd144c8b285b377ed64369e
(cellpy) - No such comm: f0cc60d0fcd144c8b285b377ed64369e
(cellpy) - No such comm: f0cc60d0fcd144c8b285b377ed64369e
(cellpy) - Loading raw-file: ['Z:/PROJ_GMJULY2022/Cycler_Data_By_Cell/GMJuly2022_CELL901/GMJuly2022_CELL901REF_RPT_3_P25C_P5P0PSI_20230228_R1.res', 'Z:/PROJ_GMJULY2022/Cycler_Data_By_Cell/GMJuly2022_CELL901/GMJuly2022_CELL901REF_RATE_1_P25C_P5P0PSI_20230302_R1.res']
(cellpy) - Setting mass: 1
(cellpy) - Creating step table
(cellpy) - Creating summary data
(cellpy) - Using the following nominal capacity: 1.0
(cellpy) - Assuming cycling in anode half-data (discharge before charge) mode
(cellpy) - Created CellpyCell object
(cellpy) - 
Could not set custom log-dir - non-existing directory
Dir: c:\Users\Vivian\Dropbox (University of Michigan)\from_box\Research\PyBaMM\PyBaMM\degradation_model\tuning_umbl2022feb\cellpy_data\logs
Using current directory instead: c:\Users\Vivian\Dropbox (University of Michigan)\from_box\Research\PyBaMM\PyBaMM\degradation_model\tuning_umbl2022feb
(cellpy) - Loading raw-file: ['Z:/PROJ_GMJULY2022/Cycler_Data_By_Cell/GMJuly2022_CELL901/GMJuly2022_CELL901REF_RPT_3_P25C_P5P0PSI_20230228_R1.res', 'Z:/PROJ_GMJULY2022/Cycler_Data_By_Cell/GMJuly2022_CELL901/GMJuly2022_CELL901REF_RATE_1_P25C_P5P0PSI_20230302_R1.res']
(cellpy) - Setting mass: 1
(cellpy) - Creating step table
(cellpy) - Creating summary data
(cellpy) - Using the following nominal capacity: 1.0
(cellpy) - Assuming cycling in anode half-data (discharge before charge) mode
(cellpy) - Created CellpyCell object
(cellpy) - 
Could not set custom log-dir - non-existing directory
Dir: c:\Users\Vivian\Dropbox (University of Michigan)\from_box\Research\PyBaMM\PyBaMM\degradation_model\tuning_umbl2022feb\cellpy_data\logs
Using current directory instead: c:\Users\Vivian\Dropbox (University of Michigan)\from_box\Research\PyBaMM\PyBaMM\degradation_model\tuning_umbl2022feb
(cellpy) - Loading raw-file: ['Z:/PROJ_GMJULY2022/Cycler_Data_By_Cell/GMJuly2022_CELL901/GMJuly2022_CELL901REF_RPT_3_P25C_P5P0PSI_20230228_R1.res', 'Z:/PROJ_GMJULY2022/Cycler_Data_By_Cell/GMJuly2022_CELL901/GMJuly2022_CELL901REF_RATE_1_P25C_P5P0PSI_20230302_R1.res']
(cellpy) - Setting mass: 1
(cellpy) - Creating step table
(cellpy) - Creating summary data
(cellpy) - Using the following nominal capacity: 1.0
(cellpy) - Assuming cycling in anode half-data (discharge before charge) mode
(cellpy) - Created CellpyCell object
(cellpy) - 
Could not set custom log-dir - non-existing directory
Dir: c:\Users\Vivian\Dropbox (University of Michigan)\from_box\Research\PyBaMM\PyBaMM\degradation_model\tuning_umbl2022feb\cellpy_data\logs
Using current directory instead: c:\Users\Vivian\Dropbox (University of Michigan)\from_box\Research\PyBaMM\PyBaMM\degradation_model\tuning_umbl2022feb
(cellpy) - Loading raw-file: ['Z:/PROJ_GMJULY2022/Cycler_Data_By_Cell/GMJuly2022_CELL901/GMJuly2022_CELL901REF_RPT_3_P25C_P5P0PSI_20230228_R1.res', 'Z:/PROJ_GMJULY2022/Cycler_Data_By_Cell/GMJuly2022_CELL901/GMJuly2022_CELL901REF_RATE_1_P25C_P5P0PSI_20230302_R1.res']
(cellpy) - Setting mass: 1
(cellpy) - Creating step table
(cellpy) - Creating summary data
(cellpy) - Using the following nominal capacity: 1.0
(cellpy) - Assuming cycling in anode half-data (discharge before charge) mode
(cellpy) - Created CellpyCell object
(cellpy) - 
Could not set custom log-dir - non-existing directory
Dir: c:\Users\Vivian\Dropbox (University of Michigan)\from_box\Research\PyBaMM\PyBaMM\degradation_model\tuning_umbl2022feb\cellpy_data\logs
Using current directory instead: c:\Users\Vivian\Dropbox (University of Michigan)\from_box\Research\PyBaMM\PyBaMM\degradation_model\tuning_umbl2022feb
(cellpy) - Loading raw-file: ['Z:/PROJ_GMJULY2022/Cycler_Data_By_Cell/GMJuly2022_CELL901/GMJuly2022_CELL901REF_RPT_3_P25C_P5P0PSI_20230228_R1.res', 'Z:/PROJ_GMJULY2022/Cycler_Data_By_Cell/GMJuly2022_CELL901/GMJuly2022_CELL901REF_RATE_1_P25C_P5P0PSI_20230302_R1.res']
(cellpy) - Setting mass: 1
(cellpy) - Creating step table
(cellpy) - Creating summary data
(cellpy) - Using the following nominal capacity: 1.0
(cellpy) - Assuming cycling in anode half-data (discharge before charge) mode
(cellpy) - Created CellpyCell object
(cellpy) - 
Could not set custom log-dir - non-existing directory
Dir: c:\Users\Vivian\Dropbox (University of Michigan)\from_box\Research\PyBaMM\PyBaMM\degradation_model\tuning_umbl2022feb\cellpy_data\logs
Using current directory instead: c:\Users\Vivian\Dropbox (University of Michigan)\from_box\Research\PyBaMM\PyBaMM\degradation_model\tuning_umbl2022feb
(cellpy) - Loading raw-file: ['Z:/PROJ_GMJULY2022/Cycler_Data_By_Cell/GMJuly2022_CELL901/GMJuly2022_CELL901REF_RPT_3_P25C_P5P0PSI_20230228_R1.res', 'Z:/PROJ_GMJULY2022/Cycler_Data_By_Cell/GMJuly2022_CELL901/GMJuly2022_CELL901REF_RATE_1_P25C_P5P0PSI_20230302_R1.res']
(cellpy) - Setting mass: 1
(cellpy) - Creating step table
(cellpy) - Creating summary data
(cellpy) - Using the following nominal capacity: 1.0
(cellpy) - Assuming cycling in anode half-data (discharge before charge) mode
(cellpy) - Created CellpyCell object
(cellpy) - Loading raw-file: ['Z:/PROJ_GMJULY2022/Cycler_Data_By_Cell/GMJuly2022_CELL901/GMJuly2022_CELL901REF_RPT_3_P25C_P5P0PSI_20230228_R1.res', 'Z:/PROJ_GMJULY2022/Cycler_Data_By_Cell/GMJuly2022_CELL901/GMJuly2022_CELL901REF_RATE_1_P25C_P5P0PSI_20230302_R1.res']
(cellpy) - Setting mass: 1
(cellpy) - Creating step table
(cellpy) - Creating summary data
(cellpy) - Using the following nominal capacity: 1.0
(cellpy) - Assuming cycling in anode half-data (discharge before charge) mode
(cellpy) - Created CellpyCell object
(cellpy) - 
Could not set custom log-dir - non-existing directory
Dir: c:\Users\Vivian\Dropbox (University of Michigan)\from_box\Research\PyBaMM\PyBaMM\degradation_model\tuning_umbl2022feb\cellpy_data\logs
Using current directory instead: c:\Users\Vivian\Dropbox (University of Michigan)\from_box\Research\PyBaMM\PyBaMM\degradation_model\tuning_umbl2022feb
(cellpy) - Loading raw-file: ['Z:/PROJ_GMJULY2022/Cycler_Data_By_Cell/GMJuly2022_CELL901/GMJuly2022_CELL901REF_RPT_3_P25C_P5P0PSI_20230228_R1.res', 'Z:/PROJ_GMJULY2022/Cycler_Data_By_Cell/GMJuly2022_CELL901/GMJuly2022_CELL901REF_RATE_1_P25C_P5P0PSI_20230302_R1.res']
(cellpy) - Setting mass: 1
(cellpy) - Creating step table
(cellpy) - Creating summary data
(cellpy) - Using the following nominal capacity: 1.0
(cellpy) - Assuming cycling in anode half-data (discharge before charge) mode
(cellpy) - Created CellpyCell object
(cellpy) - 
Could not set custom log-dir - non-existing directory
Dir: c:\Users\Vivian\Dropbox (University of Michigan)\from_box\Research\PyBaMM\PyBaMM\degradation_model\tuning_umbl2022feb\cellpy_data\logs
Using current directory instead: c:\Users\Vivian\Dropbox (University of Michigan)\from_box\Research\PyBaMM\PyBaMM\degradation_model\tuning_umbl2022feb
(cellpy) - Loading raw-file: ['Z:/PROJ_GMJULY2022/Cycler_Data_By_Cell/GMJuly2022_CELL901/GMJuly2022_CELL901REF_RPT_3_P25C_P5P0PSI_20230228_R1.res', 'Z:/PROJ_GMJULY2022/Cycler_Data_By_Cell/GMJuly2022_CELL901/GMJuly2022_CELL901REF_RATE_1_P25C_P5P0PSI_20230302_R1.res']
(cellpy) - Setting mass: 1
(cellpy) - Creating step table
(cellpy) - Creating summary data
(cellpy) - Using the following nominal capacity: 1.0
(cellpy) - Assuming cycling in anode half-data (discharge before charge) mode
(cellpy) - Created CellpyCell object
(cellpy) - 
Could not set custom log-dir - non-existing directory
Dir: c:\Users\Vivian\Dropbox (University of Michigan)\from_box\Research\PyBaMM\PyBaMM\degradation_model\tuning_umbl2022feb\cellpy_data\logs
Using current directory instead: c:\Users\Vivian\Dropbox (University of Michigan)\from_box\Research\PyBaMM\PyBaMM\degradation_model\tuning_umbl2022feb
(cellpy) - Loading raw-file: ['Z:/PROJ_GMJULY2022/Cycler_Data_By_Cell/GMJuly2022_CELL901/GMJuly2022_CELL901REF_RPT_3_P25C_P5P0PSI_20230228_R1.res', 'Z:/PROJ_GMJULY2022/Cycler_Data_By_Cell/GMJuly2022_CELL901/GMJuly2022_CELL901REF_RATE_1_P25C_P5P0PSI_20230302_R1.res']
(cellpy) - Setting mass: 1
(cellpy) - Creating step table
(cellpy) - Creating summary data
(cellpy) - Using the following nominal capacity: 1.0
(cellpy) - Assuming cycling in anode half-data (discharge before charge) mode
(cellpy) - Created CellpyCell object
(cellpy) - No such comm: b171b16b5db446c192e96d6528917b71
(cellpy) - No such comm: b171b16b5db446c192e96d6528917b71
(cellpy) - No such comm: b171b16b5db446c192e96d6528917b71
(cellpy) - No such comm: b171b16b5db446c192e96d6528917b71
(cellpy) - No such comm: b171b16b5db446c192e96d6528917b71
(cellpy) - No such comm: b171b16b5db446c192e96d6528917b71
(cellpy) - No such comm: b171b16b5db446c192e96d6528917b71
(cellpy) - No such comm: b171b16b5db446c192e96d6528917b71
(cellpy) - No such comm: b171b16b5db446c192e96d6528917b71
(cellpy) - No such comm: b171b16b5db446c192e96d6528917b71
(cellpy) - No such comm: b171b16b5db446c192e96d6528917b71
(cellpy) - No such comm: b171b16b5db446c192e96d6528917b71
(cellpy) - No such comm: b171b16b5db446c192e96d6528917b71
(cellpy) - No such comm: b171b16b5db446c192e96d6528917b71
(cellpy) - No such comm: b171b16b5db446c192e96d6528917b71
(cellpy) - No such comm: b171b16b5db446c192e96d6528917b71
(cellpy) - No such comm: b171b16b5db446c192e96d6528917b71
(cellpy) - No such comm: b171b16b5db446c192e96d6528917b71
(cellpy) - No such comm: b171b16b5db446c192e96d6528917b71
(cellpy) - No such comm: b171b16b5db446c192e96d6528917b71
(cellpy) - No such comm: b171b16b5db446c192e96d6528917b71
(cellpy) - No such comm: b171b16b5db446c192e96d6528917b71
(cellpy) - No such comm: b171b16b5db446c192e96d6528917b71
(cellpy) - No such comm: b171b16b5db446c192e96d6528917b71
(cellpy) - No such comm: b171b16b5db446c192e96d6528917b71
(cellpy) - No such comm: b171b16b5db446c192e96d6528917b71
(cellpy) - No such comm: b171b16b5db446c192e96d6528917b71
(cellpy) - No such comm: b171b16b5db446c192e96d6528917b71
(cellpy) - No such comm: b171b16b5db446c192e96d6528917b71
(cellpy) - No such comm: b171b16b5db446c192e96d6528917b71
(cellpy) - No such comm: b171b16b5db446c192e96d6528917b71
(cellpy) - No such comm: b171b16b5db446c192e96d6528917b71
(cellpy) - No such comm: b171b16b5db446c192e96d6528917b71
(cellpy) - No such comm: b171b16b5db446c192e96d6528917b71
(cellpy) - No such comm: b171b16b5db446c192e96d6528917b71
(cellpy) - No such comm: b171b16b5db446c192e96d6528917b71
(cellpy) - No such comm: b171b16b5db446c192e96d6528917b71
(cellpy) - No such comm: b171b16b5db446c192e96d6528917b71
(cellpy) - No such comm: b171b16b5db446c192e96d6528917b71
(cellpy) - No such comm: b171b16b5db446c192e96d6528917b71
(cellpy) - No such comm: b171b16b5db446c192e96d6528917b71
(cellpy) - No such comm: b171b16b5db446c192e96d6528917b71
(cellpy) - No such comm: b171b16b5db446c192e96d6528917b71
(cellpy) - No such comm: b171b16b5db446c192e96d6528917b71
(cellpy) - No such comm: b171b16b5db446c192e96d6528917b71
(cellpy) - No such comm: b171b16b5db446c192e96d6528917b71
(cellpy) - No such comm: b171b16b5db446c192e96d6528917b71
(cellpy) - No such comm: b171b16b5db446c192e96d6528917b71
(cellpy) - No such comm: b171b16b5db446c192e96d6528917b71
(cellpy) - No such comm: b171b16b5db446c192e96d6528917b71
(cellpy) - No such comm: b171b16b5db446c192e96d6528917b71
(cellpy) - No such comm: b171b16b5db446c192e96d6528917b71
(cellpy) - No such comm: b171b16b5db446c192e96d6528917b71
(cellpy) - No such comm: b171b16b5db446c192e96d6528917b71
(cellpy) - No such comm: b171b16b5db446c192e96d6528917b71
(cellpy) - No such comm: b171b16b5db446c192e96d6528917b71
(cellpy) - No such comm: b171b16b5db446c192e96d6528917b71
(cellpy) - No such comm: b171b16b5db446c192e96d6528917b71
(cellpy) - No such comm: b171b16b5db446c192e96d6528917b71
(cellpy) - No such comm: b171b16b5db446c192e96d6528917b71
(cellpy) - No such comm: b171b16b5db446c192e96d6528917b71
(cellpy) - No such comm: b171b16b5db446c192e96d6528917b71
(cellpy) - No such comm: b171b16b5db446c192e96d6528917b71
(cellpy) - No such comm: b171b16b5db446c192e96d6528917b71
(cellpy) - No such comm: b171b16b5db446c192e96d6528917b71
(cellpy) - No such comm: b171b16b5db446c192e96d6528917b71
(cellpy) - No such comm: b171b16b5db446c192e96d6528917b71
(cellpy) - No such comm: d62e38287c934bd5aa460d0c452dfe5b
(cellpy) - No such comm: d62e38287c934bd5aa460d0c452dfe5b
(cellpy) - No such comm: d62e38287c934bd5aa460d0c452dfe5b
(cellpy) - No such comm: d62e38287c934bd5aa460d0c452dfe5b
(cellpy) - No such comm: d62e38287c934bd5aa460d0c452dfe5b
(cellpy) - No such comm: d62e38287c934bd5aa460d0c452dfe5b
(cellpy) - No such comm: d62e38287c934bd5aa460d0c452dfe5b
(cellpy) - No such comm: 039dd4f04d78476ba6e1553d1d76cf7d
(cellpy) - No such comm: 039dd4f04d78476ba6e1553d1d76cf7d
(cellpy) - No such comm: 039dd4f04d78476ba6e1553d1d76cf7d
(cellpy) - No such comm: 039dd4f04d78476ba6e1553d1d76cf7d
(cellpy) - No such comm: 039dd4f04d78476ba6e1553d1d76cf7d
(cellpy) - No such comm: 039dd4f04d78476ba6e1553d1d76cf7d
(cellpy) - No such comm: 039dd4f04d78476ba6e1553d1d76cf7d
(cellpy) - No such comm: 039dd4f04d78476ba6e1553d1d76cf7d
(cellpy) - No such comm: 039dd4f04d78476ba6e1553d1d76cf7d
(cellpy) - No such comm: 039dd4f04d78476ba6e1553d1d76cf7d
(cellpy) - No such comm: 039dd4f04d78476ba6e1553d1d76cf7d
(cellpy) - No such comm: 039dd4f04d78476ba6e1553d1d76cf7d
(cellpy) - No such comm: 039dd4f04d78476ba6e1553d1d76cf7d
(cellpy) - No such comm: 039dd4f04d78476ba6e1553d1d76cf7d
(cellpy) - No such comm: 039dd4f04d78476ba6e1553d1d76cf7d
(cellpy) - No such comm: 039dd4f04d78476ba6e1553d1d76cf7d
(cellpy) - No such comm: 039dd4f04d78476ba6e1553d1d76cf7d
(cellpy) - No such comm: 039dd4f04d78476ba6e1553d1d76cf7d
(cellpy) - No such comm: 039dd4f04d78476ba6e1553d1d76cf7d
(cellpy) - No such comm: 039dd4f04d78476ba6e1553d1d76cf7d
(cellpy) - No such comm: 039dd4f04d78476ba6e1553d1d76cf7d
(cellpy) - No such comm: 039dd4f04d78476ba6e1553d1d76cf7d
(cellpy) - No such comm: 039dd4f04d78476ba6e1553d1d76cf7d
(cellpy) - No such comm: 039dd4f04d78476ba6e1553d1d76cf7d
(cellpy) - No such comm: 039dd4f04d78476ba6e1553d1d76cf7d
(cellpy) - No such comm: 039dd4f04d78476ba6e1553d1d76cf7d
(cellpy) - No such comm: 039dd4f04d78476ba6e1553d1d76cf7d
(cellpy) - No such comm: 039dd4f04d78476ba6e1553d1d76cf7d
(cellpy) - No such comm: 039dd4f04d78476ba6e1553d1d76cf7d
(cellpy) - No such comm: 039dd4f04d78476ba6e1553d1d76cf7d
(cellpy) - No such comm: 039dd4f04d78476ba6e1553d1d76cf7d
(cellpy) - No such comm: 039dd4f04d78476ba6e1553d1d76cf7d
(cellpy) - No such comm: 039dd4f04d78476ba6e1553d1d76cf7d
(cellpy) - No such comm: 039dd4f04d78476ba6e1553d1d76cf7d
(cellpy) - No such comm: 039dd4f04d78476ba6e1553d1d76cf7d
(cellpy) - No such comm: 039dd4f04d78476ba6e1553d1d76cf7d
(cellpy) - No such comm: 46711339166e49b28ca0260cad5df419
(cellpy) - No such comm: 46711339166e49b28ca0260cad5df419
(cellpy) - No such comm: 46711339166e49b28ca0260cad5df419
(cellpy) - No such comm: 46711339166e49b28ca0260cad5df419
(cellpy) - No such comm: 46711339166e49b28ca0260cad5df419
(cellpy) - No such comm: 46711339166e49b28ca0260cad5df419
(cellpy) - No such comm: 46711339166e49b28ca0260cad5df419
(cellpy) - No such comm: 1e69b86aa7254941bb54129abe9a4919
(cellpy) - No such comm: 1e69b86aa7254941bb54129abe9a4919
(cellpy) - No such comm: 1e69b86aa7254941bb54129abe9a4919
(cellpy) - No such comm: 1e69b86aa7254941bb54129abe9a4919
(cellpy) - No such comm: 1e69b86aa7254941bb54129abe9a4919
(cellpy) - No such comm: 1e69b86aa7254941bb54129abe9a4919
(cellpy) - No such comm: 1e69b86aa7254941bb54129abe9a4919
(cellpy) - No such comm: feacabf81cd241cead9b92e0ba2d4049
(cellpy) - No such comm: feacabf81cd241cead9b92e0ba2d4049
(cellpy) - No such comm: feacabf81cd241cead9b92e0ba2d4049
(cellpy) - No such comm: feacabf81cd241cead9b92e0ba2d4049
(cellpy) - No such comm: feacabf81cd241cead9b92e0ba2d4049
(cellpy) - No such comm: feacabf81cd241cead9b92e0ba2d4049
(cellpy) - No such comm: feacabf81cd241cead9b92e0ba2d4049
(cellpy) - No such comm: 072e495506db4c359d608beedf02a181
(cellpy) - No such comm: 072e495506db4c359d608beedf02a181
(cellpy) - No such comm: 072e495506db4c359d608beedf02a181
(cellpy) - No such comm: 072e495506db4c359d608beedf02a181
(cellpy) - No such comm: 072e495506db4c359d608beedf02a181
(cellpy) - No such comm: 072e495506db4c359d608beedf02a181
(cellpy) - No such comm: 072e495506db4c359d608beedf02a181
(cellpy) - No such comm: 52a8eaf1cb594e32a85ca57c4a2e6d87
(cellpy) - No such comm: 52a8eaf1cb594e32a85ca57c4a2e6d87
(cellpy) - No such comm: 52a8eaf1cb594e32a85ca57c4a2e6d87
(cellpy) - No such comm: 52a8eaf1cb594e32a85ca57c4a2e6d87
(cellpy) - No such comm: 52a8eaf1cb594e32a85ca57c4a2e6d87
(cellpy) - No such comm: 52a8eaf1cb594e32a85ca57c4a2e6d87
(cellpy) - No such comm: 52a8eaf1cb594e32a85ca57c4a2e6d87
(cellpy) - 
Could not set custom log-dir - non-existing directory
Dir: c:\Users\Vivian\Dropbox (University of Michigan)\from_box\Research\PyBaMM\PyBaMM\degradation_model\tuning_umbl2022feb\cellpy_data\logs
Using current directory instead: c:\Users\Vivian\Dropbox (University of Michigan)\from_box\Research\PyBaMM\PyBaMM\degradation_model\tuning_umbl2022feb
(cellpy) - Loading raw-file: ['Z:/PROJ_GMJULY2022/Cycler_Data_By_Cell/GMJuly2022_CELL901/GMJuly2022_CELL901REF_RPT_3_P25C_P5P0PSI_20230228_R1.res', 'Z:/PROJ_GMJULY2022/Cycler_Data_By_Cell/GMJuly2022_CELL901/GMJuly2022_CELL901REF_RATE_1_P25C_P5P0PSI_20230302_R1.res']
(cellpy) - Setting mass: 1
(cellpy) - Creating step table
(cellpy) - Creating summary data
(cellpy) - Using the following nominal capacity: 1.0
(cellpy) - Assuming cycling in anode half-data (discharge before charge) mode
(cellpy) - Created CellpyCell object
(cellpy) - Loading raw-file: ['Z:/PROJ_GMJULY2022/Cycler_Data_By_Cell/GMJuly2022_CELL901/GMJuly2022_CELL901REF_RPT_3_P25C_P5P0PSI_20230228_R1.res', 'Z:/PROJ_GMJULY2022/Cycler_Data_By_Cell/GMJuly2022_CELL901/GMJuly2022_CELL901REF_RATE_1_P25C_P5P0PSI_20230302_R1.res']
(cellpy) - Setting mass: 1
(cellpy) - Creating step table
(cellpy) - Creating summary data
(cellpy) - Using the following nominal capacity: 1.0
(cellpy) - Assuming cycling in anode half-data (discharge before charge) mode
(cellpy) - Created CellpyCell object
(cellpy) - No such comm: d045aea13131405ebd27d7ec3fdeab7b
(cellpy) - No such comm: d045aea13131405ebd27d7ec3fdeab7b
(cellpy) - No such comm: d045aea13131405ebd27d7ec3fdeab7b
(cellpy) - No such comm: d045aea13131405ebd27d7ec3fdeab7b
(cellpy) - No such comm: d045aea13131405ebd27d7ec3fdeab7b
(cellpy) - No such comm: d045aea13131405ebd27d7ec3fdeab7b
(cellpy) - No such comm: d045aea13131405ebd27d7ec3fdeab7b
(cellpy) - No such comm: d9aaf2729bb046d18741faf5bb60e7cf
(cellpy) - No such comm: d9aaf2729bb046d18741faf5bb60e7cf
(cellpy) - No such comm: d9aaf2729bb046d18741faf5bb60e7cf
(cellpy) - No such comm: d9aaf2729bb046d18741faf5bb60e7cf
(cellpy) - No such comm: d9aaf2729bb046d18741faf5bb60e7cf
(cellpy) - No such comm: d9aaf2729bb046d18741faf5bb60e7cf
(cellpy) - No such comm: d9aaf2729bb046d18741faf5bb60e7cf
(cellpy) - No such comm: 7a65f889b66946b8bc3eeb8ff9fd4516
(cellpy) - No such comm: 7a65f889b66946b8bc3eeb8ff9fd4516
(cellpy) - No such comm: 7a65f889b66946b8bc3eeb8ff9fd4516
(cellpy) - No such comm: 7a65f889b66946b8bc3eeb8ff9fd4516
(cellpy) - No such comm: 7a65f889b66946b8bc3eeb8ff9fd4516
(cellpy) - No such comm: 7a65f889b66946b8bc3eeb8ff9fd4516
(cellpy) - No such comm: 7a65f889b66946b8bc3eeb8ff9fd4516
(cellpy) - No such comm: e697af1f817f44c690700320b3cc3bcd
(cellpy) - No such comm: e697af1f817f44c690700320b3cc3bcd
(cellpy) - No such comm: e697af1f817f44c690700320b3cc3bcd
(cellpy) - No such comm: e697af1f817f44c690700320b3cc3bcd
(cellpy) - No such comm: e697af1f817f44c690700320b3cc3bcd
(cellpy) - No such comm: e697af1f817f44c690700320b3cc3bcd
(cellpy) - No such comm: e697af1f817f44c690700320b3cc3bcd
(cellpy) - No such comm: b511c753ee8a4e98bc0e2e33ebda2e10
(cellpy) - No such comm: b511c753ee8a4e98bc0e2e33ebda2e10
(cellpy) - No such comm: b511c753ee8a4e98bc0e2e33ebda2e10
(cellpy) - No such comm: b511c753ee8a4e98bc0e2e33ebda2e10
(cellpy) - No such comm: b511c753ee8a4e98bc0e2e33ebda2e10
(cellpy) - No such comm: b511c753ee8a4e98bc0e2e33ebda2e10
(cellpy) - No such comm: b511c753ee8a4e98bc0e2e33ebda2e10
(cellpy) - No such comm: ccf110c75cce4358a433c3a0ffe2847b
(cellpy) - No such comm: ccf110c75cce4358a433c3a0ffe2847b
(cellpy) - No such comm: ccf110c75cce4358a433c3a0ffe2847b
(cellpy) - No such comm: ccf110c75cce4358a433c3a0ffe2847b
(cellpy) - No such comm: ccf110c75cce4358a433c3a0ffe2847b
(cellpy) - No such comm: ccf110c75cce4358a433c3a0ffe2847b
(cellpy) - No such comm: ccf110c75cce4358a433c3a0ffe2847b
(cellpy) - No such comm: e84ffe478fb542c9874f972a91985a37
(cellpy) - No such comm: e84ffe478fb542c9874f972a91985a37
(cellpy) - No such comm: e84ffe478fb542c9874f972a91985a37
(cellpy) - No such comm: e84ffe478fb542c9874f972a91985a37
(cellpy) - No such comm: e84ffe478fb542c9874f972a91985a37
(cellpy) - No such comm: e84ffe478fb542c9874f972a91985a37
(cellpy) - No such comm: e84ffe478fb542c9874f972a91985a37
(cellpy) - No such comm: 77ad055f474f41ba9edf155049065a2e
(cellpy) - No such comm: 77ad055f474f41ba9edf155049065a2e
(cellpy) - No such comm: 77ad055f474f41ba9edf155049065a2e
(cellpy) - No such comm: 77ad055f474f41ba9edf155049065a2e
(cellpy) - No such comm: 77ad055f474f41ba9edf155049065a2e
(cellpy) - No such comm: 77ad055f474f41ba9edf155049065a2e
(cellpy) - No such comm: 77ad055f474f41ba9edf155049065a2e
(cellpy) - No such comm: 066a40f3f3144449a6302eaa0e794e01
(cellpy) - No such comm: 066a40f3f3144449a6302eaa0e794e01
(cellpy) - No such comm: 066a40f3f3144449a6302eaa0e794e01
(cellpy) - No such comm: 066a40f3f3144449a6302eaa0e794e01
(cellpy) - No such comm: 066a40f3f3144449a6302eaa0e794e01
(cellpy) - No such comm: 066a40f3f3144449a6302eaa0e794e01
(cellpy) - No such comm: 066a40f3f3144449a6302eaa0e794e01
(cellpy) - No such comm: c42af590b6ac482ea0a674e5b1f0238e
(cellpy) - No such comm: c42af590b6ac482ea0a674e5b1f0238e
(cellpy) - No such comm: c42af590b6ac482ea0a674e5b1f0238e
(cellpy) - No such comm: c42af590b6ac482ea0a674e5b1f0238e
(cellpy) - No such comm: c42af590b6ac482ea0a674e5b1f0238e
(cellpy) - No such comm: c42af590b6ac482ea0a674e5b1f0238e
(cellpy) - No such comm: c42af590b6ac482ea0a674e5b1f0238e
(cellpy) - No such comm: c7fd636b5f764197b83837ea1bc6227c
(cellpy) - No such comm: c7fd636b5f764197b83837ea1bc6227c
(cellpy) - No such comm: c7fd636b5f764197b83837ea1bc6227c
(cellpy) - No such comm: c7fd636b5f764197b83837ea1bc6227c
(cellpy) - No such comm: c7fd636b5f764197b83837ea1bc6227c
(cellpy) - No such comm: c7fd636b5f764197b83837ea1bc6227c
(cellpy) - No such comm: c7fd636b5f764197b83837ea1bc6227c
(cellpy) - No such comm: 0043e6e57921440f8dbf6e23a7d1d7cf
(cellpy) - No such comm: 0043e6e57921440f8dbf6e23a7d1d7cf
(cellpy) - No such comm: 0043e6e57921440f8dbf6e23a7d1d7cf
(cellpy) - No such comm: 0043e6e57921440f8dbf6e23a7d1d7cf
(cellpy) - No such comm: 0043e6e57921440f8dbf6e23a7d1d7cf
(cellpy) - No such comm: 0043e6e57921440f8dbf6e23a7d1d7cf
(cellpy) - No such comm: 0043e6e57921440f8dbf6e23a7d1d7cf
(cellpy) - No such comm: 89a5eb047d134ab3bc034d7c2902ea2b
(cellpy) - No such comm: 89a5eb047d134ab3bc034d7c2902ea2b
(cellpy) - No such comm: 89a5eb047d134ab3bc034d7c2902ea2b
(cellpy) - No such comm: 89a5eb047d134ab3bc034d7c2902ea2b
(cellpy) - No such comm: 89a5eb047d134ab3bc034d7c2902ea2b
(cellpy) - No such comm: 89a5eb047d134ab3bc034d7c2902ea2b
(cellpy) - No such comm: 89a5eb047d134ab3bc034d7c2902ea2b
(cellpy) - No such comm: f8ebd0574d844e3b9a083244ce7c96a0
(cellpy) - No such comm: f8ebd0574d844e3b9a083244ce7c96a0
(cellpy) - No such comm: f8ebd0574d844e3b9a083244ce7c96a0
(cellpy) - No such comm: f8ebd0574d844e3b9a083244ce7c96a0
(cellpy) - No such comm: f8ebd0574d844e3b9a083244ce7c96a0
(cellpy) - No such comm: f8ebd0574d844e3b9a083244ce7c96a0
(cellpy) - No such comm: f8ebd0574d844e3b9a083244ce7c96a0
(cellpy) - No such comm: 5b5f5b069cf1414a9318090dfe9fcf7b
(cellpy) - No such comm: 5b5f5b069cf1414a9318090dfe9fcf7b
(cellpy) - No such comm: 5b5f5b069cf1414a9318090dfe9fcf7b
(cellpy) - No such comm: 5b5f5b069cf1414a9318090dfe9fcf7b
(cellpy) - No such comm: 5b5f5b069cf1414a9318090dfe9fcf7b
(cellpy) - No such comm: 5b5f5b069cf1414a9318090dfe9fcf7b
(cellpy) - No such comm: 5b5f5b069cf1414a9318090dfe9fcf7b
(cellpy) - No such comm: af92d23761ba4df68298ec285820c97f
(cellpy) - No such comm: af92d23761ba4df68298ec285820c97f
(cellpy) - No such comm: af92d23761ba4df68298ec285820c97f
(cellpy) - No such comm: af92d23761ba4df68298ec285820c97f
(cellpy) - No such comm: af92d23761ba4df68298ec285820c97f
(cellpy) - No such comm: af92d23761ba4df68298ec285820c97f
(cellpy) - No such comm: af92d23761ba4df68298ec285820c97f
(cellpy) - No such comm: 1264128321824655819e6e64df38745c
(cellpy) - No such comm: 1264128321824655819e6e64df38745c
(cellpy) - No such comm: 1264128321824655819e6e64df38745c
(cellpy) - No such comm: 1264128321824655819e6e64df38745c
(cellpy) - No such comm: 1264128321824655819e6e64df38745c
(cellpy) - No such comm: 1264128321824655819e6e64df38745c
(cellpy) - No such comm: 1264128321824655819e6e64df38745c
(cellpy) - No such comm: 23be022729c04a4ca3f193b9566b2e76
(cellpy) - No such comm: 23be022729c04a4ca3f193b9566b2e76
(cellpy) - No such comm: 23be022729c04a4ca3f193b9566b2e76
(cellpy) - No such comm: 23be022729c04a4ca3f193b9566b2e76
(cellpy) - No such comm: 23be022729c04a4ca3f193b9566b2e76
(cellpy) - No such comm: 23be022729c04a4ca3f193b9566b2e76
(cellpy) - No such comm: 23be022729c04a4ca3f193b9566b2e76
(cellpy) - No such comm: 23be022729c04a4ca3f193b9566b2e76
(cellpy) - No such comm: 23be022729c04a4ca3f193b9566b2e76
(cellpy) - No such comm: 23be022729c04a4ca3f193b9566b2e76
(cellpy) - No such comm: 23be022729c04a4ca3f193b9566b2e76
(cellpy) - No such comm: 23be022729c04a4ca3f193b9566b2e76
(cellpy) - No such comm: 23be022729c04a4ca3f193b9566b2e76
(cellpy) - No such comm: 3e8e076289ea45c9b08bc05dc1c6755f
(cellpy) - No such comm: 3e8e076289ea45c9b08bc05dc1c6755f
(cellpy) - No such comm: 3e8e076289ea45c9b08bc05dc1c6755f
(cellpy) - No such comm: 3e8e076289ea45c9b08bc05dc1c6755f
(cellpy) - No such comm: 3e8e076289ea45c9b08bc05dc1c6755f
(cellpy) - No such comm: 3e8e076289ea45c9b08bc05dc1c6755f
(cellpy) - No such comm: 3e8e076289ea45c9b08bc05dc1c6755f
(cellpy) - No such comm: 3e8e076289ea45c9b08bc05dc1c6755f
(cellpy) - No such comm: 3e8e076289ea45c9b08bc05dc1c6755f
(cellpy) - No such comm: 3e8e076289ea45c9b08bc05dc1c6755f
(cellpy) - No such comm: 3e8e076289ea45c9b08bc05dc1c6755f
(cellpy) - No such comm: 3e8e076289ea45c9b08bc05dc1c6755f
(cellpy) - No such comm: 3e8e076289ea45c9b08bc05dc1c6755f
(cellpy) - No such comm: 3e8e076289ea45c9b08bc05dc1c6755f
(cellpy) - No such comm: ebd3398d938f4c1d84be44a25ef143ae
(cellpy) - No such comm: ebd3398d938f4c1d84be44a25ef143ae
(cellpy) - No such comm: ebd3398d938f4c1d84be44a25ef143ae
(cellpy) - No such comm: ebd3398d938f4c1d84be44a25ef143ae
(cellpy) - No such comm: ebd3398d938f4c1d84be44a25ef143ae
(cellpy) - No such comm: ebd3398d938f4c1d84be44a25ef143ae
(cellpy) - No such comm: ebd3398d938f4c1d84be44a25ef143ae
(cellpy) - No such comm: ebd3398d938f4c1d84be44a25ef143ae
(cellpy) - No such comm: ebd3398d938f4c1d84be44a25ef143ae
(cellpy) - No such comm: ebd3398d938f4c1d84be44a25ef143ae
(cellpy) - No such comm: ebd3398d938f4c1d84be44a25ef143ae
(cellpy) - No such comm: ebd3398d938f4c1d84be44a25ef143ae
(cellpy) - No such comm: ebd3398d938f4c1d84be44a25ef143ae
(cellpy) - No such comm: ebd3398d938f4c1d84be44a25ef143ae
(cellpy) - No such comm: 75503fd829594de995122c2daaeb8578
(cellpy) - No such comm: 75503fd829594de995122c2daaeb8578
(cellpy) - No such comm: 75503fd829594de995122c2daaeb8578
(cellpy) - No such comm: 75503fd829594de995122c2daaeb8578
(cellpy) - No such comm: 75503fd829594de995122c2daaeb8578
(cellpy) - No such comm: 75503fd829594de995122c2daaeb8578
(cellpy) - No such comm: 75503fd829594de995122c2daaeb8578
(cellpy) - No such comm: 75503fd829594de995122c2daaeb8578
(cellpy) - No such comm: 75503fd829594de995122c2daaeb8578
(cellpy) - No such comm: 75503fd829594de995122c2daaeb8578
(cellpy) - No such comm: 75503fd829594de995122c2daaeb8578
(cellpy) - No such comm: 75503fd829594de995122c2daaeb8578
(cellpy) - No such comm: 75503fd829594de995122c2daaeb8578
(cellpy) - No such comm: 75503fd829594de995122c2daaeb8578
(cellpy) - No such comm: 6607c5bec0bf4281912579e6ed8f7fa0
(cellpy) - No such comm: 6607c5bec0bf4281912579e6ed8f7fa0
(cellpy) - No such comm: 6607c5bec0bf4281912579e6ed8f7fa0
(cellpy) - No such comm: 6607c5bec0bf4281912579e6ed8f7fa0
(cellpy) - No such comm: 6607c5bec0bf4281912579e6ed8f7fa0
(cellpy) - No such comm: 6607c5bec0bf4281912579e6ed8f7fa0
(cellpy) - No such comm: 6607c5bec0bf4281912579e6ed8f7fa0
(cellpy) - No such comm: 6607c5bec0bf4281912579e6ed8f7fa0
(cellpy) - No such comm: 6607c5bec0bf4281912579e6ed8f7fa0
(cellpy) - No such comm: 6607c5bec0bf4281912579e6ed8f7fa0
(cellpy) - No such comm: 6607c5bec0bf4281912579e6ed8f7fa0
(cellpy) - No such comm: 6607c5bec0bf4281912579e6ed8f7fa0
(cellpy) - No such comm: 6607c5bec0bf4281912579e6ed8f7fa0
(cellpy) - No such comm: 6607c5bec0bf4281912579e6ed8f7fa0
(cellpy) - No such comm: 26043588aea54f2e8bcc76b47bd71d88
(cellpy) - No such comm: 26043588aea54f2e8bcc76b47bd71d88
(cellpy) - No such comm: 26043588aea54f2e8bcc76b47bd71d88
(cellpy) - No such comm: 26043588aea54f2e8bcc76b47bd71d88
(cellpy) - No such comm: 26043588aea54f2e8bcc76b47bd71d88
(cellpy) - No such comm: 26043588aea54f2e8bcc76b47bd71d88
(cellpy) - No such comm: 26043588aea54f2e8bcc76b47bd71d88
(cellpy) - No such comm: 26043588aea54f2e8bcc76b47bd71d88
(cellpy) - No such comm: 26043588aea54f2e8bcc76b47bd71d88
(cellpy) - No such comm: 26043588aea54f2e8bcc76b47bd71d88
(cellpy) - No such comm: 26043588aea54f2e8bcc76b47bd71d88
(cellpy) - No such comm: 26043588aea54f2e8bcc76b47bd71d88
(cellpy) - No such comm: 26043588aea54f2e8bcc76b47bd71d88
(cellpy) - No such comm: 26043588aea54f2e8bcc76b47bd71d88
(cellpy) - No such comm: 70eba25a573d48da9fa49eaca7f3108d
(cellpy) - No such comm: 70eba25a573d48da9fa49eaca7f3108d
(cellpy) - No such comm: 70eba25a573d48da9fa49eaca7f3108d
(cellpy) - No such comm: 70eba25a573d48da9fa49eaca7f3108d
(cellpy) - No such comm: 70eba25a573d48da9fa49eaca7f3108d
(cellpy) - No such comm: 70eba25a573d48da9fa49eaca7f3108d
(cellpy) - No such comm: 70eba25a573d48da9fa49eaca7f3108d
(cellpy) - No such comm: 70eba25a573d48da9fa49eaca7f3108d
(cellpy) - No such comm: 70eba25a573d48da9fa49eaca7f3108d
(cellpy) - No such comm: 70eba25a573d48da9fa49eaca7f3108d
(cellpy) - No such comm: 70eba25a573d48da9fa49eaca7f3108d
(cellpy) - No such comm: 70eba25a573d48da9fa49eaca7f3108d
(cellpy) - No such comm: 70eba25a573d48da9fa49eaca7f3108d
(cellpy) - No such comm: 70eba25a573d48da9fa49eaca7f3108d
(cellpy) - No such comm: 71281bb71bde4c0d8a574f7cef19ad6f
(cellpy) - No such comm: 71281bb71bde4c0d8a574f7cef19ad6f
(cellpy) - No such comm: 71281bb71bde4c0d8a574f7cef19ad6f
(cellpy) - No such comm: 71281bb71bde4c0d8a574f7cef19ad6f
(cellpy) - No such comm: 71281bb71bde4c0d8a574f7cef19ad6f
(cellpy) - No such comm: 71281bb71bde4c0d8a574f7cef19ad6f
(cellpy) - No such comm: 71281bb71bde4c0d8a574f7cef19ad6f
(cellpy) - No such comm: 71281bb71bde4c0d8a574f7cef19ad6f
(cellpy) - No such comm: 71281bb71bde4c0d8a574f7cef19ad6f
(cellpy) - No such comm: 71281bb71bde4c0d8a574f7cef19ad6f
(cellpy) - No such comm: 71281bb71bde4c0d8a574f7cef19ad6f
(cellpy) - No such comm: 71281bb71bde4c0d8a574f7cef19ad6f
(cellpy) - No such comm: 71281bb71bde4c0d8a574f7cef19ad6f
(cellpy) - No such comm: 71281bb71bde4c0d8a574f7cef19ad6f
(cellpy) - No such comm: f0d4a52b13b44a418dc467c0dafd25eb
(cellpy) - No such comm: f0d4a52b13b44a418dc467c0dafd25eb
(cellpy) - No such comm: f0d4a52b13b44a418dc467c0dafd25eb
(cellpy) - No such comm: f0d4a52b13b44a418dc467c0dafd25eb
(cellpy) - No such comm: f0d4a52b13b44a418dc467c0dafd25eb
(cellpy) - No such comm: f0d4a52b13b44a418dc467c0dafd25eb
(cellpy) - No such comm: f0d4a52b13b44a418dc467c0dafd25eb
(cellpy) - No such comm: f0d4a52b13b44a418dc467c0dafd25eb
(cellpy) - No such comm: f0d4a52b13b44a418dc467c0dafd25eb
(cellpy) - No such comm: f0d4a52b13b44a418dc467c0dafd25eb
(cellpy) - No such comm: f0d4a52b13b44a418dc467c0dafd25eb
(cellpy) - No such comm: f0d4a52b13b44a418dc467c0dafd25eb
(cellpy) - No such comm: f0d4a52b13b44a418dc467c0dafd25eb
(cellpy) - No such comm: f0d4a52b13b44a418dc467c0dafd25eb
(cellpy) - No such comm: 3a51fc9638dd44749135e7d47e4c2132
(cellpy) - No such comm: 3a51fc9638dd44749135e7d47e4c2132
(cellpy) - No such comm: 3a51fc9638dd44749135e7d47e4c2132
(cellpy) - No such comm: 3a51fc9638dd44749135e7d47e4c2132
(cellpy) - No such comm: 3a51fc9638dd44749135e7d47e4c2132
(cellpy) - No such comm: 3a51fc9638dd44749135e7d47e4c2132
(cellpy) - No such comm: 3a51fc9638dd44749135e7d47e4c2132
(cellpy) - No such comm: 3a51fc9638dd44749135e7d47e4c2132
(cellpy) - No such comm: 3a51fc9638dd44749135e7d47e4c2132
(cellpy) - No such comm: 3a51fc9638dd44749135e7d47e4c2132
(cellpy) - No such comm: 3a51fc9638dd44749135e7d47e4c2132
(cellpy) - No such comm: 3a51fc9638dd44749135e7d47e4c2132
(cellpy) - No such comm: 3a51fc9638dd44749135e7d47e4c2132
(cellpy) - No such comm: 3a51fc9638dd44749135e7d47e4c2132
(cellpy) - No such comm: c2688d4086914945955f6c9b8a5ca9d9
(cellpy) - No such comm: c2688d4086914945955f6c9b8a5ca9d9
(cellpy) - No such comm: c2688d4086914945955f6c9b8a5ca9d9
(cellpy) - No such comm: c2688d4086914945955f6c9b8a5ca9d9
(cellpy) - No such comm: c2688d4086914945955f6c9b8a5ca9d9
(cellpy) - No such comm: c2688d4086914945955f6c9b8a5ca9d9
(cellpy) - No such comm: c2688d4086914945955f6c9b8a5ca9d9
(cellpy) - No such comm: c2688d4086914945955f6c9b8a5ca9d9
(cellpy) - No such comm: c2688d4086914945955f6c9b8a5ca9d9
(cellpy) - No such comm: c2688d4086914945955f6c9b8a5ca9d9
(cellpy) - No such comm: c2688d4086914945955f6c9b8a5ca9d9
(cellpy) - No such comm: c2688d4086914945955f6c9b8a5ca9d9
(cellpy) - No such comm: c2688d4086914945955f6c9b8a5ca9d9
(cellpy) - No such comm: c2688d4086914945955f6c9b8a5ca9d9
(cellpy) - No such comm: 930866f4c20b4792b6126d364228ba59
(cellpy) - No such comm: 930866f4c20b4792b6126d364228ba59
(cellpy) - No such comm: 930866f4c20b4792b6126d364228ba59
(cellpy) - No such comm: 930866f4c20b4792b6126d364228ba59
(cellpy) - No such comm: 930866f4c20b4792b6126d364228ba59
(cellpy) - No such comm: 930866f4c20b4792b6126d364228ba59
(cellpy) - No such comm: 930866f4c20b4792b6126d364228ba59
(cellpy) - No such comm: 930866f4c20b4792b6126d364228ba59
(cellpy) - No such comm: 930866f4c20b4792b6126d364228ba59
(cellpy) - No such comm: 930866f4c20b4792b6126d364228ba59
(cellpy) - No such comm: 930866f4c20b4792b6126d364228ba59
(cellpy) - No such comm: 930866f4c20b4792b6126d364228ba59
(cellpy) - No such comm: 930866f4c20b4792b6126d364228ba59
(cellpy) - No such comm: 930866f4c20b4792b6126d364228ba59
(cellpy) - No such comm: 28200044d37044979ee46953f634f21f
(cellpy) - No such comm: 28200044d37044979ee46953f634f21f
(cellpy) - No such comm: 28200044d37044979ee46953f634f21f
(cellpy) - No such comm: 28200044d37044979ee46953f634f21f
(cellpy) - No such comm: 28200044d37044979ee46953f634f21f
(cellpy) - No such comm: 28200044d37044979ee46953f634f21f
(cellpy) - No such comm: 28200044d37044979ee46953f634f21f
(cellpy) - No such comm: 28200044d37044979ee46953f634f21f
(cellpy) - No such comm: 28200044d37044979ee46953f634f21f
(cellpy) - No such comm: 28200044d37044979ee46953f634f21f
(cellpy) - No such comm: 28200044d37044979ee46953f634f21f
(cellpy) - No such comm: 28200044d37044979ee46953f634f21f
(cellpy) - No such comm: 28200044d37044979ee46953f634f21f
(cellpy) - No such comm: 28200044d37044979ee46953f634f21f
(cellpy) - No such comm: dbcc84e72bbf4a31a25f0fd5cd394377
(cellpy) - No such comm: dbcc84e72bbf4a31a25f0fd5cd394377
(cellpy) - No such comm: dbcc84e72bbf4a31a25f0fd5cd394377
(cellpy) - No such comm: dbcc84e72bbf4a31a25f0fd5cd394377
(cellpy) - No such comm: dbcc84e72bbf4a31a25f0fd5cd394377
(cellpy) - No such comm: dbcc84e72bbf4a31a25f0fd5cd394377
(cellpy) - No such comm: dbcc84e72bbf4a31a25f0fd5cd394377
(cellpy) - No such comm: dbcc84e72bbf4a31a25f0fd5cd394377
(cellpy) - No such comm: dbcc84e72bbf4a31a25f0fd5cd394377
(cellpy) - No such comm: dbcc84e72bbf4a31a25f0fd5cd394377
(cellpy) - No such comm: dbcc84e72bbf4a31a25f0fd5cd394377
(cellpy) - No such comm: dbcc84e72bbf4a31a25f0fd5cd394377
(cellpy) - No such comm: dbcc84e72bbf4a31a25f0fd5cd394377
(cellpy) - No such comm: dbcc84e72bbf4a31a25f0fd5cd394377
(cellpy) - No such comm: f812e706787644b4b8eb99268159a6f8
(cellpy) - No such comm: f812e706787644b4b8eb99268159a6f8
(cellpy) - No such comm: f812e706787644b4b8eb99268159a6f8
(cellpy) - No such comm: f812e706787644b4b8eb99268159a6f8
(cellpy) - No such comm: f812e706787644b4b8eb99268159a6f8
(cellpy) - No such comm: f812e706787644b4b8eb99268159a6f8
(cellpy) - No such comm: f812e706787644b4b8eb99268159a6f8
(cellpy) - No such comm: f812e706787644b4b8eb99268159a6f8
(cellpy) - No such comm: f812e706787644b4b8eb99268159a6f8
(cellpy) - No such comm: f812e706787644b4b8eb99268159a6f8
(cellpy) - No such comm: f812e706787644b4b8eb99268159a6f8
(cellpy) - No such comm: f812e706787644b4b8eb99268159a6f8
(cellpy) - No such comm: f812e706787644b4b8eb99268159a6f8
(cellpy) - No such comm: f812e706787644b4b8eb99268159a6f8
(cellpy) - No such comm: 6baecb60dea34b2486177ea08d610429
(cellpy) - No such comm: 6baecb60dea34b2486177ea08d610429
(cellpy) - No such comm: 6baecb60dea34b2486177ea08d610429
(cellpy) - No such comm: 6baecb60dea34b2486177ea08d610429
(cellpy) - No such comm: 6baecb60dea34b2486177ea08d610429
(cellpy) - No such comm: 6baecb60dea34b2486177ea08d610429
(cellpy) - No such comm: 6baecb60dea34b2486177ea08d610429
(cellpy) - No such comm: 6baecb60dea34b2486177ea08d610429
(cellpy) - No such comm: 6baecb60dea34b2486177ea08d610429
(cellpy) - No such comm: 6baecb60dea34b2486177ea08d610429
(cellpy) - No such comm: 6baecb60dea34b2486177ea08d610429
(cellpy) - No such comm: 6baecb60dea34b2486177ea08d610429
(cellpy) - No such comm: 6baecb60dea34b2486177ea08d610429
(cellpy) - No such comm: 6baecb60dea34b2486177ea08d610429
(cellpy) - No such comm: 6a46295e1357473ca172cbec6cbeb7ba
(cellpy) - No such comm: 6a46295e1357473ca172cbec6cbeb7ba
(cellpy) - No such comm: 6a46295e1357473ca172cbec6cbeb7ba
(cellpy) - No such comm: 6a46295e1357473ca172cbec6cbeb7ba
(cellpy) - No such comm: 6a46295e1357473ca172cbec6cbeb7ba
(cellpy) - No such comm: 6a46295e1357473ca172cbec6cbeb7ba
(cellpy) - No such comm: 6a46295e1357473ca172cbec6cbeb7ba
(cellpy) - No such comm: 6a46295e1357473ca172cbec6cbeb7ba
(cellpy) - No such comm: 6a46295e1357473ca172cbec6cbeb7ba
(cellpy) - No such comm: 6a46295e1357473ca172cbec6cbeb7ba
(cellpy) - No such comm: 6a46295e1357473ca172cbec6cbeb7ba
(cellpy) - No such comm: 6a46295e1357473ca172cbec6cbeb7ba
(cellpy) - No such comm: 6a46295e1357473ca172cbec6cbeb7ba
(cellpy) - No such comm: d086a6a404cc40dda47bb1793f1f0c13
(cellpy) - No such comm: d086a6a404cc40dda47bb1793f1f0c13
(cellpy) - No such comm: d086a6a404cc40dda47bb1793f1f0c13
(cellpy) - No such comm: d086a6a404cc40dda47bb1793f1f0c13
(cellpy) - No such comm: d086a6a404cc40dda47bb1793f1f0c13
(cellpy) - No such comm: d086a6a404cc40dda47bb1793f1f0c13
(cellpy) - No such comm: d086a6a404cc40dda47bb1793f1f0c13
(cellpy) - No such comm: 6a46295e1357473ca172cbec6cbeb7ba
(cellpy) - No such comm: d086a6a404cc40dda47bb1793f1f0c13
(cellpy) - No such comm: d086a6a404cc40dda47bb1793f1f0c13
(cellpy) - No such comm: d086a6a404cc40dda47bb1793f1f0c13
(cellpy) - No such comm: d086a6a404cc40dda47bb1793f1f0c13
(cellpy) - No such comm: d086a6a404cc40dda47bb1793f1f0c13
(cellpy) - No such comm: d086a6a404cc40dda47bb1793f1f0c13
(cellpy) - No such comm: d086a6a404cc40dda47bb1793f1f0c13
(cellpy) - No such comm: bd18d2c233434156affc925f1de16dd3
(cellpy) - No such comm: bd18d2c233434156affc925f1de16dd3
(cellpy) - No such comm: bd18d2c233434156affc925f1de16dd3
(cellpy) - No such comm: bd18d2c233434156affc925f1de16dd3
(cellpy) - No such comm: bd18d2c233434156affc925f1de16dd3
(cellpy) - No such comm: bd18d2c233434156affc925f1de16dd3
(cellpy) - No such comm: bd18d2c233434156affc925f1de16dd3
(cellpy) - No such comm: bd18d2c233434156affc925f1de16dd3
(cellpy) - No such comm: bd18d2c233434156affc925f1de16dd3
(cellpy) - No such comm: bd18d2c233434156affc925f1de16dd3
(cellpy) - No such comm: bd18d2c233434156affc925f1de16dd3
(cellpy) - No such comm: bd18d2c233434156affc925f1de16dd3
(cellpy) - No such comm: bd18d2c233434156affc925f1de16dd3
(cellpy) - No such comm: bd18d2c233434156affc925f1de16dd3
(cellpy) - No such comm: 7fadc6f339c84b20b8958cf342725f43
(cellpy) - No such comm: 7fadc6f339c84b20b8958cf342725f43
(cellpy) - No such comm: 7fadc6f339c84b20b8958cf342725f43
(cellpy) - No such comm: 7fadc6f339c84b20b8958cf342725f43
(cellpy) - No such comm: 7fadc6f339c84b20b8958cf342725f43
(cellpy) - No such comm: 7fadc6f339c84b20b8958cf342725f43
(cellpy) - No such comm: 7fadc6f339c84b20b8958cf342725f43
(cellpy) - No such comm: 7fadc6f339c84b20b8958cf342725f43
(cellpy) - No such comm: 7fadc6f339c84b20b8958cf342725f43
(cellpy) - No such comm: 7fadc6f339c84b20b8958cf342725f43
(cellpy) - No such comm: 7fadc6f339c84b20b8958cf342725f43
(cellpy) - No such comm: 7fadc6f339c84b20b8958cf342725f43
(cellpy) - No such comm: 7fadc6f339c84b20b8958cf342725f43
(cellpy) - No such comm: 7fadc6f339c84b20b8958cf342725f43
(cellpy) - No such comm: 99506ab9d0514797b2e02e6ac658c0e2
(cellpy) - No such comm: 99506ab9d0514797b2e02e6ac658c0e2
(cellpy) - No such comm: 99506ab9d0514797b2e02e6ac658c0e2
(cellpy) - No such comm: 99506ab9d0514797b2e02e6ac658c0e2
(cellpy) - No such comm: 99506ab9d0514797b2e02e6ac658c0e2
(cellpy) - No such comm: 99506ab9d0514797b2e02e6ac658c0e2
(cellpy) - No such comm: 99506ab9d0514797b2e02e6ac658c0e2
(cellpy) - No such comm: 99506ab9d0514797b2e02e6ac658c0e2
(cellpy) - No such comm: 99506ab9d0514797b2e02e6ac658c0e2
(cellpy) - No such comm: 99506ab9d0514797b2e02e6ac658c0e2
(cellpy) - No such comm: 99506ab9d0514797b2e02e6ac658c0e2
(cellpy) - No such comm: 99506ab9d0514797b2e02e6ac658c0e2
(cellpy) - No such comm: 99506ab9d0514797b2e02e6ac658c0e2
(cellpy) - No such comm: 99506ab9d0514797b2e02e6ac658c0e2
(cellpy) - No such comm: 99506ab9d0514797b2e02e6ac658c0e2
(cellpy) - No such comm: 99506ab9d0514797b2e02e6ac658c0e2
(cellpy) - No such comm: 99506ab9d0514797b2e02e6ac658c0e2
(cellpy) - No such comm: 99506ab9d0514797b2e02e6ac658c0e2
(cellpy) - No such comm: 99506ab9d0514797b2e02e6ac658c0e2
(cellpy) - No such comm: 99506ab9d0514797b2e02e6ac658c0e2
(cellpy) - No such comm: 99506ab9d0514797b2e02e6ac658c0e2
(cellpy) - No such comm: 99506ab9d0514797b2e02e6ac658c0e2
(cellpy) - No such comm: 99506ab9d0514797b2e02e6ac658c0e2
(cellpy) - No such comm: 99506ab9d0514797b2e02e6ac658c0e2
(cellpy) - No such comm: 99506ab9d0514797b2e02e6ac658c0e2
(cellpy) - No such comm: 99506ab9d0514797b2e02e6ac658c0e2
(cellpy) - No such comm: 64ece4ed111049bc899dd9886edbdcad
(cellpy) - No such comm: 64ece4ed111049bc899dd9886edbdcad
(cellpy) - No such comm: 64ece4ed111049bc899dd9886edbdcad
(cellpy) - No such comm: 64ece4ed111049bc899dd9886edbdcad
(cellpy) - No such comm: 64ece4ed111049bc899dd9886edbdcad
(cellpy) - No such comm: 64ece4ed111049bc899dd9886edbdcad
(cellpy) - No such comm: 64ece4ed111049bc899dd9886edbdcad
(cellpy) - No such comm: 64ece4ed111049bc899dd9886edbdcad
(cellpy) - No such comm: 64ece4ed111049bc899dd9886edbdcad
(cellpy) - No such comm: 64ece4ed111049bc899dd9886edbdcad
(cellpy) - No such comm: 64ece4ed111049bc899dd9886edbdcad
(cellpy) - No such comm: 64ece4ed111049bc899dd9886edbdcad
(cellpy) - No such comm: 64ece4ed111049bc899dd9886edbdcad
(cellpy) - No such comm: 64ece4ed111049bc899dd9886edbdcad
(cellpy) - No such comm: 79665a13a8184fd8814ebea521a92f16
(cellpy) - No such comm: 79665a13a8184fd8814ebea521a92f16
(cellpy) - No such comm: 79665a13a8184fd8814ebea521a92f16
(cellpy) - No such comm: 79665a13a8184fd8814ebea521a92f16
(cellpy) - No such comm: 79665a13a8184fd8814ebea521a92f16
(cellpy) - No such comm: 79665a13a8184fd8814ebea521a92f16
(cellpy) - No such comm: 79665a13a8184fd8814ebea521a92f16
(cellpy) - No such comm: 79665a13a8184fd8814ebea521a92f16
(cellpy) - No such comm: 79665a13a8184fd8814ebea521a92f16
(cellpy) - No such comm: 79665a13a8184fd8814ebea521a92f16
(cellpy) - No such comm: 79665a13a8184fd8814ebea521a92f16
(cellpy) - No such comm: 79665a13a8184fd8814ebea521a92f16
(cellpy) - No such comm: 79665a13a8184fd8814ebea521a92f16
(cellpy) - No such comm: 79665a13a8184fd8814ebea521a92f16
(cellpy) - No such comm: 16f9a1ed2058433b9141b7691184a62c
(cellpy) - No such comm: 16f9a1ed2058433b9141b7691184a62c
(cellpy) - No such comm: 16f9a1ed2058433b9141b7691184a62c
(cellpy) - No such comm: 16f9a1ed2058433b9141b7691184a62c
(cellpy) - No such comm: 16f9a1ed2058433b9141b7691184a62c
(cellpy) - No such comm: 16f9a1ed2058433b9141b7691184a62c
(cellpy) - No such comm: 16f9a1ed2058433b9141b7691184a62c
(cellpy) - No such comm: 16f9a1ed2058433b9141b7691184a62c
(cellpy) - No such comm: 16f9a1ed2058433b9141b7691184a62c
(cellpy) - No such comm: 16f9a1ed2058433b9141b7691184a62c
(cellpy) - No such comm: 16f9a1ed2058433b9141b7691184a62c
(cellpy) - No such comm: 16f9a1ed2058433b9141b7691184a62c
(cellpy) - No such comm: 16f9a1ed2058433b9141b7691184a62c
(cellpy) - No such comm: 16f9a1ed2058433b9141b7691184a62c
(cellpy) - No such comm: 925cad0904794ceb85757e486aa469bb
(cellpy) - No such comm: 925cad0904794ceb85757e486aa469bb
(cellpy) - No such comm: 925cad0904794ceb85757e486aa469bb
(cellpy) - No such comm: 925cad0904794ceb85757e486aa469bb
(cellpy) - No such comm: 925cad0904794ceb85757e486aa469bb
(cellpy) - No such comm: 925cad0904794ceb85757e486aa469bb
(cellpy) - No such comm: 925cad0904794ceb85757e486aa469bb
(cellpy) - No such comm: 925cad0904794ceb85757e486aa469bb
(cellpy) - No such comm: 925cad0904794ceb85757e486aa469bb
(cellpy) - No such comm: 925cad0904794ceb85757e486aa469bb
(cellpy) - No such comm: 925cad0904794ceb85757e486aa469bb
(cellpy) - No such comm: 925cad0904794ceb85757e486aa469bb
(cellpy) - No such comm: 925cad0904794ceb85757e486aa469bb
(cellpy) - No such comm: 925cad0904794ceb85757e486aa469bb
(cellpy) - No such comm: 7412dc30b7db4fcea58b345c1e6478ec
(cellpy) - No such comm: 7412dc30b7db4fcea58b345c1e6478ec
(cellpy) - No such comm: 7412dc30b7db4fcea58b345c1e6478ec
(cellpy) - No such comm: 7412dc30b7db4fcea58b345c1e6478ec
(cellpy) - No such comm: 7412dc30b7db4fcea58b345c1e6478ec
(cellpy) - No such comm: 7412dc30b7db4fcea58b345c1e6478ec
(cellpy) - No such comm: 7412dc30b7db4fcea58b345c1e6478ec
(cellpy) - No such comm: 7412dc30b7db4fcea58b345c1e6478ec
(cellpy) - No such comm: 7412dc30b7db4fcea58b345c1e6478ec
(cellpy) - No such comm: 7412dc30b7db4fcea58b345c1e6478ec
(cellpy) - No such comm: 7412dc30b7db4fcea58b345c1e6478ec
(cellpy) - No such comm: 7412dc30b7db4fcea58b345c1e6478ec
(cellpy) - No such comm: 7412dc30b7db4fcea58b345c1e6478ec
(cellpy) - No such comm: 7412dc30b7db4fcea58b345c1e6478ec
(cellpy) - No such comm: 701513ce7466477abe7ee2413bda767d
(cellpy) - No such comm: 701513ce7466477abe7ee2413bda767d
(cellpy) - No such comm: 701513ce7466477abe7ee2413bda767d
(cellpy) - No such comm: 701513ce7466477abe7ee2413bda767d
(cellpy) - No such comm: 701513ce7466477abe7ee2413bda767d
(cellpy) - No such comm: 701513ce7466477abe7ee2413bda767d
(cellpy) - No such comm: 701513ce7466477abe7ee2413bda767d
(cellpy) - No such comm: 701513ce7466477abe7ee2413bda767d
(cellpy) - No such comm: 701513ce7466477abe7ee2413bda767d
(cellpy) - No such comm: 701513ce7466477abe7ee2413bda767d
(cellpy) - No such comm: 701513ce7466477abe7ee2413bda767d
(cellpy) - No such comm: 701513ce7466477abe7ee2413bda767d
(cellpy) - No such comm: 701513ce7466477abe7ee2413bda767d
(cellpy) - No such comm: 701513ce7466477abe7ee2413bda767d
(cellpy) - No such comm: dcab6354d83a402aa76269a2f268b3bd
(cellpy) - No such comm: dcab6354d83a402aa76269a2f268b3bd
(cellpy) - No such comm: dcab6354d83a402aa76269a2f268b3bd
(cellpy) - No such comm: dcab6354d83a402aa76269a2f268b3bd
(cellpy) - No such comm: dcab6354d83a402aa76269a2f268b3bd
(cellpy) - No such comm: dcab6354d83a402aa76269a2f268b3bd
(cellpy) - No such comm: dcab6354d83a402aa76269a2f268b3bd
(cellpy) - No such comm: dcab6354d83a402aa76269a2f268b3bd
(cellpy) - No such comm: dcab6354d83a402aa76269a2f268b3bd
(cellpy) - No such comm: dcab6354d83a402aa76269a2f268b3bd
(cellpy) - No such comm: dcab6354d83a402aa76269a2f268b3bd
(cellpy) - No such comm: dcab6354d83a402aa76269a2f268b3bd
(cellpy) - No such comm: dcab6354d83a402aa76269a2f268b3bd
(cellpy) - No such comm: dcab6354d83a402aa76269a2f268b3bd
(cellpy) - No such comm: afd0057c59ea460c9e710d9f34090489
(cellpy) - No such comm: afd0057c59ea460c9e710d9f34090489
(cellpy) - No such comm: afd0057c59ea460c9e710d9f34090489
(cellpy) - No such comm: afd0057c59ea460c9e710d9f34090489
(cellpy) - No such comm: afd0057c59ea460c9e710d9f34090489
(cellpy) - No such comm: afd0057c59ea460c9e710d9f34090489
(cellpy) - No such comm: afd0057c59ea460c9e710d9f34090489
(cellpy) - No such comm: afd0057c59ea460c9e710d9f34090489
(cellpy) - No such comm: afd0057c59ea460c9e710d9f34090489
(cellpy) - No such comm: afd0057c59ea460c9e710d9f34090489
(cellpy) - No such comm: afd0057c59ea460c9e710d9f34090489
(cellpy) - No such comm: afd0057c59ea460c9e710d9f34090489
(cellpy) - No such comm: afd0057c59ea460c9e710d9f34090489
(cellpy) - No such comm: afd0057c59ea460c9e710d9f34090489
(cellpy) - No such comm: de3e072e5b7349a0bf1aa1a3818808e7
(cellpy) - No such comm: de3e072e5b7349a0bf1aa1a3818808e7
(cellpy) - No such comm: de3e072e5b7349a0bf1aa1a3818808e7
(cellpy) - No such comm: de3e072e5b7349a0bf1aa1a3818808e7
(cellpy) - No such comm: de3e072e5b7349a0bf1aa1a3818808e7
(cellpy) - No such comm: de3e072e5b7349a0bf1aa1a3818808e7
(cellpy) - No such comm: de3e072e5b7349a0bf1aa1a3818808e7
(cellpy) - No such comm: de3e072e5b7349a0bf1aa1a3818808e7
(cellpy) - No such comm: de3e072e5b7349a0bf1aa1a3818808e7
(cellpy) - No such comm: de3e072e5b7349a0bf1aa1a3818808e7
(cellpy) - No such comm: de3e072e5b7349a0bf1aa1a3818808e7
(cellpy) - No such comm: de3e072e5b7349a0bf1aa1a3818808e7
(cellpy) - No such comm: de3e072e5b7349a0bf1aa1a3818808e7
(cellpy) - No such comm: de3e072e5b7349a0bf1aa1a3818808e7
(cellpy) - No such comm: 997eec5fbc764cfca659018add98622c
(cellpy) - No such comm: 997eec5fbc764cfca659018add98622c
(cellpy) - No such comm: 997eec5fbc764cfca659018add98622c
(cellpy) - No such comm: 997eec5fbc764cfca659018add98622c
(cellpy) - No such comm: 997eec5fbc764cfca659018add98622c
(cellpy) - No such comm: 997eec5fbc764cfca659018add98622c
(cellpy) - No such comm: 997eec5fbc764cfca659018add98622c
(cellpy) - No such comm: 997eec5fbc764cfca659018add98622c
(cellpy) - No such comm: 997eec5fbc764cfca659018add98622c
(cellpy) - No such comm: 997eec5fbc764cfca659018add98622c
(cellpy) - No such comm: 997eec5fbc764cfca659018add98622c
(cellpy) - No such comm: 997eec5fbc764cfca659018add98622c
(cellpy) - No such comm: 997eec5fbc764cfca659018add98622c
(cellpy) - No such comm: 997eec5fbc764cfca659018add98622c
(cellpy) - No such comm: 094f4e92cad9477ea087ee7daf9d6d95
(cellpy) - No such comm: 094f4e92cad9477ea087ee7daf9d6d95
(cellpy) - No such comm: 094f4e92cad9477ea087ee7daf9d6d95
(cellpy) - No such comm: 094f4e92cad9477ea087ee7daf9d6d95
(cellpy) - No such comm: 094f4e92cad9477ea087ee7daf9d6d95
(cellpy) - No such comm: 094f4e92cad9477ea087ee7daf9d6d95
(cellpy) - No such comm: 094f4e92cad9477ea087ee7daf9d6d95
(cellpy) - No such comm: 094f4e92cad9477ea087ee7daf9d6d95
(cellpy) - No such comm: 094f4e92cad9477ea087ee7daf9d6d95
(cellpy) - No such comm: 094f4e92cad9477ea087ee7daf9d6d95
(cellpy) - No such comm: 094f4e92cad9477ea087ee7daf9d6d95
(cellpy) - No such comm: 094f4e92cad9477ea087ee7daf9d6d95
(cellpy) - No such comm: 094f4e92cad9477ea087ee7daf9d6d95
(cellpy) - No such comm: 094f4e92cad9477ea087ee7daf9d6d95
(cellpy) - No such comm: f386e7481d464ff2a8d47923af8c97c1
(cellpy) - No such comm: f386e7481d464ff2a8d47923af8c97c1
(cellpy) - No such comm: f386e7481d464ff2a8d47923af8c97c1
(cellpy) - No such comm: f386e7481d464ff2a8d47923af8c97c1
(cellpy) - No such comm: f386e7481d464ff2a8d47923af8c97c1
(cellpy) - No such comm: f386e7481d464ff2a8d47923af8c97c1
(cellpy) - No such comm: f386e7481d464ff2a8d47923af8c97c1
(cellpy) - No such comm: f386e7481d464ff2a8d47923af8c97c1
(cellpy) - No such comm: f386e7481d464ff2a8d47923af8c97c1
(cellpy) - No such comm: f386e7481d464ff2a8d47923af8c97c1
(cellpy) - No such comm: f386e7481d464ff2a8d47923af8c97c1
(cellpy) - No such comm: f386e7481d464ff2a8d47923af8c97c1
(cellpy) - No such comm: f386e7481d464ff2a8d47923af8c97c1
(cellpy) - No such comm: f386e7481d464ff2a8d47923af8c97c1
(cellpy) - No such comm: 53ebae834d9a4d63bcd6e8b4b17145e7
(cellpy) - No such comm: 53ebae834d9a4d63bcd6e8b4b17145e7
(cellpy) - No such comm: 53ebae834d9a4d63bcd6e8b4b17145e7
(cellpy) - No such comm: 53ebae834d9a4d63bcd6e8b4b17145e7
(cellpy) - No such comm: 53ebae834d9a4d63bcd6e8b4b17145e7
(cellpy) - No such comm: 53ebae834d9a4d63bcd6e8b4b17145e7
(cellpy) - No such comm: 53ebae834d9a4d63bcd6e8b4b17145e7
(cellpy) - No such comm: 53ebae834d9a4d63bcd6e8b4b17145e7
(cellpy) - No such comm: 53ebae834d9a4d63bcd6e8b4b17145e7
(cellpy) - No such comm: 53ebae834d9a4d63bcd6e8b4b17145e7
(cellpy) - No such comm: 53ebae834d9a4d63bcd6e8b4b17145e7
(cellpy) - No such comm: 53ebae834d9a4d63bcd6e8b4b17145e7
(cellpy) - No such comm: 53ebae834d9a4d63bcd6e8b4b17145e7
(cellpy) - No such comm: 53ebae834d9a4d63bcd6e8b4b17145e7
(cellpy) - No such comm: 3b997ec5824b4cdd8888c231a291c60d
(cellpy) - No such comm: 3b997ec5824b4cdd8888c231a291c60d
(cellpy) - No such comm: 3b997ec5824b4cdd8888c231a291c60d
(cellpy) - No such comm: 3b997ec5824b4cdd8888c231a291c60d
(cellpy) - No such comm: 3b997ec5824b4cdd8888c231a291c60d
(cellpy) - No such comm: 3b997ec5824b4cdd8888c231a291c60d
(cellpy) - No such comm: 3b997ec5824b4cdd8888c231a291c60d
(cellpy) - No such comm: 3b997ec5824b4cdd8888c231a291c60d
(cellpy) - No such comm: 3b997ec5824b4cdd8888c231a291c60d
(cellpy) - No such comm: 3b997ec5824b4cdd8888c231a291c60d
(cellpy) - No such comm: 3b997ec5824b4cdd8888c231a291c60d
(cellpy) - No such comm: 3b997ec5824b4cdd8888c231a291c60d
(cellpy) - No such comm: 3b997ec5824b4cdd8888c231a291c60d
(cellpy) - No such comm: 3b997ec5824b4cdd8888c231a291c60d
(cellpy) - No such comm: ff2eb0eb170c402ab7fe455c3bb9aeef
(cellpy) - No such comm: ff2eb0eb170c402ab7fe455c3bb9aeef
(cellpy) - No such comm: ff2eb0eb170c402ab7fe455c3bb9aeef
(cellpy) - No such comm: ff2eb0eb170c402ab7fe455c3bb9aeef
(cellpy) - No such comm: ff2eb0eb170c402ab7fe455c3bb9aeef
(cellpy) - No such comm: ff2eb0eb170c402ab7fe455c3bb9aeef
(cellpy) - No such comm: ff2eb0eb170c402ab7fe455c3bb9aeef
(cellpy) - No such comm: ff2eb0eb170c402ab7fe455c3bb9aeef
(cellpy) - No such comm: ff2eb0eb170c402ab7fe455c3bb9aeef
(cellpy) - No such comm: ff2eb0eb170c402ab7fe455c3bb9aeef
(cellpy) - No such comm: ff2eb0eb170c402ab7fe455c3bb9aeef
(cellpy) - No such comm: ff2eb0eb170c402ab7fe455c3bb9aeef
(cellpy) - No such comm: ff2eb0eb170c402ab7fe455c3bb9aeef
(cellpy) - No such comm: ff2eb0eb170c402ab7fe455c3bb9aeef
(cellpy) - No such comm: df8b506568384aee8a2a85e94c8a22d1
(cellpy) - No such comm: df8b506568384aee8a2a85e94c8a22d1
(cellpy) - No such comm: df8b506568384aee8a2a85e94c8a22d1
(cellpy) - No such comm: df8b506568384aee8a2a85e94c8a22d1
(cellpy) - No such comm: df8b506568384aee8a2a85e94c8a22d1
(cellpy) - No such comm: df8b506568384aee8a2a85e94c8a22d1
(cellpy) - No such comm: df8b506568384aee8a2a85e94c8a22d1
(cellpy) - No such comm: df8b506568384aee8a2a85e94c8a22d1
(cellpy) - No such comm: df8b506568384aee8a2a85e94c8a22d1
(cellpy) - No such comm: df8b506568384aee8a2a85e94c8a22d1
(cellpy) - No such comm: df8b506568384aee8a2a85e94c8a22d1
(cellpy) - No such comm: 922793e24db84beb82f0e9ecdf448879
(cellpy) - No such comm: 922793e24db84beb82f0e9ecdf448879
(cellpy) - No such comm: 922793e24db84beb82f0e9ecdf448879
(cellpy) - No such comm: 922793e24db84beb82f0e9ecdf448879
(cellpy) - No such comm: 922793e24db84beb82f0e9ecdf448879
(cellpy) - No such comm: 922793e24db84beb82f0e9ecdf448879
(cellpy) - No such comm: 922793e24db84beb82f0e9ecdf448879
(cellpy) - No such comm: 922793e24db84beb82f0e9ecdf448879
(cellpy) - No such comm: 922793e24db84beb82f0e9ecdf448879
(cellpy) - No such comm: 922793e24db84beb82f0e9ecdf448879
(cellpy) - No such comm: 922793e24db84beb82f0e9ecdf448879
(cellpy) - No such comm: 922793e24db84beb82f0e9ecdf448879
(cellpy) - No such comm: 922793e24db84beb82f0e9ecdf448879
(cellpy) - No such comm: 922793e24db84beb82f0e9ecdf448879
(cellpy) - No such comm: 0ff1f3527f3e45909229384757dafc7c
(cellpy) - No such comm: 0ff1f3527f3e45909229384757dafc7c
(cellpy) - No such comm: 0ff1f3527f3e45909229384757dafc7c
(cellpy) - No such comm: 0ff1f3527f3e45909229384757dafc7c
(cellpy) - No such comm: 0ff1f3527f3e45909229384757dafc7c
(cellpy) - No such comm: 0ff1f3527f3e45909229384757dafc7c
(cellpy) - No such comm: 0ff1f3527f3e45909229384757dafc7c
(cellpy) - No such comm: 0ff1f3527f3e45909229384757dafc7c
(cellpy) - No such comm: 0ff1f3527f3e45909229384757dafc7c
(cellpy) - No such comm: 0ff1f3527f3e45909229384757dafc7c
(cellpy) - No such comm: 0ff1f3527f3e45909229384757dafc7c
(cellpy) - No such comm: 0ff1f3527f3e45909229384757dafc7c
(cellpy) - No such comm: 0ff1f3527f3e45909229384757dafc7c
(cellpy) - No such comm: 0ff1f3527f3e45909229384757dafc7c
(cellpy) - No such comm: 14d9334a7e10436eac231d6d448814b3
(cellpy) - No such comm: 14d9334a7e10436eac231d6d448814b3
(cellpy) - No such comm: 14d9334a7e10436eac231d6d448814b3
(cellpy) - No such comm: 14d9334a7e10436eac231d6d448814b3
(cellpy) - No such comm: 14d9334a7e10436eac231d6d448814b3
(cellpy) - No such comm: 14d9334a7e10436eac231d6d448814b3
(cellpy) - No such comm: 14d9334a7e10436eac231d6d448814b3
(cellpy) - No such comm: 14d9334a7e10436eac231d6d448814b3
(cellpy) - No such comm: 14d9334a7e10436eac231d6d448814b3
(cellpy) - No such comm: 14d9334a7e10436eac231d6d448814b3
(cellpy) - No such comm: 14d9334a7e10436eac231d6d448814b3
(cellpy) - No such comm: 14d9334a7e10436eac231d6d448814b3
(cellpy) - No such comm: 14d9334a7e10436eac231d6d448814b3
(cellpy) - No such comm: 14d9334a7e10436eac231d6d448814b3
(cellpy) - 
Could not set custom log-dir - non-existing directory
Dir: c:\Users\Vivian\Dropbox (University of Michigan)\from_box\Research\PyBaMM\PyBaMM\degradation_model\tuning_umbl2022feb\cellpy_data\logs
Using current directory instead: c:\Users\Vivian\Dropbox (University of Michigan)\from_box\Research\PyBaMM\PyBaMM\degradation_model\tuning_umbl2022feb
(cellpy) - Loading raw-file: ['Z:/PROJ_GMJULY2022/Cycler_Data_By_Cell/GMJuly2022_CELL901/GMJuly2022_CELL901REF_RPT_3_P25C_P5P0PSI_20230228_R1.res', 'Z:/PROJ_GMJULY2022/Cycler_Data_By_Cell/GMJuly2022_CELL901/GMJuly2022_CELL901REF_RATE_1_P25C_P5P0PSI_20230302_R1.res']
(cellpy) - Setting mass: 1
(cellpy) - Creating step table
(cellpy) - Creating summary data
(cellpy) - Using the following nominal capacity: 1.0
(cellpy) - Assuming cycling in anode half-data (discharge before charge) mode
(cellpy) - Created CellpyCell object
(cellpy) - No such comm: becbc9a013e945939daa40e78e0be0a9
(cellpy) - No such comm: becbc9a013e945939daa40e78e0be0a9
(cellpy) - No such comm: becbc9a013e945939daa40e78e0be0a9
(cellpy) - No such comm: becbc9a013e945939daa40e78e0be0a9
(cellpy) - No such comm: becbc9a013e945939daa40e78e0be0a9
(cellpy) - No such comm: becbc9a013e945939daa40e78e0be0a9
(cellpy) - No such comm: becbc9a013e945939daa40e78e0be0a9
(cellpy) - No such comm: becbc9a013e945939daa40e78e0be0a9
(cellpy) - No such comm: becbc9a013e945939daa40e78e0be0a9
(cellpy) - No such comm: becbc9a013e945939daa40e78e0be0a9
(cellpy) - No such comm: becbc9a013e945939daa40e78e0be0a9
(cellpy) - No such comm: becbc9a013e945939daa40e78e0be0a9
(cellpy) - No such comm: becbc9a013e945939daa40e78e0be0a9
(cellpy) - No such comm: 7cd2b6b381b94ff3ac7b33b42dec4779
(cellpy) - No such comm: 7cd2b6b381b94ff3ac7b33b42dec4779
(cellpy) - No such comm: 7cd2b6b381b94ff3ac7b33b42dec4779
(cellpy) - No such comm: 7cd2b6b381b94ff3ac7b33b42dec4779
(cellpy) - No such comm: 7cd2b6b381b94ff3ac7b33b42dec4779
(cellpy) - No such comm: 7cd2b6b381b94ff3ac7b33b42dec4779
(cellpy) - No such comm: 7cd2b6b381b94ff3ac7b33b42dec4779
(cellpy) - No such comm: becbc9a013e945939daa40e78e0be0a9
(cellpy) - No such comm: 7cd2b6b381b94ff3ac7b33b42dec4779
(cellpy) - No such comm: 7cd2b6b381b94ff3ac7b33b42dec4779
(cellpy) - No such comm: 7cd2b6b381b94ff3ac7b33b42dec4779
(cellpy) - No such comm: 7cd2b6b381b94ff3ac7b33b42dec4779
(cellpy) - No such comm: 7cd2b6b381b94ff3ac7b33b42dec4779
(cellpy) - No such comm: 7cd2b6b381b94ff3ac7b33b42dec4779
(cellpy) - No such comm: 7cd2b6b381b94ff3ac7b33b42dec4779
(cellpy) - No such comm: 780f3647688a4b96897481f99c9521cf
(cellpy) - No such comm: 780f3647688a4b96897481f99c9521cf
(cellpy) - No such comm: 780f3647688a4b96897481f99c9521cf
(cellpy) - No such comm: 780f3647688a4b96897481f99c9521cf
(cellpy) - No such comm: 780f3647688a4b96897481f99c9521cf
(cellpy) - No such comm: 780f3647688a4b96897481f99c9521cf
(cellpy) - No such comm: 780f3647688a4b96897481f99c9521cf
(cellpy) - No such comm: 780f3647688a4b96897481f99c9521cf
(cellpy) - No such comm: 780f3647688a4b96897481f99c9521cf
(cellpy) - No such comm: 780f3647688a4b96897481f99c9521cf
(cellpy) - No such comm: 780f3647688a4b96897481f99c9521cf
(cellpy) - No such comm: 780f3647688a4b96897481f99c9521cf
(cellpy) - No such comm: 780f3647688a4b96897481f99c9521cf
(cellpy) - No such comm: 780f3647688a4b96897481f99c9521cf
(cellpy) - No such comm: 0f9d66c30df24f35bbad215110d742c6
(cellpy) - No such comm: 0f9d66c30df24f35bbad215110d742c6
(cellpy) - No such comm: 0f9d66c30df24f35bbad215110d742c6
(cellpy) - No such comm: 0f9d66c30df24f35bbad215110d742c6
(cellpy) - No such comm: 0f9d66c30df24f35bbad215110d742c6
(cellpy) - No such comm: 0f9d66c30df24f35bbad215110d742c6
(cellpy) - No such comm: 0f9d66c30df24f35bbad215110d742c6
(cellpy) - No such comm: 0f9d66c30df24f35bbad215110d742c6
(cellpy) - No such comm: 0f9d66c30df24f35bbad215110d742c6
(cellpy) - No such comm: 0f9d66c30df24f35bbad215110d742c6
(cellpy) - No such comm: 0f9d66c30df24f35bbad215110d742c6
(cellpy) - No such comm: 0f9d66c30df24f35bbad215110d742c6
(cellpy) - No such comm: 0f9d66c30df24f35bbad215110d742c6
(cellpy) - No such comm: 0f9d66c30df24f35bbad215110d742c6
(cellpy) - No such comm: 732089631fd24512af44e5a2f276469c
(cellpy) - No such comm: 732089631fd24512af44e5a2f276469c
(cellpy) - No such comm: 732089631fd24512af44e5a2f276469c
(cellpy) - No such comm: 732089631fd24512af44e5a2f276469c
(cellpy) - No such comm: 732089631fd24512af44e5a2f276469c
(cellpy) - No such comm: 732089631fd24512af44e5a2f276469c
(cellpy) - No such comm: 732089631fd24512af44e5a2f276469c
(cellpy) - No such comm: 732089631fd24512af44e5a2f276469c
(cellpy) - No such comm: 732089631fd24512af44e5a2f276469c
(cellpy) - No such comm: 732089631fd24512af44e5a2f276469c
(cellpy) - No such comm: 732089631fd24512af44e5a2f276469c
(cellpy) - No such comm: 732089631fd24512af44e5a2f276469c
(cellpy) - No such comm: 732089631fd24512af44e5a2f276469c
(cellpy) - No such comm: 732089631fd24512af44e5a2f276469c
(cellpy) - No such comm: e0b483e7221447b58b9210a0087f995c
(cellpy) - No such comm: e0b483e7221447b58b9210a0087f995c
(cellpy) - No such comm: e0b483e7221447b58b9210a0087f995c
(cellpy) - No such comm: e0b483e7221447b58b9210a0087f995c
(cellpy) - No such comm: e0b483e7221447b58b9210a0087f995c
(cellpy) - No such comm: e0b483e7221447b58b9210a0087f995c
(cellpy) - No such comm: e0b483e7221447b58b9210a0087f995c
(cellpy) - No such comm: e0b483e7221447b58b9210a0087f995c
(cellpy) - No such comm: e0b483e7221447b58b9210a0087f995c
(cellpy) - No such comm: e0b483e7221447b58b9210a0087f995c
(cellpy) - No such comm: e0b483e7221447b58b9210a0087f995c
(cellpy) - No such comm: e0b483e7221447b58b9210a0087f995c
(cellpy) - No such comm: e0b483e7221447b58b9210a0087f995c
(cellpy) - No such comm: e0b483e7221447b58b9210a0087f995c
(cellpy) - No such comm: a73f386032bb45938eaf8762828866f9
(cellpy) - No such comm: a73f386032bb45938eaf8762828866f9
(cellpy) - No such comm: a73f386032bb45938eaf8762828866f9
(cellpy) - No such comm: a73f386032bb45938eaf8762828866f9
(cellpy) - No such comm: a73f386032bb45938eaf8762828866f9
(cellpy) - No such comm: a73f386032bb45938eaf8762828866f9
(cellpy) - No such comm: a73f386032bb45938eaf8762828866f9
(cellpy) - No such comm: a73f386032bb45938eaf8762828866f9
(cellpy) - No such comm: a73f386032bb45938eaf8762828866f9
(cellpy) - No such comm: a73f386032bb45938eaf8762828866f9
(cellpy) - No such comm: a73f386032bb45938eaf8762828866f9
(cellpy) - No such comm: a73f386032bb45938eaf8762828866f9
(cellpy) - No such comm: a73f386032bb45938eaf8762828866f9
(cellpy) - No such comm: a73f386032bb45938eaf8762828866f9
(cellpy) - No such comm: 02d82571213f43d7be7e1a1dd48dbfcd
(cellpy) - No such comm: 02d82571213f43d7be7e1a1dd48dbfcd
(cellpy) - No such comm: 02d82571213f43d7be7e1a1dd48dbfcd
(cellpy) - No such comm: 02d82571213f43d7be7e1a1dd48dbfcd
(cellpy) - No such comm: 02d82571213f43d7be7e1a1dd48dbfcd
(cellpy) - No such comm: 02d82571213f43d7be7e1a1dd48dbfcd
(cellpy) - No such comm: 02d82571213f43d7be7e1a1dd48dbfcd
(cellpy) - No such comm: 02d82571213f43d7be7e1a1dd48dbfcd
(cellpy) - No such comm: 02d82571213f43d7be7e1a1dd48dbfcd
(cellpy) - No such comm: 02d82571213f43d7be7e1a1dd48dbfcd
(cellpy) - No such comm: 02d82571213f43d7be7e1a1dd48dbfcd
(cellpy) - No such comm: 02d82571213f43d7be7e1a1dd48dbfcd
(cellpy) - No such comm: 02d82571213f43d7be7e1a1dd48dbfcd
(cellpy) - No such comm: 02d82571213f43d7be7e1a1dd48dbfcd
(cellpy) - 
Could not set custom log-dir - non-existing directory
Dir: c:\Users\Vivian\Dropbox (University of Michigan)\from_box\Research\PyBaMM\PyBaMM\degradation_model\tuning_umbl2022feb\cellpy_data\logs
Using current directory instead: c:\Users\Vivian\Dropbox (University of Michigan)\from_box\Research\PyBaMM\PyBaMM\degradation_model\tuning_umbl2022feb
(cellpy) - Loading raw-file: ['Z:/PROJ_GMJULY2022/Cycler_Data_By_Cell/GMJuly2022_CELL901/GMJuly2022_CELL901REF_RPT_3_P25C_P5P0PSI_20230228_R1.res', 'Z:/PROJ_GMJULY2022/Cycler_Data_By_Cell/GMJuly2022_CELL901/GMJuly2022_CELL901REF_RATE_1_P25C_P5P0PSI_20230302_R1.res']
(cellpy) - Loading raw-file: ['Z:/PROJ_GMJULY2022/Cycler_Data_By_Cell/GMJuly2022_CELL901/GMJuly2022_CELL901REF_RPT_3_P25C_P5P0PSI_20230228_R1.res', 'Z:/PROJ_GMJULY2022/Cycler_Data_By_Cell/GMJuly2022_CELL901/GMJuly2022_CELL901REF_RATE_1_P25C_P5P0PSI_20230302_R1.res']
(cellpy) - Setting mass: 1
(cellpy) - Creating step table
(cellpy) - Creating summary data
(cellpy) - Using the following nominal capacity: 1.0
(cellpy) - Assuming cycling in anode half-data (discharge before charge) mode
(cellpy) - Created CellpyCell object
(cellpy) - No such comm: 16d11411cf674bd79368b9946fe7c75a
(cellpy) - No such comm: 16d11411cf674bd79368b9946fe7c75a
(cellpy) - No such comm: 16d11411cf674bd79368b9946fe7c75a
(cellpy) - No such comm: 16d11411cf674bd79368b9946fe7c75a
(cellpy) - No such comm: 16d11411cf674bd79368b9946fe7c75a
(cellpy) - No such comm: 16d11411cf674bd79368b9946fe7c75a
(cellpy) - No such comm: 16d11411cf674bd79368b9946fe7c75a
(cellpy) - No such comm: 16d11411cf674bd79368b9946fe7c75a
(cellpy) - No such comm: 16d11411cf674bd79368b9946fe7c75a
(cellpy) - No such comm: 16d11411cf674bd79368b9946fe7c75a
(cellpy) - No such comm: 16d11411cf674bd79368b9946fe7c75a
(cellpy) - No such comm: 16d11411cf674bd79368b9946fe7c75a
(cellpy) - No such comm: 16d11411cf674bd79368b9946fe7c75a
(cellpy) - No such comm: 6fa638e2fe1f45bd96449adf5c39c58f
(cellpy) - No such comm: 6fa638e2fe1f45bd96449adf5c39c58f
(cellpy) - No such comm: 6fa638e2fe1f45bd96449adf5c39c58f
(cellpy) - No such comm: 6fa638e2fe1f45bd96449adf5c39c58f
(cellpy) - No such comm: 6fa638e2fe1f45bd96449adf5c39c58f
(cellpy) - No such comm: 6fa638e2fe1f45bd96449adf5c39c58f
(cellpy) - No such comm: 6fa638e2fe1f45bd96449adf5c39c58f
(cellpy) - No such comm: 16d11411cf674bd79368b9946fe7c75a
(cellpy) - No such comm: 6fa638e2fe1f45bd96449adf5c39c58f
(cellpy) - No such comm: 6fa638e2fe1f45bd96449adf5c39c58f
(cellpy) - No such comm: 6fa638e2fe1f45bd96449adf5c39c58f
(cellpy) - No such comm: 6fa638e2fe1f45bd96449adf5c39c58f
(cellpy) - No such comm: 6fa638e2fe1f45bd96449adf5c39c58f
(cellpy) - No such comm: 6fa638e2fe1f45bd96449adf5c39c58f
(cellpy) - No such comm: 6fa638e2fe1f45bd96449adf5c39c58f
(cellpy) - No such comm: 060976ecef76444cb7a1d106c1193f19
(cellpy) - No such comm: 060976ecef76444cb7a1d106c1193f19
(cellpy) - No such comm: 060976ecef76444cb7a1d106c1193f19
(cellpy) - No such comm: 060976ecef76444cb7a1d106c1193f19
(cellpy) - No such comm: 060976ecef76444cb7a1d106c1193f19
(cellpy) - No such comm: 060976ecef76444cb7a1d106c1193f19
(cellpy) - No such comm: 060976ecef76444cb7a1d106c1193f19
(cellpy) - No such comm: 060976ecef76444cb7a1d106c1193f19
(cellpy) - No such comm: 060976ecef76444cb7a1d106c1193f19
(cellpy) - No such comm: 060976ecef76444cb7a1d106c1193f19
(cellpy) - No such comm: 060976ecef76444cb7a1d106c1193f19
(cellpy) - No such comm: 060976ecef76444cb7a1d106c1193f19
(cellpy) - No such comm: 060976ecef76444cb7a1d106c1193f19
(cellpy) - No such comm: 060976ecef76444cb7a1d106c1193f19
(cellpy) - No such comm: de73850815444734aaff44d531220eda
(cellpy) - No such comm: de73850815444734aaff44d531220eda
(cellpy) - No such comm: de73850815444734aaff44d531220eda
(cellpy) - No such comm: de73850815444734aaff44d531220eda
(cellpy) - No such comm: de73850815444734aaff44d531220eda
(cellpy) - No such comm: de73850815444734aaff44d531220eda
(cellpy) - No such comm: de73850815444734aaff44d531220eda
(cellpy) - No such comm: de73850815444734aaff44d531220eda
(cellpy) - No such comm: de73850815444734aaff44d531220eda
(cellpy) - No such comm: de73850815444734aaff44d531220eda
(cellpy) - No such comm: de73850815444734aaff44d531220eda
(cellpy) - No such comm: de73850815444734aaff44d531220eda
(cellpy) - No such comm: de73850815444734aaff44d531220eda
(cellpy) - No such comm: de73850815444734aaff44d531220eda
(cellpy) - No such comm: 23cd04674fac49fb90be374949d2090c
(cellpy) - No such comm: 23cd04674fac49fb90be374949d2090c
(cellpy) - No such comm: 23cd04674fac49fb90be374949d2090c
(cellpy) - No such comm: 23cd04674fac49fb90be374949d2090c
(cellpy) - No such comm: 23cd04674fac49fb90be374949d2090c
(cellpy) - No such comm: 23cd04674fac49fb90be374949d2090c
(cellpy) - No such comm: 23cd04674fac49fb90be374949d2090c
(cellpy) - No such comm: 23cd04674fac49fb90be374949d2090c
(cellpy) - No such comm: 23cd04674fac49fb90be374949d2090c
(cellpy) - No such comm: 23cd04674fac49fb90be374949d2090c
(cellpy) - No such comm: 23cd04674fac49fb90be374949d2090c
(cellpy) - No such comm: 23cd04674fac49fb90be374949d2090c
(cellpy) - No such comm: 23cd04674fac49fb90be374949d2090c
(cellpy) - No such comm: 23cd04674fac49fb90be374949d2090c
(cellpy) - No such comm: 2bcbbcc6645a400db96796ffb098c4e5
(cellpy) - No such comm: 2bcbbcc6645a400db96796ffb098c4e5
(cellpy) - No such comm: 2bcbbcc6645a400db96796ffb098c4e5
(cellpy) - No such comm: 2bcbbcc6645a400db96796ffb098c4e5
(cellpy) - No such comm: 2bcbbcc6645a400db96796ffb098c4e5
(cellpy) - No such comm: 2bcbbcc6645a400db96796ffb098c4e5
(cellpy) - No such comm: 2bcbbcc6645a400db96796ffb098c4e5
(cellpy) - No such comm: 2bcbbcc6645a400db96796ffb098c4e5
(cellpy) - No such comm: 2bcbbcc6645a400db96796ffb098c4e5
(cellpy) - No such comm: 2bcbbcc6645a400db96796ffb098c4e5
(cellpy) - No such comm: 2bcbbcc6645a400db96796ffb098c4e5
(cellpy) - No such comm: 2bcbbcc6645a400db96796ffb098c4e5
(cellpy) - No such comm: 2bcbbcc6645a400db96796ffb098c4e5
(cellpy) - No such comm: 2bcbbcc6645a400db96796ffb098c4e5
(cellpy) - No such comm: b83a4588cbf44c5289501420d3d7a49d
(cellpy) - No such comm: b83a4588cbf44c5289501420d3d7a49d
(cellpy) - No such comm: b83a4588cbf44c5289501420d3d7a49d
(cellpy) - No such comm: b83a4588cbf44c5289501420d3d7a49d
(cellpy) - No such comm: b83a4588cbf44c5289501420d3d7a49d
(cellpy) - No such comm: b83a4588cbf44c5289501420d3d7a49d
(cellpy) - No such comm: b83a4588cbf44c5289501420d3d7a49d
(cellpy) - No such comm: b83a4588cbf44c5289501420d3d7a49d
(cellpy) - No such comm: b83a4588cbf44c5289501420d3d7a49d
(cellpy) - No such comm: b83a4588cbf44c5289501420d3d7a49d
(cellpy) - No such comm: b83a4588cbf44c5289501420d3d7a49d
(cellpy) - No such comm: b83a4588cbf44c5289501420d3d7a49d
(cellpy) - No such comm: b83a4588cbf44c5289501420d3d7a49d
(cellpy) - No such comm: b83a4588cbf44c5289501420d3d7a49d
(cellpy) - No such comm: bc25018d664f46fba8426f6680858e47
(cellpy) - No such comm: bc25018d664f46fba8426f6680858e47
(cellpy) - No such comm: bc25018d664f46fba8426f6680858e47
(cellpy) - No such comm: bc25018d664f46fba8426f6680858e47
(cellpy) - No such comm: bc25018d664f46fba8426f6680858e47
(cellpy) - No such comm: bc25018d664f46fba8426f6680858e47
(cellpy) - No such comm: bc25018d664f46fba8426f6680858e47
(cellpy) - No such comm: bc25018d664f46fba8426f6680858e47
(cellpy) - No such comm: bc25018d664f46fba8426f6680858e47
(cellpy) - No such comm: bc25018d664f46fba8426f6680858e47
(cellpy) - No such comm: bc25018d664f46fba8426f6680858e47
(cellpy) - No such comm: bc25018d664f46fba8426f6680858e47
(cellpy) - No such comm: bc25018d664f46fba8426f6680858e47
(cellpy) - No such comm: bc25018d664f46fba8426f6680858e47
(cellpy) - No such comm: ac242c185607427098810cf020b9ed72
(cellpy) - No such comm: ac242c185607427098810cf020b9ed72
(cellpy) - No such comm: ac242c185607427098810cf020b9ed72
(cellpy) - No such comm: ac242c185607427098810cf020b9ed72
(cellpy) - No such comm: ac242c185607427098810cf020b9ed72
(cellpy) - No such comm: ac242c185607427098810cf020b9ed72
(cellpy) - No such comm: ac242c185607427098810cf020b9ed72
(cellpy) - No such comm: ac242c185607427098810cf020b9ed72
(cellpy) - No such comm: ac242c185607427098810cf020b9ed72
(cellpy) - No such comm: ac242c185607427098810cf020b9ed72
(cellpy) - No such comm: ac242c185607427098810cf020b9ed72
(cellpy) - No such comm: ac242c185607427098810cf020b9ed72
(cellpy) - No such comm: ac242c185607427098810cf020b9ed72
(cellpy) - No such comm: ac242c185607427098810cf020b9ed72
(cellpy) - No such comm: ac292aabe3314f6aa7c97985fc67a226
(cellpy) - No such comm: ac292aabe3314f6aa7c97985fc67a226
(cellpy) - No such comm: ac292aabe3314f6aa7c97985fc67a226
(cellpy) - No such comm: ac292aabe3314f6aa7c97985fc67a226
(cellpy) - No such comm: ac292aabe3314f6aa7c97985fc67a226
(cellpy) - No such comm: ac292aabe3314f6aa7c97985fc67a226
(cellpy) - No such comm: ac292aabe3314f6aa7c97985fc67a226
(cellpy) - No such comm: ac292aabe3314f6aa7c97985fc67a226
(cellpy) - No such comm: ac292aabe3314f6aa7c97985fc67a226
(cellpy) - No such comm: ac292aabe3314f6aa7c97985fc67a226
(cellpy) - No such comm: ac292aabe3314f6aa7c97985fc67a226
(cellpy) - No such comm: ac292aabe3314f6aa7c97985fc67a226
(cellpy) - No such comm: ac292aabe3314f6aa7c97985fc67a226
(cellpy) - No such comm: ac292aabe3314f6aa7c97985fc67a226
(cellpy) - No such comm: cf38a1438d7d44d49e49ae4a600d8db0
(cellpy) - No such comm: cf38a1438d7d44d49e49ae4a600d8db0
(cellpy) - No such comm: cf38a1438d7d44d49e49ae4a600d8db0
(cellpy) - No such comm: cf38a1438d7d44d49e49ae4a600d8db0
(cellpy) - No such comm: cf38a1438d7d44d49e49ae4a600d8db0
(cellpy) - No such comm: cf38a1438d7d44d49e49ae4a600d8db0
(cellpy) - No such comm: cf38a1438d7d44d49e49ae4a600d8db0
(cellpy) - No such comm: cf38a1438d7d44d49e49ae4a600d8db0
(cellpy) - No such comm: cf38a1438d7d44d49e49ae4a600d8db0
(cellpy) - No such comm: cf38a1438d7d44d49e49ae4a600d8db0
(cellpy) - No such comm: cf38a1438d7d44d49e49ae4a600d8db0
(cellpy) - No such comm: cf38a1438d7d44d49e49ae4a600d8db0
(cellpy) - No such comm: cf38a1438d7d44d49e49ae4a600d8db0
(cellpy) - No such comm: cf38a1438d7d44d49e49ae4a600d8db0
(cellpy) - No such comm: 1e6ad0d0a0ee4c7a82c61ab3582ff8d3
(cellpy) - No such comm: 1e6ad0d0a0ee4c7a82c61ab3582ff8d3
(cellpy) - No such comm: 1e6ad0d0a0ee4c7a82c61ab3582ff8d3
(cellpy) - No such comm: 1e6ad0d0a0ee4c7a82c61ab3582ff8d3
(cellpy) - No such comm: 1e6ad0d0a0ee4c7a82c61ab3582ff8d3
(cellpy) - No such comm: 1e6ad0d0a0ee4c7a82c61ab3582ff8d3
(cellpy) - No such comm: 1e6ad0d0a0ee4c7a82c61ab3582ff8d3
(cellpy) - No such comm: 1e6ad0d0a0ee4c7a82c61ab3582ff8d3
(cellpy) - No such comm: 1e6ad0d0a0ee4c7a82c61ab3582ff8d3
(cellpy) - No such comm: 1e6ad0d0a0ee4c7a82c61ab3582ff8d3
(cellpy) - No such comm: 1e6ad0d0a0ee4c7a82c61ab3582ff8d3
(cellpy) - No such comm: 1e6ad0d0a0ee4c7a82c61ab3582ff8d3
(cellpy) - No such comm: 1e6ad0d0a0ee4c7a82c61ab3582ff8d3
(cellpy) - No such comm: 1e6ad0d0a0ee4c7a82c61ab3582ff8d3
(cellpy) - No such comm: 8ed50fc57ec64d2298b5b51a4f74839d
(cellpy) - No such comm: 8ed50fc57ec64d2298b5b51a4f74839d
(cellpy) - No such comm: 8ed50fc57ec64d2298b5b51a4f74839d
(cellpy) - No such comm: 8ed50fc57ec64d2298b5b51a4f74839d
(cellpy) - No such comm: 8ed50fc57ec64d2298b5b51a4f74839d
(cellpy) - No such comm: 8ed50fc57ec64d2298b5b51a4f74839d
(cellpy) - No such comm: 8ed50fc57ec64d2298b5b51a4f74839d
(cellpy) - No such comm: 8ed50fc57ec64d2298b5b51a4f74839d
(cellpy) - No such comm: 8ed50fc57ec64d2298b5b51a4f74839d
(cellpy) - No such comm: 8ed50fc57ec64d2298b5b51a4f74839d
(cellpy) - No such comm: 8ed50fc57ec64d2298b5b51a4f74839d
(cellpy) - No such comm: 8ed50fc57ec64d2298b5b51a4f74839d
(cellpy) - No such comm: 8ed50fc57ec64d2298b5b51a4f74839d
(cellpy) - No such comm: 8ed50fc57ec64d2298b5b51a4f74839d
(cellpy) - No such comm: e3181acbb455420b8216a50ca0c49788
(cellpy) - No such comm: e3181acbb455420b8216a50ca0c49788
(cellpy) - No such comm: e3181acbb455420b8216a50ca0c49788
(cellpy) - No such comm: e3181acbb455420b8216a50ca0c49788
(cellpy) - No such comm: e3181acbb455420b8216a50ca0c49788
(cellpy) - No such comm: e3181acbb455420b8216a50ca0c49788
(cellpy) - No such comm: e3181acbb455420b8216a50ca0c49788
(cellpy) - No such comm: e3181acbb455420b8216a50ca0c49788
(cellpy) - No such comm: e3181acbb455420b8216a50ca0c49788
(cellpy) - No such comm: e3181acbb455420b8216a50ca0c49788
(cellpy) - No such comm: e3181acbb455420b8216a50ca0c49788
(cellpy) - No such comm: e3181acbb455420b8216a50ca0c49788
(cellpy) - No such comm: e3181acbb455420b8216a50ca0c49788
(cellpy) - No such comm: e3181acbb455420b8216a50ca0c49788
(cellpy) - No such comm: 231260ca1c2c47a2931b97f0dc1386c8
(cellpy) - No such comm: 231260ca1c2c47a2931b97f0dc1386c8
(cellpy) - No such comm: 231260ca1c2c47a2931b97f0dc1386c8
(cellpy) - No such comm: 231260ca1c2c47a2931b97f0dc1386c8
(cellpy) - No such comm: 231260ca1c2c47a2931b97f0dc1386c8
(cellpy) - No such comm: 231260ca1c2c47a2931b97f0dc1386c8
(cellpy) - No such comm: 231260ca1c2c47a2931b97f0dc1386c8
(cellpy) - No such comm: 231260ca1c2c47a2931b97f0dc1386c8
(cellpy) - No such comm: 231260ca1c2c47a2931b97f0dc1386c8
(cellpy) - No such comm: 231260ca1c2c47a2931b97f0dc1386c8
(cellpy) - No such comm: 231260ca1c2c47a2931b97f0dc1386c8
(cellpy) - No such comm: 231260ca1c2c47a2931b97f0dc1386c8
(cellpy) - No such comm: 231260ca1c2c47a2931b97f0dc1386c8
(cellpy) - No such comm: 231260ca1c2c47a2931b97f0dc1386c8
(cellpy) - No such comm: 371494ec7d1d4bd0bdd4e286b7febbb8
(cellpy) - No such comm: 371494ec7d1d4bd0bdd4e286b7febbb8
(cellpy) - No such comm: 371494ec7d1d4bd0bdd4e286b7febbb8
(cellpy) - No such comm: 371494ec7d1d4bd0bdd4e286b7febbb8
(cellpy) - No such comm: 371494ec7d1d4bd0bdd4e286b7febbb8
(cellpy) - No such comm: 371494ec7d1d4bd0bdd4e286b7febbb8
(cellpy) - No such comm: 371494ec7d1d4bd0bdd4e286b7febbb8
(cellpy) - No such comm: 371494ec7d1d4bd0bdd4e286b7febbb8
(cellpy) - No such comm: 371494ec7d1d4bd0bdd4e286b7febbb8
(cellpy) - No such comm: 371494ec7d1d4bd0bdd4e286b7febbb8
(cellpy) - No such comm: 371494ec7d1d4bd0bdd4e286b7febbb8
(cellpy) - No such comm: 371494ec7d1d4bd0bdd4e286b7febbb8
(cellpy) - No such comm: 371494ec7d1d4bd0bdd4e286b7febbb8
(cellpy) - No such comm: 371494ec7d1d4bd0bdd4e286b7febbb8
(cellpy) - No such comm: 539efa24b8cf4f00bfad22fbf8ddc90d
(cellpy) - No such comm: 539efa24b8cf4f00bfad22fbf8ddc90d
(cellpy) - No such comm: 539efa24b8cf4f00bfad22fbf8ddc90d
(cellpy) - No such comm: 539efa24b8cf4f00bfad22fbf8ddc90d
(cellpy) - No such comm: 539efa24b8cf4f00bfad22fbf8ddc90d
(cellpy) - No such comm: 539efa24b8cf4f00bfad22fbf8ddc90d
(cellpy) - No such comm: 539efa24b8cf4f00bfad22fbf8ddc90d
(cellpy) - No such comm: 539efa24b8cf4f00bfad22fbf8ddc90d
(cellpy) - No such comm: 539efa24b8cf4f00bfad22fbf8ddc90d
(cellpy) - No such comm: 539efa24b8cf4f00bfad22fbf8ddc90d
(cellpy) - No such comm: 539efa24b8cf4f00bfad22fbf8ddc90d
(cellpy) - No such comm: 539efa24b8cf4f00bfad22fbf8ddc90d
(cellpy) - No such comm: 539efa24b8cf4f00bfad22fbf8ddc90d
(cellpy) - No such comm: 539efa24b8cf4f00bfad22fbf8ddc90d
(cellpy) - No such comm: 93def2150f524bc6ac54ec97886ac22d
(cellpy) - No such comm: 93def2150f524bc6ac54ec97886ac22d
(cellpy) - No such comm: 93def2150f524bc6ac54ec97886ac22d
(cellpy) - No such comm: 93def2150f524bc6ac54ec97886ac22d
(cellpy) - No such comm: 93def2150f524bc6ac54ec97886ac22d
(cellpy) - No such comm: 93def2150f524bc6ac54ec97886ac22d
(cellpy) - No such comm: 93def2150f524bc6ac54ec97886ac22d
(cellpy) - No such comm: 93def2150f524bc6ac54ec97886ac22d
(cellpy) - No such comm: 93def2150f524bc6ac54ec97886ac22d
(cellpy) - No such comm: 93def2150f524bc6ac54ec97886ac22d
(cellpy) - No such comm: 93def2150f524bc6ac54ec97886ac22d
(cellpy) - No such comm: 93def2150f524bc6ac54ec97886ac22d
(cellpy) - No such comm: 93def2150f524bc6ac54ec97886ac22d
(cellpy) - No such comm: 93def2150f524bc6ac54ec97886ac22d
(cellpy) - No such comm: a331c73d01314e8581706e078095e42c
(cellpy) - No such comm: a331c73d01314e8581706e078095e42c
(cellpy) - No such comm: a331c73d01314e8581706e078095e42c
(cellpy) - No such comm: a331c73d01314e8581706e078095e42c
(cellpy) - No such comm: a331c73d01314e8581706e078095e42c
(cellpy) - No such comm: a331c73d01314e8581706e078095e42c
(cellpy) - No such comm: a331c73d01314e8581706e078095e42c
(cellpy) - No such comm: a331c73d01314e8581706e078095e42c
(cellpy) - No such comm: a331c73d01314e8581706e078095e42c
(cellpy) - No such comm: a331c73d01314e8581706e078095e42c
(cellpy) - No such comm: a331c73d01314e8581706e078095e42c
(cellpy) - No such comm: a331c73d01314e8581706e078095e42c
(cellpy) - No such comm: a331c73d01314e8581706e078095e42c
(cellpy) - No such comm: a331c73d01314e8581706e078095e42c
(cellpy) - No such comm: 11fa2a54c5074f798f5a91cbfb3e4c0c
(cellpy) - No such comm: 11fa2a54c5074f798f5a91cbfb3e4c0c
(cellpy) - No such comm: 11fa2a54c5074f798f5a91cbfb3e4c0c
(cellpy) - No such comm: 11fa2a54c5074f798f5a91cbfb3e4c0c
(cellpy) - No such comm: 11fa2a54c5074f798f5a91cbfb3e4c0c
(cellpy) - No such comm: 11fa2a54c5074f798f5a91cbfb3e4c0c
(cellpy) - No such comm: 11fa2a54c5074f798f5a91cbfb3e4c0c
(cellpy) - No such comm: 11fa2a54c5074f798f5a91cbfb3e4c0c
(cellpy) - No such comm: 11fa2a54c5074f798f5a91cbfb3e4c0c
(cellpy) - No such comm: 11fa2a54c5074f798f5a91cbfb3e4c0c
(cellpy) - No such comm: 11fa2a54c5074f798f5a91cbfb3e4c0c
(cellpy) - No such comm: 11fa2a54c5074f798f5a91cbfb3e4c0c
(cellpy) - No such comm: 11fa2a54c5074f798f5a91cbfb3e4c0c
(cellpy) - No such comm: 11fa2a54c5074f798f5a91cbfb3e4c0c
(cellpy) - Loading raw-file: ['Z:/PROJ_GMJULY2022/Cycler_Data_By_Cell/GMJuly2022_CELL901/GMJuly2022_CELL901REF_RPT_3_P25C_P5P0PSI_20230228_R1.res', 'Z:/PROJ_GMJULY2022/Cycler_Data_By_Cell/GMJuly2022_CELL901/GMJuly2022_CELL901REF_RATE_1_P25C_P5P0PSI_20230302_R1.res']
(cellpy) - Setting mass: 1
(cellpy) - Creating step table
(cellpy) - Creating summary data
(cellpy) - Using the following nominal capacity: 1.0
(cellpy) - Assuming cycling in anode half-data (discharge before charge) mode
(cellpy) - Created CellpyCell object
(cellpy) - No such comm: 160848bd908a457e8f1f4598e13a425f
(cellpy) - No such comm: 160848bd908a457e8f1f4598e13a425f
(cellpy) - No such comm: 160848bd908a457e8f1f4598e13a425f
(cellpy) - No such comm: 160848bd908a457e8f1f4598e13a425f
(cellpy) - No such comm: 160848bd908a457e8f1f4598e13a425f
(cellpy) - No such comm: 160848bd908a457e8f1f4598e13a425f
(cellpy) - No such comm: 160848bd908a457e8f1f4598e13a425f
(cellpy) - No such comm: 160848bd908a457e8f1f4598e13a425f
(cellpy) - No such comm: 160848bd908a457e8f1f4598e13a425f
(cellpy) - No such comm: 160848bd908a457e8f1f4598e13a425f
(cellpy) - No such comm: 160848bd908a457e8f1f4598e13a425f
(cellpy) - No such comm: 160848bd908a457e8f1f4598e13a425f
(cellpy) - No such comm: 160848bd908a457e8f1f4598e13a425f
(cellpy) - No such comm: 98c2f83edba44cefa830ac2ec58b867e
(cellpy) - No such comm: 98c2f83edba44cefa830ac2ec58b867e
(cellpy) - No such comm: 98c2f83edba44cefa830ac2ec58b867e
(cellpy) - No such comm: 98c2f83edba44cefa830ac2ec58b867e
(cellpy) - No such comm: 98c2f83edba44cefa830ac2ec58b867e
(cellpy) - No such comm: 98c2f83edba44cefa830ac2ec58b867e
(cellpy) - No such comm: 98c2f83edba44cefa830ac2ec58b867e
(cellpy) - No such comm: 160848bd908a457e8f1f4598e13a425f
(cellpy) - No such comm: 98c2f83edba44cefa830ac2ec58b867e
(cellpy) - No such comm: 98c2f83edba44cefa830ac2ec58b867e
(cellpy) - No such comm: 98c2f83edba44cefa830ac2ec58b867e
(cellpy) - No such comm: 98c2f83edba44cefa830ac2ec58b867e
(cellpy) - No such comm: 98c2f83edba44cefa830ac2ec58b867e
(cellpy) - No such comm: 98c2f83edba44cefa830ac2ec58b867e
(cellpy) - No such comm: 98c2f83edba44cefa830ac2ec58b867e
(cellpy) - No such comm: 19bf150c9a07465e9311158a15c983d4
(cellpy) - No such comm: 19bf150c9a07465e9311158a15c983d4
(cellpy) - No such comm: 19bf150c9a07465e9311158a15c983d4
(cellpy) - No such comm: 19bf150c9a07465e9311158a15c983d4
(cellpy) - No such comm: 19bf150c9a07465e9311158a15c983d4
(cellpy) - No such comm: 19bf150c9a07465e9311158a15c983d4
(cellpy) - No such comm: 19bf150c9a07465e9311158a15c983d4
(cellpy) - No such comm: 19bf150c9a07465e9311158a15c983d4
(cellpy) - No such comm: 19bf150c9a07465e9311158a15c983d4
(cellpy) - No such comm: 19bf150c9a07465e9311158a15c983d4
(cellpy) - No such comm: 19bf150c9a07465e9311158a15c983d4
(cellpy) - No such comm: 19bf150c9a07465e9311158a15c983d4
(cellpy) - No such comm: 19bf150c9a07465e9311158a15c983d4
(cellpy) - No such comm: 19bf150c9a07465e9311158a15c983d4
(cellpy) - No such comm: 1f1025340f894cc0a74b06f45531e605
(cellpy) - No such comm: 1f1025340f894cc0a74b06f45531e605
(cellpy) - No such comm: 1f1025340f894cc0a74b06f45531e605
(cellpy) - No such comm: 1f1025340f894cc0a74b06f45531e605
(cellpy) - No such comm: 1f1025340f894cc0a74b06f45531e605
(cellpy) - No such comm: 1f1025340f894cc0a74b06f45531e605
(cellpy) - No such comm: 1f1025340f894cc0a74b06f45531e605
(cellpy) - No such comm: 1f1025340f894cc0a74b06f45531e605
(cellpy) - No such comm: 1f1025340f894cc0a74b06f45531e605
(cellpy) - No such comm: 1f1025340f894cc0a74b06f45531e605
(cellpy) - No such comm: 1f1025340f894cc0a74b06f45531e605
(cellpy) - No such comm: 1f1025340f894cc0a74b06f45531e605
(cellpy) - No such comm: 1f1025340f894cc0a74b06f45531e605
(cellpy) - No such comm: 1f1025340f894cc0a74b06f45531e605
(cellpy) - No such comm: d45c0a1ef6b34f3b814a90637d3edbbe
(cellpy) - No such comm: d45c0a1ef6b34f3b814a90637d3edbbe
(cellpy) - No such comm: d45c0a1ef6b34f3b814a90637d3edbbe
(cellpy) - No such comm: d45c0a1ef6b34f3b814a90637d3edbbe
(cellpy) - No such comm: d45c0a1ef6b34f3b814a90637d3edbbe
(cellpy) - No such comm: d45c0a1ef6b34f3b814a90637d3edbbe
(cellpy) - No such comm: d45c0a1ef6b34f3b814a90637d3edbbe
(cellpy) - No such comm: d45c0a1ef6b34f3b814a90637d3edbbe
(cellpy) - No such comm: d45c0a1ef6b34f3b814a90637d3edbbe
(cellpy) - No such comm: d45c0a1ef6b34f3b814a90637d3edbbe
(cellpy) - No such comm: d45c0a1ef6b34f3b814a90637d3edbbe
(cellpy) - No such comm: d45c0a1ef6b34f3b814a90637d3edbbe
(cellpy) - No such comm: d45c0a1ef6b34f3b814a90637d3edbbe
(cellpy) - No such comm: d45c0a1ef6b34f3b814a90637d3edbbe
(cellpy) - No such comm: 3b3914d0fda24cee9e5e84b197fd1727
(cellpy) - No such comm: 3b3914d0fda24cee9e5e84b197fd1727
(cellpy) - No such comm: 3b3914d0fda24cee9e5e84b197fd1727
(cellpy) - No such comm: 3b3914d0fda24cee9e5e84b197fd1727
(cellpy) - No such comm: 3b3914d0fda24cee9e5e84b197fd1727
(cellpy) - No such comm: 3b3914d0fda24cee9e5e84b197fd1727
(cellpy) - No such comm: 3b3914d0fda24cee9e5e84b197fd1727
(cellpy) - No such comm: 3b3914d0fda24cee9e5e84b197fd1727
(cellpy) - No such comm: 3b3914d0fda24cee9e5e84b197fd1727
(cellpy) - No such comm: 3b3914d0fda24cee9e5e84b197fd1727
(cellpy) - No such comm: 3b3914d0fda24cee9e5e84b197fd1727
(cellpy) - No such comm: 3b3914d0fda24cee9e5e84b197fd1727
(cellpy) - No such comm: 3b3914d0fda24cee9e5e84b197fd1727
(cellpy) - No such comm: 96a06a6190734ba5b60e6461656b3f15
(cellpy) - No such comm: 96a06a6190734ba5b60e6461656b3f15
(cellpy) - No such comm: 96a06a6190734ba5b60e6461656b3f15
(cellpy) - No such comm: 96a06a6190734ba5b60e6461656b3f15
(cellpy) - No such comm: 96a06a6190734ba5b60e6461656b3f15
(cellpy) - No such comm: 96a06a6190734ba5b60e6461656b3f15
(cellpy) - No such comm: 96a06a6190734ba5b60e6461656b3f15
(cellpy) - No such comm: 96a06a6190734ba5b60e6461656b3f15
(cellpy) - No such comm: 96a06a6190734ba5b60e6461656b3f15
(cellpy) - No such comm: 96a06a6190734ba5b60e6461656b3f15
(cellpy) - No such comm: 96a06a6190734ba5b60e6461656b3f15
(cellpy) - No such comm: 96a06a6190734ba5b60e6461656b3f15
(cellpy) - No such comm: 96a06a6190734ba5b60e6461656b3f15
(cellpy) - No such comm: 96a06a6190734ba5b60e6461656b3f15
(cellpy) - No such comm: 506fd766a6a2467fbe6e29f2fa1fe734
(cellpy) - No such comm: 506fd766a6a2467fbe6e29f2fa1fe734
(cellpy) - No such comm: 506fd766a6a2467fbe6e29f2fa1fe734
(cellpy) - No such comm: 506fd766a6a2467fbe6e29f2fa1fe734
(cellpy) - No such comm: 506fd766a6a2467fbe6e29f2fa1fe734
(cellpy) - No such comm: 506fd766a6a2467fbe6e29f2fa1fe734
(cellpy) - No such comm: 506fd766a6a2467fbe6e29f2fa1fe734
(cellpy) - No such comm: 506fd766a6a2467fbe6e29f2fa1fe734
(cellpy) - No such comm: 506fd766a6a2467fbe6e29f2fa1fe734
(cellpy) - No such comm: 506fd766a6a2467fbe6e29f2fa1fe734
(cellpy) - No such comm: 506fd766a6a2467fbe6e29f2fa1fe734
(cellpy) - No such comm: 506fd766a6a2467fbe6e29f2fa1fe734
(cellpy) - No such comm: 506fd766a6a2467fbe6e29f2fa1fe734
(cellpy) - No such comm: 506fd766a6a2467fbe6e29f2fa1fe734
(cellpy) - No such comm: 5ab2e092a21c468fba264aba5de53fcc
(cellpy) - No such comm: 5ab2e092a21c468fba264aba5de53fcc
(cellpy) - No such comm: 5ab2e092a21c468fba264aba5de53fcc
(cellpy) - No such comm: 5ab2e092a21c468fba264aba5de53fcc
(cellpy) - No such comm: 5ab2e092a21c468fba264aba5de53fcc
(cellpy) - No such comm: 5ab2e092a21c468fba264aba5de53fcc
(cellpy) - No such comm: 5ab2e092a21c468fba264aba5de53fcc
(cellpy) - No such comm: 5ab2e092a21c468fba264aba5de53fcc
(cellpy) - No such comm: 5ab2e092a21c468fba264aba5de53fcc
(cellpy) - No such comm: 5ab2e092a21c468fba264aba5de53fcc
(cellpy) - No such comm: 5ab2e092a21c468fba264aba5de53fcc
(cellpy) - No such comm: 5ab2e092a21c468fba264aba5de53fcc
(cellpy) - No such comm: 5ab2e092a21c468fba264aba5de53fcc
(cellpy) - No such comm: 5ab2e092a21c468fba264aba5de53fcc
(cellpy) - No such comm: 94ae452f3da646de895777c7f5bd6549
(cellpy) - No such comm: 94ae452f3da646de895777c7f5bd6549
(cellpy) - No such comm: 94ae452f3da646de895777c7f5bd6549
(cellpy) - No such comm: 94ae452f3da646de895777c7f5bd6549
(cellpy) - No such comm: 94ae452f3da646de895777c7f5bd6549
(cellpy) - No such comm: 94ae452f3da646de895777c7f5bd6549
(cellpy) - No such comm: 94ae452f3da646de895777c7f5bd6549
(cellpy) - No such comm: 94ae452f3da646de895777c7f5bd6549
(cellpy) - No such comm: 94ae452f3da646de895777c7f5bd6549
(cellpy) - No such comm: 94ae452f3da646de895777c7f5bd6549
(cellpy) - No such comm: 94ae452f3da646de895777c7f5bd6549
(cellpy) - No such comm: 94ae452f3da646de895777c7f5bd6549
(cellpy) - No such comm: 94ae452f3da646de895777c7f5bd6549
(cellpy) - No such comm: 94ae452f3da646de895777c7f5bd6549
(cellpy) - No such comm: c7d82069d27545e8bfd76ad9a74428bb
(cellpy) - No such comm: c7d82069d27545e8bfd76ad9a74428bb
(cellpy) - No such comm: c7d82069d27545e8bfd76ad9a74428bb
(cellpy) - No such comm: c7d82069d27545e8bfd76ad9a74428bb
(cellpy) - No such comm: c7d82069d27545e8bfd76ad9a74428bb
(cellpy) - No such comm: c7d82069d27545e8bfd76ad9a74428bb
(cellpy) - No such comm: c7d82069d27545e8bfd76ad9a74428bb
(cellpy) - No such comm: c7d82069d27545e8bfd76ad9a74428bb
(cellpy) - No such comm: c7d82069d27545e8bfd76ad9a74428bb
(cellpy) - No such comm: c7d82069d27545e8bfd76ad9a74428bb
(cellpy) - No such comm: c7d82069d27545e8bfd76ad9a74428bb
(cellpy) - No such comm: c7d82069d27545e8bfd76ad9a74428bb
(cellpy) - No such comm: c7d82069d27545e8bfd76ad9a74428bb
(cellpy) - No such comm: c7d82069d27545e8bfd76ad9a74428bb
(cellpy) - No such comm: 1b0c4dddca484c85b9a1e50c99d28ebf
(cellpy) - No such comm: 1b0c4dddca484c85b9a1e50c99d28ebf
(cellpy) - No such comm: 1b0c4dddca484c85b9a1e50c99d28ebf
(cellpy) - No such comm: 1b0c4dddca484c85b9a1e50c99d28ebf
(cellpy) - No such comm: 1b0c4dddca484c85b9a1e50c99d28ebf
(cellpy) - No such comm: 1b0c4dddca484c85b9a1e50c99d28ebf
(cellpy) - No such comm: 1b0c4dddca484c85b9a1e50c99d28ebf
(cellpy) - No such comm: 1b0c4dddca484c85b9a1e50c99d28ebf
(cellpy) - No such comm: 1b0c4dddca484c85b9a1e50c99d28ebf
(cellpy) - No such comm: 1b0c4dddca484c85b9a1e50c99d28ebf
(cellpy) - No such comm: 1b0c4dddca484c85b9a1e50c99d28ebf
(cellpy) - No such comm: 1b0c4dddca484c85b9a1e50c99d28ebf
(cellpy) - No such comm: 1b0c4dddca484c85b9a1e50c99d28ebf
(cellpy) - No such comm: 1b0c4dddca484c85b9a1e50c99d28ebf
(cellpy) - No such comm: e49ab198a1f94fb9a356bdedf7cb06d6
(cellpy) - No such comm: e49ab198a1f94fb9a356bdedf7cb06d6
(cellpy) - No such comm: e49ab198a1f94fb9a356bdedf7cb06d6
(cellpy) - No such comm: e49ab198a1f94fb9a356bdedf7cb06d6
(cellpy) - No such comm: e49ab198a1f94fb9a356bdedf7cb06d6
(cellpy) - No such comm: e49ab198a1f94fb9a356bdedf7cb06d6
(cellpy) - No such comm: e49ab198a1f94fb9a356bdedf7cb06d6
(cellpy) - No such comm: e49ab198a1f94fb9a356bdedf7cb06d6
(cellpy) - No such comm: e49ab198a1f94fb9a356bdedf7cb06d6
(cellpy) - No such comm: e49ab198a1f94fb9a356bdedf7cb06d6
(cellpy) - No such comm: e49ab198a1f94fb9a356bdedf7cb06d6
(cellpy) - No such comm: e49ab198a1f94fb9a356bdedf7cb06d6
(cellpy) - No such comm: e49ab198a1f94fb9a356bdedf7cb06d6
(cellpy) - No such comm: e49ab198a1f94fb9a356bdedf7cb06d6
(cellpy) - No such comm: e49ab198a1f94fb9a356bdedf7cb06d6
(cellpy) - No such comm: e49ab198a1f94fb9a356bdedf7cb06d6
(cellpy) - No such comm: e49ab198a1f94fb9a356bdedf7cb06d6
(cellpy) - No such comm: e49ab198a1f94fb9a356bdedf7cb06d6
(cellpy) - No such comm: e49ab198a1f94fb9a356bdedf7cb06d6
(cellpy) - No such comm: e49ab198a1f94fb9a356bdedf7cb06d6
(cellpy) - No such comm: e49ab198a1f94fb9a356bdedf7cb06d6
(cellpy) - No such comm: e49ab198a1f94fb9a356bdedf7cb06d6
(cellpy) - No such comm: e49ab198a1f94fb9a356bdedf7cb06d6
(cellpy) - No such comm: e49ab198a1f94fb9a356bdedf7cb06d6
(cellpy) - No such comm: e49ab198a1f94fb9a356bdedf7cb06d6
(cellpy) - No such comm: db6b37454bc6471e8ec97976576fce54
(cellpy) - No such comm: db6b37454bc6471e8ec97976576fce54
(cellpy) - No such comm: db6b37454bc6471e8ec97976576fce54
(cellpy) - No such comm: db6b37454bc6471e8ec97976576fce54
(cellpy) - No such comm: db6b37454bc6471e8ec97976576fce54
(cellpy) - No such comm: db6b37454bc6471e8ec97976576fce54
(cellpy) - No such comm: db6b37454bc6471e8ec97976576fce54
(cellpy) - No such comm: db6b37454bc6471e8ec97976576fce54
(cellpy) - No such comm: db6b37454bc6471e8ec97976576fce54
(cellpy) - No such comm: db6b37454bc6471e8ec97976576fce54
(cellpy) - No such comm: db6b37454bc6471e8ec97976576fce54
(cellpy) - No such comm: db6b37454bc6471e8ec97976576fce54
(cellpy) - No such comm: db6b37454bc6471e8ec97976576fce54
(cellpy) - No such comm: db6b37454bc6471e8ec97976576fce54
(cellpy) - No such comm: 3c0773e195a141e78b26bed1c1d29c85
(cellpy) - No such comm: 3c0773e195a141e78b26bed1c1d29c85
(cellpy) - No such comm: 3c0773e195a141e78b26bed1c1d29c85
(cellpy) - No such comm: 3c0773e195a141e78b26bed1c1d29c85
(cellpy) - No such comm: 3c0773e195a141e78b26bed1c1d29c85
(cellpy) - No such comm: 3c0773e195a141e78b26bed1c1d29c85
(cellpy) - No such comm: 3c0773e195a141e78b26bed1c1d29c85
(cellpy) - No such comm: 3c0773e195a141e78b26bed1c1d29c85
(cellpy) - No such comm: 3c0773e195a141e78b26bed1c1d29c85
(cellpy) - No such comm: 3c0773e195a141e78b26bed1c1d29c85
(cellpy) - No such comm: 3c0773e195a141e78b26bed1c1d29c85
(cellpy) - No such comm: 3c0773e195a141e78b26bed1c1d29c85
(cellpy) - No such comm: 3c0773e195a141e78b26bed1c1d29c85
(cellpy) - No such comm: 3c0773e195a141e78b26bed1c1d29c85
(cellpy) - No such comm: 020f3d1e161c4de38d6a77e7810be0ba
(cellpy) - No such comm: 020f3d1e161c4de38d6a77e7810be0ba
(cellpy) - No such comm: 020f3d1e161c4de38d6a77e7810be0ba
(cellpy) - No such comm: 020f3d1e161c4de38d6a77e7810be0ba
(cellpy) - No such comm: 020f3d1e161c4de38d6a77e7810be0ba
(cellpy) - No such comm: 020f3d1e161c4de38d6a77e7810be0ba
(cellpy) - No such comm: 020f3d1e161c4de38d6a77e7810be0ba
(cellpy) - No such comm: 020f3d1e161c4de38d6a77e7810be0ba
(cellpy) - No such comm: 020f3d1e161c4de38d6a77e7810be0ba
(cellpy) - No such comm: 020f3d1e161c4de38d6a77e7810be0ba
(cellpy) - No such comm: 020f3d1e161c4de38d6a77e7810be0ba
(cellpy) - No such comm: 020f3d1e161c4de38d6a77e7810be0ba
(cellpy) - No such comm: 020f3d1e161c4de38d6a77e7810be0ba
(cellpy) - No such comm: 020f3d1e161c4de38d6a77e7810be0ba
(cellpy) - No such comm: ffa195d1a4694200b6e96e93fd2e5449
(cellpy) - No such comm: ffa195d1a4694200b6e96e93fd2e5449
(cellpy) - No such comm: ffa195d1a4694200b6e96e93fd2e5449
(cellpy) - No such comm: ffa195d1a4694200b6e96e93fd2e5449
(cellpy) - No such comm: ffa195d1a4694200b6e96e93fd2e5449
(cellpy) - No such comm: ffa195d1a4694200b6e96e93fd2e5449
(cellpy) - No such comm: ffa195d1a4694200b6e96e93fd2e5449
(cellpy) - No such comm: ffa195d1a4694200b6e96e93fd2e5449
(cellpy) - No such comm: ffa195d1a4694200b6e96e93fd2e5449
(cellpy) - No such comm: ffa195d1a4694200b6e96e93fd2e5449
(cellpy) - No such comm: ffa195d1a4694200b6e96e93fd2e5449
(cellpy) - No such comm: ffa195d1a4694200b6e96e93fd2e5449
(cellpy) - No such comm: ffa195d1a4694200b6e96e93fd2e5449
(cellpy) - No such comm: ffa195d1a4694200b6e96e93fd2e5449
(cellpy) - No such comm: 2c6c5ef7268a46f9bb97040ce3cf1669
(cellpy) - No such comm: 2c6c5ef7268a46f9bb97040ce3cf1669
(cellpy) - No such comm: 2c6c5ef7268a46f9bb97040ce3cf1669
(cellpy) - No such comm: 2c6c5ef7268a46f9bb97040ce3cf1669
(cellpy) - No such comm: 2c6c5ef7268a46f9bb97040ce3cf1669
(cellpy) - No such comm: 2c6c5ef7268a46f9bb97040ce3cf1669
(cellpy) - No such comm: 2c6c5ef7268a46f9bb97040ce3cf1669
(cellpy) - No such comm: 2c6c5ef7268a46f9bb97040ce3cf1669
(cellpy) - No such comm: 2c6c5ef7268a46f9bb97040ce3cf1669
(cellpy) - No such comm: 2c6c5ef7268a46f9bb97040ce3cf1669
(cellpy) - No such comm: 2c6c5ef7268a46f9bb97040ce3cf1669
(cellpy) - No such comm: 2c6c5ef7268a46f9bb97040ce3cf1669
(cellpy) - No such comm: 2c6c5ef7268a46f9bb97040ce3cf1669
(cellpy) - No such comm: 2c6c5ef7268a46f9bb97040ce3cf1669
(cellpy) - 
Could not set custom log-dir - non-existing directory
Dir: c:\Users\Vivian\Dropbox (University of Michigan)\from_box\Research\PyBaMM\PyBaMM\degradation_model\tuning_umbl2022feb\cellpy_data\logs
Using current directory instead: c:\Users\Vivian\Dropbox (University of Michigan)\from_box\Research\PyBaMM\PyBaMM\degradation_model\tuning_umbl2022feb
(cellpy) - Loading raw-file: ['Z:/PROJ_GMJULY2022/Cycler_Data_By_Cell/GMJuly2022_CELL901/GMJuly2022_CELL901REF_RPT_3_P25C_P5P0PSI_20230228_R1.res', 'Z:/PROJ_GMJULY2022/Cycler_Data_By_Cell/GMJuly2022_CELL901/GMJuly2022_CELL901REF_RATE_1_P25C_P5P0PSI_20230302_R1.res']
(cellpy) - Setting mass: 1
(cellpy) - Creating step table
(cellpy) - Creating summary data
(cellpy) - Using the following nominal capacity: 1.0
(cellpy) - Assuming cycling in anode half-data (discharge before charge) mode
(cellpy) - Created CellpyCell object
(cellpy) - No such comm: 6f969f4ce4924645a25ccf797262cd8f
(cellpy) - No such comm: 6f969f4ce4924645a25ccf797262cd8f
(cellpy) - No such comm: 6f969f4ce4924645a25ccf797262cd8f
(cellpy) - No such comm: 6f969f4ce4924645a25ccf797262cd8f
(cellpy) - No such comm: 6f969f4ce4924645a25ccf797262cd8f
(cellpy) - No such comm: 6f969f4ce4924645a25ccf797262cd8f
(cellpy) - No such comm: 6f969f4ce4924645a25ccf797262cd8f
(cellpy) - No such comm: 6f969f4ce4924645a25ccf797262cd8f
(cellpy) - No such comm: 6f969f4ce4924645a25ccf797262cd8f
(cellpy) - No such comm: 6f969f4ce4924645a25ccf797262cd8f
(cellpy) - No such comm: 6f969f4ce4924645a25ccf797262cd8f
(cellpy) - No such comm: 6f969f4ce4924645a25ccf797262cd8f
(cellpy) - No such comm: 6f969f4ce4924645a25ccf797262cd8f
(cellpy) - No such comm: 6f969f4ce4924645a25ccf797262cd8f
(cellpy) - No such comm: f6604ec476a740468384d542a6a921c3
(cellpy) - No such comm: f6604ec476a740468384d542a6a921c3
(cellpy) - No such comm: f6604ec476a740468384d542a6a921c3
(cellpy) - No such comm: f6604ec476a740468384d542a6a921c3
(cellpy) - No such comm: f6604ec476a740468384d542a6a921c3
(cellpy) - No such comm: f6604ec476a740468384d542a6a921c3
(cellpy) - No such comm: f6604ec476a740468384d542a6a921c3
(cellpy) - No such comm: f6604ec476a740468384d542a6a921c3
(cellpy) - No such comm: f6604ec476a740468384d542a6a921c3
(cellpy) - No such comm: f6604ec476a740468384d542a6a921c3
(cellpy) - No such comm: f6604ec476a740468384d542a6a921c3
(cellpy) - No such comm: f6604ec476a740468384d542a6a921c3
(cellpy) - No such comm: f6604ec476a740468384d542a6a921c3
(cellpy) - No such comm: f6604ec476a740468384d542a6a921c3
(cellpy) - 
Could not set custom log-dir - non-existing directory
Dir: c:\Users\Vivian\Dropbox (University of Michigan)\from_box\Research\PyBaMM\PyBaMM\degradation_model\tuning_umbl2022feb\cellpy_data\logs
Using current directory instead: c:\Users\Vivian\Dropbox (University of Michigan)\from_box\Research\PyBaMM\PyBaMM\degradation_model\tuning_umbl2022feb
(cellpy) - Loading raw-file: ['Z:/PROJ_GMJULY2022/Cycler_Data_By_Cell/GMJuly2022_CELL901/GMJuly2022_CELL901REF_RPT_3_P25C_P5P0PSI_20230228_R1.res', 'Z:/PROJ_GMJULY2022/Cycler_Data_By_Cell/GMJuly2022_CELL901/GMJuly2022_CELL901REF_RATE_1_P25C_P5P0PSI_20230302_R1.res']
(cellpy) - Setting mass: 1
(cellpy) - Creating step table
(cellpy) - Creating summary data
(cellpy) - Using the following nominal capacity: 1.0
(cellpy) - Assuming cycling in anode half-data (discharge before charge) mode
(cellpy) - Created CellpyCell object
(cellpy) - 
Could not set custom log-dir - non-existing directory
Dir: c:\Users\Vivian\Dropbox (University of Michigan)\from_box\Research\PyBaMM\PyBaMM\degradation_model\tuning_umbl2022feb\cellpy_data\logs
Using current directory instead: c:\Users\Vivian\Dropbox (University of Michigan)\from_box\Research\PyBaMM\PyBaMM\degradation_model\tuning_umbl2022feb
(cellpy) - Loading raw-file: ['Z:/PROJ_GMJULY2022/Cycler_Data_By_Cell/GMJuly2022_CELL901/GMJuly2022_CELL901REF_RPT_3_P25C_P5P0PSI_20230228_R1.res', 'Z:/PROJ_GMJULY2022/Cycler_Data_By_Cell/GMJuly2022_CELL901/GMJuly2022_CELL901REF_RATE_1_P25C_P5P0PSI_20230302_R1.res']
(cellpy) - Setting mass: 1
(cellpy) - Creating step table
(cellpy) - Creating summary data
(cellpy) - Using the following nominal capacity: 1.0
(cellpy) - Assuming cycling in anode half-data (discharge before charge) mode
(cellpy) - Created CellpyCell object
(cellpy) - No such comm: 9f7533cfdb094f40840aa180fade6602
(cellpy) - No such comm: 9f7533cfdb094f40840aa180fade6602
(cellpy) - No such comm: 9f7533cfdb094f40840aa180fade6602
(cellpy) - No such comm: 9f7533cfdb094f40840aa180fade6602
(cellpy) - No such comm: 9f7533cfdb094f40840aa180fade6602
(cellpy) - No such comm: 9f7533cfdb094f40840aa180fade6602
(cellpy) - No such comm: 9f7533cfdb094f40840aa180fade6602
(cellpy) - No such comm: 9f7533cfdb094f40840aa180fade6602
(cellpy) - No such comm: 9f7533cfdb094f40840aa180fade6602
(cellpy) - No such comm: 9f7533cfdb094f40840aa180fade6602
(cellpy) - No such comm: 9f7533cfdb094f40840aa180fade6602
(cellpy) - No such comm: 9f7533cfdb094f40840aa180fade6602
(cellpy) - No such comm: 9f7533cfdb094f40840aa180fade6602
(cellpy) - No such comm: 9f7533cfdb094f40840aa180fade6602
(cellpy) - No such comm: e94960ff202a46ad8204cbc41d8b2070
(cellpy) - No such comm: e94960ff202a46ad8204cbc41d8b2070
(cellpy) - No such comm: e94960ff202a46ad8204cbc41d8b2070
(cellpy) - No such comm: e94960ff202a46ad8204cbc41d8b2070
(cellpy) - No such comm: e94960ff202a46ad8204cbc41d8b2070
(cellpy) - No such comm: e94960ff202a46ad8204cbc41d8b2070
(cellpy) - No such comm: e94960ff202a46ad8204cbc41d8b2070
(cellpy) - No such comm: e94960ff202a46ad8204cbc41d8b2070
(cellpy) - No such comm: e94960ff202a46ad8204cbc41d8b2070
(cellpy) - No such comm: e94960ff202a46ad8204cbc41d8b2070
(cellpy) - No such comm: e94960ff202a46ad8204cbc41d8b2070
(cellpy) - No such comm: e94960ff202a46ad8204cbc41d8b2070
(cellpy) - No such comm: e94960ff202a46ad8204cbc41d8b2070
(cellpy) - No such comm: e94960ff202a46ad8204cbc41d8b2070
(cellpy) - No such comm: 67016be8b78d4f4cbe16ed8388687f3b
(cellpy) - No such comm: 67016be8b78d4f4cbe16ed8388687f3b
(cellpy) - No such comm: 67016be8b78d4f4cbe16ed8388687f3b
(cellpy) - No such comm: 67016be8b78d4f4cbe16ed8388687f3b
(cellpy) - No such comm: 67016be8b78d4f4cbe16ed8388687f3b
(cellpy) - No such comm: 67016be8b78d4f4cbe16ed8388687f3b
(cellpy) - No such comm: 67016be8b78d4f4cbe16ed8388687f3b
(cellpy) - No such comm: 67016be8b78d4f4cbe16ed8388687f3b
(cellpy) - No such comm: 67016be8b78d4f4cbe16ed8388687f3b
(cellpy) - No such comm: 67016be8b78d4f4cbe16ed8388687f3b
(cellpy) - No such comm: 67016be8b78d4f4cbe16ed8388687f3b
(cellpy) - No such comm: 67016be8b78d4f4cbe16ed8388687f3b
(cellpy) - No such comm: 67016be8b78d4f4cbe16ed8388687f3b
(cellpy) - No such comm: 67016be8b78d4f4cbe16ed8388687f3b
(cellpy) - No such comm: 296672f018d149fb8f95f5c305d31ffa
(cellpy) - No such comm: 296672f018d149fb8f95f5c305d31ffa
(cellpy) - No such comm: 296672f018d149fb8f95f5c305d31ffa
(cellpy) - No such comm: 296672f018d149fb8f95f5c305d31ffa
(cellpy) - No such comm: 296672f018d149fb8f95f5c305d31ffa
(cellpy) - No such comm: 296672f018d149fb8f95f5c305d31ffa
(cellpy) - No such comm: 296672f018d149fb8f95f5c305d31ffa
(cellpy) - No such comm: 296672f018d149fb8f95f5c305d31ffa
(cellpy) - No such comm: 296672f018d149fb8f95f5c305d31ffa
(cellpy) - No such comm: 296672f018d149fb8f95f5c305d31ffa
(cellpy) - No such comm: 296672f018d149fb8f95f5c305d31ffa
(cellpy) - No such comm: 296672f018d149fb8f95f5c305d31ffa
(cellpy) - No such comm: 296672f018d149fb8f95f5c305d31ffa
(cellpy) - No such comm: 296672f018d149fb8f95f5c305d31ffa
(cellpy) - No such comm: 35662f6dae9c4fe396a62015c7a24509
(cellpy) - No such comm: 35662f6dae9c4fe396a62015c7a24509
(cellpy) - No such comm: 35662f6dae9c4fe396a62015c7a24509
(cellpy) - No such comm: 35662f6dae9c4fe396a62015c7a24509
(cellpy) - No such comm: 35662f6dae9c4fe396a62015c7a24509
(cellpy) - No such comm: 35662f6dae9c4fe396a62015c7a24509
(cellpy) - No such comm: 35662f6dae9c4fe396a62015c7a24509
(cellpy) - No such comm: 35662f6dae9c4fe396a62015c7a24509
(cellpy) - No such comm: 35662f6dae9c4fe396a62015c7a24509
(cellpy) - No such comm: 35662f6dae9c4fe396a62015c7a24509
(cellpy) - No such comm: 35662f6dae9c4fe396a62015c7a24509
(cellpy) - No such comm: 35662f6dae9c4fe396a62015c7a24509
(cellpy) - No such comm: 35662f6dae9c4fe396a62015c7a24509
(cellpy) - No such comm: 35662f6dae9c4fe396a62015c7a24509
(cellpy) - No such comm: 0df3baee5ffc4f268f91bfc4b332b472
(cellpy) - No such comm: 0df3baee5ffc4f268f91bfc4b332b472
(cellpy) - No such comm: 0df3baee5ffc4f268f91bfc4b332b472
(cellpy) - No such comm: 0df3baee5ffc4f268f91bfc4b332b472
(cellpy) - No such comm: 0df3baee5ffc4f268f91bfc4b332b472
(cellpy) - No such comm: 0df3baee5ffc4f268f91bfc4b332b472
(cellpy) - No such comm: 0df3baee5ffc4f268f91bfc4b332b472
(cellpy) - No such comm: 0df3baee5ffc4f268f91bfc4b332b472
(cellpy) - No such comm: 0df3baee5ffc4f268f91bfc4b332b472
(cellpy) - No such comm: 0df3baee5ffc4f268f91bfc4b332b472
(cellpy) - No such comm: 0df3baee5ffc4f268f91bfc4b332b472
(cellpy) - No such comm: 0df3baee5ffc4f268f91bfc4b332b472
(cellpy) - No such comm: 0df3baee5ffc4f268f91bfc4b332b472
(cellpy) - No such comm: 0df3baee5ffc4f268f91bfc4b332b472
(cellpy) - No such comm: 9b79571f9917467fbbda0230ca68d049
(cellpy) - No such comm: 9b79571f9917467fbbda0230ca68d049
(cellpy) - No such comm: 9b79571f9917467fbbda0230ca68d049
(cellpy) - No such comm: 9b79571f9917467fbbda0230ca68d049
(cellpy) - No such comm: 9b79571f9917467fbbda0230ca68d049
(cellpy) - No such comm: 9b79571f9917467fbbda0230ca68d049
(cellpy) - No such comm: 9b79571f9917467fbbda0230ca68d049
(cellpy) - No such comm: 9b79571f9917467fbbda0230ca68d049
(cellpy) - No such comm: 9b79571f9917467fbbda0230ca68d049
(cellpy) - No such comm: 9b79571f9917467fbbda0230ca68d049
(cellpy) - No such comm: 9b79571f9917467fbbda0230ca68d049
(cellpy) - No such comm: 9b79571f9917467fbbda0230ca68d049
(cellpy) - No such comm: 9b79571f9917467fbbda0230ca68d049
(cellpy) - No such comm: 9b79571f9917467fbbda0230ca68d049
(cellpy) - No such comm: c27f489efe8644ce8e77c7072fd305f6
(cellpy) - No such comm: c27f489efe8644ce8e77c7072fd305f6
(cellpy) - No such comm: c27f489efe8644ce8e77c7072fd305f6
(cellpy) - No such comm: c27f489efe8644ce8e77c7072fd305f6
(cellpy) - No such comm: c27f489efe8644ce8e77c7072fd305f6
(cellpy) - No such comm: c27f489efe8644ce8e77c7072fd305f6
(cellpy) - No such comm: c27f489efe8644ce8e77c7072fd305f6
(cellpy) - No such comm: c27f489efe8644ce8e77c7072fd305f6
(cellpy) - No such comm: c27f489efe8644ce8e77c7072fd305f6
(cellpy) - No such comm: c27f489efe8644ce8e77c7072fd305f6
(cellpy) - No such comm: c27f489efe8644ce8e77c7072fd305f6
(cellpy) - No such comm: c27f489efe8644ce8e77c7072fd305f6
(cellpy) - No such comm: c27f489efe8644ce8e77c7072fd305f6
(cellpy) - No such comm: c27f489efe8644ce8e77c7072fd305f6
(cellpy) - No such comm: 8c248c54a9f54f0fa72e171134c3facd
(cellpy) - No such comm: 8c248c54a9f54f0fa72e171134c3facd
(cellpy) - No such comm: 8c248c54a9f54f0fa72e171134c3facd
(cellpy) - No such comm: 8c248c54a9f54f0fa72e171134c3facd
(cellpy) - No such comm: 8c248c54a9f54f0fa72e171134c3facd
(cellpy) - No such comm: 8c248c54a9f54f0fa72e171134c3facd
(cellpy) - No such comm: 8c248c54a9f54f0fa72e171134c3facd
(cellpy) - No such comm: 8c248c54a9f54f0fa72e171134c3facd
(cellpy) - No such comm: 8c248c54a9f54f0fa72e171134c3facd
(cellpy) - No such comm: 8c248c54a9f54f0fa72e171134c3facd
(cellpy) - No such comm: 8c248c54a9f54f0fa72e171134c3facd
(cellpy) - No such comm: 8c248c54a9f54f0fa72e171134c3facd
(cellpy) - No such comm: 8c248c54a9f54f0fa72e171134c3facd
(cellpy) - No such comm: 8c248c54a9f54f0fa72e171134c3facd
(cellpy) - No such comm: 2697ce89899d4545947e0971835a5ac3
(cellpy) - No such comm: 2697ce89899d4545947e0971835a5ac3
(cellpy) - No such comm: 2697ce89899d4545947e0971835a5ac3
(cellpy) - No such comm: 2697ce89899d4545947e0971835a5ac3
(cellpy) - No such comm: 2697ce89899d4545947e0971835a5ac3
(cellpy) - No such comm: 2697ce89899d4545947e0971835a5ac3
(cellpy) - No such comm: 2697ce89899d4545947e0971835a5ac3
(cellpy) - No such comm: 2697ce89899d4545947e0971835a5ac3
(cellpy) - No such comm: 2697ce89899d4545947e0971835a5ac3
(cellpy) - No such comm: 2697ce89899d4545947e0971835a5ac3
(cellpy) - No such comm: 2697ce89899d4545947e0971835a5ac3
(cellpy) - No such comm: 2697ce89899d4545947e0971835a5ac3
(cellpy) - No such comm: 2697ce89899d4545947e0971835a5ac3
(cellpy) - No such comm: 2697ce89899d4545947e0971835a5ac3
(cellpy) - No such comm: 2697ce89899d4545947e0971835a5ac3
(cellpy) - No such comm: 2697ce89899d4545947e0971835a5ac3
(cellpy) - No such comm: 2697ce89899d4545947e0971835a5ac3
(cellpy) - No such comm: 2697ce89899d4545947e0971835a5ac3
(cellpy) - No such comm: 2697ce89899d4545947e0971835a5ac3
(cellpy) - No such comm: 2697ce89899d4545947e0971835a5ac3
(cellpy) - No such comm: 2697ce89899d4545947e0971835a5ac3
(cellpy) - No such comm: 2697ce89899d4545947e0971835a5ac3
(cellpy) - No such comm: 2697ce89899d4545947e0971835a5ac3
(cellpy) - No such comm: 2697ce89899d4545947e0971835a5ac3
(cellpy) - No such comm: 2697ce89899d4545947e0971835a5ac3
(cellpy) - No such comm: 2697ce89899d4545947e0971835a5ac3
(cellpy) - No such comm: 2697ce89899d4545947e0971835a5ac3
(cellpy) - No such comm: 2697ce89899d4545947e0971835a5ac3
(cellpy) - No such comm: 2697ce89899d4545947e0971835a5ac3
(cellpy) - No such comm: 2697ce89899d4545947e0971835a5ac3
(cellpy) - No such comm: 2697ce89899d4545947e0971835a5ac3
(cellpy) - No such comm: 2697ce89899d4545947e0971835a5ac3
(cellpy) - No such comm: 2697ce89899d4545947e0971835a5ac3
(cellpy) - No such comm: 2697ce89899d4545947e0971835a5ac3
(cellpy) - No such comm: 2697ce89899d4545947e0971835a5ac3
(cellpy) - No such comm: 2697ce89899d4545947e0971835a5ac3
(cellpy) - No such comm: 2697ce89899d4545947e0971835a5ac3
(cellpy) - No such comm: 2697ce89899d4545947e0971835a5ac3
(cellpy) - No such comm: 2697ce89899d4545947e0971835a5ac3
(cellpy) - No such comm: 2697ce89899d4545947e0971835a5ac3
(cellpy) - No such comm: 2697ce89899d4545947e0971835a5ac3
(cellpy) - No such comm: 2697ce89899d4545947e0971835a5ac3
(cellpy) - No such comm: 2697ce89899d4545947e0971835a5ac3
(cellpy) - No such comm: 2697ce89899d4545947e0971835a5ac3
(cellpy) - No such comm: 2697ce89899d4545947e0971835a5ac3
(cellpy) - No such comm: 2697ce89899d4545947e0971835a5ac3
(cellpy) - No such comm: 2697ce89899d4545947e0971835a5ac3
(cellpy) - No such comm: 2697ce89899d4545947e0971835a5ac3
(cellpy) - No such comm: 2697ce89899d4545947e0971835a5ac3
(cellpy) - No such comm: 2697ce89899d4545947e0971835a5ac3
(cellpy) - No such comm: 2697ce89899d4545947e0971835a5ac3
(cellpy) - No such comm: 1cc632d40d4b411a98d356f6ae7ca319
(cellpy) - No such comm: 1cc632d40d4b411a98d356f6ae7ca319
(cellpy) - No such comm: 1cc632d40d4b411a98d356f6ae7ca319
(cellpy) - No such comm: 1cc632d40d4b411a98d356f6ae7ca319
(cellpy) - No such comm: 1cc632d40d4b411a98d356f6ae7ca319
(cellpy) - No such comm: 1cc632d40d4b411a98d356f6ae7ca319
(cellpy) - No such comm: 1cc632d40d4b411a98d356f6ae7ca319
(cellpy) - No such comm: 1cc632d40d4b411a98d356f6ae7ca319
(cellpy) - No such comm: 1cc632d40d4b411a98d356f6ae7ca319
(cellpy) - No such comm: 1cc632d40d4b411a98d356f6ae7ca319
(cellpy) - No such comm: 1cc632d40d4b411a98d356f6ae7ca319
(cellpy) - No such comm: 1cc632d40d4b411a98d356f6ae7ca319
(cellpy) - No such comm: 1cc632d40d4b411a98d356f6ae7ca319
(cellpy) - No such comm: 1cc632d40d4b411a98d356f6ae7ca319
(cellpy) - No such comm: 96e0fe4e4d2646d1b3d5a44959930edd
(cellpy) - No such comm: 96e0fe4e4d2646d1b3d5a44959930edd
(cellpy) - No such comm: 96e0fe4e4d2646d1b3d5a44959930edd
(cellpy) - No such comm: 96e0fe4e4d2646d1b3d5a44959930edd
(cellpy) - No such comm: 96e0fe4e4d2646d1b3d5a44959930edd
(cellpy) - No such comm: 96e0fe4e4d2646d1b3d5a44959930edd
(cellpy) - No such comm: 96e0fe4e4d2646d1b3d5a44959930edd
(cellpy) - No such comm: 96e0fe4e4d2646d1b3d5a44959930edd
(cellpy) - No such comm: 96e0fe4e4d2646d1b3d5a44959930edd
(cellpy) - No such comm: 96e0fe4e4d2646d1b3d5a44959930edd
(cellpy) - No such comm: 96e0fe4e4d2646d1b3d5a44959930edd
(cellpy) - No such comm: 96e0fe4e4d2646d1b3d5a44959930edd
(cellpy) - No such comm: 96e0fe4e4d2646d1b3d5a44959930edd
(cellpy) - No such comm: 96e0fe4e4d2646d1b3d5a44959930edd
(cellpy) - No such comm: 96e0fe4e4d2646d1b3d5a44959930edd
(cellpy) - No such comm: 96e0fe4e4d2646d1b3d5a44959930edd
(cellpy) - No such comm: 96e0fe4e4d2646d1b3d5a44959930edd
(cellpy) - No such comm: 96e0fe4e4d2646d1b3d5a44959930edd
(cellpy) - No such comm: 96e0fe4e4d2646d1b3d5a44959930edd
(cellpy) - No such comm: 96e0fe4e4d2646d1b3d5a44959930edd
(cellpy) - No such comm: 96e0fe4e4d2646d1b3d5a44959930edd
(cellpy) - No such comm: 96e0fe4e4d2646d1b3d5a44959930edd
(cellpy) - No such comm: 96e0fe4e4d2646d1b3d5a44959930edd
(cellpy) - No such comm: 96e0fe4e4d2646d1b3d5a44959930edd
(cellpy) - No such comm: 96e0fe4e4d2646d1b3d5a44959930edd
(cellpy) - No such comm: 96e0fe4e4d2646d1b3d5a44959930edd
(cellpy) - No such comm: 96e0fe4e4d2646d1b3d5a44959930edd
(cellpy) - No such comm: 96e0fe4e4d2646d1b3d5a44959930edd
(cellpy) - No such comm: 96e0fe4e4d2646d1b3d5a44959930edd
(cellpy) - No such comm: 96e0fe4e4d2646d1b3d5a44959930edd
(cellpy) - No such comm: 96e0fe4e4d2646d1b3d5a44959930edd
(cellpy) - No such comm: 96e0fe4e4d2646d1b3d5a44959930edd
(cellpy) - No such comm: 96e0fe4e4d2646d1b3d5a44959930edd
(cellpy) - No such comm: 96e0fe4e4d2646d1b3d5a44959930edd
(cellpy) - No such comm: 96e0fe4e4d2646d1b3d5a44959930edd
(cellpy) - No such comm: 96e0fe4e4d2646d1b3d5a44959930edd
(cellpy) - No such comm: 96e0fe4e4d2646d1b3d5a44959930edd
(cellpy) - No such comm: 96e0fe4e4d2646d1b3d5a44959930edd
(cellpy) - No such comm: 96e0fe4e4d2646d1b3d5a44959930edd
(cellpy) - No such comm: 96e0fe4e4d2646d1b3d5a44959930edd
(cellpy) - No such comm: 96e0fe4e4d2646d1b3d5a44959930edd
(cellpy) - No such comm: 96e0fe4e4d2646d1b3d5a44959930edd
(cellpy) - No such comm: 96e0fe4e4d2646d1b3d5a44959930edd
(cellpy) - No such comm: 96e0fe4e4d2646d1b3d5a44959930edd
(cellpy) - No such comm: 96e0fe4e4d2646d1b3d5a44959930edd
(cellpy) - No such comm: 96e0fe4e4d2646d1b3d5a44959930edd
(cellpy) - No such comm: 96e0fe4e4d2646d1b3d5a44959930edd
(cellpy) - No such comm: 96e0fe4e4d2646d1b3d5a44959930edd
(cellpy) - No such comm: 96e0fe4e4d2646d1b3d5a44959930edd
(cellpy) - No such comm: 96e0fe4e4d2646d1b3d5a44959930edd
(cellpy) - No such comm: 96e0fe4e4d2646d1b3d5a44959930edd
(cellpy) - No such comm: 96e0fe4e4d2646d1b3d5a44959930edd
(cellpy) - No such comm: 96e0fe4e4d2646d1b3d5a44959930edd
(cellpy) - No such comm: 96e0fe4e4d2646d1b3d5a44959930edd
(cellpy) - No such comm: 96e0fe4e4d2646d1b3d5a44959930edd
(cellpy) - No such comm: 96e0fe4e4d2646d1b3d5a44959930edd
(cellpy) - No such comm: 96e0fe4e4d2646d1b3d5a44959930edd
(cellpy) - No such comm: 96e0fe4e4d2646d1b3d5a44959930edd
(cellpy) - No such comm: 96e0fe4e4d2646d1b3d5a44959930edd
(cellpy) - No such comm: 96e0fe4e4d2646d1b3d5a44959930edd
(cellpy) - No such comm: 96e0fe4e4d2646d1b3d5a44959930edd
(cellpy) - No such comm: 96e0fe4e4d2646d1b3d5a44959930edd
(cellpy) - No such comm: 96e0fe4e4d2646d1b3d5a44959930edd
(cellpy) - No such comm: 96e0fe4e4d2646d1b3d5a44959930edd
(cellpy) - No such comm: 96e0fe4e4d2646d1b3d5a44959930edd
(cellpy) - No such comm: 96e0fe4e4d2646d1b3d5a44959930edd
(cellpy) - No such comm: 96e0fe4e4d2646d1b3d5a44959930edd
(cellpy) - No such comm: 96e0fe4e4d2646d1b3d5a44959930edd
(cellpy) - No such comm: 96e0fe4e4d2646d1b3d5a44959930edd
(cellpy) - No such comm: 96e0fe4e4d2646d1b3d5a44959930edd
(cellpy) - No such comm: 96e0fe4e4d2646d1b3d5a44959930edd
(cellpy) - No such comm: 96e0fe4e4d2646d1b3d5a44959930edd
(cellpy) - No such comm: 96e0fe4e4d2646d1b3d5a44959930edd
(cellpy) - No such comm: 96e0fe4e4d2646d1b3d5a44959930edd
(cellpy) - No such comm: 96e0fe4e4d2646d1b3d5a44959930edd
(cellpy) - No such comm: c7db208c11094e59b2924847e5806805
(cellpy) - No such comm: c7db208c11094e59b2924847e5806805
(cellpy) - No such comm: c7db208c11094e59b2924847e5806805
(cellpy) - No such comm: c7db208c11094e59b2924847e5806805
(cellpy) - No such comm: c7db208c11094e59b2924847e5806805
(cellpy) - No such comm: c7db208c11094e59b2924847e5806805
(cellpy) - No such comm: c7db208c11094e59b2924847e5806805
(cellpy) - No such comm: c7db208c11094e59b2924847e5806805
(cellpy) - No such comm: c7db208c11094e59b2924847e5806805
(cellpy) - No such comm: c7db208c11094e59b2924847e5806805
(cellpy) - No such comm: c7db208c11094e59b2924847e5806805
(cellpy) - No such comm: c7db208c11094e59b2924847e5806805
(cellpy) - No such comm: c7db208c11094e59b2924847e5806805
(cellpy) - No such comm: c7db208c11094e59b2924847e5806805
(cellpy) - Loading raw-file: ['Z:/PROJ_GMJULY2022/Cycler_Data_By_Cell/GMJuly2022_CELL901/GMJuly2022_CELL901REF_RPT_3_P25C_P5P0PSI_20230228_R1.res', 'Z:/PROJ_GMJULY2022/Cycler_Data_By_Cell/GMJuly2022_CELL901/GMJuly2022_CELL901REF_RATE_1_P25C_P5P0PSI_20230302_R1.res']
(cellpy) - Setting mass: 1
(cellpy) - Creating step table
(cellpy) - Creating summary data
(cellpy) - Using the following nominal capacity: 1.0
(cellpy) - Assuming cycling in anode half-data (discharge before charge) mode
(cellpy) - Created CellpyCell object
(cellpy) - No such comm: 602a0219c15e4931b0a9aa540a0fce71
(cellpy) - No such comm: 602a0219c15e4931b0a9aa540a0fce71
(cellpy) - No such comm: 602a0219c15e4931b0a9aa540a0fce71
(cellpy) - No such comm: 602a0219c15e4931b0a9aa540a0fce71
(cellpy) - No such comm: 602a0219c15e4931b0a9aa540a0fce71
(cellpy) - No such comm: 602a0219c15e4931b0a9aa540a0fce71
(cellpy) - No such comm: 602a0219c15e4931b0a9aa540a0fce71
(cellpy) - No such comm: 602a0219c15e4931b0a9aa540a0fce71
(cellpy) - No such comm: 602a0219c15e4931b0a9aa540a0fce71
(cellpy) - No such comm: 602a0219c15e4931b0a9aa540a0fce71
(cellpy) - No such comm: 602a0219c15e4931b0a9aa540a0fce71
(cellpy) - No such comm: 602a0219c15e4931b0a9aa540a0fce71
(cellpy) - No such comm: 602a0219c15e4931b0a9aa540a0fce71
(cellpy) - No such comm: 6d9c8fe1b2c14eb88754f82e942da923
(cellpy) - No such comm: 6d9c8fe1b2c14eb88754f82e942da923
(cellpy) - No such comm: 6d9c8fe1b2c14eb88754f82e942da923
(cellpy) - No such comm: 6d9c8fe1b2c14eb88754f82e942da923
(cellpy) - No such comm: 6d9c8fe1b2c14eb88754f82e942da923
(cellpy) - No such comm: 6d9c8fe1b2c14eb88754f82e942da923
(cellpy) - No such comm: 6d9c8fe1b2c14eb88754f82e942da923
(cellpy) - No such comm: 602a0219c15e4931b0a9aa540a0fce71
(cellpy) - No such comm: 6d9c8fe1b2c14eb88754f82e942da923
(cellpy) - No such comm: 6d9c8fe1b2c14eb88754f82e942da923
(cellpy) - No such comm: 6d9c8fe1b2c14eb88754f82e942da923
(cellpy) - No such comm: 6d9c8fe1b2c14eb88754f82e942da923
(cellpy) - No such comm: 6d9c8fe1b2c14eb88754f82e942da923
(cellpy) - No such comm: 6d9c8fe1b2c14eb88754f82e942da923
(cellpy) - No such comm: 6d9c8fe1b2c14eb88754f82e942da923
(cellpy) - 
Could not set custom log-dir - non-existing directory
Dir: c:\Users\Vivian\Dropbox (University of Michigan)\from_box\Research\PyBaMM\PyBaMM\degradation_model\tuning_umbl2022feb\cellpy_data\logs
Using current directory instead: c:\Users\Vivian\Dropbox (University of Michigan)\from_box\Research\PyBaMM\PyBaMM\degradation_model\tuning_umbl2022feb
(cellpy) - Loading raw-file: ['Z:/PROJ_GMJULY2022/Cycler_Data_By_Cell/GMJuly2022_CELL901/GMJuly2022_CELL901REF_RPT_3_P25C_P5P0PSI_20230228_R1.res', 'Z:/PROJ_GMJULY2022/Cycler_Data_By_Cell/GMJuly2022_CELL901/GMJuly2022_CELL901REF_RATE_1_P25C_P5P0PSI_20230302_R1.res']
(cellpy) - Setting mass: 1
(cellpy) - Creating step table
(cellpy) - Creating summary data
(cellpy) - Using the following nominal capacity: 1.0
(cellpy) - Assuming cycling in anode half-data (discharge before charge) mode
(cellpy) - Created CellpyCell object
(cellpy) - 
Could not set custom log-dir - non-existing directory
Dir: c:\Users\Vivian\Dropbox (University of Michigan)\from_box\Research\PyBaMM\PyBaMM\degradation_model\tuning_umbl2022feb\cellpy_data\logs
Using current directory instead: c:\Users\Vivian\Dropbox (University of Michigan)\from_box\Research\PyBaMM\PyBaMM\degradation_model\tuning_umbl2022feb
(cellpy) - Loading raw-file: ['Z:/PROJ_GMJULY2022/Cycler_Data_By_Cell/GMJuly2022_CELL901/GMJuly2022_CELL901REF_RPT_3_P25C_P5P0PSI_20230228_R1.res', 'Z:/PROJ_GMJULY2022/Cycler_Data_By_Cell/GMJuly2022_CELL901/GMJuly2022_CELL901REF_RATE_1_P25C_P5P0PSI_20230302_R1.res']
(cellpy) - Setting mass: 1
(cellpy) - Creating step table
(cellpy) - Creating summary data
(cellpy) - Using the following nominal capacity: 1.0
(cellpy) - Assuming cycling in anode half-data (discharge before charge) mode
(cellpy) - Created CellpyCell object
(cellpy) - No such comm: f5f049300d784b34bd228eec22cca3cb
(cellpy) - No such comm: f5f049300d784b34bd228eec22cca3cb
(cellpy) - No such comm: f5f049300d784b34bd228eec22cca3cb
(cellpy) - No such comm: f5f049300d784b34bd228eec22cca3cb
(cellpy) - No such comm: f5f049300d784b34bd228eec22cca3cb
(cellpy) - No such comm: f5f049300d784b34bd228eec22cca3cb
(cellpy) - No such comm: f5f049300d784b34bd228eec22cca3cb
(cellpy) - No such comm: f5f049300d784b34bd228eec22cca3cb
(cellpy) - No such comm: f5f049300d784b34bd228eec22cca3cb
(cellpy) - No such comm: f5f049300d784b34bd228eec22cca3cb
(cellpy) - No such comm: f5f049300d784b34bd228eec22cca3cb
(cellpy) - No such comm: f5f049300d784b34bd228eec22cca3cb
(cellpy) - No such comm: f5f049300d784b34bd228eec22cca3cb
(cellpy) - No such comm: 616d4a3828e147a49e07886cb776b4f4
(cellpy) - No such comm: 616d4a3828e147a49e07886cb776b4f4
(cellpy) - No such comm: 616d4a3828e147a49e07886cb776b4f4
(cellpy) - No such comm: 616d4a3828e147a49e07886cb776b4f4
(cellpy) - No such comm: 616d4a3828e147a49e07886cb776b4f4
(cellpy) - No such comm: 616d4a3828e147a49e07886cb776b4f4
(cellpy) - No such comm: 616d4a3828e147a49e07886cb776b4f4
(cellpy) - No such comm: f5f049300d784b34bd228eec22cca3cb
(cellpy) - No such comm: 616d4a3828e147a49e07886cb776b4f4
(cellpy) - No such comm: 616d4a3828e147a49e07886cb776b4f4
(cellpy) - No such comm: 616d4a3828e147a49e07886cb776b4f4
(cellpy) - No such comm: 616d4a3828e147a49e07886cb776b4f4
(cellpy) - No such comm: 616d4a3828e147a49e07886cb776b4f4
(cellpy) - No such comm: 616d4a3828e147a49e07886cb776b4f4
(cellpy) - No such comm: 616d4a3828e147a49e07886cb776b4f4
(cellpy) - 
Could not set custom log-dir - non-existing directory
Dir: c:\Users\Vivian\Dropbox (University of Michigan)\from_box\Research\PyBaMM\PyBaMM\degradation_model\tuning_umbl2022feb\cellpy_data\logs
Using current directory instead: c:\Users\Vivian\Dropbox (University of Michigan)\from_box\Research\PyBaMM\PyBaMM\degradation_model\tuning_umbl2022feb
(cellpy) - Loading raw-file: ['Z:/PROJ_GMJULY2022/Cycler_Data_By_Cell/GMJuly2022_CELL901/GMJuly2022_CELL901REF_RPT_3_P25C_P5P0PSI_20230228_R1.res', 'Z:/PROJ_GMJULY2022/Cycler_Data_By_Cell/GMJuly2022_CELL901/GMJuly2022_CELL901REF_RATE_1_P25C_P5P0PSI_20230302_R1.res']
(cellpy) - Setting mass: 1
(cellpy) - Creating step table
(cellpy) - Creating summary data
(cellpy) - Using the following nominal capacity: 1.0
(cellpy) - Assuming cycling in anode half-data (discharge before charge) mode
(cellpy) - Created CellpyCell object
(cellpy) - 
Could not set custom log-dir - non-existing directory
Dir: c:\Users\Vivian\Dropbox (University of Michigan)\from_box\Research\PyBaMM\PyBaMM\degradation_model\tuning_umbl2022feb\cellpy_data\logs
Using current directory instead: c:\Users\Vivian\Dropbox (University of Michigan)\from_box\Research\PyBaMM\PyBaMM\degradation_model\tuning_umbl2022feb
(cellpy) - Loading raw-file: ['Z:/PROJ_GMJULY2022/Cycler_Data_By_Cell/GMJuly2022_CELL901/GMJuly2022_CELL901REF_RPT_3_P25C_P5P0PSI_20230228_R1.res', 'Z:/PROJ_GMJULY2022/Cycler_Data_By_Cell/GMJuly2022_CELL901/GMJuly2022_CELL901REF_RATE_1_P25C_P5P0PSI_20230302_R1.res']
(cellpy) - Setting mass: 1
(cellpy) - Creating step table
(cellpy) - Creating summary data
(cellpy) - Using the following nominal capacity: 1.0
(cellpy) - Assuming cycling in anode half-data (discharge before charge) mode
(cellpy) - Created CellpyCell object
(cellpy) - No such comm: da392b6944134dac8d76ce1ade27d2cc
(cellpy) - No such comm: da392b6944134dac8d76ce1ade27d2cc
(cellpy) - No such comm: da392b6944134dac8d76ce1ade27d2cc
(cellpy) - No such comm: da392b6944134dac8d76ce1ade27d2cc
(cellpy) - No such comm: da392b6944134dac8d76ce1ade27d2cc
(cellpy) - No such comm: da392b6944134dac8d76ce1ade27d2cc
(cellpy) - No such comm: da392b6944134dac8d76ce1ade27d2cc
(cellpy) - No such comm: da392b6944134dac8d76ce1ade27d2cc
(cellpy) - No such comm: da392b6944134dac8d76ce1ade27d2cc
(cellpy) - No such comm: da392b6944134dac8d76ce1ade27d2cc
(cellpy) - No such comm: da392b6944134dac8d76ce1ade27d2cc
(cellpy) - No such comm: da392b6944134dac8d76ce1ade27d2cc
(cellpy) - No such comm: da392b6944134dac8d76ce1ade27d2cc
(cellpy) - No such comm: da392b6944134dac8d76ce1ade27d2cc
(cellpy) - No such comm: 5539836e415f4529bf86f3119adf3618
(cellpy) - No such comm: 5539836e415f4529bf86f3119adf3618
(cellpy) - No such comm: 5539836e415f4529bf86f3119adf3618
(cellpy) - No such comm: 5539836e415f4529bf86f3119adf3618
(cellpy) - No such comm: 5539836e415f4529bf86f3119adf3618
(cellpy) - No such comm: 5539836e415f4529bf86f3119adf3618
(cellpy) - No such comm: 5539836e415f4529bf86f3119adf3618
(cellpy) - No such comm: 5539836e415f4529bf86f3119adf3618
(cellpy) - No such comm: 5539836e415f4529bf86f3119adf3618
(cellpy) - No such comm: 5539836e415f4529bf86f3119adf3618
(cellpy) - No such comm: 5539836e415f4529bf86f3119adf3618
(cellpy) - No such comm: 5539836e415f4529bf86f3119adf3618
(cellpy) - No such comm: 5539836e415f4529bf86f3119adf3618
(cellpy) - No such comm: 5539836e415f4529bf86f3119adf3618
(cellpy) - No such comm: f7182e72ea9e4eff90f4e1553f95d923
(cellpy) - No such comm: f7182e72ea9e4eff90f4e1553f95d923
(cellpy) - No such comm: f7182e72ea9e4eff90f4e1553f95d923
(cellpy) - No such comm: f7182e72ea9e4eff90f4e1553f95d923
(cellpy) - No such comm: f7182e72ea9e4eff90f4e1553f95d923
(cellpy) - No such comm: f7182e72ea9e4eff90f4e1553f95d923
(cellpy) - No such comm: f7182e72ea9e4eff90f4e1553f95d923
(cellpy) - No such comm: f7182e72ea9e4eff90f4e1553f95d923
(cellpy) - No such comm: f7182e72ea9e4eff90f4e1553f95d923
(cellpy) - No such comm: f7182e72ea9e4eff90f4e1553f95d923
(cellpy) - No such comm: f7182e72ea9e4eff90f4e1553f95d923
(cellpy) - No such comm: f7182e72ea9e4eff90f4e1553f95d923
(cellpy) - No such comm: f7182e72ea9e4eff90f4e1553f95d923
(cellpy) - No such comm: f7182e72ea9e4eff90f4e1553f95d923
(cellpy) - No such comm: f7182e72ea9e4eff90f4e1553f95d923
(cellpy) - No such comm: f7182e72ea9e4eff90f4e1553f95d923
(cellpy) - No such comm: f7182e72ea9e4eff90f4e1553f95d923
(cellpy) - No such comm: f7182e72ea9e4eff90f4e1553f95d923
(cellpy) - No such comm: f7182e72ea9e4eff90f4e1553f95d923
(cellpy) - No such comm: f7182e72ea9e4eff90f4e1553f95d923
(cellpy) - No such comm: f7182e72ea9e4eff90f4e1553f95d923
(cellpy) - No such comm: f7182e72ea9e4eff90f4e1553f95d923
(cellpy) - No such comm: f7182e72ea9e4eff90f4e1553f95d923
(cellpy) - No such comm: f7182e72ea9e4eff90f4e1553f95d923
(cellpy) - No such comm: f7182e72ea9e4eff90f4e1553f95d923
(cellpy) - No such comm: f7182e72ea9e4eff90f4e1553f95d923
(cellpy) - No such comm: f7182e72ea9e4eff90f4e1553f95d923
(cellpy) - No such comm: f7182e72ea9e4eff90f4e1553f95d923
(cellpy) - No such comm: f7182e72ea9e4eff90f4e1553f95d923
(cellpy) - No such comm: f7182e72ea9e4eff90f4e1553f95d923
(cellpy) - No such comm: f7182e72ea9e4eff90f4e1553f95d923
(cellpy) - No such comm: f7182e72ea9e4eff90f4e1553f95d923
(cellpy) - No such comm: f7182e72ea9e4eff90f4e1553f95d923
(cellpy) - No such comm: f7182e72ea9e4eff90f4e1553f95d923
(cellpy) - No such comm: f7182e72ea9e4eff90f4e1553f95d923
(cellpy) - No such comm: f7182e72ea9e4eff90f4e1553f95d923
(cellpy) - No such comm: f7182e72ea9e4eff90f4e1553f95d923
(cellpy) - No such comm: f7182e72ea9e4eff90f4e1553f95d923
(cellpy) - No such comm: f7182e72ea9e4eff90f4e1553f95d923
(cellpy) - No such comm: f7182e72ea9e4eff90f4e1553f95d923
(cellpy) - No such comm: f7182e72ea9e4eff90f4e1553f95d923
(cellpy) - No such comm: f7182e72ea9e4eff90f4e1553f95d923
(cellpy) - No such comm: f7182e72ea9e4eff90f4e1553f95d923
(cellpy) - No such comm: f7182e72ea9e4eff90f4e1553f95d923
(cellpy) - No such comm: f7182e72ea9e4eff90f4e1553f95d923
(cellpy) - No such comm: f7182e72ea9e4eff90f4e1553f95d923
(cellpy) - No such comm: f7182e72ea9e4eff90f4e1553f95d923
(cellpy) - No such comm: f7182e72ea9e4eff90f4e1553f95d923
(cellpy) - No such comm: f7182e72ea9e4eff90f4e1553f95d923
(cellpy) - No such comm: f7182e72ea9e4eff90f4e1553f95d923
(cellpy) - No such comm: f7182e72ea9e4eff90f4e1553f95d923
(cellpy) - No such comm: f7182e72ea9e4eff90f4e1553f95d923
(cellpy) - No such comm: f7182e72ea9e4eff90f4e1553f95d923
(cellpy) - No such comm: f7182e72ea9e4eff90f4e1553f95d923
(cellpy) - No such comm: f7182e72ea9e4eff90f4e1553f95d923
(cellpy) - No such comm: f7182e72ea9e4eff90f4e1553f95d923
(cellpy) - No such comm: f7182e72ea9e4eff90f4e1553f95d923
(cellpy) - No such comm: 5c31925a10c04007b9467cb5635a67f7
(cellpy) - No such comm: 5c31925a10c04007b9467cb5635a67f7
(cellpy) - No such comm: 5c31925a10c04007b9467cb5635a67f7
(cellpy) - No such comm: 5c31925a10c04007b9467cb5635a67f7
(cellpy) - No such comm: 5c31925a10c04007b9467cb5635a67f7
(cellpy) - No such comm: 5c31925a10c04007b9467cb5635a67f7
(cellpy) - No such comm: 5c31925a10c04007b9467cb5635a67f7
(cellpy) - No such comm: 5c31925a10c04007b9467cb5635a67f7
(cellpy) - No such comm: 5c31925a10c04007b9467cb5635a67f7
(cellpy) - No such comm: 5c31925a10c04007b9467cb5635a67f7
(cellpy) - No such comm: 5c31925a10c04007b9467cb5635a67f7
(cellpy) - No such comm: 5c31925a10c04007b9467cb5635a67f7
(cellpy) - No such comm: 5c31925a10c04007b9467cb5635a67f7
(cellpy) - No such comm: 5c31925a10c04007b9467cb5635a67f7
(cellpy) - No such comm: 5c31925a10c04007b9467cb5635a67f7
(cellpy) - No such comm: 5c31925a10c04007b9467cb5635a67f7
(cellpy) - No such comm: 5c31925a10c04007b9467cb5635a67f7
(cellpy) - No such comm: 5c31925a10c04007b9467cb5635a67f7
(cellpy) - No such comm: 5c31925a10c04007b9467cb5635a67f7
(cellpy) - No such comm: 5c31925a10c04007b9467cb5635a67f7
(cellpy) - No such comm: 5c31925a10c04007b9467cb5635a67f7
(cellpy) - No such comm: 5c31925a10c04007b9467cb5635a67f7
(cellpy) - No such comm: 5c31925a10c04007b9467cb5635a67f7
(cellpy) - No such comm: 5c31925a10c04007b9467cb5635a67f7
(cellpy) - No such comm: 5c31925a10c04007b9467cb5635a67f7
(cellpy) - No such comm: 5c31925a10c04007b9467cb5635a67f7
(cellpy) - No such comm: 5c31925a10c04007b9467cb5635a67f7
(cellpy) - No such comm: 5c31925a10c04007b9467cb5635a67f7
(cellpy) - No such comm: 5c31925a10c04007b9467cb5635a67f7
(cellpy) - No such comm: 5c31925a10c04007b9467cb5635a67f7
(cellpy) - No such comm: 5c31925a10c04007b9467cb5635a67f7
(cellpy) - No such comm: 5c31925a10c04007b9467cb5635a67f7
(cellpy) - No such comm: 5c31925a10c04007b9467cb5635a67f7
(cellpy) - No such comm: 5c31925a10c04007b9467cb5635a67f7
(cellpy) - No such comm: 5c31925a10c04007b9467cb5635a67f7
(cellpy) - No such comm: 5c31925a10c04007b9467cb5635a67f7
(cellpy) - No such comm: 5c31925a10c04007b9467cb5635a67f7
(cellpy) - No such comm: 5c31925a10c04007b9467cb5635a67f7
(cellpy) - No such comm: 5c31925a10c04007b9467cb5635a67f7
(cellpy) - No such comm: 5c31925a10c04007b9467cb5635a67f7
(cellpy) - No such comm: 5c31925a10c04007b9467cb5635a67f7
(cellpy) - No such comm: 5c31925a10c04007b9467cb5635a67f7
(cellpy) - No such comm: 5c31925a10c04007b9467cb5635a67f7
(cellpy) - No such comm: 5c31925a10c04007b9467cb5635a67f7
(cellpy) - No such comm: 5c31925a10c04007b9467cb5635a67f7
(cellpy) - No such comm: 5c31925a10c04007b9467cb5635a67f7
(cellpy) - No such comm: 5c31925a10c04007b9467cb5635a67f7
(cellpy) - No such comm: 5c31925a10c04007b9467cb5635a67f7
(cellpy) - No such comm: 5c31925a10c04007b9467cb5635a67f7
(cellpy) - No such comm: 5c31925a10c04007b9467cb5635a67f7
(cellpy) - No such comm: 5c31925a10c04007b9467cb5635a67f7
(cellpy) - No such comm: 5c31925a10c04007b9467cb5635a67f7
(cellpy) - No such comm: 5c31925a10c04007b9467cb5635a67f7
(cellpy) - No such comm: 5c31925a10c04007b9467cb5635a67f7
(cellpy) - No such comm: 5c31925a10c04007b9467cb5635a67f7
(cellpy) - No such comm: 5c31925a10c04007b9467cb5635a67f7
(cellpy) - No such comm: 5c31925a10c04007b9467cb5635a67f7
(cellpy) - No such comm: 5c31925a10c04007b9467cb5635a67f7
(cellpy) - No such comm: 5c31925a10c04007b9467cb5635a67f7
(cellpy) - No such comm: e3ae2e17a1884492ab4dbf05b1159621
(cellpy) - No such comm: e3ae2e17a1884492ab4dbf05b1159621
(cellpy) - No such comm: e3ae2e17a1884492ab4dbf05b1159621
(cellpy) - No such comm: e3ae2e17a1884492ab4dbf05b1159621
(cellpy) - No such comm: e3ae2e17a1884492ab4dbf05b1159621
(cellpy) - No such comm: e3ae2e17a1884492ab4dbf05b1159621
(cellpy) - No such comm: e3ae2e17a1884492ab4dbf05b1159621
(cellpy) - No such comm: e3ae2e17a1884492ab4dbf05b1159621
(cellpy) - No such comm: e3ae2e17a1884492ab4dbf05b1159621
(cellpy) - No such comm: e3ae2e17a1884492ab4dbf05b1159621
(cellpy) - No such comm: e3ae2e17a1884492ab4dbf05b1159621
(cellpy) - No such comm: e3ae2e17a1884492ab4dbf05b1159621
(cellpy) - No such comm: e3ae2e17a1884492ab4dbf05b1159621
(cellpy) - No such comm: e3ae2e17a1884492ab4dbf05b1159621
(cellpy) - No such comm: e3ae2e17a1884492ab4dbf05b1159621
(cellpy) - No such comm: e3ae2e17a1884492ab4dbf05b1159621
(cellpy) - No such comm: e3ae2e17a1884492ab4dbf05b1159621
(cellpy) - No such comm: e3ae2e17a1884492ab4dbf05b1159621
(cellpy) - No such comm: e3ae2e17a1884492ab4dbf05b1159621
(cellpy) - No such comm: e3ae2e17a1884492ab4dbf05b1159621
(cellpy) - No such comm: e3ae2e17a1884492ab4dbf05b1159621
(cellpy) - No such comm: e3ae2e17a1884492ab4dbf05b1159621
(cellpy) - No such comm: e3ae2e17a1884492ab4dbf05b1159621
(cellpy) - No such comm: e3ae2e17a1884492ab4dbf05b1159621
(cellpy) - No such comm: e3ae2e17a1884492ab4dbf05b1159621
(cellpy) - No such comm: e3ae2e17a1884492ab4dbf05b1159621
(cellpy) - No such comm: e3ae2e17a1884492ab4dbf05b1159621
(cellpy) - No such comm: e3ae2e17a1884492ab4dbf05b1159621
(cellpy) - No such comm: e3ae2e17a1884492ab4dbf05b1159621
(cellpy) - No such comm: e3ae2e17a1884492ab4dbf05b1159621
(cellpy) - No such comm: e3ae2e17a1884492ab4dbf05b1159621
(cellpy) - No such comm: e3ae2e17a1884492ab4dbf05b1159621
(cellpy) - No such comm: e3ae2e17a1884492ab4dbf05b1159621
(cellpy) - No such comm: e3ae2e17a1884492ab4dbf05b1159621
(cellpy) - No such comm: 33a8c0b22c704ddd9aef6934219574f8
(cellpy) - No such comm: 33a8c0b22c704ddd9aef6934219574f8
(cellpy) - No such comm: 33a8c0b22c704ddd9aef6934219574f8
(cellpy) - No such comm: 33a8c0b22c704ddd9aef6934219574f8
(cellpy) - No such comm: 33a8c0b22c704ddd9aef6934219574f8
(cellpy) - No such comm: 33a8c0b22c704ddd9aef6934219574f8
(cellpy) - No such comm: 33a8c0b22c704ddd9aef6934219574f8
(cellpy) - No such comm: 33a8c0b22c704ddd9aef6934219574f8
(cellpy) - No such comm: 33a8c0b22c704ddd9aef6934219574f8
(cellpy) - No such comm: 33a8c0b22c704ddd9aef6934219574f8
(cellpy) - No such comm: 33a8c0b22c704ddd9aef6934219574f8
(cellpy) - No such comm: 33a8c0b22c704ddd9aef6934219574f8
(cellpy) - No such comm: 33a8c0b22c704ddd9aef6934219574f8
(cellpy) - No such comm: 33a8c0b22c704ddd9aef6934219574f8
(cellpy) - No such comm: ba07d9d084f84ac499b917d3689f34a7
(cellpy) - No such comm: ba07d9d084f84ac499b917d3689f34a7
(cellpy) - No such comm: ba07d9d084f84ac499b917d3689f34a7
(cellpy) - No such comm: ba07d9d084f84ac499b917d3689f34a7
(cellpy) - No such comm: ba07d9d084f84ac499b917d3689f34a7
(cellpy) - No such comm: ba07d9d084f84ac499b917d3689f34a7
(cellpy) - No such comm: ba07d9d084f84ac499b917d3689f34a7
(cellpy) - No such comm: ba07d9d084f84ac499b917d3689f34a7
(cellpy) - No such comm: ba07d9d084f84ac499b917d3689f34a7
(cellpy) - No such comm: ba07d9d084f84ac499b917d3689f34a7
(cellpy) - No such comm: ba07d9d084f84ac499b917d3689f34a7
(cellpy) - No such comm: ba07d9d084f84ac499b917d3689f34a7
(cellpy) - No such comm: ba07d9d084f84ac499b917d3689f34a7
(cellpy) - No such comm: ba07d9d084f84ac499b917d3689f34a7
(cellpy) - No such comm: cb8a2d50930d45aca3b856618e0e7f06
(cellpy) - No such comm: cb8a2d50930d45aca3b856618e0e7f06
(cellpy) - No such comm: cb8a2d50930d45aca3b856618e0e7f06
(cellpy) - No such comm: cb8a2d50930d45aca3b856618e0e7f06
(cellpy) - No such comm: cb8a2d50930d45aca3b856618e0e7f06
(cellpy) - No such comm: cb8a2d50930d45aca3b856618e0e7f06
(cellpy) - No such comm: cb8a2d50930d45aca3b856618e0e7f06
(cellpy) - No such comm: cb8a2d50930d45aca3b856618e0e7f06
(cellpy) - No such comm: cb8a2d50930d45aca3b856618e0e7f06
(cellpy) - No such comm: cb8a2d50930d45aca3b856618e0e7f06
(cellpy) - No such comm: cb8a2d50930d45aca3b856618e0e7f06
(cellpy) - No such comm: cb8a2d50930d45aca3b856618e0e7f06
(cellpy) - No such comm: cb8a2d50930d45aca3b856618e0e7f06
(cellpy) - No such comm: cb8a2d50930d45aca3b856618e0e7f06
(cellpy) - No such comm: 11863cf087f54e39969c35bdd921974c
(cellpy) - No such comm: 11863cf087f54e39969c35bdd921974c
(cellpy) - No such comm: 11863cf087f54e39969c35bdd921974c
(cellpy) - No such comm: 11863cf087f54e39969c35bdd921974c
(cellpy) - No such comm: 11863cf087f54e39969c35bdd921974c
(cellpy) - No such comm: 11863cf087f54e39969c35bdd921974c
(cellpy) - No such comm: 11863cf087f54e39969c35bdd921974c
(cellpy) - No such comm: 11863cf087f54e39969c35bdd921974c
(cellpy) - No such comm: 11863cf087f54e39969c35bdd921974c
(cellpy) - No such comm: 11863cf087f54e39969c35bdd921974c
(cellpy) - No such comm: 11863cf087f54e39969c35bdd921974c
(cellpy) - No such comm: 11863cf087f54e39969c35bdd921974c
(cellpy) - No such comm: 11863cf087f54e39969c35bdd921974c
(cellpy) - No such comm: 11863cf087f54e39969c35bdd921974c
(cellpy) - No such comm: 11863cf087f54e39969c35bdd921974c
(cellpy) - No such comm: 11863cf087f54e39969c35bdd921974c
(cellpy) - No such comm: 11863cf087f54e39969c35bdd921974c
(cellpy) - No such comm: 11863cf087f54e39969c35bdd921974c
(cellpy) - No such comm: 11863cf087f54e39969c35bdd921974c
(cellpy) - No such comm: 11863cf087f54e39969c35bdd921974c
(cellpy) - No such comm: 11863cf087f54e39969c35bdd921974c
(cellpy) - No such comm: 11863cf087f54e39969c35bdd921974c
(cellpy) - No such comm: 11863cf087f54e39969c35bdd921974c
(cellpy) - No such comm: 607e06f730f24c10a629633adc77ce45
(cellpy) - No such comm: 607e06f730f24c10a629633adc77ce45
(cellpy) - No such comm: 607e06f730f24c10a629633adc77ce45
(cellpy) - No such comm: 607e06f730f24c10a629633adc77ce45
(cellpy) - No such comm: 607e06f730f24c10a629633adc77ce45
(cellpy) - No such comm: 607e06f730f24c10a629633adc77ce45
(cellpy) - No such comm: 607e06f730f24c10a629633adc77ce45
(cellpy) - No such comm: 607e06f730f24c10a629633adc77ce45
(cellpy) - No such comm: 607e06f730f24c10a629633adc77ce45
(cellpy) - No such comm: 607e06f730f24c10a629633adc77ce45
(cellpy) - No such comm: 607e06f730f24c10a629633adc77ce45
(cellpy) - No such comm: 607e06f730f24c10a629633adc77ce45
(cellpy) - No such comm: 607e06f730f24c10a629633adc77ce45
(cellpy) - No such comm: 607e06f730f24c10a629633adc77ce45
(cellpy) - No such comm: 607e06f730f24c10a629633adc77ce45
(cellpy) - No such comm: 607e06f730f24c10a629633adc77ce45
(cellpy) - No such comm: 607e06f730f24c10a629633adc77ce45
(cellpy) - No such comm: 607e06f730f24c10a629633adc77ce45
(cellpy) - No such comm: 607e06f730f24c10a629633adc77ce45
(cellpy) - No such comm: 607e06f730f24c10a629633adc77ce45
(cellpy) - No such comm: bbb32f3ace284339a48475701232b1e5
(cellpy) - No such comm: bbb32f3ace284339a48475701232b1e5
(cellpy) - No such comm: bbb32f3ace284339a48475701232b1e5
(cellpy) - No such comm: bbb32f3ace284339a48475701232b1e5
(cellpy) - No such comm: bbb32f3ace284339a48475701232b1e5
(cellpy) - No such comm: bbb32f3ace284339a48475701232b1e5
(cellpy) - No such comm: bbb32f3ace284339a48475701232b1e5
(cellpy) - No such comm: bbb32f3ace284339a48475701232b1e5
(cellpy) - No such comm: bbb32f3ace284339a48475701232b1e5
(cellpy) - No such comm: bbb32f3ace284339a48475701232b1e5
(cellpy) - No such comm: bbb32f3ace284339a48475701232b1e5
(cellpy) - No such comm: bbb32f3ace284339a48475701232b1e5
(cellpy) - No such comm: bbb32f3ace284339a48475701232b1e5
(cellpy) - No such comm: bbb32f3ace284339a48475701232b1e5
(cellpy) - No such comm: bbb32f3ace284339a48475701232b1e5
(cellpy) - No such comm: bbb32f3ace284339a48475701232b1e5
(cellpy) - No such comm: bbb32f3ace284339a48475701232b1e5
(cellpy) - No such comm: bbb32f3ace284339a48475701232b1e5
(cellpy) - No such comm: bbb32f3ace284339a48475701232b1e5
(cellpy) - No such comm: bbb32f3ace284339a48475701232b1e5
(cellpy) - No such comm: c557b6c28f3f49d882003b71b5fabaf9
(cellpy) - No such comm: c557b6c28f3f49d882003b71b5fabaf9
(cellpy) - No such comm: c557b6c28f3f49d882003b71b5fabaf9
(cellpy) - No such comm: c557b6c28f3f49d882003b71b5fabaf9
(cellpy) - No such comm: c557b6c28f3f49d882003b71b5fabaf9
(cellpy) - No such comm: c557b6c28f3f49d882003b71b5fabaf9
(cellpy) - No such comm: c557b6c28f3f49d882003b71b5fabaf9
(cellpy) - No such comm: c557b6c28f3f49d882003b71b5fabaf9
(cellpy) - No such comm: c557b6c28f3f49d882003b71b5fabaf9
(cellpy) - No such comm: c557b6c28f3f49d882003b71b5fabaf9
(cellpy) - No such comm: c557b6c28f3f49d882003b71b5fabaf9
(cellpy) - No such comm: c557b6c28f3f49d882003b71b5fabaf9
(cellpy) - No such comm: c557b6c28f3f49d882003b71b5fabaf9
(cellpy) - No such comm: c557b6c28f3f49d882003b71b5fabaf9
(cellpy) - No such comm: c557b6c28f3f49d882003b71b5fabaf9
(cellpy) - No such comm: c557b6c28f3f49d882003b71b5fabaf9
(cellpy) - No such comm: c557b6c28f3f49d882003b71b5fabaf9
(cellpy) - No such comm: c557b6c28f3f49d882003b71b5fabaf9
(cellpy) - No such comm: c557b6c28f3f49d882003b71b5fabaf9
(cellpy) - No such comm: c557b6c28f3f49d882003b71b5fabaf9
(cellpy) - No such comm: e1261f3a022e435ebd9976c66222916a
(cellpy) - No such comm: e1261f3a022e435ebd9976c66222916a
(cellpy) - No such comm: e1261f3a022e435ebd9976c66222916a
(cellpy) - No such comm: e1261f3a022e435ebd9976c66222916a
(cellpy) - No such comm: e1261f3a022e435ebd9976c66222916a
(cellpy) - No such comm: e1261f3a022e435ebd9976c66222916a
(cellpy) - No such comm: e1261f3a022e435ebd9976c66222916a
(cellpy) - No such comm: e1261f3a022e435ebd9976c66222916a
(cellpy) - No such comm: e1261f3a022e435ebd9976c66222916a
(cellpy) - No such comm: e1261f3a022e435ebd9976c66222916a
(cellpy) - No such comm: e1261f3a022e435ebd9976c66222916a
(cellpy) - No such comm: e1261f3a022e435ebd9976c66222916a
(cellpy) - No such comm: e1261f3a022e435ebd9976c66222916a
(cellpy) - No such comm: e1261f3a022e435ebd9976c66222916a
(cellpy) - No such comm: e1261f3a022e435ebd9976c66222916a
(cellpy) - No such comm: e1261f3a022e435ebd9976c66222916a
(cellpy) - No such comm: e1261f3a022e435ebd9976c66222916a
(cellpy) - No such comm: e1261f3a022e435ebd9976c66222916a
(cellpy) - No such comm: e1261f3a022e435ebd9976c66222916a
(cellpy) - No such comm: e1261f3a022e435ebd9976c66222916a
(cellpy) - No such comm: e1261f3a022e435ebd9976c66222916a
(cellpy) - No such comm: e1261f3a022e435ebd9976c66222916a
(cellpy) - No such comm: e1261f3a022e435ebd9976c66222916a
(cellpy) - No such comm: e4b6a94a924b4c1e8f76ed3960251c67
(cellpy) - No such comm: e4b6a94a924b4c1e8f76ed3960251c67
(cellpy) - No such comm: e4b6a94a924b4c1e8f76ed3960251c67
(cellpy) - No such comm: e4b6a94a924b4c1e8f76ed3960251c67
(cellpy) - No such comm: e4b6a94a924b4c1e8f76ed3960251c67
(cellpy) - No such comm: e4b6a94a924b4c1e8f76ed3960251c67
(cellpy) - No such comm: e4b6a94a924b4c1e8f76ed3960251c67
(cellpy) - No such comm: e4b6a94a924b4c1e8f76ed3960251c67
(cellpy) - No such comm: e4b6a94a924b4c1e8f76ed3960251c67
(cellpy) - No such comm: e4b6a94a924b4c1e8f76ed3960251c67
(cellpy) - No such comm: e4b6a94a924b4c1e8f76ed3960251c67
(cellpy) - No such comm: e4b6a94a924b4c1e8f76ed3960251c67
(cellpy) - No such comm: e4b6a94a924b4c1e8f76ed3960251c67
(cellpy) - No such comm: e4b6a94a924b4c1e8f76ed3960251c67
(cellpy) - No such comm: e4b6a94a924b4c1e8f76ed3960251c67
(cellpy) - No such comm: e4b6a94a924b4c1e8f76ed3960251c67
(cellpy) - No such comm: e4b6a94a924b4c1e8f76ed3960251c67
(cellpy) - No such comm: e4b6a94a924b4c1e8f76ed3960251c67
(cellpy) - No such comm: e4b6a94a924b4c1e8f76ed3960251c67
(cellpy) - No such comm: e4b6a94a924b4c1e8f76ed3960251c67
(cellpy) - No such comm: e4b6a94a924b4c1e8f76ed3960251c67
(cellpy) - No such comm: e4b6a94a924b4c1e8f76ed3960251c67
(cellpy) - No such comm: e4b6a94a924b4c1e8f76ed3960251c67
(cellpy) - No such comm: 441f1bae57414036aa56bdd2524965f0
(cellpy) - No such comm: 441f1bae57414036aa56bdd2524965f0
(cellpy) - No such comm: 441f1bae57414036aa56bdd2524965f0
(cellpy) - No such comm: 441f1bae57414036aa56bdd2524965f0
(cellpy) - No such comm: 441f1bae57414036aa56bdd2524965f0
(cellpy) - No such comm: 441f1bae57414036aa56bdd2524965f0
(cellpy) - No such comm: 441f1bae57414036aa56bdd2524965f0
(cellpy) - No such comm: 441f1bae57414036aa56bdd2524965f0
(cellpy) - No such comm: 441f1bae57414036aa56bdd2524965f0
(cellpy) - No such comm: 441f1bae57414036aa56bdd2524965f0
(cellpy) - No such comm: 441f1bae57414036aa56bdd2524965f0
(cellpy) - No such comm: 441f1bae57414036aa56bdd2524965f0
(cellpy) - No such comm: 441f1bae57414036aa56bdd2524965f0
(cellpy) - No such comm: 441f1bae57414036aa56bdd2524965f0
(cellpy) - No such comm: 441f1bae57414036aa56bdd2524965f0
(cellpy) - No such comm: 441f1bae57414036aa56bdd2524965f0
(cellpy) - No such comm: 441f1bae57414036aa56bdd2524965f0
(cellpy) - No such comm: 441f1bae57414036aa56bdd2524965f0
(cellpy) - No such comm: 441f1bae57414036aa56bdd2524965f0
(cellpy) - No such comm: 441f1bae57414036aa56bdd2524965f0
(cellpy) - No such comm: 441f1bae57414036aa56bdd2524965f0
(cellpy) - No such comm: 441f1bae57414036aa56bdd2524965f0
(cellpy) - No such comm: 441f1bae57414036aa56bdd2524965f0
(cellpy) - No such comm: 91bd0dcff3244b4d8878fb54ee7ad850
(cellpy) - No such comm: 91bd0dcff3244b4d8878fb54ee7ad850
(cellpy) - No such comm: 91bd0dcff3244b4d8878fb54ee7ad850
(cellpy) - No such comm: 91bd0dcff3244b4d8878fb54ee7ad850
(cellpy) - No such comm: 91bd0dcff3244b4d8878fb54ee7ad850
(cellpy) - No such comm: 91bd0dcff3244b4d8878fb54ee7ad850
(cellpy) - No such comm: 91bd0dcff3244b4d8878fb54ee7ad850
(cellpy) - No such comm: 91bd0dcff3244b4d8878fb54ee7ad850
(cellpy) - No such comm: 91bd0dcff3244b4d8878fb54ee7ad850
(cellpy) - No such comm: 91bd0dcff3244b4d8878fb54ee7ad850
(cellpy) - No such comm: 91bd0dcff3244b4d8878fb54ee7ad850
(cellpy) - No such comm: 91bd0dcff3244b4d8878fb54ee7ad850
(cellpy) - No such comm: 91bd0dcff3244b4d8878fb54ee7ad850
(cellpy) - No such comm: 91bd0dcff3244b4d8878fb54ee7ad850
(cellpy) - No such comm: 91bd0dcff3244b4d8878fb54ee7ad850
(cellpy) - No such comm: 91bd0dcff3244b4d8878fb54ee7ad850
(cellpy) - No such comm: 91bd0dcff3244b4d8878fb54ee7ad850
(cellpy) - No such comm: 91bd0dcff3244b4d8878fb54ee7ad850
(cellpy) - No such comm: 91bd0dcff3244b4d8878fb54ee7ad850
(cellpy) - No such comm: 91bd0dcff3244b4d8878fb54ee7ad850
(cellpy) - No such comm: 91bd0dcff3244b4d8878fb54ee7ad850
(cellpy) - No such comm: 91bd0dcff3244b4d8878fb54ee7ad850
(cellpy) - No such comm: 1121ffd200cc45f293b951b580f0fc27
(cellpy) - No such comm: 1121ffd200cc45f293b951b580f0fc27
(cellpy) - No such comm: 1121ffd200cc45f293b951b580f0fc27
(cellpy) - No such comm: 1121ffd200cc45f293b951b580f0fc27
(cellpy) - No such comm: 1121ffd200cc45f293b951b580f0fc27
(cellpy) - No such comm: 1121ffd200cc45f293b951b580f0fc27
(cellpy) - No such comm: 1121ffd200cc45f293b951b580f0fc27
(cellpy) - No such comm: 1121ffd200cc45f293b951b580f0fc27
(cellpy) - No such comm: 1121ffd200cc45f293b951b580f0fc27
(cellpy) - No such comm: 1121ffd200cc45f293b951b580f0fc27
(cellpy) - No such comm: 1121ffd200cc45f293b951b580f0fc27
(cellpy) - No such comm: 1121ffd200cc45f293b951b580f0fc27
(cellpy) - No such comm: 1121ffd200cc45f293b951b580f0fc27
(cellpy) - No such comm: 1121ffd200cc45f293b951b580f0fc27
(cellpy) - No such comm: 1121ffd200cc45f293b951b580f0fc27
(cellpy) - No such comm: 1121ffd200cc45f293b951b580f0fc27
(cellpy) - No such comm: 1121ffd200cc45f293b951b580f0fc27
(cellpy) - No such comm: 1121ffd200cc45f293b951b580f0fc27
(cellpy) - No such comm: 1121ffd200cc45f293b951b580f0fc27
(cellpy) - No such comm: 1121ffd200cc45f293b951b580f0fc27
(cellpy) - No such comm: 1121ffd200cc45f293b951b580f0fc27
(cellpy) - No such comm: 1121ffd200cc45f293b951b580f0fc27
(cellpy) - No such comm: 1121ffd200cc45f293b951b580f0fc27
(cellpy) - No such comm: 521f2438819042dab0d1fcad8fdbd0d4
(cellpy) - No such comm: 521f2438819042dab0d1fcad8fdbd0d4
(cellpy) - No such comm: 521f2438819042dab0d1fcad8fdbd0d4
(cellpy) - No such comm: 521f2438819042dab0d1fcad8fdbd0d4
(cellpy) - No such comm: 521f2438819042dab0d1fcad8fdbd0d4
(cellpy) - No such comm: 521f2438819042dab0d1fcad8fdbd0d4
(cellpy) - No such comm: 521f2438819042dab0d1fcad8fdbd0d4
(cellpy) - No such comm: 521f2438819042dab0d1fcad8fdbd0d4
(cellpy) - No such comm: 521f2438819042dab0d1fcad8fdbd0d4
(cellpy) - No such comm: 521f2438819042dab0d1fcad8fdbd0d4
(cellpy) - No such comm: 521f2438819042dab0d1fcad8fdbd0d4
(cellpy) - No such comm: 521f2438819042dab0d1fcad8fdbd0d4
(cellpy) - No such comm: 521f2438819042dab0d1fcad8fdbd0d4
(cellpy) - No such comm: 521f2438819042dab0d1fcad8fdbd0d4
(cellpy) - No such comm: 521f2438819042dab0d1fcad8fdbd0d4
(cellpy) - No such comm: 521f2438819042dab0d1fcad8fdbd0d4
(cellpy) - No such comm: 521f2438819042dab0d1fcad8fdbd0d4
(cellpy) - No such comm: 521f2438819042dab0d1fcad8fdbd0d4
(cellpy) - No such comm: 521f2438819042dab0d1fcad8fdbd0d4
(cellpy) - No such comm: 521f2438819042dab0d1fcad8fdbd0d4
(cellpy) - No such comm: 521f2438819042dab0d1fcad8fdbd0d4
(cellpy) - No such comm: 521f2438819042dab0d1fcad8fdbd0d4
(cellpy) - No such comm: 521f2438819042dab0d1fcad8fdbd0d4
(cellpy) - No such comm: eb6e877d5ae944a5b9abb48c64c8225b
(cellpy) - No such comm: eb6e877d5ae944a5b9abb48c64c8225b
(cellpy) - No such comm: eb6e877d5ae944a5b9abb48c64c8225b
(cellpy) - No such comm: eb6e877d5ae944a5b9abb48c64c8225b
(cellpy) - No such comm: eb6e877d5ae944a5b9abb48c64c8225b
(cellpy) - No such comm: eb6e877d5ae944a5b9abb48c64c8225b
(cellpy) - No such comm: eb6e877d5ae944a5b9abb48c64c8225b
(cellpy) - No such comm: eb6e877d5ae944a5b9abb48c64c8225b
(cellpy) - No such comm: eb6e877d5ae944a5b9abb48c64c8225b
(cellpy) - No such comm: eb6e877d5ae944a5b9abb48c64c8225b
(cellpy) - No such comm: eb6e877d5ae944a5b9abb48c64c8225b
(cellpy) - No such comm: eb6e877d5ae944a5b9abb48c64c8225b
(cellpy) - No such comm: eb6e877d5ae944a5b9abb48c64c8225b
(cellpy) - No such comm: eb6e877d5ae944a5b9abb48c64c8225b
(cellpy) - No such comm: eb6e877d5ae944a5b9abb48c64c8225b
(cellpy) - No such comm: eb6e877d5ae944a5b9abb48c64c8225b
(cellpy) - No such comm: eb6e877d5ae944a5b9abb48c64c8225b
(cellpy) - No such comm: eb6e877d5ae944a5b9abb48c64c8225b
(cellpy) - No such comm: eb6e877d5ae944a5b9abb48c64c8225b
(cellpy) - No such comm: eb6e877d5ae944a5b9abb48c64c8225b
(cellpy) - No such comm: eb6e877d5ae944a5b9abb48c64c8225b
(cellpy) - No such comm: eb6e877d5ae944a5b9abb48c64c8225b
(cellpy) - No such comm: eb6e877d5ae944a5b9abb48c64c8225b
(cellpy) - No such comm: 61ab283376c744e5a94a8dee399d31d9
(cellpy) - No such comm: 61ab283376c744e5a94a8dee399d31d9
(cellpy) - No such comm: 61ab283376c744e5a94a8dee399d31d9
(cellpy) - No such comm: 61ab283376c744e5a94a8dee399d31d9
(cellpy) - No such comm: 61ab283376c744e5a94a8dee399d31d9
(cellpy) - No such comm: 61ab283376c744e5a94a8dee399d31d9
(cellpy) - No such comm: 61ab283376c744e5a94a8dee399d31d9
(cellpy) - No such comm: 61ab283376c744e5a94a8dee399d31d9
(cellpy) - No such comm: 61ab283376c744e5a94a8dee399d31d9
(cellpy) - No such comm: 61ab283376c744e5a94a8dee399d31d9
(cellpy) - No such comm: 61ab283376c744e5a94a8dee399d31d9
(cellpy) - No such comm: 61ab283376c744e5a94a8dee399d31d9
(cellpy) - No such comm: 61ab283376c744e5a94a8dee399d31d9
(cellpy) - No such comm: 61ab283376c744e5a94a8dee399d31d9
(cellpy) - No such comm: 61ab283376c744e5a94a8dee399d31d9
(cellpy) - No such comm: 61ab283376c744e5a94a8dee399d31d9
(cellpy) - No such comm: 61ab283376c744e5a94a8dee399d31d9
(cellpy) - No such comm: 61ab283376c744e5a94a8dee399d31d9
(cellpy) - No such comm: 61ab283376c744e5a94a8dee399d31d9
(cellpy) - No such comm: 61ab283376c744e5a94a8dee399d31d9
(cellpy) - No such comm: 61ab283376c744e5a94a8dee399d31d9
(cellpy) - No such comm: 61ab283376c744e5a94a8dee399d31d9
(cellpy) - No such comm: 61ab283376c744e5a94a8dee399d31d9
(cellpy) - No such comm: c67ff744625b4459afdb77011972c867
(cellpy) - No such comm: c67ff744625b4459afdb77011972c867
(cellpy) - No such comm: c67ff744625b4459afdb77011972c867
(cellpy) - No such comm: c67ff744625b4459afdb77011972c867
(cellpy) - No such comm: c67ff744625b4459afdb77011972c867
(cellpy) - No such comm: c67ff744625b4459afdb77011972c867
(cellpy) - No such comm: c67ff744625b4459afdb77011972c867
(cellpy) - No such comm: c67ff744625b4459afdb77011972c867
(cellpy) - No such comm: c67ff744625b4459afdb77011972c867
(cellpy) - No such comm: c67ff744625b4459afdb77011972c867
(cellpy) - No such comm: c67ff744625b4459afdb77011972c867
(cellpy) - No such comm: c67ff744625b4459afdb77011972c867
(cellpy) - No such comm: c67ff744625b4459afdb77011972c867
(cellpy) - No such comm: c67ff744625b4459afdb77011972c867
(cellpy) - No such comm: c67ff744625b4459afdb77011972c867
(cellpy) - No such comm: c67ff744625b4459afdb77011972c867
(cellpy) - No such comm: c67ff744625b4459afdb77011972c867
(cellpy) - No such comm: c67ff744625b4459afdb77011972c867
(cellpy) - No such comm: c67ff744625b4459afdb77011972c867
(cellpy) - No such comm: c67ff744625b4459afdb77011972c867
(cellpy) - No such comm: c67ff744625b4459afdb77011972c867
(cellpy) - No such comm: c67ff744625b4459afdb77011972c867
(cellpy) - No such comm: c67ff744625b4459afdb77011972c867
(cellpy) - No such comm: 2be07aad034c4198a8585c4335c5e03e
(cellpy) - No such comm: 2be07aad034c4198a8585c4335c5e03e
(cellpy) - No such comm: 2be07aad034c4198a8585c4335c5e03e
(cellpy) - No such comm: 2be07aad034c4198a8585c4335c5e03e
(cellpy) - No such comm: 2be07aad034c4198a8585c4335c5e03e
(cellpy) - No such comm: 2be07aad034c4198a8585c4335c5e03e
(cellpy) - No such comm: 2be07aad034c4198a8585c4335c5e03e
(cellpy) - No such comm: 2be07aad034c4198a8585c4335c5e03e
(cellpy) - No such comm: 2be07aad034c4198a8585c4335c5e03e
(cellpy) - No such comm: 2be07aad034c4198a8585c4335c5e03e
(cellpy) - No such comm: 2be07aad034c4198a8585c4335c5e03e
(cellpy) - No such comm: 2be07aad034c4198a8585c4335c5e03e
(cellpy) - No such comm: 2be07aad034c4198a8585c4335c5e03e
(cellpy) - No such comm: 2be07aad034c4198a8585c4335c5e03e
(cellpy) - No such comm: 2be07aad034c4198a8585c4335c5e03e
(cellpy) - No such comm: 2be07aad034c4198a8585c4335c5e03e
(cellpy) - No such comm: 2be07aad034c4198a8585c4335c5e03e
(cellpy) - No such comm: 2be07aad034c4198a8585c4335c5e03e
(cellpy) - No such comm: 2be07aad034c4198a8585c4335c5e03e
(cellpy) - No such comm: 2be07aad034c4198a8585c4335c5e03e
(cellpy) - No such comm: 2be07aad034c4198a8585c4335c5e03e
(cellpy) - No such comm: 2be07aad034c4198a8585c4335c5e03e
(cellpy) - No such comm: 2be07aad034c4198a8585c4335c5e03e
(cellpy) - No such comm: 1051a90a1f6247329e583aacc2f98697
(cellpy) - No such comm: 1051a90a1f6247329e583aacc2f98697
(cellpy) - No such comm: 1051a90a1f6247329e583aacc2f98697
(cellpy) - No such comm: 1051a90a1f6247329e583aacc2f98697
(cellpy) - No such comm: 1051a90a1f6247329e583aacc2f98697
(cellpy) - No such comm: 1051a90a1f6247329e583aacc2f98697
(cellpy) - No such comm: 1051a90a1f6247329e583aacc2f98697
(cellpy) - No such comm: 1051a90a1f6247329e583aacc2f98697
(cellpy) - No such comm: 1051a90a1f6247329e583aacc2f98697
(cellpy) - No such comm: 1051a90a1f6247329e583aacc2f98697
(cellpy) - No such comm: 1051a90a1f6247329e583aacc2f98697
(cellpy) - No such comm: 1051a90a1f6247329e583aacc2f98697
(cellpy) - No such comm: 1051a90a1f6247329e583aacc2f98697
(cellpy) - No such comm: 1051a90a1f6247329e583aacc2f98697
(cellpy) - No such comm: 1051a90a1f6247329e583aacc2f98697
(cellpy) - No such comm: 1051a90a1f6247329e583aacc2f98697
(cellpy) - No such comm: 1051a90a1f6247329e583aacc2f98697
(cellpy) - No such comm: 1051a90a1f6247329e583aacc2f98697
(cellpy) - No such comm: 1051a90a1f6247329e583aacc2f98697
(cellpy) - No such comm: 1051a90a1f6247329e583aacc2f98697
(cellpy) - No such comm: 1051a90a1f6247329e583aacc2f98697
(cellpy) - No such comm: 1051a90a1f6247329e583aacc2f98697
(cellpy) - No such comm: 1051a90a1f6247329e583aacc2f98697
(cellpy) - No such comm: db2322036594411eb700549ec4d83a9b
(cellpy) - No such comm: db2322036594411eb700549ec4d83a9b
(cellpy) - No such comm: db2322036594411eb700549ec4d83a9b
(cellpy) - No such comm: db2322036594411eb700549ec4d83a9b
(cellpy) - No such comm: db2322036594411eb700549ec4d83a9b
(cellpy) - No such comm: db2322036594411eb700549ec4d83a9b
(cellpy) - No such comm: db2322036594411eb700549ec4d83a9b
(cellpy) - No such comm: db2322036594411eb700549ec4d83a9b
(cellpy) - No such comm: db2322036594411eb700549ec4d83a9b
(cellpy) - No such comm: db2322036594411eb700549ec4d83a9b
(cellpy) - No such comm: db2322036594411eb700549ec4d83a9b
(cellpy) - No such comm: db2322036594411eb700549ec4d83a9b
(cellpy) - No such comm: db2322036594411eb700549ec4d83a9b
(cellpy) - No such comm: db2322036594411eb700549ec4d83a9b
(cellpy) - No such comm: db2322036594411eb700549ec4d83a9b
(cellpy) - No such comm: db2322036594411eb700549ec4d83a9b
(cellpy) - No such comm: db2322036594411eb700549ec4d83a9b
(cellpy) - No such comm: db2322036594411eb700549ec4d83a9b
(cellpy) - No such comm: db2322036594411eb700549ec4d83a9b
(cellpy) - No such comm: db2322036594411eb700549ec4d83a9b
(cellpy) - No such comm: db2322036594411eb700549ec4d83a9b
(cellpy) - No such comm: db2322036594411eb700549ec4d83a9b
(cellpy) - No such comm: db2322036594411eb700549ec4d83a9b
(cellpy) - No such comm: 81b8076a9c4f4ac9aedac4bf4e1d30e6
(cellpy) - No such comm: 81b8076a9c4f4ac9aedac4bf4e1d30e6
(cellpy) - No such comm: 81b8076a9c4f4ac9aedac4bf4e1d30e6
(cellpy) - No such comm: 81b8076a9c4f4ac9aedac4bf4e1d30e6
(cellpy) - No such comm: 81b8076a9c4f4ac9aedac4bf4e1d30e6
(cellpy) - No such comm: 81b8076a9c4f4ac9aedac4bf4e1d30e6
(cellpy) - No such comm: 81b8076a9c4f4ac9aedac4bf4e1d30e6
(cellpy) - No such comm: 81b8076a9c4f4ac9aedac4bf4e1d30e6
(cellpy) - No such comm: 81b8076a9c4f4ac9aedac4bf4e1d30e6
(cellpy) - No such comm: 81b8076a9c4f4ac9aedac4bf4e1d30e6
(cellpy) - No such comm: 81b8076a9c4f4ac9aedac4bf4e1d30e6
(cellpy) - No such comm: 81b8076a9c4f4ac9aedac4bf4e1d30e6
(cellpy) - No such comm: 81b8076a9c4f4ac9aedac4bf4e1d30e6
(cellpy) - No such comm: 81b8076a9c4f4ac9aedac4bf4e1d30e6
(cellpy) - No such comm: 81b8076a9c4f4ac9aedac4bf4e1d30e6
(cellpy) - No such comm: 81b8076a9c4f4ac9aedac4bf4e1d30e6
(cellpy) - No such comm: 81b8076a9c4f4ac9aedac4bf4e1d30e6
(cellpy) - No such comm: 81b8076a9c4f4ac9aedac4bf4e1d30e6
(cellpy) - No such comm: 81b8076a9c4f4ac9aedac4bf4e1d30e6
(cellpy) - No such comm: 81b8076a9c4f4ac9aedac4bf4e1d30e6
(cellpy) - No such comm: 81b8076a9c4f4ac9aedac4bf4e1d30e6
(cellpy) - No such comm: 81b8076a9c4f4ac9aedac4bf4e1d30e6
(cellpy) - No such comm: 81b8076a9c4f4ac9aedac4bf4e1d30e6
(cellpy) - No such comm: 60290b9f3a14419fa34d58031b8fbfcd
(cellpy) - No such comm: 60290b9f3a14419fa34d58031b8fbfcd
(cellpy) - No such comm: 60290b9f3a14419fa34d58031b8fbfcd
(cellpy) - No such comm: 60290b9f3a14419fa34d58031b8fbfcd
(cellpy) - No such comm: 60290b9f3a14419fa34d58031b8fbfcd
(cellpy) - No such comm: 60290b9f3a14419fa34d58031b8fbfcd
(cellpy) - No such comm: 60290b9f3a14419fa34d58031b8fbfcd
(cellpy) - No such comm: 60290b9f3a14419fa34d58031b8fbfcd
(cellpy) - No such comm: 60290b9f3a14419fa34d58031b8fbfcd
(cellpy) - No such comm: 60290b9f3a14419fa34d58031b8fbfcd
(cellpy) - No such comm: 60290b9f3a14419fa34d58031b8fbfcd
(cellpy) - No such comm: 60290b9f3a14419fa34d58031b8fbfcd
(cellpy) - No such comm: 60290b9f3a14419fa34d58031b8fbfcd
(cellpy) - No such comm: 60290b9f3a14419fa34d58031b8fbfcd
(cellpy) - No such comm: 60290b9f3a14419fa34d58031b8fbfcd
(cellpy) - No such comm: 60290b9f3a14419fa34d58031b8fbfcd
(cellpy) - No such comm: 60290b9f3a14419fa34d58031b8fbfcd
(cellpy) - No such comm: 60290b9f3a14419fa34d58031b8fbfcd
(cellpy) - No such comm: 60290b9f3a14419fa34d58031b8fbfcd
(cellpy) - No such comm: 60290b9f3a14419fa34d58031b8fbfcd
(cellpy) - No such comm: 60290b9f3a14419fa34d58031b8fbfcd
(cellpy) - No such comm: 60290b9f3a14419fa34d58031b8fbfcd
(cellpy) - No such comm: 60290b9f3a14419fa34d58031b8fbfcd
(cellpy) - No such comm: 0b8aba64905849aabf460df2c92c280e
(cellpy) - No such comm: 0b8aba64905849aabf460df2c92c280e
(cellpy) - No such comm: 0b8aba64905849aabf460df2c92c280e
(cellpy) - No such comm: 0b8aba64905849aabf460df2c92c280e
(cellpy) - No such comm: 0b8aba64905849aabf460df2c92c280e
(cellpy) - No such comm: 0b8aba64905849aabf460df2c92c280e
(cellpy) - No such comm: 0b8aba64905849aabf460df2c92c280e
(cellpy) - No such comm: 0b8aba64905849aabf460df2c92c280e
(cellpy) - No such comm: 0b8aba64905849aabf460df2c92c280e
(cellpy) - No such comm: 0b8aba64905849aabf460df2c92c280e
(cellpy) - No such comm: 0b8aba64905849aabf460df2c92c280e
(cellpy) - No such comm: 0b8aba64905849aabf460df2c92c280e
(cellpy) - No such comm: 0b8aba64905849aabf460df2c92c280e
(cellpy) - No such comm: 0b8aba64905849aabf460df2c92c280e
(cellpy) - No such comm: 0b8aba64905849aabf460df2c92c280e
(cellpy) - No such comm: 0b8aba64905849aabf460df2c92c280e
(cellpy) - No such comm: 0b8aba64905849aabf460df2c92c280e
(cellpy) - No such comm: 0b8aba64905849aabf460df2c92c280e
(cellpy) - No such comm: 0b8aba64905849aabf460df2c92c280e
(cellpy) - No such comm: 0b8aba64905849aabf460df2c92c280e
(cellpy) - No such comm: 0b8aba64905849aabf460df2c92c280e
(cellpy) - No such comm: 0b8aba64905849aabf460df2c92c280e
(cellpy) - No such comm: 0b8aba64905849aabf460df2c92c280e
(cellpy) - No such comm: 1319794206cd4763b511b51ae54bdf94
(cellpy) - No such comm: 1319794206cd4763b511b51ae54bdf94
(cellpy) - No such comm: 1319794206cd4763b511b51ae54bdf94
(cellpy) - No such comm: 1319794206cd4763b511b51ae54bdf94
(cellpy) - No such comm: 1319794206cd4763b511b51ae54bdf94
(cellpy) - No such comm: 1319794206cd4763b511b51ae54bdf94
(cellpy) - No such comm: 1319794206cd4763b511b51ae54bdf94
(cellpy) - No such comm: 1319794206cd4763b511b51ae54bdf94
(cellpy) - No such comm: 1319794206cd4763b511b51ae54bdf94
(cellpy) - No such comm: 1319794206cd4763b511b51ae54bdf94
(cellpy) - No such comm: 1319794206cd4763b511b51ae54bdf94
(cellpy) - No such comm: 1319794206cd4763b511b51ae54bdf94
(cellpy) - No such comm: 1319794206cd4763b511b51ae54bdf94
(cellpy) - No such comm: 1319794206cd4763b511b51ae54bdf94
(cellpy) - No such comm: 1319794206cd4763b511b51ae54bdf94
(cellpy) - No such comm: 1319794206cd4763b511b51ae54bdf94
(cellpy) - No such comm: 1319794206cd4763b511b51ae54bdf94
(cellpy) - No such comm: 1319794206cd4763b511b51ae54bdf94
(cellpy) - No such comm: 1319794206cd4763b511b51ae54bdf94
(cellpy) - No such comm: 1319794206cd4763b511b51ae54bdf94
(cellpy) - No such comm: 1319794206cd4763b511b51ae54bdf94
(cellpy) - No such comm: 1319794206cd4763b511b51ae54bdf94
(cellpy) - No such comm: 1319794206cd4763b511b51ae54bdf94
(cellpy) - No such comm: e267c1b47ac3473c973a6f99ca1582a4
(cellpy) - No such comm: e267c1b47ac3473c973a6f99ca1582a4
(cellpy) - No such comm: e267c1b47ac3473c973a6f99ca1582a4
(cellpy) - No such comm: e267c1b47ac3473c973a6f99ca1582a4
(cellpy) - No such comm: e267c1b47ac3473c973a6f99ca1582a4
(cellpy) - No such comm: e267c1b47ac3473c973a6f99ca1582a4
(cellpy) - No such comm: e267c1b47ac3473c973a6f99ca1582a4
(cellpy) - No such comm: e267c1b47ac3473c973a6f99ca1582a4
(cellpy) - No such comm: e267c1b47ac3473c973a6f99ca1582a4
(cellpy) - No such comm: e267c1b47ac3473c973a6f99ca1582a4
(cellpy) - No such comm: e267c1b47ac3473c973a6f99ca1582a4
(cellpy) - No such comm: e267c1b47ac3473c973a6f99ca1582a4
(cellpy) - No such comm: e267c1b47ac3473c973a6f99ca1582a4
(cellpy) - No such comm: e267c1b47ac3473c973a6f99ca1582a4
(cellpy) - No such comm: e267c1b47ac3473c973a6f99ca1582a4
(cellpy) - No such comm: e267c1b47ac3473c973a6f99ca1582a4
(cellpy) - No such comm: e267c1b47ac3473c973a6f99ca1582a4
(cellpy) - No such comm: e267c1b47ac3473c973a6f99ca1582a4
(cellpy) - No such comm: e267c1b47ac3473c973a6f99ca1582a4
(cellpy) - No such comm: e267c1b47ac3473c973a6f99ca1582a4
(cellpy) - No such comm: e267c1b47ac3473c973a6f99ca1582a4
(cellpy) - No such comm: e267c1b47ac3473c973a6f99ca1582a4
(cellpy) - No such comm: e267c1b47ac3473c973a6f99ca1582a4
(cellpy) - No such comm: 08f476ea67db4442a641ecb5f542d147
(cellpy) - No such comm: 08f476ea67db4442a641ecb5f542d147
(cellpy) - No such comm: 08f476ea67db4442a641ecb5f542d147
(cellpy) - No such comm: 08f476ea67db4442a641ecb5f542d147
(cellpy) - No such comm: 08f476ea67db4442a641ecb5f542d147
(cellpy) - No such comm: 08f476ea67db4442a641ecb5f542d147
(cellpy) - No such comm: 08f476ea67db4442a641ecb5f542d147
(cellpy) - No such comm: 08f476ea67db4442a641ecb5f542d147
(cellpy) - No such comm: 08f476ea67db4442a641ecb5f542d147
(cellpy) - No such comm: 08f476ea67db4442a641ecb5f542d147
(cellpy) - No such comm: 08f476ea67db4442a641ecb5f542d147
(cellpy) - No such comm: 08f476ea67db4442a641ecb5f542d147
(cellpy) - No such comm: 08f476ea67db4442a641ecb5f542d147
(cellpy) - No such comm: 08f476ea67db4442a641ecb5f542d147
(cellpy) - No such comm: 08f476ea67db4442a641ecb5f542d147
(cellpy) - No such comm: 08f476ea67db4442a641ecb5f542d147
(cellpy) - No such comm: 08f476ea67db4442a641ecb5f542d147
(cellpy) - No such comm: 08f476ea67db4442a641ecb5f542d147
(cellpy) - No such comm: 08f476ea67db4442a641ecb5f542d147
(cellpy) - No such comm: 08f476ea67db4442a641ecb5f542d147
(cellpy) - No such comm: 08f476ea67db4442a641ecb5f542d147
(cellpy) - No such comm: 08f476ea67db4442a641ecb5f542d147
(cellpy) - No such comm: 08f476ea67db4442a641ecb5f542d147
(cellpy) - No such comm: 1948065589404a5fac713db0e2256971
(cellpy) - No such comm: 1948065589404a5fac713db0e2256971
(cellpy) - No such comm: 1948065589404a5fac713db0e2256971
(cellpy) - No such comm: 1948065589404a5fac713db0e2256971
(cellpy) - No such comm: 1948065589404a5fac713db0e2256971
(cellpy) - No such comm: 1948065589404a5fac713db0e2256971
(cellpy) - No such comm: 1948065589404a5fac713db0e2256971
(cellpy) - No such comm: 1948065589404a5fac713db0e2256971
(cellpy) - No such comm: 1948065589404a5fac713db0e2256971
(cellpy) - No such comm: 1948065589404a5fac713db0e2256971
(cellpy) - No such comm: 1948065589404a5fac713db0e2256971
(cellpy) - No such comm: 1948065589404a5fac713db0e2256971
(cellpy) - No such comm: 1948065589404a5fac713db0e2256971
(cellpy) - No such comm: 1948065589404a5fac713db0e2256971
(cellpy) - No such comm: 1948065589404a5fac713db0e2256971
(cellpy) - No such comm: 1948065589404a5fac713db0e2256971
(cellpy) - No such comm: 1948065589404a5fac713db0e2256971
(cellpy) - No such comm: 1948065589404a5fac713db0e2256971
(cellpy) - No such comm: 1948065589404a5fac713db0e2256971
(cellpy) - No such comm: 1948065589404a5fac713db0e2256971
(cellpy) - No such comm: 1948065589404a5fac713db0e2256971
(cellpy) - No such comm: 1948065589404a5fac713db0e2256971
(cellpy) - No such comm: 1948065589404a5fac713db0e2256971
(cellpy) - No such comm: 2c921e26d92946bba5c1330391aba0a2
(cellpy) - No such comm: 2c921e26d92946bba5c1330391aba0a2
(cellpy) - No such comm: 2c921e26d92946bba5c1330391aba0a2
(cellpy) - No such comm: 2c921e26d92946bba5c1330391aba0a2
(cellpy) - No such comm: 2c921e26d92946bba5c1330391aba0a2
(cellpy) - No such comm: 2c921e26d92946bba5c1330391aba0a2
(cellpy) - No such comm: 2c921e26d92946bba5c1330391aba0a2
(cellpy) - No such comm: 2c921e26d92946bba5c1330391aba0a2
(cellpy) - No such comm: 2c921e26d92946bba5c1330391aba0a2
(cellpy) - No such comm: 2c921e26d92946bba5c1330391aba0a2
(cellpy) - No such comm: 2c921e26d92946bba5c1330391aba0a2
(cellpy) - No such comm: 2c921e26d92946bba5c1330391aba0a2
(cellpy) - No such comm: 2c921e26d92946bba5c1330391aba0a2
(cellpy) - No such comm: 2c921e26d92946bba5c1330391aba0a2
(cellpy) - No such comm: 2c921e26d92946bba5c1330391aba0a2
(cellpy) - No such comm: 2c921e26d92946bba5c1330391aba0a2
(cellpy) - No such comm: 2c921e26d92946bba5c1330391aba0a2
(cellpy) - No such comm: 2c921e26d92946bba5c1330391aba0a2
(cellpy) - No such comm: 2c921e26d92946bba5c1330391aba0a2
(cellpy) - No such comm: 2c921e26d92946bba5c1330391aba0a2
(cellpy) - No such comm: 2c921e26d92946bba5c1330391aba0a2
(cellpy) - No such comm: 2c921e26d92946bba5c1330391aba0a2
(cellpy) - No such comm: 2c921e26d92946bba5c1330391aba0a2
(cellpy) - No such comm: ef38f5b02a8148f48ee43e9ac5431857
(cellpy) - No such comm: ef38f5b02a8148f48ee43e9ac5431857
(cellpy) - No such comm: ef38f5b02a8148f48ee43e9ac5431857
(cellpy) - No such comm: ef38f5b02a8148f48ee43e9ac5431857
(cellpy) - No such comm: ef38f5b02a8148f48ee43e9ac5431857
(cellpy) - No such comm: ef38f5b02a8148f48ee43e9ac5431857
(cellpy) - No such comm: ef38f5b02a8148f48ee43e9ac5431857
(cellpy) - No such comm: ef38f5b02a8148f48ee43e9ac5431857
(cellpy) - No such comm: ef38f5b02a8148f48ee43e9ac5431857
(cellpy) - No such comm: ef38f5b02a8148f48ee43e9ac5431857
(cellpy) - No such comm: ef38f5b02a8148f48ee43e9ac5431857
(cellpy) - No such comm: ef38f5b02a8148f48ee43e9ac5431857
(cellpy) - No such comm: ef38f5b02a8148f48ee43e9ac5431857
(cellpy) - No such comm: ef38f5b02a8148f48ee43e9ac5431857
(cellpy) - No such comm: ef38f5b02a8148f48ee43e9ac5431857
(cellpy) - No such comm: ef38f5b02a8148f48ee43e9ac5431857
(cellpy) - No such comm: ef38f5b02a8148f48ee43e9ac5431857
(cellpy) - No such comm: ef38f5b02a8148f48ee43e9ac5431857
(cellpy) - No such comm: ef38f5b02a8148f48ee43e9ac5431857
(cellpy) - No such comm: ef38f5b02a8148f48ee43e9ac5431857
(cellpy) - No such comm: ef38f5b02a8148f48ee43e9ac5431857
(cellpy) - No such comm: ef38f5b02a8148f48ee43e9ac5431857
(cellpy) - No such comm: ef38f5b02a8148f48ee43e9ac5431857
(cellpy) - No such comm: a32d4c317af94b9fb33b5e7351157b52
(cellpy) - No such comm: a32d4c317af94b9fb33b5e7351157b52
(cellpy) - No such comm: a32d4c317af94b9fb33b5e7351157b52
(cellpy) - No such comm: a32d4c317af94b9fb33b5e7351157b52
(cellpy) - No such comm: a32d4c317af94b9fb33b5e7351157b52
(cellpy) - No such comm: a32d4c317af94b9fb33b5e7351157b52
(cellpy) - No such comm: a32d4c317af94b9fb33b5e7351157b52
(cellpy) - No such comm: a32d4c317af94b9fb33b5e7351157b52
(cellpy) - No such comm: a32d4c317af94b9fb33b5e7351157b52
(cellpy) - No such comm: a32d4c317af94b9fb33b5e7351157b52
(cellpy) - No such comm: a32d4c317af94b9fb33b5e7351157b52
(cellpy) - No such comm: a32d4c317af94b9fb33b5e7351157b52
(cellpy) - No such comm: a32d4c317af94b9fb33b5e7351157b52
(cellpy) - No such comm: a32d4c317af94b9fb33b5e7351157b52
(cellpy) - No such comm: a32d4c317af94b9fb33b5e7351157b52
(cellpy) - No such comm: a32d4c317af94b9fb33b5e7351157b52
(cellpy) - No such comm: a32d4c317af94b9fb33b5e7351157b52
(cellpy) - No such comm: a32d4c317af94b9fb33b5e7351157b52
(cellpy) - No such comm: a32d4c317af94b9fb33b5e7351157b52
(cellpy) - No such comm: a32d4c317af94b9fb33b5e7351157b52
(cellpy) - No such comm: a32d4c317af94b9fb33b5e7351157b52
(cellpy) - No such comm: a32d4c317af94b9fb33b5e7351157b52
(cellpy) - No such comm: a32d4c317af94b9fb33b5e7351157b52
(cellpy) - No such comm: cd3fd7497cdf457ea98ba16649f66026
(cellpy) - No such comm: cd3fd7497cdf457ea98ba16649f66026
(cellpy) - No such comm: cd3fd7497cdf457ea98ba16649f66026
(cellpy) - No such comm: cd3fd7497cdf457ea98ba16649f66026
(cellpy) - No such comm: cd3fd7497cdf457ea98ba16649f66026
(cellpy) - No such comm: cd3fd7497cdf457ea98ba16649f66026
(cellpy) - No such comm: cd3fd7497cdf457ea98ba16649f66026
(cellpy) - No such comm: cd3fd7497cdf457ea98ba16649f66026
(cellpy) - No such comm: cd3fd7497cdf457ea98ba16649f66026
(cellpy) - No such comm: cd3fd7497cdf457ea98ba16649f66026
(cellpy) - No such comm: cd3fd7497cdf457ea98ba16649f66026
(cellpy) - No such comm: cd3fd7497cdf457ea98ba16649f66026
(cellpy) - No such comm: cd3fd7497cdf457ea98ba16649f66026
(cellpy) - No such comm: cd3fd7497cdf457ea98ba16649f66026
(cellpy) - No such comm: cd3fd7497cdf457ea98ba16649f66026
(cellpy) - No such comm: cd3fd7497cdf457ea98ba16649f66026
(cellpy) - No such comm: cd3fd7497cdf457ea98ba16649f66026
(cellpy) - No such comm: cd3fd7497cdf457ea98ba16649f66026
(cellpy) - No such comm: cd3fd7497cdf457ea98ba16649f66026
(cellpy) - No such comm: cd3fd7497cdf457ea98ba16649f66026
(cellpy) - No such comm: cd3fd7497cdf457ea98ba16649f66026
(cellpy) - No such comm: cd3fd7497cdf457ea98ba16649f66026
(cellpy) - No such comm: cd3fd7497cdf457ea98ba16649f66026
(cellpy) - No such comm: 481b4c9840e144a9853728fc5f37a861
(cellpy) - No such comm: 481b4c9840e144a9853728fc5f37a861
(cellpy) - No such comm: 481b4c9840e144a9853728fc5f37a861
(cellpy) - No such comm: 481b4c9840e144a9853728fc5f37a861
(cellpy) - No such comm: 481b4c9840e144a9853728fc5f37a861
(cellpy) - No such comm: 481b4c9840e144a9853728fc5f37a861
(cellpy) - No such comm: 481b4c9840e144a9853728fc5f37a861
(cellpy) - No such comm: 481b4c9840e144a9853728fc5f37a861
(cellpy) - No such comm: 481b4c9840e144a9853728fc5f37a861
(cellpy) - No such comm: 481b4c9840e144a9853728fc5f37a861
(cellpy) - No such comm: 481b4c9840e144a9853728fc5f37a861
(cellpy) - No such comm: 481b4c9840e144a9853728fc5f37a861
(cellpy) - No such comm: 481b4c9840e144a9853728fc5f37a861
(cellpy) - No such comm: 481b4c9840e144a9853728fc5f37a861
(cellpy) - No such comm: 481b4c9840e144a9853728fc5f37a861
(cellpy) - No such comm: 481b4c9840e144a9853728fc5f37a861
(cellpy) - No such comm: 481b4c9840e144a9853728fc5f37a861
(cellpy) - No such comm: 481b4c9840e144a9853728fc5f37a861
(cellpy) - No such comm: 481b4c9840e144a9853728fc5f37a861
(cellpy) - No such comm: 481b4c9840e144a9853728fc5f37a861
(cellpy) - No such comm: 481b4c9840e144a9853728fc5f37a861
(cellpy) - No such comm: 481b4c9840e144a9853728fc5f37a861
(cellpy) - No such comm: 481b4c9840e144a9853728fc5f37a861
(cellpy) - No such comm: a2d43a2666a7478a96a4852b98e9fb08
(cellpy) - No such comm: a2d43a2666a7478a96a4852b98e9fb08
(cellpy) - No such comm: a2d43a2666a7478a96a4852b98e9fb08
(cellpy) - No such comm: a2d43a2666a7478a96a4852b98e9fb08
(cellpy) - No such comm: a2d43a2666a7478a96a4852b98e9fb08
(cellpy) - No such comm: a2d43a2666a7478a96a4852b98e9fb08
(cellpy) - No such comm: a2d43a2666a7478a96a4852b98e9fb08
(cellpy) - No such comm: a2d43a2666a7478a96a4852b98e9fb08
(cellpy) - No such comm: a2d43a2666a7478a96a4852b98e9fb08
(cellpy) - No such comm: a2d43a2666a7478a96a4852b98e9fb08
(cellpy) - No such comm: a2d43a2666a7478a96a4852b98e9fb08
(cellpy) - No such comm: a2d43a2666a7478a96a4852b98e9fb08
(cellpy) - No such comm: a2d43a2666a7478a96a4852b98e9fb08
(cellpy) - No such comm: a2d43a2666a7478a96a4852b98e9fb08
(cellpy) - No such comm: a2d43a2666a7478a96a4852b98e9fb08
(cellpy) - No such comm: a2d43a2666a7478a96a4852b98e9fb08
(cellpy) - No such comm: a2d43a2666a7478a96a4852b98e9fb08
(cellpy) - No such comm: a2d43a2666a7478a96a4852b98e9fb08
(cellpy) - No such comm: a2d43a2666a7478a96a4852b98e9fb08
(cellpy) - No such comm: a2d43a2666a7478a96a4852b98e9fb08
(cellpy) - No such comm: a2d43a2666a7478a96a4852b98e9fb08
(cellpy) - No such comm: a2d43a2666a7478a96a4852b98e9fb08
(cellpy) - No such comm: a2d43a2666a7478a96a4852b98e9fb08
(cellpy) - No such comm: a2d43a2666a7478a96a4852b98e9fb08
(cellpy) - No such comm: a2d43a2666a7478a96a4852b98e9fb08
(cellpy) - No such comm: a2d43a2666a7478a96a4852b98e9fb08
(cellpy) - No such comm: a2d43a2666a7478a96a4852b98e9fb08
(cellpy) - No such comm: a2d43a2666a7478a96a4852b98e9fb08
(cellpy) - No such comm: a2d43a2666a7478a96a4852b98e9fb08
(cellpy) - No such comm: a2d43a2666a7478a96a4852b98e9fb08
(cellpy) - No such comm: a2d43a2666a7478a96a4852b98e9fb08
(cellpy) - No such comm: a2d43a2666a7478a96a4852b98e9fb08
(cellpy) - No such comm: a2d43a2666a7478a96a4852b98e9fb08
(cellpy) - No such comm: a2d43a2666a7478a96a4852b98e9fb08
(cellpy) - No such comm: a2d43a2666a7478a96a4852b98e9fb08
(cellpy) - No such comm: a2d43a2666a7478a96a4852b98e9fb08
(cellpy) - No such comm: a2d43a2666a7478a96a4852b98e9fb08
(cellpy) - No such comm: a2d43a2666a7478a96a4852b98e9fb08
(cellpy) - No such comm: a2d43a2666a7478a96a4852b98e9fb08
(cellpy) - No such comm: a2d43a2666a7478a96a4852b98e9fb08
(cellpy) - No such comm: a2d43a2666a7478a96a4852b98e9fb08
(cellpy) - No such comm: a2d43a2666a7478a96a4852b98e9fb08
(cellpy) - No such comm: a2d43a2666a7478a96a4852b98e9fb08
(cellpy) - No such comm: a2d43a2666a7478a96a4852b98e9fb08
(cellpy) - No such comm: a2d43a2666a7478a96a4852b98e9fb08
(cellpy) - No such comm: a2d43a2666a7478a96a4852b98e9fb08
(cellpy) - No such comm: a2d43a2666a7478a96a4852b98e9fb08
(cellpy) - No such comm: a2d43a2666a7478a96a4852b98e9fb08
(cellpy) - No such comm: 8aad2010d2144667ae90f21e5947aab5
(cellpy) - No such comm: 8aad2010d2144667ae90f21e5947aab5
(cellpy) - No such comm: 8aad2010d2144667ae90f21e5947aab5
(cellpy) - No such comm: 8aad2010d2144667ae90f21e5947aab5
(cellpy) - No such comm: 8aad2010d2144667ae90f21e5947aab5
(cellpy) - No such comm: 8aad2010d2144667ae90f21e5947aab5
(cellpy) - No such comm: 8aad2010d2144667ae90f21e5947aab5
(cellpy) - No such comm: 8aad2010d2144667ae90f21e5947aab5
(cellpy) - No such comm: 8aad2010d2144667ae90f21e5947aab5
(cellpy) - No such comm: 8aad2010d2144667ae90f21e5947aab5
(cellpy) - No such comm: 8aad2010d2144667ae90f21e5947aab5
(cellpy) - No such comm: 8aad2010d2144667ae90f21e5947aab5
(cellpy) - No such comm: 8aad2010d2144667ae90f21e5947aab5
(cellpy) - No such comm: 8aad2010d2144667ae90f21e5947aab5
(cellpy) - No such comm: 8aad2010d2144667ae90f21e5947aab5
(cellpy) - No such comm: 8aad2010d2144667ae90f21e5947aab5
(cellpy) - No such comm: 8aad2010d2144667ae90f21e5947aab5
(cellpy) - No such comm: 8aad2010d2144667ae90f21e5947aab5
(cellpy) - No such comm: 8aad2010d2144667ae90f21e5947aab5
(cellpy) - No such comm: 8aad2010d2144667ae90f21e5947aab5
(cellpy) - No such comm: 8aad2010d2144667ae90f21e5947aab5
(cellpy) - No such comm: 8aad2010d2144667ae90f21e5947aab5
(cellpy) - No such comm: 8aad2010d2144667ae90f21e5947aab5
(cellpy) - No such comm: aee7af112815463abd8b42ea5b794ca2
(cellpy) - No such comm: aee7af112815463abd8b42ea5b794ca2
(cellpy) - No such comm: aee7af112815463abd8b42ea5b794ca2
(cellpy) - No such comm: aee7af112815463abd8b42ea5b794ca2
(cellpy) - No such comm: aee7af112815463abd8b42ea5b794ca2
(cellpy) - No such comm: aee7af112815463abd8b42ea5b794ca2
(cellpy) - No such comm: aee7af112815463abd8b42ea5b794ca2
(cellpy) - No such comm: aee7af112815463abd8b42ea5b794ca2
(cellpy) - No such comm: aee7af112815463abd8b42ea5b794ca2
(cellpy) - No such comm: aee7af112815463abd8b42ea5b794ca2
(cellpy) - No such comm: aee7af112815463abd8b42ea5b794ca2
(cellpy) - No such comm: aee7af112815463abd8b42ea5b794ca2
(cellpy) - No such comm: aee7af112815463abd8b42ea5b794ca2
(cellpy) - No such comm: aee7af112815463abd8b42ea5b794ca2
(cellpy) - No such comm: aee7af112815463abd8b42ea5b794ca2
(cellpy) - No such comm: aee7af112815463abd8b42ea5b794ca2
(cellpy) - No such comm: aee7af112815463abd8b42ea5b794ca2
(cellpy) - No such comm: aee7af112815463abd8b42ea5b794ca2
(cellpy) - No such comm: aee7af112815463abd8b42ea5b794ca2
(cellpy) - No such comm: aee7af112815463abd8b42ea5b794ca2
(cellpy) - No such comm: aee7af112815463abd8b42ea5b794ca2
(cellpy) - No such comm: aee7af112815463abd8b42ea5b794ca2
(cellpy) - No such comm: aee7af112815463abd8b42ea5b794ca2
(cellpy) - No such comm: 0147e2f7ceda42fe991a81e819252fd4
(cellpy) - No such comm: 0147e2f7ceda42fe991a81e819252fd4
(cellpy) - No such comm: 0147e2f7ceda42fe991a81e819252fd4
(cellpy) - No such comm: 0147e2f7ceda42fe991a81e819252fd4
(cellpy) - No such comm: 0147e2f7ceda42fe991a81e819252fd4
(cellpy) - No such comm: 0147e2f7ceda42fe991a81e819252fd4
(cellpy) - No such comm: 0147e2f7ceda42fe991a81e819252fd4
(cellpy) - No such comm: 0147e2f7ceda42fe991a81e819252fd4
(cellpy) - No such comm: 0147e2f7ceda42fe991a81e819252fd4
(cellpy) - No such comm: 0147e2f7ceda42fe991a81e819252fd4
(cellpy) - No such comm: 0147e2f7ceda42fe991a81e819252fd4
(cellpy) - No such comm: 0147e2f7ceda42fe991a81e819252fd4
(cellpy) - No such comm: 0147e2f7ceda42fe991a81e819252fd4
(cellpy) - No such comm: 0147e2f7ceda42fe991a81e819252fd4
(cellpy) - No such comm: 0147e2f7ceda42fe991a81e819252fd4
(cellpy) - No such comm: 0147e2f7ceda42fe991a81e819252fd4
(cellpy) - No such comm: 0147e2f7ceda42fe991a81e819252fd4
(cellpy) - No such comm: 0147e2f7ceda42fe991a81e819252fd4
(cellpy) - No such comm: 0147e2f7ceda42fe991a81e819252fd4
(cellpy) - No such comm: 0147e2f7ceda42fe991a81e819252fd4
(cellpy) - No such comm: 0147e2f7ceda42fe991a81e819252fd4
(cellpy) - No such comm: 0147e2f7ceda42fe991a81e819252fd4
(cellpy) - No such comm: 0147e2f7ceda42fe991a81e819252fd4
(cellpy) - No such comm: e763ba8c78144449b27f290ca9cb4670
(cellpy) - No such comm: e763ba8c78144449b27f290ca9cb4670
(cellpy) - No such comm: e763ba8c78144449b27f290ca9cb4670
(cellpy) - No such comm: e763ba8c78144449b27f290ca9cb4670
(cellpy) - No such comm: e763ba8c78144449b27f290ca9cb4670
(cellpy) - No such comm: e763ba8c78144449b27f290ca9cb4670
(cellpy) - No such comm: e763ba8c78144449b27f290ca9cb4670
(cellpy) - No such comm: e763ba8c78144449b27f290ca9cb4670
(cellpy) - No such comm: e763ba8c78144449b27f290ca9cb4670
(cellpy) - No such comm: e763ba8c78144449b27f290ca9cb4670
(cellpy) - No such comm: e763ba8c78144449b27f290ca9cb4670
(cellpy) - No such comm: e763ba8c78144449b27f290ca9cb4670
(cellpy) - No such comm: e763ba8c78144449b27f290ca9cb4670
(cellpy) - No such comm: e763ba8c78144449b27f290ca9cb4670
(cellpy) - No such comm: e763ba8c78144449b27f290ca9cb4670
(cellpy) - No such comm: e763ba8c78144449b27f290ca9cb4670
(cellpy) - No such comm: e763ba8c78144449b27f290ca9cb4670
(cellpy) - No such comm: e763ba8c78144449b27f290ca9cb4670
(cellpy) - No such comm: e763ba8c78144449b27f290ca9cb4670
(cellpy) - No such comm: e763ba8c78144449b27f290ca9cb4670
(cellpy) - No such comm: e763ba8c78144449b27f290ca9cb4670
(cellpy) - No such comm: e763ba8c78144449b27f290ca9cb4670
(cellpy) - No such comm: e763ba8c78144449b27f290ca9cb4670
(cellpy) - No such comm: e763ba8c78144449b27f290ca9cb4670
(cellpy) - No such comm: e763ba8c78144449b27f290ca9cb4670
(cellpy) - No such comm: e763ba8c78144449b27f290ca9cb4670
(cellpy) - No such comm: e763ba8c78144449b27f290ca9cb4670
(cellpy) - No such comm: e763ba8c78144449b27f290ca9cb4670
(cellpy) - No such comm: e763ba8c78144449b27f290ca9cb4670
(cellpy) - No such comm: e763ba8c78144449b27f290ca9cb4670
(cellpy) - No such comm: e763ba8c78144449b27f290ca9cb4670
(cellpy) - No such comm: b102d74dd9ae4de9b5db0cff247f11d7
(cellpy) - No such comm: b102d74dd9ae4de9b5db0cff247f11d7
(cellpy) - No such comm: b102d74dd9ae4de9b5db0cff247f11d7
(cellpy) - No such comm: b102d74dd9ae4de9b5db0cff247f11d7
(cellpy) - No such comm: b102d74dd9ae4de9b5db0cff247f11d7
(cellpy) - No such comm: b102d74dd9ae4de9b5db0cff247f11d7
(cellpy) - No such comm: b102d74dd9ae4de9b5db0cff247f11d7
(cellpy) - No such comm: b102d74dd9ae4de9b5db0cff247f11d7
(cellpy) - No such comm: b102d74dd9ae4de9b5db0cff247f11d7
(cellpy) - No such comm: b102d74dd9ae4de9b5db0cff247f11d7
(cellpy) - No such comm: b102d74dd9ae4de9b5db0cff247f11d7
(cellpy) - No such comm: b102d74dd9ae4de9b5db0cff247f11d7
(cellpy) - No such comm: b102d74dd9ae4de9b5db0cff247f11d7
(cellpy) - No such comm: b102d74dd9ae4de9b5db0cff247f11d7
(cellpy) - No such comm: b102d74dd9ae4de9b5db0cff247f11d7
(cellpy) - No such comm: b102d74dd9ae4de9b5db0cff247f11d7
(cellpy) - No such comm: b102d74dd9ae4de9b5db0cff247f11d7
(cellpy) - No such comm: b102d74dd9ae4de9b5db0cff247f11d7
(cellpy) - No such comm: b102d74dd9ae4de9b5db0cff247f11d7
(cellpy) - No such comm: b102d74dd9ae4de9b5db0cff247f11d7
(cellpy) - No such comm: b102d74dd9ae4de9b5db0cff247f11d7
(cellpy) - No such comm: b102d74dd9ae4de9b5db0cff247f11d7
(cellpy) - No such comm: b102d74dd9ae4de9b5db0cff247f11d7
(cellpy) - No such comm: 57bdd5ad2e5a4823b881a6429ad5ea9d
(cellpy) - No such comm: 57bdd5ad2e5a4823b881a6429ad5ea9d
(cellpy) - No such comm: 57bdd5ad2e5a4823b881a6429ad5ea9d
(cellpy) - No such comm: 57bdd5ad2e5a4823b881a6429ad5ea9d
(cellpy) - No such comm: 57bdd5ad2e5a4823b881a6429ad5ea9d
(cellpy) - No such comm: 57bdd5ad2e5a4823b881a6429ad5ea9d
(cellpy) - No such comm: 57bdd5ad2e5a4823b881a6429ad5ea9d
(cellpy) - No such comm: 57bdd5ad2e5a4823b881a6429ad5ea9d
(cellpy) - No such comm: 57bdd5ad2e5a4823b881a6429ad5ea9d
(cellpy) - No such comm: 57bdd5ad2e5a4823b881a6429ad5ea9d
(cellpy) - No such comm: 57bdd5ad2e5a4823b881a6429ad5ea9d
(cellpy) - No such comm: 57bdd5ad2e5a4823b881a6429ad5ea9d
(cellpy) - No such comm: 57bdd5ad2e5a4823b881a6429ad5ea9d
(cellpy) - No such comm: 57bdd5ad2e5a4823b881a6429ad5ea9d
(cellpy) - No such comm: 57bdd5ad2e5a4823b881a6429ad5ea9d
(cellpy) - No such comm: 57bdd5ad2e5a4823b881a6429ad5ea9d
(cellpy) - No such comm: 57bdd5ad2e5a4823b881a6429ad5ea9d
(cellpy) - No such comm: 57bdd5ad2e5a4823b881a6429ad5ea9d
(cellpy) - No such comm: 57bdd5ad2e5a4823b881a6429ad5ea9d
(cellpy) - No such comm: 57bdd5ad2e5a4823b881a6429ad5ea9d
(cellpy) - No such comm: 57bdd5ad2e5a4823b881a6429ad5ea9d
(cellpy) - No such comm: 57bdd5ad2e5a4823b881a6429ad5ea9d
(cellpy) - No such comm: 57bdd5ad2e5a4823b881a6429ad5ea9d
(cellpy) - No such comm: 57bdd5ad2e5a4823b881a6429ad5ea9d
(cellpy) - No such comm: 57bdd5ad2e5a4823b881a6429ad5ea9d
(cellpy) - No such comm: 57bdd5ad2e5a4823b881a6429ad5ea9d
(cellpy) - No such comm: 57bdd5ad2e5a4823b881a6429ad5ea9d
(cellpy) - No such comm: 57bdd5ad2e5a4823b881a6429ad5ea9d
(cellpy) - No such comm: 57bdd5ad2e5a4823b881a6429ad5ea9d
(cellpy) - No such comm: 57bdd5ad2e5a4823b881a6429ad5ea9d
(cellpy) - No such comm: 57bdd5ad2e5a4823b881a6429ad5ea9d
(cellpy) - No such comm: 57bdd5ad2e5a4823b881a6429ad5ea9d
(cellpy) - No such comm: 57bdd5ad2e5a4823b881a6429ad5ea9d
(cellpy) - No such comm: 57bdd5ad2e5a4823b881a6429ad5ea9d
(cellpy) - No such comm: 57bdd5ad2e5a4823b881a6429ad5ea9d
(cellpy) - No such comm: 57bdd5ad2e5a4823b881a6429ad5ea9d
(cellpy) - No such comm: 57bdd5ad2e5a4823b881a6429ad5ea9d
(cellpy) - No such comm: 57bdd5ad2e5a4823b881a6429ad5ea9d
(cellpy) - No such comm: 57bdd5ad2e5a4823b881a6429ad5ea9d
(cellpy) - No such comm: 57bdd5ad2e5a4823b881a6429ad5ea9d
(cellpy) - No such comm: 57bdd5ad2e5a4823b881a6429ad5ea9d
(cellpy) - No such comm: 57bdd5ad2e5a4823b881a6429ad5ea9d
(cellpy) - No such comm: 57bdd5ad2e5a4823b881a6429ad5ea9d
(cellpy) - No such comm: 57bdd5ad2e5a4823b881a6429ad5ea9d
(cellpy) - No such comm: 57bdd5ad2e5a4823b881a6429ad5ea9d
(cellpy) - No such comm: 57bdd5ad2e5a4823b881a6429ad5ea9d
(cellpy) - No such comm: 57bdd5ad2e5a4823b881a6429ad5ea9d
(cellpy) - No such comm: 57bdd5ad2e5a4823b881a6429ad5ea9d
(cellpy) - No such comm: 57bdd5ad2e5a4823b881a6429ad5ea9d
(cellpy) - No such comm: 57bdd5ad2e5a4823b881a6429ad5ea9d
(cellpy) - No such comm: 57bdd5ad2e5a4823b881a6429ad5ea9d
(cellpy) - No such comm: 57bdd5ad2e5a4823b881a6429ad5ea9d
(cellpy) - No such comm: 57bdd5ad2e5a4823b881a6429ad5ea9d
(cellpy) - No such comm: 57bdd5ad2e5a4823b881a6429ad5ea9d
(cellpy) - No such comm: 57bdd5ad2e5a4823b881a6429ad5ea9d
(cellpy) - No such comm: 57bdd5ad2e5a4823b881a6429ad5ea9d
(cellpy) - No such comm: 57bdd5ad2e5a4823b881a6429ad5ea9d
(cellpy) - No such comm: 57bdd5ad2e5a4823b881a6429ad5ea9d
(cellpy) - No such comm: 57bdd5ad2e5a4823b881a6429ad5ea9d
(cellpy) - No such comm: 57bdd5ad2e5a4823b881a6429ad5ea9d
(cellpy) - No such comm: 57bdd5ad2e5a4823b881a6429ad5ea9d
(cellpy) - No such comm: 57bdd5ad2e5a4823b881a6429ad5ea9d
(cellpy) - No such comm: 57bdd5ad2e5a4823b881a6429ad5ea9d
(cellpy) - No such comm: 57bdd5ad2e5a4823b881a6429ad5ea9d
(cellpy) - No such comm: 57bdd5ad2e5a4823b881a6429ad5ea9d
(cellpy) - No such comm: 57bdd5ad2e5a4823b881a6429ad5ea9d
(cellpy) - No such comm: 57bdd5ad2e5a4823b881a6429ad5ea9d
(cellpy) - No such comm: 57bdd5ad2e5a4823b881a6429ad5ea9d
(cellpy) - No such comm: 57bdd5ad2e5a4823b881a6429ad5ea9d
(cellpy) - No such comm: 57bdd5ad2e5a4823b881a6429ad5ea9d
(cellpy) - No such comm: 57bdd5ad2e5a4823b881a6429ad5ea9d
(cellpy) - No such comm: 57bdd5ad2e5a4823b881a6429ad5ea9d
(cellpy) - No such comm: 57bdd5ad2e5a4823b881a6429ad5ea9d
(cellpy) - No such comm: 57bdd5ad2e5a4823b881a6429ad5ea9d
(cellpy) - No such comm: 57bdd5ad2e5a4823b881a6429ad5ea9d
(cellpy) - No such comm: 57bdd5ad2e5a4823b881a6429ad5ea9d
(cellpy) - No such comm: 57bdd5ad2e5a4823b881a6429ad5ea9d
(cellpy) - No such comm: 57bdd5ad2e5a4823b881a6429ad5ea9d
(cellpy) - No such comm: 57bdd5ad2e5a4823b881a6429ad5ea9d
(cellpy) - No such comm: 57bdd5ad2e5a4823b881a6429ad5ea9d
(cellpy) - No such comm: 57bdd5ad2e5a4823b881a6429ad5ea9d
(cellpy) - No such comm: 57bdd5ad2e5a4823b881a6429ad5ea9d
(cellpy) - No such comm: 57bdd5ad2e5a4823b881a6429ad5ea9d
(cellpy) - No such comm: 57bdd5ad2e5a4823b881a6429ad5ea9d
(cellpy) - No such comm: 57bdd5ad2e5a4823b881a6429ad5ea9d
(cellpy) - No such comm: 57bdd5ad2e5a4823b881a6429ad5ea9d
(cellpy) - No such comm: 57bdd5ad2e5a4823b881a6429ad5ea9d
(cellpy) - No such comm: 57bdd5ad2e5a4823b881a6429ad5ea9d
(cellpy) - No such comm: 57bdd5ad2e5a4823b881a6429ad5ea9d
(cellpy) - No such comm: 57bdd5ad2e5a4823b881a6429ad5ea9d
(cellpy) - No such comm: 57bdd5ad2e5a4823b881a6429ad5ea9d
(cellpy) - No such comm: 57bdd5ad2e5a4823b881a6429ad5ea9d
(cellpy) - No such comm: 57bdd5ad2e5a4823b881a6429ad5ea9d
(cellpy) - No such comm: 57bdd5ad2e5a4823b881a6429ad5ea9d
(cellpy) - No such comm: 57bdd5ad2e5a4823b881a6429ad5ea9d
(cellpy) - No such comm: 57bdd5ad2e5a4823b881a6429ad5ea9d
(cellpy) - No such comm: 57bdd5ad2e5a4823b881a6429ad5ea9d
(cellpy) - No such comm: 57bdd5ad2e5a4823b881a6429ad5ea9d
(cellpy) - No such comm: 57bdd5ad2e5a4823b881a6429ad5ea9d
(cellpy) - No such comm: 57bdd5ad2e5a4823b881a6429ad5ea9d
(cellpy) - No such comm: 57bdd5ad2e5a4823b881a6429ad5ea9d
(cellpy) - No such comm: 57bdd5ad2e5a4823b881a6429ad5ea9d
(cellpy) - No such comm: 57bdd5ad2e5a4823b881a6429ad5ea9d
(cellpy) - No such comm: 57bdd5ad2e5a4823b881a6429ad5ea9d
(cellpy) - No such comm: 57bdd5ad2e5a4823b881a6429ad5ea9d
(cellpy) - No such comm: 57bdd5ad2e5a4823b881a6429ad5ea9d
(cellpy) - No such comm: 57bdd5ad2e5a4823b881a6429ad5ea9d
(cellpy) - No such comm: 57bdd5ad2e5a4823b881a6429ad5ea9d
(cellpy) - No such comm: 57bdd5ad2e5a4823b881a6429ad5ea9d
(cellpy) - No such comm: 57bdd5ad2e5a4823b881a6429ad5ea9d
(cellpy) - No such comm: 57bdd5ad2e5a4823b881a6429ad5ea9d
(cellpy) - No such comm: 57bdd5ad2e5a4823b881a6429ad5ea9d
(cellpy) - No such comm: 57bdd5ad2e5a4823b881a6429ad5ea9d
(cellpy) - No such comm: 57bdd5ad2e5a4823b881a6429ad5ea9d
(cellpy) - No such comm: 57bdd5ad2e5a4823b881a6429ad5ea9d
(cellpy) - No such comm: 57bdd5ad2e5a4823b881a6429ad5ea9d
(cellpy) - No such comm: 57bdd5ad2e5a4823b881a6429ad5ea9d
(cellpy) - No such comm: 57bdd5ad2e5a4823b881a6429ad5ea9d
(cellpy) - No such comm: 57bdd5ad2e5a4823b881a6429ad5ea9d
(cellpy) - No such comm: 57bdd5ad2e5a4823b881a6429ad5ea9d
(cellpy) - No such comm: 57bdd5ad2e5a4823b881a6429ad5ea9d
(cellpy) - No such comm: 57bdd5ad2e5a4823b881a6429ad5ea9d
(cellpy) - No such comm: 57bdd5ad2e5a4823b881a6429ad5ea9d
(cellpy) - No such comm: 57bdd5ad2e5a4823b881a6429ad5ea9d
(cellpy) - No such comm: 57bdd5ad2e5a4823b881a6429ad5ea9d
(cellpy) - No such comm: 57bdd5ad2e5a4823b881a6429ad5ea9d
(cellpy) - No such comm: 57bdd5ad2e5a4823b881a6429ad5ea9d
(cellpy) - No such comm: 57bdd5ad2e5a4823b881a6429ad5ea9d
(cellpy) - No such comm: 57bdd5ad2e5a4823b881a6429ad5ea9d
(cellpy) - No such comm: 57bdd5ad2e5a4823b881a6429ad5ea9d
(cellpy) - No such comm: 57bdd5ad2e5a4823b881a6429ad5ea9d
(cellpy) - No such comm: 57bdd5ad2e5a4823b881a6429ad5ea9d
(cellpy) - No such comm: 57bdd5ad2e5a4823b881a6429ad5ea9d
(cellpy) - No such comm: 57bdd5ad2e5a4823b881a6429ad5ea9d
(cellpy) - No such comm: 57bdd5ad2e5a4823b881a6429ad5ea9d
(cellpy) - No such comm: 57bdd5ad2e5a4823b881a6429ad5ea9d
(cellpy) - No such comm: 57bdd5ad2e5a4823b881a6429ad5ea9d
(cellpy) - No such comm: 57bdd5ad2e5a4823b881a6429ad5ea9d
(cellpy) - No such comm: 57bdd5ad2e5a4823b881a6429ad5ea9d
(cellpy) - No such comm: 57bdd5ad2e5a4823b881a6429ad5ea9d
(cellpy) - No such comm: 57bdd5ad2e5a4823b881a6429ad5ea9d
(cellpy) - No such comm: 57bdd5ad2e5a4823b881a6429ad5ea9d
(cellpy) - No such comm: 57bdd5ad2e5a4823b881a6429ad5ea9d
(cellpy) - No such comm: 57bdd5ad2e5a4823b881a6429ad5ea9d
(cellpy) - No such comm: 57bdd5ad2e5a4823b881a6429ad5ea9d
(cellpy) - No such comm: 57bdd5ad2e5a4823b881a6429ad5ea9d
(cellpy) - No such comm: 57bdd5ad2e5a4823b881a6429ad5ea9d
(cellpy) - No such comm: 57bdd5ad2e5a4823b881a6429ad5ea9d
(cellpy) - No such comm: 57bdd5ad2e5a4823b881a6429ad5ea9d
(cellpy) - No such comm: 57bdd5ad2e5a4823b881a6429ad5ea9d
(cellpy) - No such comm: 57bdd5ad2e5a4823b881a6429ad5ea9d
(cellpy) - No such comm: 57bdd5ad2e5a4823b881a6429ad5ea9d
(cellpy) - No such comm: 57bdd5ad2e5a4823b881a6429ad5ea9d
(cellpy) - No such comm: 57bdd5ad2e5a4823b881a6429ad5ea9d
(cellpy) - No such comm: 57bdd5ad2e5a4823b881a6429ad5ea9d
(cellpy) - No such comm: 57bdd5ad2e5a4823b881a6429ad5ea9d
(cellpy) - No such comm: 57bdd5ad2e5a4823b881a6429ad5ea9d
(cellpy) - No such comm: 57bdd5ad2e5a4823b881a6429ad5ea9d
(cellpy) - No such comm: 57bdd5ad2e5a4823b881a6429ad5ea9d
(cellpy) - No such comm: 57bdd5ad2e5a4823b881a6429ad5ea9d
(cellpy) - No such comm: 57bdd5ad2e5a4823b881a6429ad5ea9d
(cellpy) - No such comm: 57bdd5ad2e5a4823b881a6429ad5ea9d
(cellpy) - No such comm: 57bdd5ad2e5a4823b881a6429ad5ea9d
(cellpy) - No such comm: 57bdd5ad2e5a4823b881a6429ad5ea9d
(cellpy) - No such comm: 57bdd5ad2e5a4823b881a6429ad5ea9d
(cellpy) - No such comm: 57bdd5ad2e5a4823b881a6429ad5ea9d
(cellpy) - No such comm: 57bdd5ad2e5a4823b881a6429ad5ea9d
(cellpy) - No such comm: 57bdd5ad2e5a4823b881a6429ad5ea9d
(cellpy) - No such comm: 57bdd5ad2e5a4823b881a6429ad5ea9d
(cellpy) - No such comm: 57bdd5ad2e5a4823b881a6429ad5ea9d
(cellpy) - No such comm: 57bdd5ad2e5a4823b881a6429ad5ea9d
(cellpy) - No such comm: 57bdd5ad2e5a4823b881a6429ad5ea9d
(cellpy) - No such comm: 57bdd5ad2e5a4823b881a6429ad5ea9d
(cellpy) - No such comm: 57bdd5ad2e5a4823b881a6429ad5ea9d
(cellpy) - No such comm: 57bdd5ad2e5a4823b881a6429ad5ea9d
(cellpy) - No such comm: 57bdd5ad2e5a4823b881a6429ad5ea9d
(cellpy) - No such comm: 57bdd5ad2e5a4823b881a6429ad5ea9d
(cellpy) - No such comm: 57bdd5ad2e5a4823b881a6429ad5ea9d
(cellpy) - No such comm: 57bdd5ad2e5a4823b881a6429ad5ea9d
(cellpy) - No such comm: 57bdd5ad2e5a4823b881a6429ad5ea9d
(cellpy) - No such comm: 57bdd5ad2e5a4823b881a6429ad5ea9d
(cellpy) - No such comm: 57bdd5ad2e5a4823b881a6429ad5ea9d
(cellpy) - No such comm: 57bdd5ad2e5a4823b881a6429ad5ea9d
(cellpy) - No such comm: 57bdd5ad2e5a4823b881a6429ad5ea9d
(cellpy) - No such comm: 57bdd5ad2e5a4823b881a6429ad5ea9d
(cellpy) - No such comm: 57bdd5ad2e5a4823b881a6429ad5ea9d
(cellpy) - No such comm: 57bdd5ad2e5a4823b881a6429ad5ea9d
(cellpy) - No such comm: 57bdd5ad2e5a4823b881a6429ad5ea9d
(cellpy) - No such comm: 57bdd5ad2e5a4823b881a6429ad5ea9d
(cellpy) - No such comm: 57bdd5ad2e5a4823b881a6429ad5ea9d
(cellpy) - No such comm: 57bdd5ad2e5a4823b881a6429ad5ea9d
(cellpy) - No such comm: 57bdd5ad2e5a4823b881a6429ad5ea9d
(cellpy) - No such comm: 57bdd5ad2e5a4823b881a6429ad5ea9d
(cellpy) - No such comm: 57bdd5ad2e5a4823b881a6429ad5ea9d
(cellpy) - No such comm: 57bdd5ad2e5a4823b881a6429ad5ea9d
(cellpy) - No such comm: 57bdd5ad2e5a4823b881a6429ad5ea9d
(cellpy) - No such comm: 57bdd5ad2e5a4823b881a6429ad5ea9d
(cellpy) - No such comm: 57bdd5ad2e5a4823b881a6429ad5ea9d
(cellpy) - No such comm: 57bdd5ad2e5a4823b881a6429ad5ea9d
(cellpy) - No such comm: 57bdd5ad2e5a4823b881a6429ad5ea9d
(cellpy) - No such comm: 57bdd5ad2e5a4823b881a6429ad5ea9d
(cellpy) - No such comm: 57bdd5ad2e5a4823b881a6429ad5ea9d
(cellpy) - No such comm: 57bdd5ad2e5a4823b881a6429ad5ea9d
(cellpy) - No such comm: 57bdd5ad2e5a4823b881a6429ad5ea9d
(cellpy) - No such comm: 57bdd5ad2e5a4823b881a6429ad5ea9d
(cellpy) - No such comm: 57bdd5ad2e5a4823b881a6429ad5ea9d
(cellpy) - No such comm: 57bdd5ad2e5a4823b881a6429ad5ea9d
(cellpy) - No such comm: 57bdd5ad2e5a4823b881a6429ad5ea9d
(cellpy) - No such comm: 57bdd5ad2e5a4823b881a6429ad5ea9d
(cellpy) - No such comm: 57bdd5ad2e5a4823b881a6429ad5ea9d
(cellpy) - No such comm: 57bdd5ad2e5a4823b881a6429ad5ea9d
(cellpy) - No such comm: 57bdd5ad2e5a4823b881a6429ad5ea9d
(cellpy) - No such comm: 57bdd5ad2e5a4823b881a6429ad5ea9d
(cellpy) - No such comm: 57bdd5ad2e5a4823b881a6429ad5ea9d
(cellpy) - No such comm: 57bdd5ad2e5a4823b881a6429ad5ea9d
(cellpy) - No such comm: 57bdd5ad2e5a4823b881a6429ad5ea9d
(cellpy) - No such comm: 57bdd5ad2e5a4823b881a6429ad5ea9d
(cellpy) - No such comm: 4156ea3826cd4e34a7bf8d729e005892
(cellpy) - No such comm: 4156ea3826cd4e34a7bf8d729e005892
(cellpy) - No such comm: 4156ea3826cd4e34a7bf8d729e005892
(cellpy) - No such comm: 4156ea3826cd4e34a7bf8d729e005892
(cellpy) - No such comm: 4156ea3826cd4e34a7bf8d729e005892
(cellpy) - No such comm: 4156ea3826cd4e34a7bf8d729e005892
(cellpy) - No such comm: 4156ea3826cd4e34a7bf8d729e005892
(cellpy) - No such comm: 4156ea3826cd4e34a7bf8d729e005892
(cellpy) - No such comm: 4156ea3826cd4e34a7bf8d729e005892
(cellpy) - No such comm: 4156ea3826cd4e34a7bf8d729e005892
(cellpy) - No such comm: 4156ea3826cd4e34a7bf8d729e005892
(cellpy) - No such comm: 4156ea3826cd4e34a7bf8d729e005892
(cellpy) - No such comm: 4156ea3826cd4e34a7bf8d729e005892
(cellpy) - No such comm: 4156ea3826cd4e34a7bf8d729e005892
(cellpy) - No such comm: 4156ea3826cd4e34a7bf8d729e005892
(cellpy) - No such comm: 4156ea3826cd4e34a7bf8d729e005892
(cellpy) - No such comm: 4156ea3826cd4e34a7bf8d729e005892
(cellpy) - No such comm: 4156ea3826cd4e34a7bf8d729e005892
(cellpy) - No such comm: 4156ea3826cd4e34a7bf8d729e005892
(cellpy) - No such comm: 4156ea3826cd4e34a7bf8d729e005892
(cellpy) - No such comm: 4156ea3826cd4e34a7bf8d729e005892
(cellpy) - No such comm: 4156ea3826cd4e34a7bf8d729e005892
(cellpy) - No such comm: 4156ea3826cd4e34a7bf8d729e005892
(cellpy) - No such comm: 05edb153506b4d8ba04db0f4279e44ab
(cellpy) - No such comm: 05edb153506b4d8ba04db0f4279e44ab
(cellpy) - No such comm: 05edb153506b4d8ba04db0f4279e44ab
(cellpy) - No such comm: 05edb153506b4d8ba04db0f4279e44ab
(cellpy) - No such comm: 05edb153506b4d8ba04db0f4279e44ab
(cellpy) - No such comm: 05edb153506b4d8ba04db0f4279e44ab
(cellpy) - No such comm: 05edb153506b4d8ba04db0f4279e44ab
(cellpy) - No such comm: 05edb153506b4d8ba04db0f4279e44ab
(cellpy) - No such comm: 05edb153506b4d8ba04db0f4279e44ab
(cellpy) - No such comm: 05edb153506b4d8ba04db0f4279e44ab
(cellpy) - No such comm: 05edb153506b4d8ba04db0f4279e44ab
(cellpy) - No such comm: 05edb153506b4d8ba04db0f4279e44ab
(cellpy) - No such comm: 05edb153506b4d8ba04db0f4279e44ab
(cellpy) - No such comm: 05edb153506b4d8ba04db0f4279e44ab
(cellpy) - No such comm: 05edb153506b4d8ba04db0f4279e44ab
(cellpy) - No such comm: 05edb153506b4d8ba04db0f4279e44ab
(cellpy) - No such comm: 05edb153506b4d8ba04db0f4279e44ab
(cellpy) - No such comm: 05edb153506b4d8ba04db0f4279e44ab
(cellpy) - No such comm: 05edb153506b4d8ba04db0f4279e44ab
(cellpy) - No such comm: 05edb153506b4d8ba04db0f4279e44ab
(cellpy) - No such comm: 05edb153506b4d8ba04db0f4279e44ab
(cellpy) - No such comm: 05edb153506b4d8ba04db0f4279e44ab
(cellpy) - No such comm: 05edb153506b4d8ba04db0f4279e44ab
(cellpy) - No such comm: 05edb153506b4d8ba04db0f4279e44ab
(cellpy) - No such comm: 05edb153506b4d8ba04db0f4279e44ab
(cellpy) - No such comm: 05edb153506b4d8ba04db0f4279e44ab
(cellpy) - No such comm: 05edb153506b4d8ba04db0f4279e44ab
(cellpy) - No such comm: 05edb153506b4d8ba04db0f4279e44ab
(cellpy) - No such comm: 05edb153506b4d8ba04db0f4279e44ab
(cellpy) - No such comm: 05edb153506b4d8ba04db0f4279e44ab
(cellpy) - No such comm: 05edb153506b4d8ba04db0f4279e44ab
(cellpy) - No such comm: 05edb153506b4d8ba04db0f4279e44ab
(cellpy) - No such comm: 05edb153506b4d8ba04db0f4279e44ab
(cellpy) - No such comm: 05edb153506b4d8ba04db0f4279e44ab
(cellpy) - No such comm: 05edb153506b4d8ba04db0f4279e44ab
(cellpy) - No such comm: 05edb153506b4d8ba04db0f4279e44ab
(cellpy) - No such comm: 05edb153506b4d8ba04db0f4279e44ab
(cellpy) - No such comm: 05edb153506b4d8ba04db0f4279e44ab
(cellpy) - No such comm: 05edb153506b4d8ba04db0f4279e44ab
(cellpy) - No such comm: 05edb153506b4d8ba04db0f4279e44ab
(cellpy) - No such comm: 05edb153506b4d8ba04db0f4279e44ab
(cellpy) - No such comm: 05edb153506b4d8ba04db0f4279e44ab
(cellpy) - No such comm: 05edb153506b4d8ba04db0f4279e44ab
(cellpy) - No such comm: 05edb153506b4d8ba04db0f4279e44ab
(cellpy) - No such comm: 05edb153506b4d8ba04db0f4279e44ab
(cellpy) - No such comm: 05edb153506b4d8ba04db0f4279e44ab
(cellpy) - No such comm: 05edb153506b4d8ba04db0f4279e44ab
(cellpy) - No such comm: 05edb153506b4d8ba04db0f4279e44ab
(cellpy) - No such comm: 05edb153506b4d8ba04db0f4279e44ab
(cellpy) - No such comm: 05edb153506b4d8ba04db0f4279e44ab
(cellpy) - No such comm: 05edb153506b4d8ba04db0f4279e44ab
(cellpy) - No such comm: 05edb153506b4d8ba04db0f4279e44ab
(cellpy) - No such comm: 05edb153506b4d8ba04db0f4279e44ab
(cellpy) - No such comm: 05edb153506b4d8ba04db0f4279e44ab
(cellpy) - No such comm: 05edb153506b4d8ba04db0f4279e44ab
(cellpy) - No such comm: 05edb153506b4d8ba04db0f4279e44ab
(cellpy) - No such comm: 05edb153506b4d8ba04db0f4279e44ab
(cellpy) - No such comm: 6c2241ed3f534908b5835b8eecaa1118
(cellpy) - No such comm: 6c2241ed3f534908b5835b8eecaa1118
(cellpy) - No such comm: 6c2241ed3f534908b5835b8eecaa1118
(cellpy) - No such comm: 6c2241ed3f534908b5835b8eecaa1118
(cellpy) - No such comm: 6c2241ed3f534908b5835b8eecaa1118
(cellpy) - No such comm: 6c2241ed3f534908b5835b8eecaa1118
(cellpy) - No such comm: 6c2241ed3f534908b5835b8eecaa1118
(cellpy) - No such comm: 6c2241ed3f534908b5835b8eecaa1118
(cellpy) - No such comm: 6c2241ed3f534908b5835b8eecaa1118
(cellpy) - No such comm: 6c2241ed3f534908b5835b8eecaa1118
(cellpy) - No such comm: 6c2241ed3f534908b5835b8eecaa1118
(cellpy) - No such comm: 6c2241ed3f534908b5835b8eecaa1118
(cellpy) - No such comm: 6c2241ed3f534908b5835b8eecaa1118
(cellpy) - No such comm: 6c2241ed3f534908b5835b8eecaa1118
(cellpy) - No such comm: 6c2241ed3f534908b5835b8eecaa1118
(cellpy) - No such comm: 6c2241ed3f534908b5835b8eecaa1118
(cellpy) - No such comm: 6c2241ed3f534908b5835b8eecaa1118
(cellpy) - No such comm: 6c2241ed3f534908b5835b8eecaa1118
(cellpy) - No such comm: 6c2241ed3f534908b5835b8eecaa1118
(cellpy) - No such comm: 6c2241ed3f534908b5835b8eecaa1118
(cellpy) - No such comm: 6c2241ed3f534908b5835b8eecaa1118
(cellpy) - No such comm: 6c2241ed3f534908b5835b8eecaa1118
(cellpy) - No such comm: 6c2241ed3f534908b5835b8eecaa1118
(cellpy) - No such comm: 711e91bcf9f7442d879516ecb3b49626
(cellpy) - No such comm: 711e91bcf9f7442d879516ecb3b49626
(cellpy) - No such comm: 711e91bcf9f7442d879516ecb3b49626
(cellpy) - No such comm: 711e91bcf9f7442d879516ecb3b49626
(cellpy) - No such comm: 711e91bcf9f7442d879516ecb3b49626
(cellpy) - No such comm: 711e91bcf9f7442d879516ecb3b49626
(cellpy) - No such comm: 711e91bcf9f7442d879516ecb3b49626
(cellpy) - No such comm: 711e91bcf9f7442d879516ecb3b49626
(cellpy) - No such comm: 711e91bcf9f7442d879516ecb3b49626
(cellpy) - No such comm: 711e91bcf9f7442d879516ecb3b49626
(cellpy) - No such comm: 711e91bcf9f7442d879516ecb3b49626
(cellpy) - No such comm: 711e91bcf9f7442d879516ecb3b49626
(cellpy) - No such comm: 711e91bcf9f7442d879516ecb3b49626
(cellpy) - No such comm: 711e91bcf9f7442d879516ecb3b49626
(cellpy) - No such comm: 711e91bcf9f7442d879516ecb3b49626
(cellpy) - No such comm: 711e91bcf9f7442d879516ecb3b49626
(cellpy) - No such comm: 711e91bcf9f7442d879516ecb3b49626
(cellpy) - No such comm: 711e91bcf9f7442d879516ecb3b49626
(cellpy) - No such comm: 711e91bcf9f7442d879516ecb3b49626
(cellpy) - No such comm: 711e91bcf9f7442d879516ecb3b49626
(cellpy) - No such comm: 711e91bcf9f7442d879516ecb3b49626
(cellpy) - No such comm: 711e91bcf9f7442d879516ecb3b49626
(cellpy) - No such comm: 711e91bcf9f7442d879516ecb3b49626
(cellpy) - No such comm: 05f87fe412ae4c65ae4975b5d524c774
(cellpy) - No such comm: 05f87fe412ae4c65ae4975b5d524c774
(cellpy) - No such comm: 05f87fe412ae4c65ae4975b5d524c774
(cellpy) - No such comm: 05f87fe412ae4c65ae4975b5d524c774
(cellpy) - No such comm: 05f87fe412ae4c65ae4975b5d524c774
(cellpy) - No such comm: 05f87fe412ae4c65ae4975b5d524c774
(cellpy) - No such comm: 05f87fe412ae4c65ae4975b5d524c774
(cellpy) - No such comm: 05f87fe412ae4c65ae4975b5d524c774
(cellpy) - No such comm: 05f87fe412ae4c65ae4975b5d524c774
(cellpy) - No such comm: 05f87fe412ae4c65ae4975b5d524c774
(cellpy) - No such comm: 05f87fe412ae4c65ae4975b5d524c774
(cellpy) - No such comm: 05f87fe412ae4c65ae4975b5d524c774
(cellpy) - No such comm: 05f87fe412ae4c65ae4975b5d524c774
(cellpy) - No such comm: 05f87fe412ae4c65ae4975b5d524c774
(cellpy) - No such comm: 05f87fe412ae4c65ae4975b5d524c774
(cellpy) - No such comm: 05f87fe412ae4c65ae4975b5d524c774
(cellpy) - No such comm: 05f87fe412ae4c65ae4975b5d524c774
(cellpy) - No such comm: 05f87fe412ae4c65ae4975b5d524c774
(cellpy) - No such comm: 05f87fe412ae4c65ae4975b5d524c774
(cellpy) - No such comm: 05f87fe412ae4c65ae4975b5d524c774
(cellpy) - No such comm: 05f87fe412ae4c65ae4975b5d524c774
(cellpy) - No such comm: 05f87fe412ae4c65ae4975b5d524c774
(cellpy) - No such comm: 05f87fe412ae4c65ae4975b5d524c774
(cellpy) - No such comm: 4e236f8dfaa74964b67f9dbe0e817f7f
(cellpy) - No such comm: 4e236f8dfaa74964b67f9dbe0e817f7f
(cellpy) - No such comm: 4e236f8dfaa74964b67f9dbe0e817f7f
(cellpy) - No such comm: 4e236f8dfaa74964b67f9dbe0e817f7f
(cellpy) - No such comm: 4e236f8dfaa74964b67f9dbe0e817f7f
(cellpy) - No such comm: 4e236f8dfaa74964b67f9dbe0e817f7f
(cellpy) - No such comm: 4e236f8dfaa74964b67f9dbe0e817f7f
(cellpy) - No such comm: 4e236f8dfaa74964b67f9dbe0e817f7f
(cellpy) - No such comm: 4e236f8dfaa74964b67f9dbe0e817f7f
(cellpy) - No such comm: 4e236f8dfaa74964b67f9dbe0e817f7f
(cellpy) - No such comm: 4e236f8dfaa74964b67f9dbe0e817f7f
(cellpy) - No such comm: 4e236f8dfaa74964b67f9dbe0e817f7f
(cellpy) - No such comm: 4e236f8dfaa74964b67f9dbe0e817f7f
(cellpy) - No such comm: 4e236f8dfaa74964b67f9dbe0e817f7f
(cellpy) - No such comm: 4e236f8dfaa74964b67f9dbe0e817f7f
(cellpy) - No such comm: 4e236f8dfaa74964b67f9dbe0e817f7f
(cellpy) - No such comm: 4e236f8dfaa74964b67f9dbe0e817f7f
(cellpy) - No such comm: 4e236f8dfaa74964b67f9dbe0e817f7f
(cellpy) - No such comm: 4e236f8dfaa74964b67f9dbe0e817f7f
(cellpy) - No such comm: 4e236f8dfaa74964b67f9dbe0e817f7f
(cellpy) - No such comm: 4e236f8dfaa74964b67f9dbe0e817f7f
(cellpy) - No such comm: 4e236f8dfaa74964b67f9dbe0e817f7f
(cellpy) - No such comm: 4e236f8dfaa74964b67f9dbe0e817f7f
(cellpy) - No such comm: 77672e32278d4d129f8cbc500e36e0fd
(cellpy) - No such comm: 77672e32278d4d129f8cbc500e36e0fd
(cellpy) - No such comm: 77672e32278d4d129f8cbc500e36e0fd
(cellpy) - No such comm: 77672e32278d4d129f8cbc500e36e0fd
(cellpy) - No such comm: 77672e32278d4d129f8cbc500e36e0fd
(cellpy) - No such comm: 77672e32278d4d129f8cbc500e36e0fd
(cellpy) - No such comm: 77672e32278d4d129f8cbc500e36e0fd
(cellpy) - No such comm: 77672e32278d4d129f8cbc500e36e0fd
(cellpy) - No such comm: 77672e32278d4d129f8cbc500e36e0fd
(cellpy) - No such comm: 77672e32278d4d129f8cbc500e36e0fd
(cellpy) - No such comm: 77672e32278d4d129f8cbc500e36e0fd
(cellpy) - No such comm: 77672e32278d4d129f8cbc500e36e0fd
(cellpy) - No such comm: 77672e32278d4d129f8cbc500e36e0fd
(cellpy) - No such comm: 77672e32278d4d129f8cbc500e36e0fd
(cellpy) - No such comm: 77672e32278d4d129f8cbc500e36e0fd
(cellpy) - No such comm: 77672e32278d4d129f8cbc500e36e0fd
(cellpy) - No such comm: 77672e32278d4d129f8cbc500e36e0fd
(cellpy) - No such comm: 77672e32278d4d129f8cbc500e36e0fd
(cellpy) - No such comm: 77672e32278d4d129f8cbc500e36e0fd
(cellpy) - No such comm: 77672e32278d4d129f8cbc500e36e0fd
(cellpy) - No such comm: 77672e32278d4d129f8cbc500e36e0fd
(cellpy) - No such comm: 77672e32278d4d129f8cbc500e36e0fd
(cellpy) - No such comm: 77672e32278d4d129f8cbc500e36e0fd
(cellpy) - No such comm: 77672e32278d4d129f8cbc500e36e0fd
(cellpy) - No such comm: 77672e32278d4d129f8cbc500e36e0fd
(cellpy) - No such comm: 77672e32278d4d129f8cbc500e36e0fd
(cellpy) - No such comm: 77672e32278d4d129f8cbc500e36e0fd
(cellpy) - No such comm: 77672e32278d4d129f8cbc500e36e0fd
(cellpy) - No such comm: 77672e32278d4d129f8cbc500e36e0fd
(cellpy) - No such comm: 77672e32278d4d129f8cbc500e36e0fd
(cellpy) - No such comm: 77672e32278d4d129f8cbc500e36e0fd
(cellpy) - No such comm: 77672e32278d4d129f8cbc500e36e0fd
(cellpy) - No such comm: 77672e32278d4d129f8cbc500e36e0fd
(cellpy) - No such comm: 77672e32278d4d129f8cbc500e36e0fd
(cellpy) - No such comm: 77672e32278d4d129f8cbc500e36e0fd
(cellpy) - No such comm: 77672e32278d4d129f8cbc500e36e0fd
(cellpy) - No such comm: 77672e32278d4d129f8cbc500e36e0fd
(cellpy) - No such comm: 77672e32278d4d129f8cbc500e36e0fd
(cellpy) - No such comm: 77672e32278d4d129f8cbc500e36e0fd
(cellpy) - No such comm: 77672e32278d4d129f8cbc500e36e0fd
(cellpy) - No such comm: 77672e32278d4d129f8cbc500e36e0fd
(cellpy) - No such comm: 77672e32278d4d129f8cbc500e36e0fd
(cellpy) - No such comm: 77672e32278d4d129f8cbc500e36e0fd
(cellpy) - No such comm: 77672e32278d4d129f8cbc500e36e0fd
(cellpy) - No such comm: 77672e32278d4d129f8cbc500e36e0fd
(cellpy) - No such comm: 77672e32278d4d129f8cbc500e36e0fd
(cellpy) - No such comm: 77672e32278d4d129f8cbc500e36e0fd
(cellpy) - No such comm: 77672e32278d4d129f8cbc500e36e0fd
(cellpy) - No such comm: 77672e32278d4d129f8cbc500e36e0fd
(cellpy) - No such comm: 77672e32278d4d129f8cbc500e36e0fd
(cellpy) - No such comm: 77672e32278d4d129f8cbc500e36e0fd
(cellpy) - No such comm: 77672e32278d4d129f8cbc500e36e0fd
(cellpy) - No such comm: 77672e32278d4d129f8cbc500e36e0fd
(cellpy) - No such comm: 77672e32278d4d129f8cbc500e36e0fd
(cellpy) - No such comm: 77672e32278d4d129f8cbc500e36e0fd
(cellpy) - No such comm: 77672e32278d4d129f8cbc500e36e0fd
(cellpy) - No such comm: 77672e32278d4d129f8cbc500e36e0fd
(cellpy) - No such comm: 77672e32278d4d129f8cbc500e36e0fd
(cellpy) - No such comm: 77672e32278d4d129f8cbc500e36e0fd
(cellpy) - No such comm: 77672e32278d4d129f8cbc500e36e0fd
(cellpy) - No such comm: 77672e32278d4d129f8cbc500e36e0fd
(cellpy) - No such comm: 77672e32278d4d129f8cbc500e36e0fd
(cellpy) - No such comm: 77672e32278d4d129f8cbc500e36e0fd
(cellpy) - No such comm: 77672e32278d4d129f8cbc500e36e0fd
(cellpy) - No such comm: 77672e32278d4d129f8cbc500e36e0fd
(cellpy) - No such comm: 77672e32278d4d129f8cbc500e36e0fd
(cellpy) - No such comm: 77672e32278d4d129f8cbc500e36e0fd
(cellpy) - No such comm: 77672e32278d4d129f8cbc500e36e0fd
(cellpy) - No such comm: 77672e32278d4d129f8cbc500e36e0fd
(cellpy) - No such comm: 77672e32278d4d129f8cbc500e36e0fd
(cellpy) - No such comm: 77672e32278d4d129f8cbc500e36e0fd
(cellpy) - No such comm: b4652fe2fd004c46ac23dc1f01bbd6be
(cellpy) - No such comm: b4652fe2fd004c46ac23dc1f01bbd6be
(cellpy) - No such comm: b4652fe2fd004c46ac23dc1f01bbd6be
(cellpy) - No such comm: b4652fe2fd004c46ac23dc1f01bbd6be
(cellpy) - No such comm: b4652fe2fd004c46ac23dc1f01bbd6be
(cellpy) - No such comm: b4652fe2fd004c46ac23dc1f01bbd6be
(cellpy) - No such comm: b4652fe2fd004c46ac23dc1f01bbd6be
(cellpy) - No such comm: b4652fe2fd004c46ac23dc1f01bbd6be
(cellpy) - No such comm: b4652fe2fd004c46ac23dc1f01bbd6be
(cellpy) - No such comm: b4652fe2fd004c46ac23dc1f01bbd6be
(cellpy) - No such comm: b4652fe2fd004c46ac23dc1f01bbd6be
(cellpy) - No such comm: b4652fe2fd004c46ac23dc1f01bbd6be
(cellpy) - No such comm: b4652fe2fd004c46ac23dc1f01bbd6be
(cellpy) - No such comm: b4652fe2fd004c46ac23dc1f01bbd6be
(cellpy) - No such comm: b4652fe2fd004c46ac23dc1f01bbd6be
(cellpy) - No such comm: b4652fe2fd004c46ac23dc1f01bbd6be
(cellpy) - No such comm: b4652fe2fd004c46ac23dc1f01bbd6be
(cellpy) - No such comm: b4652fe2fd004c46ac23dc1f01bbd6be
(cellpy) - No such comm: b4652fe2fd004c46ac23dc1f01bbd6be
(cellpy) - No such comm: b4652fe2fd004c46ac23dc1f01bbd6be
(cellpy) - No such comm: b4652fe2fd004c46ac23dc1f01bbd6be
(cellpy) - No such comm: b4652fe2fd004c46ac23dc1f01bbd6be
(cellpy) - No such comm: b4652fe2fd004c46ac23dc1f01bbd6be
(cellpy) - No such comm: 77672e32278d4d129f8cbc500e36e0fd
(cellpy) - No such comm: 77672e32278d4d129f8cbc500e36e0fd
(cellpy) - No such comm: 77672e32278d4d129f8cbc500e36e0fd
(cellpy) - No such comm: 77672e32278d4d129f8cbc500e36e0fd
(cellpy) - No such comm: 77672e32278d4d129f8cbc500e36e0fd
(cellpy) - No such comm: 77672e32278d4d129f8cbc500e36e0fd
(cellpy) - No such comm: 77672e32278d4d129f8cbc500e36e0fd
(cellpy) - No such comm: 77672e32278d4d129f8cbc500e36e0fd
(cellpy) - No such comm: 77672e32278d4d129f8cbc500e36e0fd
(cellpy) - No such comm: 77672e32278d4d129f8cbc500e36e0fd
(cellpy) - No such comm: 77672e32278d4d129f8cbc500e36e0fd
(cellpy) - No such comm: 77672e32278d4d129f8cbc500e36e0fd
(cellpy) - No such comm: 77672e32278d4d129f8cbc500e36e0fd
(cellpy) - No such comm: 77672e32278d4d129f8cbc500e36e0fd
(cellpy) - No such comm: 77672e32278d4d129f8cbc500e36e0fd
(cellpy) - No such comm: 77672e32278d4d129f8cbc500e36e0fd
(cellpy) - No such comm: 77672e32278d4d129f8cbc500e36e0fd
(cellpy) - No such comm: 77672e32278d4d129f8cbc500e36e0fd
(cellpy) - No such comm: 77672e32278d4d129f8cbc500e36e0fd
(cellpy) - No such comm: 77672e32278d4d129f8cbc500e36e0fd
(cellpy) - No such comm: 77672e32278d4d129f8cbc500e36e0fd
(cellpy) - No such comm: 77672e32278d4d129f8cbc500e36e0fd
(cellpy) - No such comm: 77672e32278d4d129f8cbc500e36e0fd
(cellpy) - No such comm: 77672e32278d4d129f8cbc500e36e0fd
(cellpy) - No such comm: 77672e32278d4d129f8cbc500e36e0fd
(cellpy) - No such comm: 77672e32278d4d129f8cbc500e36e0fd
(cellpy) - No such comm: 77672e32278d4d129f8cbc500e36e0fd
(cellpy) - No such comm: 77672e32278d4d129f8cbc500e36e0fd
(cellpy) - No such comm: 77672e32278d4d129f8cbc500e36e0fd
(cellpy) - No such comm: 77672e32278d4d129f8cbc500e36e0fd
(cellpy) - No such comm: 77672e32278d4d129f8cbc500e36e0fd
(cellpy) - No such comm: 77672e32278d4d129f8cbc500e36e0fd
(cellpy) - No such comm: 77672e32278d4d129f8cbc500e36e0fd
(cellpy) - No such comm: 77672e32278d4d129f8cbc500e36e0fd
(cellpy) - No such comm: 77672e32278d4d129f8cbc500e36e0fd
(cellpy) - No such comm: 77672e32278d4d129f8cbc500e36e0fd
(cellpy) - No such comm: 77672e32278d4d129f8cbc500e36e0fd
(cellpy) - No such comm: 77672e32278d4d129f8cbc500e36e0fd
(cellpy) - No such comm: 77672e32278d4d129f8cbc500e36e0fd
(cellpy) - No such comm: 77672e32278d4d129f8cbc500e36e0fd
(cellpy) - No such comm: 77672e32278d4d129f8cbc500e36e0fd
(cellpy) - No such comm: 77672e32278d4d129f8cbc500e36e0fd
(cellpy) - No such comm: 77672e32278d4d129f8cbc500e36e0fd
(cellpy) - No such comm: 77672e32278d4d129f8cbc500e36e0fd
(cellpy) - No such comm: 77672e32278d4d129f8cbc500e36e0fd
(cellpy) - No such comm: 77672e32278d4d129f8cbc500e36e0fd
(cellpy) - No such comm: 77672e32278d4d129f8cbc500e36e0fd
(cellpy) - No such comm: 77672e32278d4d129f8cbc500e36e0fd
(cellpy) - No such comm: 77672e32278d4d129f8cbc500e36e0fd
(cellpy) - No such comm: 77672e32278d4d129f8cbc500e36e0fd
(cellpy) - No such comm: 77672e32278d4d129f8cbc500e36e0fd
(cellpy) - No such comm: 77672e32278d4d129f8cbc500e36e0fd
(cellpy) - No such comm: 77672e32278d4d129f8cbc500e36e0fd
(cellpy) - No such comm: 77672e32278d4d129f8cbc500e36e0fd
(cellpy) - No such comm: 77672e32278d4d129f8cbc500e36e0fd
(cellpy) - No such comm: 77672e32278d4d129f8cbc500e36e0fd
(cellpy) - No such comm: 77672e32278d4d129f8cbc500e36e0fd
(cellpy) - No such comm: 77672e32278d4d129f8cbc500e36e0fd
(cellpy) - No such comm: 77672e32278d4d129f8cbc500e36e0fd
(cellpy) - No such comm: 77672e32278d4d129f8cbc500e36e0fd
(cellpy) - No such comm: 77672e32278d4d129f8cbc500e36e0fd
(cellpy) - No such comm: 77672e32278d4d129f8cbc500e36e0fd
(cellpy) - No such comm: 77672e32278d4d129f8cbc500e36e0fd
(cellpy) - No such comm: 77672e32278d4d129f8cbc500e36e0fd
(cellpy) - No such comm: 77672e32278d4d129f8cbc500e36e0fd
(cellpy) - No such comm: 77672e32278d4d129f8cbc500e36e0fd
(cellpy) - No such comm: 77672e32278d4d129f8cbc500e36e0fd
(cellpy) - No such comm: 77672e32278d4d129f8cbc500e36e0fd
(cellpy) - No such comm: 77672e32278d4d129f8cbc500e36e0fd
(cellpy) - No such comm: 77672e32278d4d129f8cbc500e36e0fd
(cellpy) - No such comm: 77672e32278d4d129f8cbc500e36e0fd
(cellpy) - No such comm: 77672e32278d4d129f8cbc500e36e0fd
(cellpy) - No such comm: 77672e32278d4d129f8cbc500e36e0fd
(cellpy) - No such comm: 77672e32278d4d129f8cbc500e36e0fd
(cellpy) - No such comm: 77672e32278d4d129f8cbc500e36e0fd
(cellpy) - No such comm: 77672e32278d4d129f8cbc500e36e0fd
(cellpy) - No such comm: 77672e32278d4d129f8cbc500e36e0fd
(cellpy) - No such comm: 77672e32278d4d129f8cbc500e36e0fd
(cellpy) - No such comm: 77672e32278d4d129f8cbc500e36e0fd
(cellpy) - No such comm: 77672e32278d4d129f8cbc500e36e0fd
(cellpy) - No such comm: 77672e32278d4d129f8cbc500e36e0fd
(cellpy) - No such comm: 77672e32278d4d129f8cbc500e36e0fd
(cellpy) - No such comm: 77672e32278d4d129f8cbc500e36e0fd
(cellpy) - No such comm: 77672e32278d4d129f8cbc500e36e0fd
(cellpy) - No such comm: 77672e32278d4d129f8cbc500e36e0fd
(cellpy) - No such comm: 77672e32278d4d129f8cbc500e36e0fd
(cellpy) - No such comm: 77672e32278d4d129f8cbc500e36e0fd
(cellpy) - No such comm: 77672e32278d4d129f8cbc500e36e0fd
(cellpy) - No such comm: 77672e32278d4d129f8cbc500e36e0fd
(cellpy) - No such comm: 77672e32278d4d129f8cbc500e36e0fd
(cellpy) - No such comm: 77672e32278d4d129f8cbc500e36e0fd
(cellpy) - No such comm: 77672e32278d4d129f8cbc500e36e0fd
(cellpy) - No such comm: 77672e32278d4d129f8cbc500e36e0fd
(cellpy) - No such comm: 77672e32278d4d129f8cbc500e36e0fd
(cellpy) - 
Could not set custom log-dir - non-existing directory
Dir: c:\Users\Vivian\Dropbox (University of Michigan)\from_box\Research\PyBaMM\PyBaMM\degradation_model\tuning_umbl2022feb\cellpy_data\logs
Using current directory instead: c:\Users\Vivian\Dropbox (University of Michigan)\from_box\Research\PyBaMM\PyBaMM\degradation_model\tuning_umbl2022feb
(cellpy) - Loading raw-file: ['Z:/PROJ_GMJULY2022/Cycler_Data_By_Cell/GMJuly2022_CELL901/GMJuly2022_CELL901REF_RPT_3_P25C_P5P0PSI_20230228_R1.res', 'Z:/PROJ_GMJULY2022/Cycler_Data_By_Cell/GMJuly2022_CELL901/GMJuly2022_CELL901REF_RATE_1_P25C_P5P0PSI_20230302_R1.res']
(cellpy) - Setting mass: 1
(cellpy) - Creating step table
(cellpy) - Creating summary data
(cellpy) - Using the following nominal capacity: 1.0
(cellpy) - Assuming cycling in anode half-data (discharge before charge) mode
(cellpy) - Created CellpyCell object
(cellpy) - No such comm: 697f5f7fe5404dc9874fd249e57a77c3
(cellpy) - No such comm: 697f5f7fe5404dc9874fd249e57a77c3
(cellpy) - No such comm: 697f5f7fe5404dc9874fd249e57a77c3
(cellpy) - No such comm: 697f5f7fe5404dc9874fd249e57a77c3
(cellpy) - No such comm: 697f5f7fe5404dc9874fd249e57a77c3
(cellpy) - No such comm: 697f5f7fe5404dc9874fd249e57a77c3
(cellpy) - No such comm: 697f5f7fe5404dc9874fd249e57a77c3
(cellpy) - No such comm: 697f5f7fe5404dc9874fd249e57a77c3
(cellpy) - No such comm: 697f5f7fe5404dc9874fd249e57a77c3
(cellpy) - No such comm: 697f5f7fe5404dc9874fd249e57a77c3
(cellpy) - No such comm: 697f5f7fe5404dc9874fd249e57a77c3
(cellpy) - No such comm: 697f5f7fe5404dc9874fd249e57a77c3
(cellpy) - No such comm: 697f5f7fe5404dc9874fd249e57a77c3
(cellpy) - No such comm: 697f5f7fe5404dc9874fd249e57a77c3
(cellpy) - No such comm: 697f5f7fe5404dc9874fd249e57a77c3
(cellpy) - No such comm: 697f5f7fe5404dc9874fd249e57a77c3
(cellpy) - No such comm: 697f5f7fe5404dc9874fd249e57a77c3
(cellpy) - No such comm: 697f5f7fe5404dc9874fd249e57a77c3
(cellpy) - No such comm: 697f5f7fe5404dc9874fd249e57a77c3
(cellpy) - No such comm: 697f5f7fe5404dc9874fd249e57a77c3
(cellpy) - No such comm: 697f5f7fe5404dc9874fd249e57a77c3
(cellpy) - No such comm: 697f5f7fe5404dc9874fd249e57a77c3
(cellpy) - No such comm: 7ad8cfb0ec0d436bb11a0548d03cd8a4
(cellpy) - No such comm: 7ad8cfb0ec0d436bb11a0548d03cd8a4
(cellpy) - No such comm: 7ad8cfb0ec0d436bb11a0548d03cd8a4
(cellpy) - No such comm: 7ad8cfb0ec0d436bb11a0548d03cd8a4
(cellpy) - No such comm: 7ad8cfb0ec0d436bb11a0548d03cd8a4
(cellpy) - No such comm: 7ad8cfb0ec0d436bb11a0548d03cd8a4
(cellpy) - No such comm: 7ad8cfb0ec0d436bb11a0548d03cd8a4
(cellpy) - No such comm: 7ad8cfb0ec0d436bb11a0548d03cd8a4
(cellpy) - No such comm: 7ad8cfb0ec0d436bb11a0548d03cd8a4
(cellpy) - No such comm: 7ad8cfb0ec0d436bb11a0548d03cd8a4
(cellpy) - No such comm: 697f5f7fe5404dc9874fd249e57a77c3
(cellpy) - No such comm: 7ad8cfb0ec0d436bb11a0548d03cd8a4
(cellpy) - No such comm: 7ad8cfb0ec0d436bb11a0548d03cd8a4
(cellpy) - No such comm: 7ad8cfb0ec0d436bb11a0548d03cd8a4
(cellpy) - No such comm: 7ad8cfb0ec0d436bb11a0548d03cd8a4
(cellpy) - No such comm: 7ad8cfb0ec0d436bb11a0548d03cd8a4
(cellpy) - No such comm: 7ad8cfb0ec0d436bb11a0548d03cd8a4
(cellpy) - No such comm: 7ad8cfb0ec0d436bb11a0548d03cd8a4
(cellpy) - No such comm: 7ad8cfb0ec0d436bb11a0548d03cd8a4
(cellpy) - No such comm: 7ad8cfb0ec0d436bb11a0548d03cd8a4
(cellpy) - No such comm: 7ad8cfb0ec0d436bb11a0548d03cd8a4
(cellpy) - No such comm: 7ad8cfb0ec0d436bb11a0548d03cd8a4
(cellpy) - No such comm: 7ad8cfb0ec0d436bb11a0548d03cd8a4
(cellpy) - No such comm: 7ad8cfb0ec0d436bb11a0548d03cd8a4
(cellpy) - No such comm: 18a6c86b549b407f9bea483b0dc6436e
(cellpy) - No such comm: 18a6c86b549b407f9bea483b0dc6436e
(cellpy) - No such comm: 18a6c86b549b407f9bea483b0dc6436e
(cellpy) - No such comm: 18a6c86b549b407f9bea483b0dc6436e
(cellpy) - No such comm: 18a6c86b549b407f9bea483b0dc6436e
(cellpy) - No such comm: 18a6c86b549b407f9bea483b0dc6436e
(cellpy) - No such comm: 18a6c86b549b407f9bea483b0dc6436e
(cellpy) - No such comm: 18a6c86b549b407f9bea483b0dc6436e
(cellpy) - No such comm: 18a6c86b549b407f9bea483b0dc6436e
(cellpy) - No such comm: 18a6c86b549b407f9bea483b0dc6436e
(cellpy) - No such comm: 18a6c86b549b407f9bea483b0dc6436e
(cellpy) - No such comm: 18a6c86b549b407f9bea483b0dc6436e
(cellpy) - No such comm: 18a6c86b549b407f9bea483b0dc6436e
(cellpy) - No such comm: 18a6c86b549b407f9bea483b0dc6436e
(cellpy) - No such comm: 18a6c86b549b407f9bea483b0dc6436e
(cellpy) - No such comm: 18a6c86b549b407f9bea483b0dc6436e
(cellpy) - No such comm: 18a6c86b549b407f9bea483b0dc6436e
(cellpy) - No such comm: 18a6c86b549b407f9bea483b0dc6436e
(cellpy) - No such comm: 18a6c86b549b407f9bea483b0dc6436e
(cellpy) - No such comm: 18a6c86b549b407f9bea483b0dc6436e
(cellpy) - No such comm: 18a6c86b549b407f9bea483b0dc6436e
(cellpy) - No such comm: 18a6c86b549b407f9bea483b0dc6436e
(cellpy) - No such comm: 18a6c86b549b407f9bea483b0dc6436e
(cellpy) - No such comm: 5fd19948db8f44ed820aa0bf1f806a29
(cellpy) - No such comm: 5fd19948db8f44ed820aa0bf1f806a29
(cellpy) - No such comm: 5fd19948db8f44ed820aa0bf1f806a29
(cellpy) - No such comm: 5fd19948db8f44ed820aa0bf1f806a29
(cellpy) - No such comm: 5fd19948db8f44ed820aa0bf1f806a29
(cellpy) - No such comm: 5fd19948db8f44ed820aa0bf1f806a29
(cellpy) - No such comm: 5fd19948db8f44ed820aa0bf1f806a29
(cellpy) - No such comm: 5fd19948db8f44ed820aa0bf1f806a29
(cellpy) - No such comm: 5fd19948db8f44ed820aa0bf1f806a29
(cellpy) - No such comm: 5fd19948db8f44ed820aa0bf1f806a29
(cellpy) - No such comm: 5fd19948db8f44ed820aa0bf1f806a29
(cellpy) - No such comm: 5fd19948db8f44ed820aa0bf1f806a29
(cellpy) - No such comm: 5fd19948db8f44ed820aa0bf1f806a29
(cellpy) - No such comm: 5fd19948db8f44ed820aa0bf1f806a29
(cellpy) - No such comm: 5fd19948db8f44ed820aa0bf1f806a29
(cellpy) - No such comm: 5fd19948db8f44ed820aa0bf1f806a29
(cellpy) - No such comm: 5fd19948db8f44ed820aa0bf1f806a29
(cellpy) - No such comm: 5fd19948db8f44ed820aa0bf1f806a29
(cellpy) - No such comm: 5fd19948db8f44ed820aa0bf1f806a29
(cellpy) - No such comm: 5fd19948db8f44ed820aa0bf1f806a29
(cellpy) - No such comm: 5fd19948db8f44ed820aa0bf1f806a29
(cellpy) - No such comm: 5fd19948db8f44ed820aa0bf1f806a29
(cellpy) - No such comm: 5fd19948db8f44ed820aa0bf1f806a29
(cellpy) - No such comm: 5fd19948db8f44ed820aa0bf1f806a29
(cellpy) - No such comm: 5fd19948db8f44ed820aa0bf1f806a29
(cellpy) - No such comm: 5fd19948db8f44ed820aa0bf1f806a29
(cellpy) - No such comm: 5fd19948db8f44ed820aa0bf1f806a29
(cellpy) - No such comm: 5fd19948db8f44ed820aa0bf1f806a29
(cellpy) - No such comm: 5fd19948db8f44ed820aa0bf1f806a29
(cellpy) - No such comm: 5fd19948db8f44ed820aa0bf1f806a29
(cellpy) - No such comm: 5fd19948db8f44ed820aa0bf1f806a29
(cellpy) - No such comm: 5fd19948db8f44ed820aa0bf1f806a29
(cellpy) - No such comm: 5fd19948db8f44ed820aa0bf1f806a29
(cellpy) - No such comm: 5fd19948db8f44ed820aa0bf1f806a29
(cellpy) - No such comm: 5fd19948db8f44ed820aa0bf1f806a29
(cellpy) - No such comm: 5fd19948db8f44ed820aa0bf1f806a29
(cellpy) - No such comm: 5fd19948db8f44ed820aa0bf1f806a29
(cellpy) - No such comm: 5fd19948db8f44ed820aa0bf1f806a29
(cellpy) - No such comm: 5fd19948db8f44ed820aa0bf1f806a29
(cellpy) - No such comm: 5fd19948db8f44ed820aa0bf1f806a29
(cellpy) - No such comm: 5fd19948db8f44ed820aa0bf1f806a29
(cellpy) - No such comm: 5fd19948db8f44ed820aa0bf1f806a29
(cellpy) - No such comm: 5fd19948db8f44ed820aa0bf1f806a29
(cellpy) - No such comm: 5fd19948db8f44ed820aa0bf1f806a29
(cellpy) - No such comm: 5fd19948db8f44ed820aa0bf1f806a29
(cellpy) - No such comm: 5fd19948db8f44ed820aa0bf1f806a29
(cellpy) - No such comm: 5fd19948db8f44ed820aa0bf1f806a29
(cellpy) - No such comm: 5fd19948db8f44ed820aa0bf1f806a29
(cellpy) - No such comm: 5fd19948db8f44ed820aa0bf1f806a29
(cellpy) - No such comm: 5fd19948db8f44ed820aa0bf1f806a29
(cellpy) - No such comm: 5fd19948db8f44ed820aa0bf1f806a29
(cellpy) - No such comm: 5fd19948db8f44ed820aa0bf1f806a29
(cellpy) - No such comm: 5fd19948db8f44ed820aa0bf1f806a29
(cellpy) - No such comm: 5fd19948db8f44ed820aa0bf1f806a29
(cellpy) - No such comm: 5fd19948db8f44ed820aa0bf1f806a29
(cellpy) - No such comm: 5fd19948db8f44ed820aa0bf1f806a29
(cellpy) - No such comm: 5fd19948db8f44ed820aa0bf1f806a29
(cellpy) - No such comm: 5fd19948db8f44ed820aa0bf1f806a29
(cellpy) - No such comm: 5fd19948db8f44ed820aa0bf1f806a29
(cellpy) - No such comm: 5fd19948db8f44ed820aa0bf1f806a29
(cellpy) - No such comm: 5fd19948db8f44ed820aa0bf1f806a29
(cellpy) - No such comm: 5fd19948db8f44ed820aa0bf1f806a29
(cellpy) - No such comm: 5fd19948db8f44ed820aa0bf1f806a29
(cellpy) - No such comm: 5fd19948db8f44ed820aa0bf1f806a29
(cellpy) - No such comm: 5fd19948db8f44ed820aa0bf1f806a29
(cellpy) - No such comm: 5fd19948db8f44ed820aa0bf1f806a29
(cellpy) - No such comm: 5fd19948db8f44ed820aa0bf1f806a29
(cellpy) - No such comm: 5fd19948db8f44ed820aa0bf1f806a29
(cellpy) - No such comm: 5fd19948db8f44ed820aa0bf1f806a29
(cellpy) - No such comm: 5fd19948db8f44ed820aa0bf1f806a29
(cellpy) - No such comm: 5fd19948db8f44ed820aa0bf1f806a29
(cellpy) - No such comm: 5fd19948db8f44ed820aa0bf1f806a29
(cellpy) - No such comm: 5fd19948db8f44ed820aa0bf1f806a29
(cellpy) - No such comm: 5fd19948db8f44ed820aa0bf1f806a29
(cellpy) - No such comm: 5fd19948db8f44ed820aa0bf1f806a29
(cellpy) - No such comm: 5fd19948db8f44ed820aa0bf1f806a29
(cellpy) - No such comm: 5fd19948db8f44ed820aa0bf1f806a29
(cellpy) - No such comm: 5fd19948db8f44ed820aa0bf1f806a29
(cellpy) - No such comm: 5fd19948db8f44ed820aa0bf1f806a29
(cellpy) - No such comm: 5fd19948db8f44ed820aa0bf1f806a29
(cellpy) - No such comm: 5fd19948db8f44ed820aa0bf1f806a29
(cellpy) - No such comm: 5fd19948db8f44ed820aa0bf1f806a29
(cellpy) - No such comm: 5fd19948db8f44ed820aa0bf1f806a29
(cellpy) - No such comm: 5fd19948db8f44ed820aa0bf1f806a29
(cellpy) - No such comm: 5fd19948db8f44ed820aa0bf1f806a29
(cellpy) - No such comm: 5fd19948db8f44ed820aa0bf1f806a29
(cellpy) - No such comm: 5fd19948db8f44ed820aa0bf1f806a29
(cellpy) - No such comm: 5fd19948db8f44ed820aa0bf1f806a29
(cellpy) - No such comm: 5fd19948db8f44ed820aa0bf1f806a29
(cellpy) - No such comm: 3dd8cad05a5c4f3bb3380078da3031cf
(cellpy) - No such comm: 3dd8cad05a5c4f3bb3380078da3031cf
(cellpy) - No such comm: 3dd8cad05a5c4f3bb3380078da3031cf
(cellpy) - No such comm: 3dd8cad05a5c4f3bb3380078da3031cf
(cellpy) - No such comm: 3dd8cad05a5c4f3bb3380078da3031cf
(cellpy) - No such comm: 3dd8cad05a5c4f3bb3380078da3031cf
(cellpy) - No such comm: 3dd8cad05a5c4f3bb3380078da3031cf
(cellpy) - No such comm: 3dd8cad05a5c4f3bb3380078da3031cf
(cellpy) - No such comm: 3dd8cad05a5c4f3bb3380078da3031cf
(cellpy) - No such comm: 3dd8cad05a5c4f3bb3380078da3031cf
(cellpy) - No such comm: 3dd8cad05a5c4f3bb3380078da3031cf
(cellpy) - No such comm: 3dd8cad05a5c4f3bb3380078da3031cf
(cellpy) - No such comm: 3dd8cad05a5c4f3bb3380078da3031cf
(cellpy) - No such comm: 3dd8cad05a5c4f3bb3380078da3031cf
(cellpy) - No such comm: 3dd8cad05a5c4f3bb3380078da3031cf
(cellpy) - No such comm: 3dd8cad05a5c4f3bb3380078da3031cf
(cellpy) - No such comm: 3dd8cad05a5c4f3bb3380078da3031cf
(cellpy) - No such comm: 3dd8cad05a5c4f3bb3380078da3031cf
(cellpy) - No such comm: 3dd8cad05a5c4f3bb3380078da3031cf
(cellpy) - No such comm: 3dd8cad05a5c4f3bb3380078da3031cf
(cellpy) - No such comm: 3dd8cad05a5c4f3bb3380078da3031cf
(cellpy) - No such comm: 3dd8cad05a5c4f3bb3380078da3031cf
(cellpy) - No such comm: 3dd8cad05a5c4f3bb3380078da3031cf
(cellpy) - No such comm: 37f7350645f34bd2ba7350538dc6ca3a
(cellpy) - No such comm: 37f7350645f34bd2ba7350538dc6ca3a
(cellpy) - No such comm: 37f7350645f34bd2ba7350538dc6ca3a
(cellpy) - No such comm: 37f7350645f34bd2ba7350538dc6ca3a
(cellpy) - No such comm: 37f7350645f34bd2ba7350538dc6ca3a
(cellpy) - No such comm: 37f7350645f34bd2ba7350538dc6ca3a
(cellpy) - No such comm: 37f7350645f34bd2ba7350538dc6ca3a
(cellpy) - No such comm: 37f7350645f34bd2ba7350538dc6ca3a
(cellpy) - No such comm: 37f7350645f34bd2ba7350538dc6ca3a
(cellpy) - No such comm: 37f7350645f34bd2ba7350538dc6ca3a
(cellpy) - No such comm: 37f7350645f34bd2ba7350538dc6ca3a
(cellpy) - No such comm: 37f7350645f34bd2ba7350538dc6ca3a
(cellpy) - No such comm: 37f7350645f34bd2ba7350538dc6ca3a
(cellpy) - No such comm: 37f7350645f34bd2ba7350538dc6ca3a
(cellpy) - No such comm: 37f7350645f34bd2ba7350538dc6ca3a
(cellpy) - No such comm: 37f7350645f34bd2ba7350538dc6ca3a
(cellpy) - No such comm: 37f7350645f34bd2ba7350538dc6ca3a
(cellpy) - No such comm: 37f7350645f34bd2ba7350538dc6ca3a
(cellpy) - No such comm: 37f7350645f34bd2ba7350538dc6ca3a
(cellpy) - No such comm: 37f7350645f34bd2ba7350538dc6ca3a
(cellpy) - No such comm: 37f7350645f34bd2ba7350538dc6ca3a
(cellpy) - No such comm: 37f7350645f34bd2ba7350538dc6ca3a
(cellpy) - No such comm: 37f7350645f34bd2ba7350538dc6ca3a
(cellpy) - No such comm: 9a4b39654bd04d94995421c22ddf81a9
(cellpy) - No such comm: 9a4b39654bd04d94995421c22ddf81a9
(cellpy) - No such comm: 9a4b39654bd04d94995421c22ddf81a9
(cellpy) - No such comm: 9a4b39654bd04d94995421c22ddf81a9
(cellpy) - No such comm: 9a4b39654bd04d94995421c22ddf81a9
(cellpy) - No such comm: 9a4b39654bd04d94995421c22ddf81a9
(cellpy) - No such comm: 9a4b39654bd04d94995421c22ddf81a9
(cellpy) - No such comm: 9a4b39654bd04d94995421c22ddf81a9
(cellpy) - No such comm: 9a4b39654bd04d94995421c22ddf81a9
(cellpy) - No such comm: 9a4b39654bd04d94995421c22ddf81a9
(cellpy) - No such comm: 9a4b39654bd04d94995421c22ddf81a9
(cellpy) - No such comm: 9a4b39654bd04d94995421c22ddf81a9
(cellpy) - No such comm: 9a4b39654bd04d94995421c22ddf81a9
(cellpy) - No such comm: 9a4b39654bd04d94995421c22ddf81a9
(cellpy) - No such comm: 9a4b39654bd04d94995421c22ddf81a9
(cellpy) - No such comm: 9a4b39654bd04d94995421c22ddf81a9
(cellpy) - No such comm: 9a4b39654bd04d94995421c22ddf81a9
(cellpy) - No such comm: 9a4b39654bd04d94995421c22ddf81a9
(cellpy) - No such comm: 9a4b39654bd04d94995421c22ddf81a9
(cellpy) - No such comm: 9a4b39654bd04d94995421c22ddf81a9
(cellpy) - No such comm: 9a4b39654bd04d94995421c22ddf81a9
(cellpy) - No such comm: 9a4b39654bd04d94995421c22ddf81a9
(cellpy) - No such comm: 9a4b39654bd04d94995421c22ddf81a9
(cellpy) - No such comm: 0bd29dd08d884fc3b7c481411367b339
(cellpy) - No such comm: 0bd29dd08d884fc3b7c481411367b339
(cellpy) - No such comm: 0bd29dd08d884fc3b7c481411367b339
(cellpy) - No such comm: 0bd29dd08d884fc3b7c481411367b339
(cellpy) - No such comm: 0bd29dd08d884fc3b7c481411367b339
(cellpy) - No such comm: 0bd29dd08d884fc3b7c481411367b339
(cellpy) - No such comm: 0bd29dd08d884fc3b7c481411367b339
(cellpy) - No such comm: 0bd29dd08d884fc3b7c481411367b339
(cellpy) - No such comm: 0bd29dd08d884fc3b7c481411367b339
(cellpy) - No such comm: 0bd29dd08d884fc3b7c481411367b339
(cellpy) - No such comm: 0bd29dd08d884fc3b7c481411367b339
(cellpy) - No such comm: 0bd29dd08d884fc3b7c481411367b339
(cellpy) - No such comm: 0bd29dd08d884fc3b7c481411367b339
(cellpy) - No such comm: 0bd29dd08d884fc3b7c481411367b339
(cellpy) - No such comm: 0bd29dd08d884fc3b7c481411367b339
(cellpy) - No such comm: 0bd29dd08d884fc3b7c481411367b339
(cellpy) - No such comm: 0bd29dd08d884fc3b7c481411367b339
(cellpy) - No such comm: 0bd29dd08d884fc3b7c481411367b339
(cellpy) - No such comm: 0bd29dd08d884fc3b7c481411367b339
(cellpy) - No such comm: 0bd29dd08d884fc3b7c481411367b339
(cellpy) - No such comm: 0bd29dd08d884fc3b7c481411367b339
(cellpy) - No such comm: 0bd29dd08d884fc3b7c481411367b339
(cellpy) - No such comm: 0bd29dd08d884fc3b7c481411367b339
(cellpy) - No such comm: a92a264ff5c34e51af1f5191c6d71501
(cellpy) - No such comm: a92a264ff5c34e51af1f5191c6d71501
(cellpy) - No such comm: a92a264ff5c34e51af1f5191c6d71501
(cellpy) - No such comm: a92a264ff5c34e51af1f5191c6d71501
(cellpy) - No such comm: a92a264ff5c34e51af1f5191c6d71501
(cellpy) - No such comm: a92a264ff5c34e51af1f5191c6d71501
(cellpy) - No such comm: a92a264ff5c34e51af1f5191c6d71501
(cellpy) - No such comm: a92a264ff5c34e51af1f5191c6d71501
(cellpy) - No such comm: a92a264ff5c34e51af1f5191c6d71501
(cellpy) - No such comm: a92a264ff5c34e51af1f5191c6d71501
(cellpy) - No such comm: 5419c54b00bc4482a39cff3131d0ca39
(cellpy) - No such comm: 5419c54b00bc4482a39cff3131d0ca39
(cellpy) - No such comm: 5419c54b00bc4482a39cff3131d0ca39
(cellpy) - No such comm: 5419c54b00bc4482a39cff3131d0ca39
(cellpy) - No such comm: 5419c54b00bc4482a39cff3131d0ca39
(cellpy) - No such comm: 5419c54b00bc4482a39cff3131d0ca39
(cellpy) - No such comm: 5419c54b00bc4482a39cff3131d0ca39
(cellpy) - No such comm: 5419c54b00bc4482a39cff3131d0ca39
(cellpy) - No such comm: 5419c54b00bc4482a39cff3131d0ca39
(cellpy) - No such comm: 5419c54b00bc4482a39cff3131d0ca39
(cellpy) - No such comm: a92a264ff5c34e51af1f5191c6d71501
(cellpy) - No such comm: a92a264ff5c34e51af1f5191c6d71501
(cellpy) - No such comm: a92a264ff5c34e51af1f5191c6d71501
(cellpy) - No such comm: a92a264ff5c34e51af1f5191c6d71501
(cellpy) - No such comm: a92a264ff5c34e51af1f5191c6d71501
(cellpy) - No such comm: a92a264ff5c34e51af1f5191c6d71501
(cellpy) - No such comm: a92a264ff5c34e51af1f5191c6d71501
(cellpy) - No such comm: a92a264ff5c34e51af1f5191c6d71501
(cellpy) - No such comm: a92a264ff5c34e51af1f5191c6d71501
(cellpy) - No such comm: a92a264ff5c34e51af1f5191c6d71501
(cellpy) - No such comm: a92a264ff5c34e51af1f5191c6d71501
(cellpy) - No such comm: a92a264ff5c34e51af1f5191c6d71501
(cellpy) - No such comm: 5419c54b00bc4482a39cff3131d0ca39
(cellpy) - No such comm: 5419c54b00bc4482a39cff3131d0ca39
(cellpy) - No such comm: 5419c54b00bc4482a39cff3131d0ca39
(cellpy) - No such comm: 5419c54b00bc4482a39cff3131d0ca39
(cellpy) - No such comm: 5419c54b00bc4482a39cff3131d0ca39
(cellpy) - No such comm: 5419c54b00bc4482a39cff3131d0ca39
(cellpy) - No such comm: 5419c54b00bc4482a39cff3131d0ca39
(cellpy) - No such comm: 5419c54b00bc4482a39cff3131d0ca39
(cellpy) - No such comm: 5419c54b00bc4482a39cff3131d0ca39
(cellpy) - No such comm: 5419c54b00bc4482a39cff3131d0ca39
(cellpy) - No such comm: 5419c54b00bc4482a39cff3131d0ca39
(cellpy) - No such comm: 5419c54b00bc4482a39cff3131d0ca39
(cellpy) - No such comm: a92a264ff5c34e51af1f5191c6d71501
(cellpy) - No such comm: 5419c54b00bc4482a39cff3131d0ca39
(cellpy) - No such comm: f8688bbf1d6c40f889ecd5a256be63ee
(cellpy) - No such comm: f8688bbf1d6c40f889ecd5a256be63ee
(cellpy) - No such comm: f8688bbf1d6c40f889ecd5a256be63ee
(cellpy) - No such comm: f8688bbf1d6c40f889ecd5a256be63ee
(cellpy) - No such comm: f8688bbf1d6c40f889ecd5a256be63ee
(cellpy) - No such comm: f8688bbf1d6c40f889ecd5a256be63ee
(cellpy) - No such comm: f8688bbf1d6c40f889ecd5a256be63ee
(cellpy) - No such comm: f8688bbf1d6c40f889ecd5a256be63ee
(cellpy) - No such comm: f8688bbf1d6c40f889ecd5a256be63ee
(cellpy) - No such comm: f8688bbf1d6c40f889ecd5a256be63ee
(cellpy) - No such comm: 51fc75ae9ed2403baa540f75fbec9f07
(cellpy) - No such comm: 51fc75ae9ed2403baa540f75fbec9f07
(cellpy) - No such comm: 51fc75ae9ed2403baa540f75fbec9f07
(cellpy) - No such comm: 51fc75ae9ed2403baa540f75fbec9f07
(cellpy) - No such comm: 51fc75ae9ed2403baa540f75fbec9f07
(cellpy) - No such comm: 51fc75ae9ed2403baa540f75fbec9f07
(cellpy) - No such comm: 51fc75ae9ed2403baa540f75fbec9f07
(cellpy) - No such comm: 51fc75ae9ed2403baa540f75fbec9f07
(cellpy) - No such comm: 51fc75ae9ed2403baa540f75fbec9f07
(cellpy) - No such comm: 51fc75ae9ed2403baa540f75fbec9f07
(cellpy) - No such comm: f8688bbf1d6c40f889ecd5a256be63ee
(cellpy) - No such comm: f8688bbf1d6c40f889ecd5a256be63ee
(cellpy) - No such comm: f8688bbf1d6c40f889ecd5a256be63ee
(cellpy) - No such comm: f8688bbf1d6c40f889ecd5a256be63ee
(cellpy) - No such comm: f8688bbf1d6c40f889ecd5a256be63ee
(cellpy) - No such comm: f8688bbf1d6c40f889ecd5a256be63ee
(cellpy) - No such comm: f8688bbf1d6c40f889ecd5a256be63ee
(cellpy) - No such comm: f8688bbf1d6c40f889ecd5a256be63ee
(cellpy) - No such comm: f8688bbf1d6c40f889ecd5a256be63ee
(cellpy) - No such comm: f8688bbf1d6c40f889ecd5a256be63ee
(cellpy) - No such comm: f8688bbf1d6c40f889ecd5a256be63ee
(cellpy) - No such comm: 51fc75ae9ed2403baa540f75fbec9f07
(cellpy) - No such comm: 51fc75ae9ed2403baa540f75fbec9f07
(cellpy) - No such comm: 51fc75ae9ed2403baa540f75fbec9f07
(cellpy) - No such comm: 51fc75ae9ed2403baa540f75fbec9f07
(cellpy) - No such comm: 51fc75ae9ed2403baa540f75fbec9f07
(cellpy) - No such comm: 51fc75ae9ed2403baa540f75fbec9f07
(cellpy) - No such comm: 51fc75ae9ed2403baa540f75fbec9f07
(cellpy) - No such comm: 51fc75ae9ed2403baa540f75fbec9f07
(cellpy) - No such comm: 51fc75ae9ed2403baa540f75fbec9f07
(cellpy) - No such comm: 51fc75ae9ed2403baa540f75fbec9f07
(cellpy) - No such comm: 51fc75ae9ed2403baa540f75fbec9f07
(cellpy) - No such comm: 51fc75ae9ed2403baa540f75fbec9f07
(cellpy) - No such comm: f8688bbf1d6c40f889ecd5a256be63ee
(cellpy) - No such comm: 51fc75ae9ed2403baa540f75fbec9f07
(cellpy) - No such comm: 1ad0a5c2504e4abe93f060982bfe628d
(cellpy) - No such comm: 1ad0a5c2504e4abe93f060982bfe628d
(cellpy) - No such comm: 1ad0a5c2504e4abe93f060982bfe628d
(cellpy) - No such comm: 1ad0a5c2504e4abe93f060982bfe628d
(cellpy) - No such comm: 1ad0a5c2504e4abe93f060982bfe628d
(cellpy) - No such comm: 1ad0a5c2504e4abe93f060982bfe628d
(cellpy) - No such comm: 1ad0a5c2504e4abe93f060982bfe628d
(cellpy) - No such comm: 1ad0a5c2504e4abe93f060982bfe628d
(cellpy) - No such comm: 1ad0a5c2504e4abe93f060982bfe628d
(cellpy) - No such comm: 1ad0a5c2504e4abe93f060982bfe628d
(cellpy) - No such comm: e65fc7862d9142669fca4418a5d0cbab
(cellpy) - No such comm: e65fc7862d9142669fca4418a5d0cbab
(cellpy) - No such comm: e65fc7862d9142669fca4418a5d0cbab
(cellpy) - No such comm: e65fc7862d9142669fca4418a5d0cbab
(cellpy) - No such comm: e65fc7862d9142669fca4418a5d0cbab
(cellpy) - No such comm: e65fc7862d9142669fca4418a5d0cbab
(cellpy) - No such comm: e65fc7862d9142669fca4418a5d0cbab
(cellpy) - No such comm: e65fc7862d9142669fca4418a5d0cbab
(cellpy) - No such comm: e65fc7862d9142669fca4418a5d0cbab
(cellpy) - No such comm: e65fc7862d9142669fca4418a5d0cbab
(cellpy) - No such comm: 1ad0a5c2504e4abe93f060982bfe628d
(cellpy) - No such comm: 1ad0a5c2504e4abe93f060982bfe628d
(cellpy) - No such comm: 1ad0a5c2504e4abe93f060982bfe628d
(cellpy) - No such comm: 1ad0a5c2504e4abe93f060982bfe628d
(cellpy) - No such comm: 1ad0a5c2504e4abe93f060982bfe628d
(cellpy) - No such comm: 1ad0a5c2504e4abe93f060982bfe628d
(cellpy) - No such comm: 1ad0a5c2504e4abe93f060982bfe628d
(cellpy) - No such comm: 1ad0a5c2504e4abe93f060982bfe628d
(cellpy) - No such comm: 1ad0a5c2504e4abe93f060982bfe628d
(cellpy) - No such comm: 1ad0a5c2504e4abe93f060982bfe628d
(cellpy) - No such comm: 1ad0a5c2504e4abe93f060982bfe628d
(cellpy) - No such comm: 1ad0a5c2504e4abe93f060982bfe628d
(cellpy) - No such comm: e65fc7862d9142669fca4418a5d0cbab
(cellpy) - No such comm: e65fc7862d9142669fca4418a5d0cbab
(cellpy) - No such comm: e65fc7862d9142669fca4418a5d0cbab
(cellpy) - No such comm: e65fc7862d9142669fca4418a5d0cbab
(cellpy) - No such comm: e65fc7862d9142669fca4418a5d0cbab
(cellpy) - No such comm: e65fc7862d9142669fca4418a5d0cbab
(cellpy) - No such comm: e65fc7862d9142669fca4418a5d0cbab
(cellpy) - No such comm: e65fc7862d9142669fca4418a5d0cbab
(cellpy) - No such comm: e65fc7862d9142669fca4418a5d0cbab
(cellpy) - No such comm: e65fc7862d9142669fca4418a5d0cbab
(cellpy) - No such comm: e65fc7862d9142669fca4418a5d0cbab
(cellpy) - No such comm: e65fc7862d9142669fca4418a5d0cbab
(cellpy) - No such comm: 1ad0a5c2504e4abe93f060982bfe628d
(cellpy) - No such comm: e65fc7862d9142669fca4418a5d0cbab
(cellpy) - No such comm: c2a5c921826c48f9998dba4158a30440
(cellpy) - No such comm: c2a5c921826c48f9998dba4158a30440
(cellpy) - No such comm: c2a5c921826c48f9998dba4158a30440
(cellpy) - No such comm: c2a5c921826c48f9998dba4158a30440
(cellpy) - No such comm: c2a5c921826c48f9998dba4158a30440
(cellpy) - No such comm: c2a5c921826c48f9998dba4158a30440
(cellpy) - No such comm: c2a5c921826c48f9998dba4158a30440
(cellpy) - No such comm: c2a5c921826c48f9998dba4158a30440
(cellpy) - No such comm: c2a5c921826c48f9998dba4158a30440
(cellpy) - No such comm: c2a5c921826c48f9998dba4158a30440
(cellpy) - No such comm: c2a5c921826c48f9998dba4158a30440
(cellpy) - No such comm: c2a5c921826c48f9998dba4158a30440
(cellpy) - No such comm: c2a5c921826c48f9998dba4158a30440
(cellpy) - No such comm: c2a5c921826c48f9998dba4158a30440
(cellpy) - No such comm: c2a5c921826c48f9998dba4158a30440
(cellpy) - No such comm: c2a5c921826c48f9998dba4158a30440
(cellpy) - No such comm: c2a5c921826c48f9998dba4158a30440
(cellpy) - No such comm: c2a5c921826c48f9998dba4158a30440
(cellpy) - No such comm: c2a5c921826c48f9998dba4158a30440
(cellpy) - No such comm: c2a5c921826c48f9998dba4158a30440
(cellpy) - No such comm: c2a5c921826c48f9998dba4158a30440
(cellpy) - No such comm: c2a5c921826c48f9998dba4158a30440
(cellpy) - No such comm: c2a5c921826c48f9998dba4158a30440
(cellpy) - No such comm: 86a90b95bae1483084c5fc070924b797
(cellpy) - No such comm: 86a90b95bae1483084c5fc070924b797
(cellpy) - No such comm: 86a90b95bae1483084c5fc070924b797
(cellpy) - No such comm: 86a90b95bae1483084c5fc070924b797
(cellpy) - No such comm: 86a90b95bae1483084c5fc070924b797
(cellpy) - No such comm: 86a90b95bae1483084c5fc070924b797
(cellpy) - No such comm: 86a90b95bae1483084c5fc070924b797
(cellpy) - No such comm: 86a90b95bae1483084c5fc070924b797
(cellpy) - No such comm: 86a90b95bae1483084c5fc070924b797
(cellpy) - No such comm: 86a90b95bae1483084c5fc070924b797
(cellpy) - No such comm: 86a90b95bae1483084c5fc070924b797
(cellpy) - No such comm: 86a90b95bae1483084c5fc070924b797
(cellpy) - No such comm: 86a90b95bae1483084c5fc070924b797
(cellpy) - No such comm: 86a90b95bae1483084c5fc070924b797
(cellpy) - No such comm: 86a90b95bae1483084c5fc070924b797
(cellpy) - No such comm: 86a90b95bae1483084c5fc070924b797
(cellpy) - No such comm: 86a90b95bae1483084c5fc070924b797
(cellpy) - No such comm: 86a90b95bae1483084c5fc070924b797
(cellpy) - No such comm: 86a90b95bae1483084c5fc070924b797
(cellpy) - No such comm: 86a90b95bae1483084c5fc070924b797
(cellpy) - No such comm: 86a90b95bae1483084c5fc070924b797
(cellpy) - No such comm: 86a90b95bae1483084c5fc070924b797
(cellpy) - No such comm: 86a90b95bae1483084c5fc070924b797
(cellpy) - No such comm: 9dd81ce6d5544a208cafd0df39e2aeb3
(cellpy) - No such comm: 9dd81ce6d5544a208cafd0df39e2aeb3
(cellpy) - No such comm: 9dd81ce6d5544a208cafd0df39e2aeb3
(cellpy) - No such comm: 9dd81ce6d5544a208cafd0df39e2aeb3
(cellpy) - No such comm: 9dd81ce6d5544a208cafd0df39e2aeb3
(cellpy) - No such comm: 9dd81ce6d5544a208cafd0df39e2aeb3
(cellpy) - No such comm: 9dd81ce6d5544a208cafd0df39e2aeb3
(cellpy) - No such comm: 9dd81ce6d5544a208cafd0df39e2aeb3
(cellpy) - No such comm: 9dd81ce6d5544a208cafd0df39e2aeb3
(cellpy) - No such comm: 9dd81ce6d5544a208cafd0df39e2aeb3
(cellpy) - No such comm: 9dd81ce6d5544a208cafd0df39e2aeb3
(cellpy) - No such comm: 9dd81ce6d5544a208cafd0df39e2aeb3
(cellpy) - No such comm: 9dd81ce6d5544a208cafd0df39e2aeb3
(cellpy) - No such comm: 9dd81ce6d5544a208cafd0df39e2aeb3
(cellpy) - No such comm: 9dd81ce6d5544a208cafd0df39e2aeb3
(cellpy) - No such comm: 9dd81ce6d5544a208cafd0df39e2aeb3
(cellpy) - No such comm: 9dd81ce6d5544a208cafd0df39e2aeb3
(cellpy) - No such comm: 9dd81ce6d5544a208cafd0df39e2aeb3
(cellpy) - No such comm: 9dd81ce6d5544a208cafd0df39e2aeb3
(cellpy) - No such comm: 9dd81ce6d5544a208cafd0df39e2aeb3
(cellpy) - No such comm: 9dd81ce6d5544a208cafd0df39e2aeb3
(cellpy) - No such comm: 9dd81ce6d5544a208cafd0df39e2aeb3
(cellpy) - No such comm: 9dd81ce6d5544a208cafd0df39e2aeb3
(cellpy) - No such comm: fa377ddb24b6485e8d762ba93c73ebb5
(cellpy) - No such comm: fa377ddb24b6485e8d762ba93c73ebb5
(cellpy) - No such comm: fa377ddb24b6485e8d762ba93c73ebb5
(cellpy) - No such comm: fa377ddb24b6485e8d762ba93c73ebb5
(cellpy) - No such comm: fa377ddb24b6485e8d762ba93c73ebb5
(cellpy) - No such comm: fa377ddb24b6485e8d762ba93c73ebb5
(cellpy) - No such comm: fa377ddb24b6485e8d762ba93c73ebb5
(cellpy) - No such comm: fa377ddb24b6485e8d762ba93c73ebb5
(cellpy) - No such comm: fa377ddb24b6485e8d762ba93c73ebb5
(cellpy) - No such comm: fa377ddb24b6485e8d762ba93c73ebb5
(cellpy) - No such comm: fa377ddb24b6485e8d762ba93c73ebb5
(cellpy) - No such comm: fa377ddb24b6485e8d762ba93c73ebb5
(cellpy) - No such comm: fa377ddb24b6485e8d762ba93c73ebb5
(cellpy) - No such comm: fa377ddb24b6485e8d762ba93c73ebb5
(cellpy) - No such comm: fa377ddb24b6485e8d762ba93c73ebb5
(cellpy) - No such comm: fa377ddb24b6485e8d762ba93c73ebb5
(cellpy) - No such comm: fa377ddb24b6485e8d762ba93c73ebb5
(cellpy) - No such comm: fa377ddb24b6485e8d762ba93c73ebb5
(cellpy) - No such comm: fa377ddb24b6485e8d762ba93c73ebb5
(cellpy) - No such comm: fa377ddb24b6485e8d762ba93c73ebb5
(cellpy) - No such comm: fa377ddb24b6485e8d762ba93c73ebb5
(cellpy) - No such comm: fa377ddb24b6485e8d762ba93c73ebb5
(cellpy) - No such comm: fa377ddb24b6485e8d762ba93c73ebb5
(cellpy) - No such comm: 5572130008a04cf19efcc2aa71fc3a0a
(cellpy) - No such comm: 5572130008a04cf19efcc2aa71fc3a0a
(cellpy) - No such comm: 5572130008a04cf19efcc2aa71fc3a0a
(cellpy) - No such comm: 5572130008a04cf19efcc2aa71fc3a0a
(cellpy) - No such comm: 5572130008a04cf19efcc2aa71fc3a0a
(cellpy) - No such comm: 5572130008a04cf19efcc2aa71fc3a0a
(cellpy) - No such comm: 5572130008a04cf19efcc2aa71fc3a0a
(cellpy) - No such comm: 5572130008a04cf19efcc2aa71fc3a0a
(cellpy) - No such comm: 5572130008a04cf19efcc2aa71fc3a0a
(cellpy) - No such comm: 5572130008a04cf19efcc2aa71fc3a0a
(cellpy) - No such comm: 5572130008a04cf19efcc2aa71fc3a0a
(cellpy) - No such comm: 5572130008a04cf19efcc2aa71fc3a0a
(cellpy) - No such comm: 5572130008a04cf19efcc2aa71fc3a0a
(cellpy) - No such comm: 5572130008a04cf19efcc2aa71fc3a0a
(cellpy) - No such comm: 5572130008a04cf19efcc2aa71fc3a0a
(cellpy) - No such comm: 5572130008a04cf19efcc2aa71fc3a0a
(cellpy) - No such comm: 5572130008a04cf19efcc2aa71fc3a0a
(cellpy) - No such comm: 5572130008a04cf19efcc2aa71fc3a0a
(cellpy) - No such comm: 5572130008a04cf19efcc2aa71fc3a0a
(cellpy) - No such comm: 5572130008a04cf19efcc2aa71fc3a0a
(cellpy) - No such comm: 5572130008a04cf19efcc2aa71fc3a0a
(cellpy) - No such comm: 5572130008a04cf19efcc2aa71fc3a0a
(cellpy) - No such comm: 5572130008a04cf19efcc2aa71fc3a0a
(cellpy) - No such comm: bea3d4bcbf7c47faa6fe3f22e8857102
(cellpy) - No such comm: bea3d4bcbf7c47faa6fe3f22e8857102
(cellpy) - No such comm: bea3d4bcbf7c47faa6fe3f22e8857102
(cellpy) - No such comm: bea3d4bcbf7c47faa6fe3f22e8857102
(cellpy) - No such comm: bea3d4bcbf7c47faa6fe3f22e8857102
(cellpy) - No such comm: bea3d4bcbf7c47faa6fe3f22e8857102
(cellpy) - No such comm: bea3d4bcbf7c47faa6fe3f22e8857102
(cellpy) - No such comm: bea3d4bcbf7c47faa6fe3f22e8857102
(cellpy) - No such comm: bea3d4bcbf7c47faa6fe3f22e8857102
(cellpy) - No such comm: bea3d4bcbf7c47faa6fe3f22e8857102
(cellpy) - No such comm: bea3d4bcbf7c47faa6fe3f22e8857102
(cellpy) - No such comm: bea3d4bcbf7c47faa6fe3f22e8857102
(cellpy) - No such comm: bea3d4bcbf7c47faa6fe3f22e8857102
(cellpy) - No such comm: bea3d4bcbf7c47faa6fe3f22e8857102
(cellpy) - No such comm: bea3d4bcbf7c47faa6fe3f22e8857102
(cellpy) - No such comm: bea3d4bcbf7c47faa6fe3f22e8857102
(cellpy) - No such comm: bea3d4bcbf7c47faa6fe3f22e8857102
(cellpy) - No such comm: bea3d4bcbf7c47faa6fe3f22e8857102
(cellpy) - No such comm: bea3d4bcbf7c47faa6fe3f22e8857102
(cellpy) - No such comm: bea3d4bcbf7c47faa6fe3f22e8857102
(cellpy) - No such comm: bea3d4bcbf7c47faa6fe3f22e8857102
(cellpy) - No such comm: bea3d4bcbf7c47faa6fe3f22e8857102
(cellpy) - No such comm: bea3d4bcbf7c47faa6fe3f22e8857102
(cellpy) - No such comm: 8aeae8ab37a84211984e7f98053edce9
(cellpy) - No such comm: 8aeae8ab37a84211984e7f98053edce9
(cellpy) - No such comm: 8aeae8ab37a84211984e7f98053edce9
(cellpy) - No such comm: 8aeae8ab37a84211984e7f98053edce9
(cellpy) - No such comm: 8aeae8ab37a84211984e7f98053edce9
(cellpy) - No such comm: 8aeae8ab37a84211984e7f98053edce9
(cellpy) - No such comm: 8aeae8ab37a84211984e7f98053edce9
(cellpy) - No such comm: 8aeae8ab37a84211984e7f98053edce9
(cellpy) - No such comm: 8aeae8ab37a84211984e7f98053edce9
(cellpy) - No such comm: 8aeae8ab37a84211984e7f98053edce9
(cellpy) - No such comm: 8aeae8ab37a84211984e7f98053edce9
(cellpy) - No such comm: 8aeae8ab37a84211984e7f98053edce9
(cellpy) - No such comm: 8aeae8ab37a84211984e7f98053edce9
(cellpy) - No such comm: 8aeae8ab37a84211984e7f98053edce9
(cellpy) - No such comm: 8aeae8ab37a84211984e7f98053edce9
(cellpy) - No such comm: 8aeae8ab37a84211984e7f98053edce9
(cellpy) - No such comm: 8aeae8ab37a84211984e7f98053edce9
(cellpy) - No such comm: 8aeae8ab37a84211984e7f98053edce9
(cellpy) - No such comm: 8aeae8ab37a84211984e7f98053edce9
(cellpy) - No such comm: 8aeae8ab37a84211984e7f98053edce9
(cellpy) - No such comm: 8aeae8ab37a84211984e7f98053edce9
(cellpy) - No such comm: 8aeae8ab37a84211984e7f98053edce9
(cellpy) - No such comm: 8aeae8ab37a84211984e7f98053edce9
(cellpy) - No such comm: b65b93c4dddb41d682286771b64e6ded
(cellpy) - No such comm: b65b93c4dddb41d682286771b64e6ded
(cellpy) - No such comm: b65b93c4dddb41d682286771b64e6ded
(cellpy) - No such comm: b65b93c4dddb41d682286771b64e6ded
(cellpy) - No such comm: b65b93c4dddb41d682286771b64e6ded
(cellpy) - No such comm: b65b93c4dddb41d682286771b64e6ded
(cellpy) - No such comm: b65b93c4dddb41d682286771b64e6ded
(cellpy) - No such comm: b65b93c4dddb41d682286771b64e6ded
(cellpy) - No such comm: b65b93c4dddb41d682286771b64e6ded
(cellpy) - No such comm: b65b93c4dddb41d682286771b64e6ded
(cellpy) - No such comm: b65b93c4dddb41d682286771b64e6ded
(cellpy) - No such comm: b65b93c4dddb41d682286771b64e6ded
(cellpy) - No such comm: b65b93c4dddb41d682286771b64e6ded
(cellpy) - No such comm: b65b93c4dddb41d682286771b64e6ded
(cellpy) - No such comm: b65b93c4dddb41d682286771b64e6ded
(cellpy) - No such comm: b65b93c4dddb41d682286771b64e6ded
(cellpy) - No such comm: b65b93c4dddb41d682286771b64e6ded
(cellpy) - No such comm: b65b93c4dddb41d682286771b64e6ded
(cellpy) - No such comm: b65b93c4dddb41d682286771b64e6ded
(cellpy) - No such comm: b65b93c4dddb41d682286771b64e6ded
(cellpy) - No such comm: b65b93c4dddb41d682286771b64e6ded
(cellpy) - No such comm: b65b93c4dddb41d682286771b64e6ded
(cellpy) - No such comm: b65b93c4dddb41d682286771b64e6ded
(cellpy) - No such comm: 7b0423d393bb49dda26273f3e4eb10ca
(cellpy) - No such comm: 7b0423d393bb49dda26273f3e4eb10ca
(cellpy) - No such comm: 7b0423d393bb49dda26273f3e4eb10ca
(cellpy) - No such comm: 7b0423d393bb49dda26273f3e4eb10ca
(cellpy) - No such comm: 7b0423d393bb49dda26273f3e4eb10ca
(cellpy) - No such comm: 7b0423d393bb49dda26273f3e4eb10ca
(cellpy) - No such comm: 7b0423d393bb49dda26273f3e4eb10ca
(cellpy) - No such comm: 7b0423d393bb49dda26273f3e4eb10ca
(cellpy) - No such comm: 7b0423d393bb49dda26273f3e4eb10ca
(cellpy) - No such comm: 7b0423d393bb49dda26273f3e4eb10ca
(cellpy) - No such comm: 7b0423d393bb49dda26273f3e4eb10ca
(cellpy) - No such comm: 7b0423d393bb49dda26273f3e4eb10ca
(cellpy) - No such comm: 7b0423d393bb49dda26273f3e4eb10ca
(cellpy) - No such comm: 7b0423d393bb49dda26273f3e4eb10ca
(cellpy) - No such comm: 7b0423d393bb49dda26273f3e4eb10ca
(cellpy) - No such comm: 7b0423d393bb49dda26273f3e4eb10ca
(cellpy) - No such comm: 7b0423d393bb49dda26273f3e4eb10ca
(cellpy) - No such comm: 7b0423d393bb49dda26273f3e4eb10ca
(cellpy) - No such comm: 7b0423d393bb49dda26273f3e4eb10ca
(cellpy) - No such comm: 7b0423d393bb49dda26273f3e4eb10ca
(cellpy) - No such comm: 7b0423d393bb49dda26273f3e4eb10ca
(cellpy) - No such comm: 7b0423d393bb49dda26273f3e4eb10ca
(cellpy) - No such comm: 7b0423d393bb49dda26273f3e4eb10ca
(cellpy) - No such comm: 68c2ac60d7ea4efe82bcd73a3bc970d1
(cellpy) - No such comm: 68c2ac60d7ea4efe82bcd73a3bc970d1
(cellpy) - No such comm: 68c2ac60d7ea4efe82bcd73a3bc970d1
(cellpy) - No such comm: 68c2ac60d7ea4efe82bcd73a3bc970d1
(cellpy) - No such comm: 68c2ac60d7ea4efe82bcd73a3bc970d1
(cellpy) - No such comm: 68c2ac60d7ea4efe82bcd73a3bc970d1
(cellpy) - No such comm: 68c2ac60d7ea4efe82bcd73a3bc970d1
(cellpy) - No such comm: 68c2ac60d7ea4efe82bcd73a3bc970d1
(cellpy) - No such comm: 68c2ac60d7ea4efe82bcd73a3bc970d1
(cellpy) - No such comm: 68c2ac60d7ea4efe82bcd73a3bc970d1
(cellpy) - No such comm: 68c2ac60d7ea4efe82bcd73a3bc970d1
(cellpy) - No such comm: 68c2ac60d7ea4efe82bcd73a3bc970d1
(cellpy) - No such comm: 68c2ac60d7ea4efe82bcd73a3bc970d1
(cellpy) - No such comm: 68c2ac60d7ea4efe82bcd73a3bc970d1
(cellpy) - No such comm: 68c2ac60d7ea4efe82bcd73a3bc970d1
(cellpy) - No such comm: 68c2ac60d7ea4efe82bcd73a3bc970d1
(cellpy) - No such comm: 68c2ac60d7ea4efe82bcd73a3bc970d1
(cellpy) - No such comm: 68c2ac60d7ea4efe82bcd73a3bc970d1
(cellpy) - No such comm: 68c2ac60d7ea4efe82bcd73a3bc970d1
(cellpy) - No such comm: 68c2ac60d7ea4efe82bcd73a3bc970d1
(cellpy) - No such comm: 68c2ac60d7ea4efe82bcd73a3bc970d1
(cellpy) - No such comm: 68c2ac60d7ea4efe82bcd73a3bc970d1
(cellpy) - No such comm: a5ae4eef57e9455a906a777bd3c8193f
(cellpy) - No such comm: a5ae4eef57e9455a906a777bd3c8193f
(cellpy) - No such comm: a5ae4eef57e9455a906a777bd3c8193f
(cellpy) - No such comm: a5ae4eef57e9455a906a777bd3c8193f
(cellpy) - No such comm: a5ae4eef57e9455a906a777bd3c8193f
(cellpy) - No such comm: a5ae4eef57e9455a906a777bd3c8193f
(cellpy) - No such comm: a5ae4eef57e9455a906a777bd3c8193f
(cellpy) - No such comm: a5ae4eef57e9455a906a777bd3c8193f
(cellpy) - No such comm: a5ae4eef57e9455a906a777bd3c8193f
(cellpy) - No such comm: a5ae4eef57e9455a906a777bd3c8193f
(cellpy) - No such comm: 68c2ac60d7ea4efe82bcd73a3bc970d1
(cellpy) - No such comm: a5ae4eef57e9455a906a777bd3c8193f
(cellpy) - No such comm: a5ae4eef57e9455a906a777bd3c8193f
(cellpy) - No such comm: a5ae4eef57e9455a906a777bd3c8193f
(cellpy) - No such comm: a5ae4eef57e9455a906a777bd3c8193f
(cellpy) - No such comm: a5ae4eef57e9455a906a777bd3c8193f
(cellpy) - No such comm: a5ae4eef57e9455a906a777bd3c8193f
(cellpy) - No such comm: a5ae4eef57e9455a906a777bd3c8193f
(cellpy) - No such comm: a5ae4eef57e9455a906a777bd3c8193f
(cellpy) - No such comm: a5ae4eef57e9455a906a777bd3c8193f
(cellpy) - No such comm: a5ae4eef57e9455a906a777bd3c8193f
(cellpy) - No such comm: a5ae4eef57e9455a906a777bd3c8193f
(cellpy) - No such comm: a5ae4eef57e9455a906a777bd3c8193f
(cellpy) - No such comm: a5ae4eef57e9455a906a777bd3c8193f
(cellpy) - No such comm: 5b913849a32d4498955525e85cf8e9d9
(cellpy) - No such comm: 5b913849a32d4498955525e85cf8e9d9
(cellpy) - No such comm: 5b913849a32d4498955525e85cf8e9d9
(cellpy) - No such comm: 5b913849a32d4498955525e85cf8e9d9
(cellpy) - No such comm: 5b913849a32d4498955525e85cf8e9d9
(cellpy) - No such comm: 5b913849a32d4498955525e85cf8e9d9
(cellpy) - No such comm: 5b913849a32d4498955525e85cf8e9d9
(cellpy) - No such comm: 5b913849a32d4498955525e85cf8e9d9
(cellpy) - No such comm: 5b913849a32d4498955525e85cf8e9d9
(cellpy) - No such comm: 5b913849a32d4498955525e85cf8e9d9
(cellpy) - No such comm: 5b913849a32d4498955525e85cf8e9d9
(cellpy) - No such comm: 5b913849a32d4498955525e85cf8e9d9
(cellpy) - No such comm: 5b913849a32d4498955525e85cf8e9d9
(cellpy) - No such comm: 5b913849a32d4498955525e85cf8e9d9
(cellpy) - No such comm: 5b913849a32d4498955525e85cf8e9d9
(cellpy) - No such comm: 5b913849a32d4498955525e85cf8e9d9
(cellpy) - No such comm: 5b913849a32d4498955525e85cf8e9d9
(cellpy) - No such comm: 5b913849a32d4498955525e85cf8e9d9
(cellpy) - No such comm: 5b913849a32d4498955525e85cf8e9d9
(cellpy) - No such comm: 5b913849a32d4498955525e85cf8e9d9
(cellpy) - No such comm: 5b913849a32d4498955525e85cf8e9d9
(cellpy) - No such comm: 5b913849a32d4498955525e85cf8e9d9
(cellpy) - No such comm: 5b913849a32d4498955525e85cf8e9d9
(cellpy) - No such comm: 805b41ee12f94f7d93335e4e57a958fa
(cellpy) - No such comm: 805b41ee12f94f7d93335e4e57a958fa
(cellpy) - No such comm: 805b41ee12f94f7d93335e4e57a958fa
(cellpy) - No such comm: 805b41ee12f94f7d93335e4e57a958fa
(cellpy) - No such comm: 805b41ee12f94f7d93335e4e57a958fa
(cellpy) - No such comm: 805b41ee12f94f7d93335e4e57a958fa
(cellpy) - No such comm: 805b41ee12f94f7d93335e4e57a958fa
(cellpy) - No such comm: 805b41ee12f94f7d93335e4e57a958fa
(cellpy) - No such comm: 805b41ee12f94f7d93335e4e57a958fa
(cellpy) - No such comm: 805b41ee12f94f7d93335e4e57a958fa
(cellpy) - No such comm: 805b41ee12f94f7d93335e4e57a958fa
(cellpy) - No such comm: 805b41ee12f94f7d93335e4e57a958fa
(cellpy) - No such comm: 805b41ee12f94f7d93335e4e57a958fa
(cellpy) - No such comm: 805b41ee12f94f7d93335e4e57a958fa
(cellpy) - No such comm: 805b41ee12f94f7d93335e4e57a958fa
(cellpy) - No such comm: 805b41ee12f94f7d93335e4e57a958fa
(cellpy) - No such comm: 805b41ee12f94f7d93335e4e57a958fa
(cellpy) - No such comm: 805b41ee12f94f7d93335e4e57a958fa
(cellpy) - No such comm: 805b41ee12f94f7d93335e4e57a958fa
(cellpy) - No such comm: 805b41ee12f94f7d93335e4e57a958fa
(cellpy) - No such comm: 805b41ee12f94f7d93335e4e57a958fa
(cellpy) - No such comm: 805b41ee12f94f7d93335e4e57a958fa
(cellpy) - No such comm: 805b41ee12f94f7d93335e4e57a958fa
(cellpy) - No such comm: 71d001bdc057429dadfe1371feab9853
(cellpy) - No such comm: 71d001bdc057429dadfe1371feab9853
(cellpy) - No such comm: 71d001bdc057429dadfe1371feab9853
(cellpy) - No such comm: 71d001bdc057429dadfe1371feab9853
(cellpy) - No such comm: 71d001bdc057429dadfe1371feab9853
(cellpy) - No such comm: 71d001bdc057429dadfe1371feab9853
(cellpy) - No such comm: 71d001bdc057429dadfe1371feab9853
(cellpy) - No such comm: 71d001bdc057429dadfe1371feab9853
(cellpy) - No such comm: 71d001bdc057429dadfe1371feab9853
(cellpy) - No such comm: 71d001bdc057429dadfe1371feab9853
(cellpy) - No such comm: 71d001bdc057429dadfe1371feab9853
(cellpy) - No such comm: 71d001bdc057429dadfe1371feab9853
(cellpy) - No such comm: 71d001bdc057429dadfe1371feab9853
(cellpy) - No such comm: 71d001bdc057429dadfe1371feab9853
(cellpy) - No such comm: 71d001bdc057429dadfe1371feab9853
(cellpy) - No such comm: 71d001bdc057429dadfe1371feab9853
(cellpy) - No such comm: 71d001bdc057429dadfe1371feab9853
(cellpy) - No such comm: 71d001bdc057429dadfe1371feab9853
(cellpy) - No such comm: 71d001bdc057429dadfe1371feab9853
(cellpy) - No such comm: 71d001bdc057429dadfe1371feab9853
(cellpy) - No such comm: 71d001bdc057429dadfe1371feab9853
(cellpy) - No such comm: 71d001bdc057429dadfe1371feab9853
(cellpy) - No such comm: 71d001bdc057429dadfe1371feab9853
(cellpy) - No such comm: 324f34b010c84e79b2c8b03e6e498d16
(cellpy) - No such comm: 324f34b010c84e79b2c8b03e6e498d16
(cellpy) - No such comm: 324f34b010c84e79b2c8b03e6e498d16
(cellpy) - No such comm: 324f34b010c84e79b2c8b03e6e498d16
(cellpy) - No such comm: 324f34b010c84e79b2c8b03e6e498d16
(cellpy) - No such comm: 324f34b010c84e79b2c8b03e6e498d16
(cellpy) - No such comm: 324f34b010c84e79b2c8b03e6e498d16
(cellpy) - No such comm: 324f34b010c84e79b2c8b03e6e498d16
(cellpy) - No such comm: 324f34b010c84e79b2c8b03e6e498d16
(cellpy) - No such comm: 324f34b010c84e79b2c8b03e6e498d16
(cellpy) - No such comm: 324f34b010c84e79b2c8b03e6e498d16
(cellpy) - No such comm: 324f34b010c84e79b2c8b03e6e498d16
(cellpy) - No such comm: 324f34b010c84e79b2c8b03e6e498d16
(cellpy) - No such comm: 324f34b010c84e79b2c8b03e6e498d16
(cellpy) - No such comm: 324f34b010c84e79b2c8b03e6e498d16
(cellpy) - No such comm: 324f34b010c84e79b2c8b03e6e498d16
(cellpy) - No such comm: 324f34b010c84e79b2c8b03e6e498d16
(cellpy) - No such comm: 324f34b010c84e79b2c8b03e6e498d16
(cellpy) - No such comm: 324f34b010c84e79b2c8b03e6e498d16
(cellpy) - No such comm: 324f34b010c84e79b2c8b03e6e498d16
(cellpy) - No such comm: 324f34b010c84e79b2c8b03e6e498d16
(cellpy) - No such comm: 324f34b010c84e79b2c8b03e6e498d16
(cellpy) - No such comm: 324f34b010c84e79b2c8b03e6e498d16
(cellpy) - No such comm: 4e361094fe394b658ac7850f5b2644a0
(cellpy) - No such comm: 4e361094fe394b658ac7850f5b2644a0
(cellpy) - No such comm: 4e361094fe394b658ac7850f5b2644a0
(cellpy) - No such comm: 4e361094fe394b658ac7850f5b2644a0
(cellpy) - No such comm: 4e361094fe394b658ac7850f5b2644a0
(cellpy) - No such comm: 4e361094fe394b658ac7850f5b2644a0
(cellpy) - No such comm: 4e361094fe394b658ac7850f5b2644a0
(cellpy) - No such comm: 4e361094fe394b658ac7850f5b2644a0
(cellpy) - No such comm: 4e361094fe394b658ac7850f5b2644a0
(cellpy) - No such comm: 4e361094fe394b658ac7850f5b2644a0
(cellpy) - No such comm: 4e361094fe394b658ac7850f5b2644a0
(cellpy) - No such comm: 4e361094fe394b658ac7850f5b2644a0
(cellpy) - No such comm: 4e361094fe394b658ac7850f5b2644a0
(cellpy) - No such comm: 4e361094fe394b658ac7850f5b2644a0
(cellpy) - No such comm: 4e361094fe394b658ac7850f5b2644a0
(cellpy) - No such comm: 4e361094fe394b658ac7850f5b2644a0
(cellpy) - No such comm: 4e361094fe394b658ac7850f5b2644a0
(cellpy) - No such comm: 4e361094fe394b658ac7850f5b2644a0
(cellpy) - No such comm: 4e361094fe394b658ac7850f5b2644a0
(cellpy) - No such comm: 4e361094fe394b658ac7850f5b2644a0
(cellpy) - No such comm: 4e361094fe394b658ac7850f5b2644a0
(cellpy) - No such comm: 4e361094fe394b658ac7850f5b2644a0
(cellpy) - No such comm: 4e361094fe394b658ac7850f5b2644a0
(cellpy) - No such comm: f92a8b48ec53402c866a75db01d1b80d
(cellpy) - No such comm: f92a8b48ec53402c866a75db01d1b80d
(cellpy) - No such comm: f92a8b48ec53402c866a75db01d1b80d
(cellpy) - No such comm: f92a8b48ec53402c866a75db01d1b80d
(cellpy) - No such comm: f92a8b48ec53402c866a75db01d1b80d
(cellpy) - No such comm: f92a8b48ec53402c866a75db01d1b80d
(cellpy) - No such comm: f92a8b48ec53402c866a75db01d1b80d
(cellpy) - No such comm: f92a8b48ec53402c866a75db01d1b80d
(cellpy) - No such comm: f92a8b48ec53402c866a75db01d1b80d
(cellpy) - No such comm: f92a8b48ec53402c866a75db01d1b80d
(cellpy) - No such comm: f92a8b48ec53402c866a75db01d1b80d
(cellpy) - No such comm: f92a8b48ec53402c866a75db01d1b80d
(cellpy) - No such comm: f92a8b48ec53402c866a75db01d1b80d
(cellpy) - No such comm: f92a8b48ec53402c866a75db01d1b80d
(cellpy) - No such comm: f92a8b48ec53402c866a75db01d1b80d
(cellpy) - No such comm: f92a8b48ec53402c866a75db01d1b80d
(cellpy) - No such comm: f92a8b48ec53402c866a75db01d1b80d
(cellpy) - No such comm: f92a8b48ec53402c866a75db01d1b80d
(cellpy) - No such comm: f92a8b48ec53402c866a75db01d1b80d
(cellpy) - No such comm: f92a8b48ec53402c866a75db01d1b80d
(cellpy) - No such comm: f92a8b48ec53402c866a75db01d1b80d
(cellpy) - No such comm: f92a8b48ec53402c866a75db01d1b80d
(cellpy) - No such comm: f92a8b48ec53402c866a75db01d1b80d
(cellpy) - No such comm: 36768c1d215d4d6080ddc64638864bc6
(cellpy) - No such comm: 36768c1d215d4d6080ddc64638864bc6
(cellpy) - No such comm: 36768c1d215d4d6080ddc64638864bc6
(cellpy) - No such comm: 36768c1d215d4d6080ddc64638864bc6
(cellpy) - No such comm: 36768c1d215d4d6080ddc64638864bc6
(cellpy) - No such comm: 36768c1d215d4d6080ddc64638864bc6
(cellpy) - No such comm: 36768c1d215d4d6080ddc64638864bc6
(cellpy) - No such comm: 36768c1d215d4d6080ddc64638864bc6
(cellpy) - No such comm: 36768c1d215d4d6080ddc64638864bc6
(cellpy) - No such comm: 36768c1d215d4d6080ddc64638864bc6
(cellpy) - No such comm: 36768c1d215d4d6080ddc64638864bc6
(cellpy) - No such comm: 36768c1d215d4d6080ddc64638864bc6
(cellpy) - No such comm: 36768c1d215d4d6080ddc64638864bc6
(cellpy) - No such comm: 36768c1d215d4d6080ddc64638864bc6
(cellpy) - No such comm: 36768c1d215d4d6080ddc64638864bc6
(cellpy) - No such comm: 36768c1d215d4d6080ddc64638864bc6
(cellpy) - No such comm: 36768c1d215d4d6080ddc64638864bc6
(cellpy) - No such comm: 36768c1d215d4d6080ddc64638864bc6
(cellpy) - No such comm: 36768c1d215d4d6080ddc64638864bc6
(cellpy) - No such comm: 36768c1d215d4d6080ddc64638864bc6
(cellpy) - No such comm: 36768c1d215d4d6080ddc64638864bc6
(cellpy) - No such comm: 36768c1d215d4d6080ddc64638864bc6
(cellpy) - No such comm: 36768c1d215d4d6080ddc64638864bc6
(cellpy) - No such comm: f3d44f58d06d49d8beae5e6ebc9b2cb4
(cellpy) - No such comm: f3d44f58d06d49d8beae5e6ebc9b2cb4
(cellpy) - No such comm: f3d44f58d06d49d8beae5e6ebc9b2cb4
(cellpy) - No such comm: f3d44f58d06d49d8beae5e6ebc9b2cb4
(cellpy) - No such comm: f3d44f58d06d49d8beae5e6ebc9b2cb4
(cellpy) - No such comm: f3d44f58d06d49d8beae5e6ebc9b2cb4
(cellpy) - No such comm: f3d44f58d06d49d8beae5e6ebc9b2cb4
(cellpy) - No such comm: f3d44f58d06d49d8beae5e6ebc9b2cb4
(cellpy) - No such comm: f3d44f58d06d49d8beae5e6ebc9b2cb4
(cellpy) - No such comm: f3d44f58d06d49d8beae5e6ebc9b2cb4
(cellpy) - No such comm: f3d44f58d06d49d8beae5e6ebc9b2cb4
(cellpy) - No such comm: f3d44f58d06d49d8beae5e6ebc9b2cb4
(cellpy) - No such comm: f3d44f58d06d49d8beae5e6ebc9b2cb4
(cellpy) - No such comm: f3d44f58d06d49d8beae5e6ebc9b2cb4
(cellpy) - No such comm: f3d44f58d06d49d8beae5e6ebc9b2cb4
(cellpy) - No such comm: f3d44f58d06d49d8beae5e6ebc9b2cb4
(cellpy) - No such comm: f3d44f58d06d49d8beae5e6ebc9b2cb4
(cellpy) - No such comm: f3d44f58d06d49d8beae5e6ebc9b2cb4
(cellpy) - No such comm: f3d44f58d06d49d8beae5e6ebc9b2cb4
(cellpy) - No such comm: f3d44f58d06d49d8beae5e6ebc9b2cb4
(cellpy) - No such comm: f3d44f58d06d49d8beae5e6ebc9b2cb4
(cellpy) - No such comm: f3d44f58d06d49d8beae5e6ebc9b2cb4
(cellpy) - No such comm: f3d44f58d06d49d8beae5e6ebc9b2cb4
(cellpy) - No such comm: 51b3e7b709624fab8a7ab85350af1675
(cellpy) - No such comm: 51b3e7b709624fab8a7ab85350af1675
(cellpy) - No such comm: 51b3e7b709624fab8a7ab85350af1675
(cellpy) - No such comm: 51b3e7b709624fab8a7ab85350af1675
(cellpy) - No such comm: 51b3e7b709624fab8a7ab85350af1675
(cellpy) - No such comm: 51b3e7b709624fab8a7ab85350af1675
(cellpy) - No such comm: 51b3e7b709624fab8a7ab85350af1675
(cellpy) - No such comm: 51b3e7b709624fab8a7ab85350af1675
(cellpy) - No such comm: 51b3e7b709624fab8a7ab85350af1675
(cellpy) - No such comm: 51b3e7b709624fab8a7ab85350af1675
(cellpy) - No such comm: 51b3e7b709624fab8a7ab85350af1675
(cellpy) - No such comm: 51b3e7b709624fab8a7ab85350af1675
(cellpy) - No such comm: 51b3e7b709624fab8a7ab85350af1675
(cellpy) - No such comm: 51b3e7b709624fab8a7ab85350af1675
(cellpy) - No such comm: 51b3e7b709624fab8a7ab85350af1675
(cellpy) - No such comm: 51b3e7b709624fab8a7ab85350af1675
(cellpy) - No such comm: 51b3e7b709624fab8a7ab85350af1675
(cellpy) - No such comm: 51b3e7b709624fab8a7ab85350af1675
(cellpy) - No such comm: 51b3e7b709624fab8a7ab85350af1675
(cellpy) - No such comm: 51b3e7b709624fab8a7ab85350af1675
(cellpy) - No such comm: 51b3e7b709624fab8a7ab85350af1675
(cellpy) - No such comm: 31a6e4bfc24447bf84501085b2982a70
(cellpy) - No such comm: 31a6e4bfc24447bf84501085b2982a70
(cellpy) - No such comm: 31a6e4bfc24447bf84501085b2982a70
(cellpy) - No such comm: 31a6e4bfc24447bf84501085b2982a70
(cellpy) - No such comm: 31a6e4bfc24447bf84501085b2982a70
(cellpy) - No such comm: 31a6e4bfc24447bf84501085b2982a70
(cellpy) - No such comm: 31a6e4bfc24447bf84501085b2982a70
(cellpy) - No such comm: 31a6e4bfc24447bf84501085b2982a70
(cellpy) - No such comm: 31a6e4bfc24447bf84501085b2982a70
(cellpy) - No such comm: 31a6e4bfc24447bf84501085b2982a70
(cellpy) - No such comm: 31a6e4bfc24447bf84501085b2982a70
(cellpy) - No such comm: 31a6e4bfc24447bf84501085b2982a70
(cellpy) - No such comm: 31a6e4bfc24447bf84501085b2982a70
(cellpy) - No such comm: 31a6e4bfc24447bf84501085b2982a70
(cellpy) - No such comm: 31a6e4bfc24447bf84501085b2982a70
(cellpy) - No such comm: 31a6e4bfc24447bf84501085b2982a70
(cellpy) - No such comm: 31a6e4bfc24447bf84501085b2982a70
(cellpy) - No such comm: 31a6e4bfc24447bf84501085b2982a70
(cellpy) - No such comm: 31a6e4bfc24447bf84501085b2982a70
(cellpy) - No such comm: 31a6e4bfc24447bf84501085b2982a70
(cellpy) - No such comm: 31a6e4bfc24447bf84501085b2982a70
(cellpy) - No such comm: 31a6e4bfc24447bf84501085b2982a70
(cellpy) - No such comm: 31a6e4bfc24447bf84501085b2982a70
(cellpy) - No such comm: 8a900d8ceb7e4911a9abd0f35bc71a18
(cellpy) - No such comm: 8a900d8ceb7e4911a9abd0f35bc71a18
(cellpy) - No such comm: 8a900d8ceb7e4911a9abd0f35bc71a18
(cellpy) - No such comm: 8a900d8ceb7e4911a9abd0f35bc71a18
(cellpy) - No such comm: 8a900d8ceb7e4911a9abd0f35bc71a18
(cellpy) - No such comm: 8a900d8ceb7e4911a9abd0f35bc71a18
(cellpy) - No such comm: 8a900d8ceb7e4911a9abd0f35bc71a18
(cellpy) - No such comm: 8a900d8ceb7e4911a9abd0f35bc71a18
(cellpy) - No such comm: 8a900d8ceb7e4911a9abd0f35bc71a18
(cellpy) - No such comm: 8a900d8ceb7e4911a9abd0f35bc71a18
(cellpy) - No such comm: 8a900d8ceb7e4911a9abd0f35bc71a18
(cellpy) - No such comm: 8a900d8ceb7e4911a9abd0f35bc71a18
(cellpy) - No such comm: 8a900d8ceb7e4911a9abd0f35bc71a18
(cellpy) - No such comm: 8a900d8ceb7e4911a9abd0f35bc71a18
(cellpy) - No such comm: 8a900d8ceb7e4911a9abd0f35bc71a18
(cellpy) - No such comm: 8a900d8ceb7e4911a9abd0f35bc71a18
(cellpy) - No such comm: 8a900d8ceb7e4911a9abd0f35bc71a18
(cellpy) - No such comm: 8a900d8ceb7e4911a9abd0f35bc71a18
(cellpy) - No such comm: 8a900d8ceb7e4911a9abd0f35bc71a18
(cellpy) - No such comm: 8a900d8ceb7e4911a9abd0f35bc71a18
(cellpy) - No such comm: 8a900d8ceb7e4911a9abd0f35bc71a18
(cellpy) - No such comm: 8a900d8ceb7e4911a9abd0f35bc71a18
(cellpy) - No such comm: 8a900d8ceb7e4911a9abd0f35bc71a18
(cellpy) - No such comm: 8a900d8ceb7e4911a9abd0f35bc71a18
(cellpy) - No such comm: 8a900d8ceb7e4911a9abd0f35bc71a18
(cellpy) - No such comm: 8a900d8ceb7e4911a9abd0f35bc71a18
(cellpy) - No such comm: 8a900d8ceb7e4911a9abd0f35bc71a18
(cellpy) - No such comm: 8a900d8ceb7e4911a9abd0f35bc71a18
(cellpy) - No such comm: 8a900d8ceb7e4911a9abd0f35bc71a18
(cellpy) - No such comm: 8a900d8ceb7e4911a9abd0f35bc71a18
(cellpy) - No such comm: 8a900d8ceb7e4911a9abd0f35bc71a18
(cellpy) - No such comm: 8a900d8ceb7e4911a9abd0f35bc71a18
(cellpy) - No such comm: 8a900d8ceb7e4911a9abd0f35bc71a18
(cellpy) - No such comm: 8a900d8ceb7e4911a9abd0f35bc71a18
(cellpy) - No such comm: 8a900d8ceb7e4911a9abd0f35bc71a18
(cellpy) - No such comm: 8a900d8ceb7e4911a9abd0f35bc71a18
(cellpy) - No such comm: 8a900d8ceb7e4911a9abd0f35bc71a18
(cellpy) - No such comm: 8a900d8ceb7e4911a9abd0f35bc71a18
(cellpy) - No such comm: 8a900d8ceb7e4911a9abd0f35bc71a18
(cellpy) - No such comm: 8a900d8ceb7e4911a9abd0f35bc71a18
(cellpy) - No such comm: 8a900d8ceb7e4911a9abd0f35bc71a18
(cellpy) - No such comm: 8a900d8ceb7e4911a9abd0f35bc71a18
(cellpy) - No such comm: 8a900d8ceb7e4911a9abd0f35bc71a18
(cellpy) - No such comm: 8a900d8ceb7e4911a9abd0f35bc71a18
(cellpy) - No such comm: 8a900d8ceb7e4911a9abd0f35bc71a18
(cellpy) - No such comm: 8a900d8ceb7e4911a9abd0f35bc71a18
(cellpy) - No such comm: 8a900d8ceb7e4911a9abd0f35bc71a18
(cellpy) - No such comm: 8a900d8ceb7e4911a9abd0f35bc71a18
(cellpy) - No such comm: 8a900d8ceb7e4911a9abd0f35bc71a18
(cellpy) - No such comm: 8a900d8ceb7e4911a9abd0f35bc71a18
(cellpy) - No such comm: 8a900d8ceb7e4911a9abd0f35bc71a18
(cellpy) - No such comm: 8a900d8ceb7e4911a9abd0f35bc71a18
(cellpy) - No such comm: 8a900d8ceb7e4911a9abd0f35bc71a18
(cellpy) - No such comm: 8a900d8ceb7e4911a9abd0f35bc71a18
(cellpy) - No such comm: 8a900d8ceb7e4911a9abd0f35bc71a18
(cellpy) - No such comm: 8a900d8ceb7e4911a9abd0f35bc71a18
(cellpy) - No such comm: 8a900d8ceb7e4911a9abd0f35bc71a18
(cellpy) - No such comm: 8a900d8ceb7e4911a9abd0f35bc71a18
(cellpy) - No such comm: 8a900d8ceb7e4911a9abd0f35bc71a18
(cellpy) - No such comm: 8a900d8ceb7e4911a9abd0f35bc71a18
(cellpy) - No such comm: 8a900d8ceb7e4911a9abd0f35bc71a18
(cellpy) - No such comm: 8a900d8ceb7e4911a9abd0f35bc71a18
(cellpy) - No such comm: cd1967d2af324037babdca7924f22974
(cellpy) - No such comm: cd1967d2af324037babdca7924f22974
(cellpy) - No such comm: cd1967d2af324037babdca7924f22974
(cellpy) - No such comm: cd1967d2af324037babdca7924f22974
(cellpy) - No such comm: cd1967d2af324037babdca7924f22974
(cellpy) - No such comm: cd1967d2af324037babdca7924f22974
(cellpy) - No such comm: cd1967d2af324037babdca7924f22974
(cellpy) - No such comm: cd1967d2af324037babdca7924f22974
(cellpy) - No such comm: cd1967d2af324037babdca7924f22974
(cellpy) - No such comm: cd1967d2af324037babdca7924f22974
(cellpy) - No such comm: cd1967d2af324037babdca7924f22974
(cellpy) - No such comm: cd1967d2af324037babdca7924f22974
(cellpy) - No such comm: cd1967d2af324037babdca7924f22974
(cellpy) - No such comm: cd1967d2af324037babdca7924f22974
(cellpy) - No such comm: cd1967d2af324037babdca7924f22974
(cellpy) - No such comm: cd1967d2af324037babdca7924f22974
(cellpy) - No such comm: cd1967d2af324037babdca7924f22974
(cellpy) - No such comm: cd1967d2af324037babdca7924f22974
(cellpy) - No such comm: cd1967d2af324037babdca7924f22974
(cellpy) - No such comm: cd1967d2af324037babdca7924f22974
(cellpy) - No such comm: cd1967d2af324037babdca7924f22974
(cellpy) - No such comm: cd1967d2af324037babdca7924f22974
(cellpy) - No such comm: cd1967d2af324037babdca7924f22974
(cellpy) - No such comm: d995f6bcb91144f58b1203f504b03776
(cellpy) - No such comm: d995f6bcb91144f58b1203f504b03776
(cellpy) - No such comm: d995f6bcb91144f58b1203f504b03776
(cellpy) - No such comm: d995f6bcb91144f58b1203f504b03776
(cellpy) - No such comm: d995f6bcb91144f58b1203f504b03776
(cellpy) - No such comm: d995f6bcb91144f58b1203f504b03776
(cellpy) - No such comm: d995f6bcb91144f58b1203f504b03776
(cellpy) - No such comm: d995f6bcb91144f58b1203f504b03776
(cellpy) - No such comm: d995f6bcb91144f58b1203f504b03776
(cellpy) - No such comm: d995f6bcb91144f58b1203f504b03776
(cellpy) - No such comm: d995f6bcb91144f58b1203f504b03776
(cellpy) - No such comm: d995f6bcb91144f58b1203f504b03776
(cellpy) - No such comm: d995f6bcb91144f58b1203f504b03776
(cellpy) - No such comm: d995f6bcb91144f58b1203f504b03776
(cellpy) - No such comm: d995f6bcb91144f58b1203f504b03776
(cellpy) - No such comm: d995f6bcb91144f58b1203f504b03776
(cellpy) - No such comm: d995f6bcb91144f58b1203f504b03776
(cellpy) - No such comm: d995f6bcb91144f58b1203f504b03776
(cellpy) - No such comm: d995f6bcb91144f58b1203f504b03776
(cellpy) - No such comm: d995f6bcb91144f58b1203f504b03776
(cellpy) - No such comm: d995f6bcb91144f58b1203f504b03776
(cellpy) - No such comm: d995f6bcb91144f58b1203f504b03776
(cellpy) - No such comm: d995f6bcb91144f58b1203f504b03776
(cellpy) - No such comm: 7a320bdefaa540f0983406424962121a
(cellpy) - No such comm: 7a320bdefaa540f0983406424962121a
(cellpy) - No such comm: 7a320bdefaa540f0983406424962121a
(cellpy) - No such comm: 7a320bdefaa540f0983406424962121a
(cellpy) - No such comm: 7a320bdefaa540f0983406424962121a
(cellpy) - No such comm: 7a320bdefaa540f0983406424962121a
(cellpy) - No such comm: 7a320bdefaa540f0983406424962121a
(cellpy) - No such comm: 7a320bdefaa540f0983406424962121a
(cellpy) - No such comm: 7a320bdefaa540f0983406424962121a
(cellpy) - No such comm: 7a320bdefaa540f0983406424962121a
(cellpy) - No such comm: 7a320bdefaa540f0983406424962121a
(cellpy) - No such comm: 7a320bdefaa540f0983406424962121a
(cellpy) - No such comm: 7a320bdefaa540f0983406424962121a
(cellpy) - No such comm: 7a320bdefaa540f0983406424962121a
(cellpy) - No such comm: 7a320bdefaa540f0983406424962121a
(cellpy) - No such comm: 7a320bdefaa540f0983406424962121a
(cellpy) - No such comm: 7a320bdefaa540f0983406424962121a
(cellpy) - No such comm: 7a320bdefaa540f0983406424962121a
(cellpy) - No such comm: 7a320bdefaa540f0983406424962121a
(cellpy) - No such comm: 7a320bdefaa540f0983406424962121a
(cellpy) - No such comm: 7a320bdefaa540f0983406424962121a
(cellpy) - No such comm: 7a320bdefaa540f0983406424962121a
(cellpy) - No such comm: 7a320bdefaa540f0983406424962121a
(cellpy) - No such comm: e161ee0a73214a028b84c4911ac1aea1
(cellpy) - No such comm: e161ee0a73214a028b84c4911ac1aea1
(cellpy) - No such comm: e161ee0a73214a028b84c4911ac1aea1
(cellpy) - No such comm: e161ee0a73214a028b84c4911ac1aea1
(cellpy) - No such comm: e161ee0a73214a028b84c4911ac1aea1
(cellpy) - No such comm: e161ee0a73214a028b84c4911ac1aea1
(cellpy) - No such comm: e161ee0a73214a028b84c4911ac1aea1
(cellpy) - No such comm: e161ee0a73214a028b84c4911ac1aea1
(cellpy) - No such comm: e161ee0a73214a028b84c4911ac1aea1
(cellpy) - No such comm: e161ee0a73214a028b84c4911ac1aea1
(cellpy) - No such comm: e161ee0a73214a028b84c4911ac1aea1
(cellpy) - No such comm: e161ee0a73214a028b84c4911ac1aea1
(cellpy) - No such comm: e161ee0a73214a028b84c4911ac1aea1
(cellpy) - No such comm: e161ee0a73214a028b84c4911ac1aea1
(cellpy) - No such comm: e161ee0a73214a028b84c4911ac1aea1
(cellpy) - No such comm: e161ee0a73214a028b84c4911ac1aea1
(cellpy) - No such comm: e161ee0a73214a028b84c4911ac1aea1
(cellpy) - No such comm: e161ee0a73214a028b84c4911ac1aea1
(cellpy) - No such comm: e161ee0a73214a028b84c4911ac1aea1
(cellpy) - No such comm: e161ee0a73214a028b84c4911ac1aea1
(cellpy) - No such comm: e161ee0a73214a028b84c4911ac1aea1
(cellpy) - No such comm: e161ee0a73214a028b84c4911ac1aea1
(cellpy) - No such comm: e161ee0a73214a028b84c4911ac1aea1
(cellpy) - No such comm: 46d5ab296a354072a4158b9b15be74d1
(cellpy) - No such comm: 46d5ab296a354072a4158b9b15be74d1
(cellpy) - No such comm: 46d5ab296a354072a4158b9b15be74d1
(cellpy) - No such comm: 46d5ab296a354072a4158b9b15be74d1
(cellpy) - No such comm: 46d5ab296a354072a4158b9b15be74d1
(cellpy) - No such comm: 46d5ab296a354072a4158b9b15be74d1
(cellpy) - No such comm: 46d5ab296a354072a4158b9b15be74d1
(cellpy) - No such comm: 46d5ab296a354072a4158b9b15be74d1
(cellpy) - No such comm: 46d5ab296a354072a4158b9b15be74d1
(cellpy) - No such comm: 46d5ab296a354072a4158b9b15be74d1
(cellpy) - No such comm: 46d5ab296a354072a4158b9b15be74d1
(cellpy) - No such comm: 46d5ab296a354072a4158b9b15be74d1
(cellpy) - No such comm: 46d5ab296a354072a4158b9b15be74d1
(cellpy) - No such comm: 46d5ab296a354072a4158b9b15be74d1
(cellpy) - No such comm: 46d5ab296a354072a4158b9b15be74d1
(cellpy) - No such comm: 46d5ab296a354072a4158b9b15be74d1
(cellpy) - No such comm: 46d5ab296a354072a4158b9b15be74d1
(cellpy) - No such comm: 46d5ab296a354072a4158b9b15be74d1
(cellpy) - No such comm: 46d5ab296a354072a4158b9b15be74d1
(cellpy) - No such comm: 46d5ab296a354072a4158b9b15be74d1
(cellpy) - No such comm: 46d5ab296a354072a4158b9b15be74d1
(cellpy) - No such comm: 46d5ab296a354072a4158b9b15be74d1
(cellpy) - No such comm: 46d5ab296a354072a4158b9b15be74d1
(cellpy) - Loading raw-file: ['Z:/PROJ_GMJULY2022/Cycler_Data_By_Cell/GMJuly2022_CELL901/GMJuly2022_CELL901REF_RPT_3_P25C_P5P0PSI_20230228_R1.res', 'Z:/PROJ_GMJULY2022/Cycler_Data_By_Cell/GMJuly2022_CELL901/GMJuly2022_CELL901REF_RATE_1_P25C_P5P0PSI_20230302_R1.res']
(cellpy) - Setting mass: 1
(cellpy) - Creating step table
(cellpy) - Creating summary data
(cellpy) - Using the following nominal capacity: 1.0
(cellpy) - Assuming cycling in anode half-data (discharge before charge) mode
(cellpy) - Created CellpyCell object
(cellpy) - No such comm: 30fcd17d9d5f44c894d6080fd8ea5dbd
(cellpy) - No such comm: 30fcd17d9d5f44c894d6080fd8ea5dbd
(cellpy) - No such comm: 30fcd17d9d5f44c894d6080fd8ea5dbd
(cellpy) - No such comm: 30fcd17d9d5f44c894d6080fd8ea5dbd
(cellpy) - No such comm: 30fcd17d9d5f44c894d6080fd8ea5dbd
(cellpy) - No such comm: 30fcd17d9d5f44c894d6080fd8ea5dbd
(cellpy) - No such comm: 30fcd17d9d5f44c894d6080fd8ea5dbd
(cellpy) - No such comm: 30fcd17d9d5f44c894d6080fd8ea5dbd
(cellpy) - No such comm: 30fcd17d9d5f44c894d6080fd8ea5dbd
(cellpy) - No such comm: 30fcd17d9d5f44c894d6080fd8ea5dbd
(cellpy) - No such comm: 30fcd17d9d5f44c894d6080fd8ea5dbd
(cellpy) - No such comm: 30fcd17d9d5f44c894d6080fd8ea5dbd
(cellpy) - No such comm: 30fcd17d9d5f44c894d6080fd8ea5dbd
(cellpy) - No such comm: 30fcd17d9d5f44c894d6080fd8ea5dbd
(cellpy) - No such comm: 30fcd17d9d5f44c894d6080fd8ea5dbd
(cellpy) - No such comm: 30fcd17d9d5f44c894d6080fd8ea5dbd
(cellpy) - No such comm: 30fcd17d9d5f44c894d6080fd8ea5dbd
(cellpy) - No such comm: 30fcd17d9d5f44c894d6080fd8ea5dbd
(cellpy) - No such comm: 30fcd17d9d5f44c894d6080fd8ea5dbd
(cellpy) - No such comm: 30fcd17d9d5f44c894d6080fd8ea5dbd
(cellpy) - No such comm: 30fcd17d9d5f44c894d6080fd8ea5dbd
(cellpy) - No such comm: 30fcd17d9d5f44c894d6080fd8ea5dbd
(cellpy) - No such comm: a082b9d64af84d868316ceb34f70b123
(cellpy) - No such comm: a082b9d64af84d868316ceb34f70b123
(cellpy) - No such comm: a082b9d64af84d868316ceb34f70b123
(cellpy) - No such comm: a082b9d64af84d868316ceb34f70b123
(cellpy) - No such comm: a082b9d64af84d868316ceb34f70b123
(cellpy) - No such comm: a082b9d64af84d868316ceb34f70b123
(cellpy) - No such comm: a082b9d64af84d868316ceb34f70b123
(cellpy) - No such comm: a082b9d64af84d868316ceb34f70b123
(cellpy) - No such comm: a082b9d64af84d868316ceb34f70b123
(cellpy) - No such comm: a082b9d64af84d868316ceb34f70b123
(cellpy) - No such comm: 30fcd17d9d5f44c894d6080fd8ea5dbd
(cellpy) - No such comm: a082b9d64af84d868316ceb34f70b123
(cellpy) - No such comm: a082b9d64af84d868316ceb34f70b123
(cellpy) - No such comm: a082b9d64af84d868316ceb34f70b123
(cellpy) - No such comm: a082b9d64af84d868316ceb34f70b123
(cellpy) - No such comm: a082b9d64af84d868316ceb34f70b123
(cellpy) - No such comm: a082b9d64af84d868316ceb34f70b123
(cellpy) - No such comm: a082b9d64af84d868316ceb34f70b123
(cellpy) - No such comm: a082b9d64af84d868316ceb34f70b123
(cellpy) - No such comm: a082b9d64af84d868316ceb34f70b123
(cellpy) - No such comm: a082b9d64af84d868316ceb34f70b123
(cellpy) - No such comm: a082b9d64af84d868316ceb34f70b123
(cellpy) - No such comm: a082b9d64af84d868316ceb34f70b123
(cellpy) - No such comm: a082b9d64af84d868316ceb34f70b123
(cellpy) - Loading raw-file: ['Z:/PROJ_GMJULY2022/Cycler_Data_By_Cell/GMJuly2022_CELL901/GMJuly2022_CELL901REF_RPT_3_P25C_P5P0PSI_20230228_R1.res', 'Z:/PROJ_GMJULY2022/Cycler_Data_By_Cell/GMJuly2022_CELL901/GMJuly2022_CELL901REF_RATE_1_P25C_P5P0PSI_20230302_R1.res']
(cellpy) - Setting mass: 1
(cellpy) - Creating step table
(cellpy) - Creating summary data
(cellpy) - Using the following nominal capacity: 1.0
(cellpy) - Assuming cycling in anode half-data (discharge before charge) mode
(cellpy) - Created CellpyCell object
(cellpy) - No such comm: 6400900e904545df8718915b70e24892
(cellpy) - No such comm: 6400900e904545df8718915b70e24892
(cellpy) - No such comm: 6400900e904545df8718915b70e24892
(cellpy) - No such comm: 6400900e904545df8718915b70e24892
(cellpy) - No such comm: 6400900e904545df8718915b70e24892
(cellpy) - No such comm: 6400900e904545df8718915b70e24892
(cellpy) - No such comm: 6400900e904545df8718915b70e24892
(cellpy) - No such comm: 6400900e904545df8718915b70e24892
(cellpy) - No such comm: 6400900e904545df8718915b70e24892
(cellpy) - No such comm: 6400900e904545df8718915b70e24892
(cellpy) - No such comm: 6400900e904545df8718915b70e24892
(cellpy) - No such comm: 6400900e904545df8718915b70e24892
(cellpy) - No such comm: 6400900e904545df8718915b70e24892
(cellpy) - No such comm: 6400900e904545df8718915b70e24892
(cellpy) - No such comm: 6400900e904545df8718915b70e24892
(cellpy) - No such comm: 6400900e904545df8718915b70e24892
(cellpy) - No such comm: 6400900e904545df8718915b70e24892
(cellpy) - No such comm: 6400900e904545df8718915b70e24892
(cellpy) - No such comm: 6400900e904545df8718915b70e24892
(cellpy) - No such comm: 6400900e904545df8718915b70e24892
(cellpy) - No such comm: 6400900e904545df8718915b70e24892
(cellpy) - No such comm: 6400900e904545df8718915b70e24892
(cellpy) - No such comm: 99b969830caf401293a345ca502051e7
(cellpy) - No such comm: 99b969830caf401293a345ca502051e7
(cellpy) - No such comm: 99b969830caf401293a345ca502051e7
(cellpy) - No such comm: 99b969830caf401293a345ca502051e7
(cellpy) - No such comm: 99b969830caf401293a345ca502051e7
(cellpy) - No such comm: 99b969830caf401293a345ca502051e7
(cellpy) - No such comm: 99b969830caf401293a345ca502051e7
(cellpy) - No such comm: 99b969830caf401293a345ca502051e7
(cellpy) - No such comm: 99b969830caf401293a345ca502051e7
(cellpy) - No such comm: 99b969830caf401293a345ca502051e7
(cellpy) - No such comm: 6400900e904545df8718915b70e24892
(cellpy) - No such comm: 99b969830caf401293a345ca502051e7
(cellpy) - No such comm: 99b969830caf401293a345ca502051e7
(cellpy) - No such comm: 99b969830caf401293a345ca502051e7
(cellpy) - No such comm: 99b969830caf401293a345ca502051e7
(cellpy) - No such comm: 99b969830caf401293a345ca502051e7
(cellpy) - No such comm: 99b969830caf401293a345ca502051e7
(cellpy) - No such comm: 99b969830caf401293a345ca502051e7
(cellpy) - No such comm: 99b969830caf401293a345ca502051e7
(cellpy) - No such comm: 99b969830caf401293a345ca502051e7
(cellpy) - No such comm: 99b969830caf401293a345ca502051e7
(cellpy) - No such comm: 99b969830caf401293a345ca502051e7
(cellpy) - No such comm: 99b969830caf401293a345ca502051e7
(cellpy) - No such comm: 99b969830caf401293a345ca502051e7
(cellpy) - 
Could not set custom log-dir - non-existing directory
Dir: c:\Users\Vivian\Dropbox (University of Michigan)\from_box\Research\PyBaMM\PyBaMM\degradation_model\tuning_umbl2022feb\cellpy_data\logs
Using current directory instead: c:\Users\Vivian\Dropbox (University of Michigan)\from_box\Research\PyBaMM\PyBaMM\degradation_model\tuning_umbl2022feb
(cellpy) - Loading raw-file: ['Z:/PROJ_GMJULY2022/Cycler_Data_By_Cell/GMJuly2022_CELL901/GMJuly2022_CELL901REF_RPT_3_P25C_P5P0PSI_20230228_R1.res', 'Z:/PROJ_GMJULY2022/Cycler_Data_By_Cell/GMJuly2022_CELL901/GMJuly2022_CELL901REF_RATE_1_P25C_P5P0PSI_20230302_R1.res']
(cellpy) - Setting mass: 1
(cellpy) - Creating step table
(cellpy) - Creating summary data
(cellpy) - Using the following nominal capacity: 1.0
(cellpy) - Assuming cycling in anode half-data (discharge before charge) mode
(cellpy) - Created CellpyCell object
(cellpy) - No such comm: ade4cda8ec1c42ada5909451e514674b
(cellpy) - No such comm: ade4cda8ec1c42ada5909451e514674b
(cellpy) - No such comm: ade4cda8ec1c42ada5909451e514674b
(cellpy) - No such comm: ade4cda8ec1c42ada5909451e514674b
(cellpy) - No such comm: ade4cda8ec1c42ada5909451e514674b
(cellpy) - No such comm: ade4cda8ec1c42ada5909451e514674b
(cellpy) - No such comm: ade4cda8ec1c42ada5909451e514674b
(cellpy) - No such comm: ade4cda8ec1c42ada5909451e514674b
(cellpy) - No such comm: ade4cda8ec1c42ada5909451e514674b
(cellpy) - No such comm: ade4cda8ec1c42ada5909451e514674b
(cellpy) - No such comm: ade4cda8ec1c42ada5909451e514674b
(cellpy) - No such comm: ade4cda8ec1c42ada5909451e514674b
(cellpy) - No such comm: ade4cda8ec1c42ada5909451e514674b
(cellpy) - No such comm: ade4cda8ec1c42ada5909451e514674b
(cellpy) - No such comm: ade4cda8ec1c42ada5909451e514674b
(cellpy) - No such comm: ade4cda8ec1c42ada5909451e514674b
(cellpy) - No such comm: ade4cda8ec1c42ada5909451e514674b
(cellpy) - No such comm: ade4cda8ec1c42ada5909451e514674b
(cellpy) - No such comm: ade4cda8ec1c42ada5909451e514674b
(cellpy) - No such comm: ade4cda8ec1c42ada5909451e514674b
(cellpy) - No such comm: ade4cda8ec1c42ada5909451e514674b
(cellpy) - No such comm: ade4cda8ec1c42ada5909451e514674b
(cellpy) - No such comm: 1ef004ed54314afabf63da54fa04fa9a
(cellpy) - No such comm: 1ef004ed54314afabf63da54fa04fa9a
(cellpy) - No such comm: 1ef004ed54314afabf63da54fa04fa9a
(cellpy) - No such comm: 1ef004ed54314afabf63da54fa04fa9a
(cellpy) - No such comm: 1ef004ed54314afabf63da54fa04fa9a
(cellpy) - No such comm: 1ef004ed54314afabf63da54fa04fa9a
(cellpy) - No such comm: 1ef004ed54314afabf63da54fa04fa9a
(cellpy) - No such comm: 1ef004ed54314afabf63da54fa04fa9a
(cellpy) - No such comm: 1ef004ed54314afabf63da54fa04fa9a
(cellpy) - No such comm: 1ef004ed54314afabf63da54fa04fa9a
(cellpy) - No such comm: ade4cda8ec1c42ada5909451e514674b
(cellpy) - No such comm: 1ef004ed54314afabf63da54fa04fa9a
(cellpy) - No such comm: 1ef004ed54314afabf63da54fa04fa9a
(cellpy) - No such comm: 1ef004ed54314afabf63da54fa04fa9a
(cellpy) - No such comm: 1ef004ed54314afabf63da54fa04fa9a
(cellpy) - No such comm: 1ef004ed54314afabf63da54fa04fa9a
(cellpy) - No such comm: 1ef004ed54314afabf63da54fa04fa9a
(cellpy) - No such comm: 1ef004ed54314afabf63da54fa04fa9a
(cellpy) - No such comm: 1ef004ed54314afabf63da54fa04fa9a
(cellpy) - No such comm: 1ef004ed54314afabf63da54fa04fa9a
(cellpy) - No such comm: 1ef004ed54314afabf63da54fa04fa9a
(cellpy) - No such comm: 1ef004ed54314afabf63da54fa04fa9a
(cellpy) - No such comm: 1ef004ed54314afabf63da54fa04fa9a
(cellpy) - No such comm: 1ef004ed54314afabf63da54fa04fa9a
(cellpy) - Loading raw-file: ['Z:/PROJ_GMJULY2022/Cycler_Data_By_Cell/GMJuly2022_CELL901/GMJuly2022_CELL901REF_RPT_3_P25C_P5P0PSI_20230228_R1.res', 'Z:/PROJ_GMJULY2022/Cycler_Data_By_Cell/GMJuly2022_CELL901/GMJuly2022_CELL901REF_RATE_1_P25C_P5P0PSI_20230302_R1.res']
(cellpy) - Setting mass: 1
(cellpy) - Creating step table
(cellpy) - Creating summary data
(cellpy) - Using the following nominal capacity: 1.0
(cellpy) - Assuming cycling in anode half-data (discharge before charge) mode
(cellpy) - Created CellpyCell object
(cellpy) - No such comm: 664746d61ffb445cb7f8a236c408fafc
(cellpy) - No such comm: 664746d61ffb445cb7f8a236c408fafc
(cellpy) - No such comm: 664746d61ffb445cb7f8a236c408fafc
(cellpy) - No such comm: 664746d61ffb445cb7f8a236c408fafc
(cellpy) - No such comm: 664746d61ffb445cb7f8a236c408fafc
(cellpy) - No such comm: 664746d61ffb445cb7f8a236c408fafc
(cellpy) - No such comm: 664746d61ffb445cb7f8a236c408fafc
(cellpy) - No such comm: 664746d61ffb445cb7f8a236c408fafc
(cellpy) - No such comm: 664746d61ffb445cb7f8a236c408fafc
(cellpy) - No such comm: 664746d61ffb445cb7f8a236c408fafc
(cellpy) - No such comm: 664746d61ffb445cb7f8a236c408fafc
(cellpy) - No such comm: 664746d61ffb445cb7f8a236c408fafc
(cellpy) - No such comm: 664746d61ffb445cb7f8a236c408fafc
(cellpy) - No such comm: 664746d61ffb445cb7f8a236c408fafc
(cellpy) - No such comm: 664746d61ffb445cb7f8a236c408fafc
(cellpy) - No such comm: 664746d61ffb445cb7f8a236c408fafc
(cellpy) - No such comm: 664746d61ffb445cb7f8a236c408fafc
(cellpy) - No such comm: 664746d61ffb445cb7f8a236c408fafc
(cellpy) - No such comm: 664746d61ffb445cb7f8a236c408fafc
(cellpy) - No such comm: 664746d61ffb445cb7f8a236c408fafc
(cellpy) - No such comm: 664746d61ffb445cb7f8a236c408fafc
(cellpy) - No such comm: 664746d61ffb445cb7f8a236c408fafc
(cellpy) - No such comm: e26f9dd53a7e4e4d8317fa110ec36457
(cellpy) - No such comm: e26f9dd53a7e4e4d8317fa110ec36457
(cellpy) - No such comm: e26f9dd53a7e4e4d8317fa110ec36457
(cellpy) - No such comm: e26f9dd53a7e4e4d8317fa110ec36457
(cellpy) - No such comm: e26f9dd53a7e4e4d8317fa110ec36457
(cellpy) - No such comm: e26f9dd53a7e4e4d8317fa110ec36457
(cellpy) - No such comm: e26f9dd53a7e4e4d8317fa110ec36457
(cellpy) - No such comm: e26f9dd53a7e4e4d8317fa110ec36457
(cellpy) - No such comm: e26f9dd53a7e4e4d8317fa110ec36457
(cellpy) - No such comm: e26f9dd53a7e4e4d8317fa110ec36457
(cellpy) - No such comm: 664746d61ffb445cb7f8a236c408fafc
(cellpy) - No such comm: e26f9dd53a7e4e4d8317fa110ec36457
(cellpy) - No such comm: e26f9dd53a7e4e4d8317fa110ec36457
(cellpy) - No such comm: e26f9dd53a7e4e4d8317fa110ec36457
(cellpy) - No such comm: e26f9dd53a7e4e4d8317fa110ec36457
(cellpy) - No such comm: e26f9dd53a7e4e4d8317fa110ec36457
(cellpy) - No such comm: e26f9dd53a7e4e4d8317fa110ec36457
(cellpy) - No such comm: e26f9dd53a7e4e4d8317fa110ec36457
(cellpy) - No such comm: e26f9dd53a7e4e4d8317fa110ec36457
(cellpy) - No such comm: e26f9dd53a7e4e4d8317fa110ec36457
(cellpy) - No such comm: e26f9dd53a7e4e4d8317fa110ec36457
(cellpy) - No such comm: e26f9dd53a7e4e4d8317fa110ec36457
(cellpy) - No such comm: e26f9dd53a7e4e4d8317fa110ec36457
(cellpy) - No such comm: e26f9dd53a7e4e4d8317fa110ec36457
(cellpy) - No such comm: 7bda915482e24cfab2f24dc6a7803e25
(cellpy) - No such comm: 7bda915482e24cfab2f24dc6a7803e25
(cellpy) - No such comm: 7bda915482e24cfab2f24dc6a7803e25
(cellpy) - No such comm: 7bda915482e24cfab2f24dc6a7803e25
(cellpy) - No such comm: 7bda915482e24cfab2f24dc6a7803e25
(cellpy) - No such comm: 7bda915482e24cfab2f24dc6a7803e25
(cellpy) - No such comm: 7bda915482e24cfab2f24dc6a7803e25
(cellpy) - No such comm: 7bda915482e24cfab2f24dc6a7803e25
(cellpy) - No such comm: 7bda915482e24cfab2f24dc6a7803e25
(cellpy) - No such comm: 7bda915482e24cfab2f24dc6a7803e25
(cellpy) - No such comm: 7bda915482e24cfab2f24dc6a7803e25
(cellpy) - No such comm: 7bda915482e24cfab2f24dc6a7803e25
(cellpy) - No such comm: 7bda915482e24cfab2f24dc6a7803e25
(cellpy) - No such comm: 7bda915482e24cfab2f24dc6a7803e25
(cellpy) - No such comm: 7bda915482e24cfab2f24dc6a7803e25
(cellpy) - No such comm: 7bda915482e24cfab2f24dc6a7803e25
(cellpy) - No such comm: 7bda915482e24cfab2f24dc6a7803e25
(cellpy) - No such comm: 7bda915482e24cfab2f24dc6a7803e25
(cellpy) - No such comm: 7bda915482e24cfab2f24dc6a7803e25
(cellpy) - No such comm: 7bda915482e24cfab2f24dc6a7803e25
(cellpy) - No such comm: 7bda915482e24cfab2f24dc6a7803e25
(cellpy) - No such comm: 7bda915482e24cfab2f24dc6a7803e25
(cellpy) - No such comm: 0f873d03e5b44f638a4edfc087636c5b
(cellpy) - No such comm: 0f873d03e5b44f638a4edfc087636c5b
(cellpy) - No such comm: 0f873d03e5b44f638a4edfc087636c5b
(cellpy) - No such comm: 0f873d03e5b44f638a4edfc087636c5b
(cellpy) - No such comm: 7bda915482e24cfab2f24dc6a7803e25
(cellpy) - No such comm: 0f873d03e5b44f638a4edfc087636c5b
(cellpy) - No such comm: 0f873d03e5b44f638a4edfc087636c5b
(cellpy) - No such comm: 0f873d03e5b44f638a4edfc087636c5b
(cellpy) - No such comm: 0f873d03e5b44f638a4edfc087636c5b
(cellpy) - No such comm: 0f873d03e5b44f638a4edfc087636c5b
(cellpy) - No such comm: 0f873d03e5b44f638a4edfc087636c5b
(cellpy) - No such comm: 0f873d03e5b44f638a4edfc087636c5b
(cellpy) - No such comm: 0f873d03e5b44f638a4edfc087636c5b
(cellpy) - No such comm: 0f873d03e5b44f638a4edfc087636c5b
(cellpy) - No such comm: 0f873d03e5b44f638a4edfc087636c5b
(cellpy) - No such comm: 0f873d03e5b44f638a4edfc087636c5b
(cellpy) - No such comm: 0f873d03e5b44f638a4edfc087636c5b
(cellpy) - No such comm: 0f873d03e5b44f638a4edfc087636c5b
(cellpy) - No such comm: 0b4ce0fc5000489ab19333371aa25d15
(cellpy) - No such comm: 0b4ce0fc5000489ab19333371aa25d15
(cellpy) - No such comm: 0b4ce0fc5000489ab19333371aa25d15
(cellpy) - No such comm: 0b4ce0fc5000489ab19333371aa25d15
(cellpy) - No such comm: 0b4ce0fc5000489ab19333371aa25d15
(cellpy) - No such comm: 0b4ce0fc5000489ab19333371aa25d15
(cellpy) - No such comm: 0b4ce0fc5000489ab19333371aa25d15
(cellpy) - No such comm: 0b4ce0fc5000489ab19333371aa25d15
(cellpy) - No such comm: 0b4ce0fc5000489ab19333371aa25d15
(cellpy) - No such comm: 0b4ce0fc5000489ab19333371aa25d15
(cellpy) - No such comm: 0b4ce0fc5000489ab19333371aa25d15
(cellpy) - No such comm: 0b4ce0fc5000489ab19333371aa25d15
(cellpy) - No such comm: 0b4ce0fc5000489ab19333371aa25d15
(cellpy) - No such comm: 0b4ce0fc5000489ab19333371aa25d15
(cellpy) - No such comm: 0b4ce0fc5000489ab19333371aa25d15
(cellpy) - No such comm: 0b4ce0fc5000489ab19333371aa25d15
(cellpy) - No such comm: 0b4ce0fc5000489ab19333371aa25d15
(cellpy) - No such comm: 0b4ce0fc5000489ab19333371aa25d15
(cellpy) - No such comm: 0b4ce0fc5000489ab19333371aa25d15
(cellpy) - No such comm: 0b4ce0fc5000489ab19333371aa25d15
(cellpy) - No such comm: 0b4ce0fc5000489ab19333371aa25d15
(cellpy) - No such comm: 0b4ce0fc5000489ab19333371aa25d15
(cellpy) - No such comm: 0b4ce0fc5000489ab19333371aa25d15
(cellpy) - No such comm: 372b39da4b3c41b4a6cb60c66f2c9fdd
(cellpy) - No such comm: 372b39da4b3c41b4a6cb60c66f2c9fdd
(cellpy) - No such comm: 372b39da4b3c41b4a6cb60c66f2c9fdd
(cellpy) - No such comm: 372b39da4b3c41b4a6cb60c66f2c9fdd
(cellpy) - No such comm: 372b39da4b3c41b4a6cb60c66f2c9fdd
(cellpy) - No such comm: 372b39da4b3c41b4a6cb60c66f2c9fdd
(cellpy) - No such comm: 372b39da4b3c41b4a6cb60c66f2c9fdd
(cellpy) - No such comm: 372b39da4b3c41b4a6cb60c66f2c9fdd
(cellpy) - No such comm: 372b39da4b3c41b4a6cb60c66f2c9fdd
(cellpy) - No such comm: 372b39da4b3c41b4a6cb60c66f2c9fdd
(cellpy) - No such comm: 372b39da4b3c41b4a6cb60c66f2c9fdd
(cellpy) - No such comm: 372b39da4b3c41b4a6cb60c66f2c9fdd
(cellpy) - No such comm: 372b39da4b3c41b4a6cb60c66f2c9fdd
(cellpy) - No such comm: 372b39da4b3c41b4a6cb60c66f2c9fdd
(cellpy) - No such comm: 372b39da4b3c41b4a6cb60c66f2c9fdd
(cellpy) - No such comm: 372b39da4b3c41b4a6cb60c66f2c9fdd
(cellpy) - No such comm: 372b39da4b3c41b4a6cb60c66f2c9fdd
(cellpy) - No such comm: 372b39da4b3c41b4a6cb60c66f2c9fdd
(cellpy) - No such comm: 372b39da4b3c41b4a6cb60c66f2c9fdd
(cellpy) - No such comm: 372b39da4b3c41b4a6cb60c66f2c9fdd
(cellpy) - No such comm: 372b39da4b3c41b4a6cb60c66f2c9fdd
(cellpy) - No such comm: 372b39da4b3c41b4a6cb60c66f2c9fdd
(cellpy) - No such comm: 372b39da4b3c41b4a6cb60c66f2c9fdd
(cellpy) - No such comm: 69680c30885e4226904c354ef31a024e
(cellpy) - No such comm: 69680c30885e4226904c354ef31a024e
(cellpy) - No such comm: 69680c30885e4226904c354ef31a024e
(cellpy) - No such comm: 69680c30885e4226904c354ef31a024e
(cellpy) - No such comm: 69680c30885e4226904c354ef31a024e
(cellpy) - No such comm: 69680c30885e4226904c354ef31a024e
(cellpy) - No such comm: 69680c30885e4226904c354ef31a024e
(cellpy) - No such comm: 69680c30885e4226904c354ef31a024e
(cellpy) - No such comm: 69680c30885e4226904c354ef31a024e
(cellpy) - No such comm: 69680c30885e4226904c354ef31a024e
(cellpy) - No such comm: 69680c30885e4226904c354ef31a024e
(cellpy) - No such comm: 69680c30885e4226904c354ef31a024e
(cellpy) - No such comm: 69680c30885e4226904c354ef31a024e
(cellpy) - No such comm: 69680c30885e4226904c354ef31a024e
(cellpy) - No such comm: 69680c30885e4226904c354ef31a024e
(cellpy) - No such comm: 69680c30885e4226904c354ef31a024e
(cellpy) - No such comm: 69680c30885e4226904c354ef31a024e
(cellpy) - No such comm: 69680c30885e4226904c354ef31a024e
(cellpy) - No such comm: 69680c30885e4226904c354ef31a024e
(cellpy) - No such comm: 69680c30885e4226904c354ef31a024e
(cellpy) - No such comm: 69680c30885e4226904c354ef31a024e
(cellpy) - No such comm: 69680c30885e4226904c354ef31a024e
(cellpy) - No such comm: f5e84705a6124f6fb8b5bc7c5fbf6a89
(cellpy) - No such comm: f5e84705a6124f6fb8b5bc7c5fbf6a89
(cellpy) - No such comm: f5e84705a6124f6fb8b5bc7c5fbf6a89
(cellpy) - No such comm: f5e84705a6124f6fb8b5bc7c5fbf6a89
(cellpy) - No such comm: f5e84705a6124f6fb8b5bc7c5fbf6a89
(cellpy) - No such comm: f5e84705a6124f6fb8b5bc7c5fbf6a89
(cellpy) - No such comm: f5e84705a6124f6fb8b5bc7c5fbf6a89
(cellpy) - No such comm: f5e84705a6124f6fb8b5bc7c5fbf6a89
(cellpy) - No such comm: f5e84705a6124f6fb8b5bc7c5fbf6a89
(cellpy) - No such comm: f5e84705a6124f6fb8b5bc7c5fbf6a89
(cellpy) - No such comm: 69680c30885e4226904c354ef31a024e
(cellpy) - No such comm: f5e84705a6124f6fb8b5bc7c5fbf6a89
(cellpy) - No such comm: f5e84705a6124f6fb8b5bc7c5fbf6a89
(cellpy) - No such comm: f5e84705a6124f6fb8b5bc7c5fbf6a89
(cellpy) - No such comm: f5e84705a6124f6fb8b5bc7c5fbf6a89
(cellpy) - No such comm: f5e84705a6124f6fb8b5bc7c5fbf6a89
(cellpy) - No such comm: f5e84705a6124f6fb8b5bc7c5fbf6a89
(cellpy) - No such comm: f5e84705a6124f6fb8b5bc7c5fbf6a89
(cellpy) - No such comm: f5e84705a6124f6fb8b5bc7c5fbf6a89
(cellpy) - No such comm: f5e84705a6124f6fb8b5bc7c5fbf6a89
(cellpy) - No such comm: f5e84705a6124f6fb8b5bc7c5fbf6a89
(cellpy) - No such comm: f5e84705a6124f6fb8b5bc7c5fbf6a89
(cellpy) - No such comm: f5e84705a6124f6fb8b5bc7c5fbf6a89
(cellpy) - No such comm: f5e84705a6124f6fb8b5bc7c5fbf6a89
(cellpy) - No such comm: 9c25085854b445929a77eb3c1a1396ff
(cellpy) - No such comm: 9c25085854b445929a77eb3c1a1396ff
(cellpy) - No such comm: 9c25085854b445929a77eb3c1a1396ff
(cellpy) - No such comm: 9c25085854b445929a77eb3c1a1396ff
(cellpy) - No such comm: 9c25085854b445929a77eb3c1a1396ff
(cellpy) - No such comm: 9c25085854b445929a77eb3c1a1396ff
(cellpy) - No such comm: 9c25085854b445929a77eb3c1a1396ff
(cellpy) - No such comm: 9c25085854b445929a77eb3c1a1396ff
(cellpy) - No such comm: 9c25085854b445929a77eb3c1a1396ff
(cellpy) - No such comm: 9c25085854b445929a77eb3c1a1396ff
(cellpy) - No such comm: 9c25085854b445929a77eb3c1a1396ff
(cellpy) - No such comm: 9c25085854b445929a77eb3c1a1396ff
(cellpy) - No such comm: 9c25085854b445929a77eb3c1a1396ff
(cellpy) - No such comm: 9c25085854b445929a77eb3c1a1396ff
(cellpy) - No such comm: 9c25085854b445929a77eb3c1a1396ff
(cellpy) - No such comm: 9c25085854b445929a77eb3c1a1396ff
(cellpy) - No such comm: 9c25085854b445929a77eb3c1a1396ff
(cellpy) - No such comm: 9c25085854b445929a77eb3c1a1396ff
(cellpy) - No such comm: 9c25085854b445929a77eb3c1a1396ff
(cellpy) - No such comm: 9c25085854b445929a77eb3c1a1396ff
(cellpy) - No such comm: 9c25085854b445929a77eb3c1a1396ff
(cellpy) - No such comm: 9c25085854b445929a77eb3c1a1396ff
(cellpy) - No such comm: 9c25085854b445929a77eb3c1a1396ff
(cellpy) - No such comm: 79ac1516364c47a79555a032b759f4b9
(cellpy) - No such comm: 79ac1516364c47a79555a032b759f4b9
(cellpy) - No such comm: 79ac1516364c47a79555a032b759f4b9
(cellpy) - No such comm: 79ac1516364c47a79555a032b759f4b9
(cellpy) - No such comm: 79ac1516364c47a79555a032b759f4b9
(cellpy) - No such comm: 79ac1516364c47a79555a032b759f4b9
(cellpy) - No such comm: 79ac1516364c47a79555a032b759f4b9
(cellpy) - No such comm: 79ac1516364c47a79555a032b759f4b9
(cellpy) - No such comm: 79ac1516364c47a79555a032b759f4b9
(cellpy) - No such comm: 79ac1516364c47a79555a032b759f4b9
(cellpy) - No such comm: 79ac1516364c47a79555a032b759f4b9
(cellpy) - No such comm: 79ac1516364c47a79555a032b759f4b9
(cellpy) - No such comm: 79ac1516364c47a79555a032b759f4b9
(cellpy) - No such comm: 79ac1516364c47a79555a032b759f4b9
(cellpy) - No such comm: 79ac1516364c47a79555a032b759f4b9
(cellpy) - No such comm: 79ac1516364c47a79555a032b759f4b9
(cellpy) - No such comm: 79ac1516364c47a79555a032b759f4b9
(cellpy) - No such comm: 79ac1516364c47a79555a032b759f4b9
(cellpy) - No such comm: 79ac1516364c47a79555a032b759f4b9
(cellpy) - No such comm: 79ac1516364c47a79555a032b759f4b9
(cellpy) - No such comm: 79ac1516364c47a79555a032b759f4b9
(cellpy) - No such comm: 79ac1516364c47a79555a032b759f4b9
(cellpy) - No such comm: f7267ad093174c4583ca5912cf2b2b49
(cellpy) - No such comm: f7267ad093174c4583ca5912cf2b2b49
(cellpy) - No such comm: f7267ad093174c4583ca5912cf2b2b49
(cellpy) - No such comm: f7267ad093174c4583ca5912cf2b2b49
(cellpy) - No such comm: f7267ad093174c4583ca5912cf2b2b49
(cellpy) - No such comm: f7267ad093174c4583ca5912cf2b2b49
(cellpy) - No such comm: f7267ad093174c4583ca5912cf2b2b49
(cellpy) - No such comm: f7267ad093174c4583ca5912cf2b2b49
(cellpy) - No such comm: f7267ad093174c4583ca5912cf2b2b49
(cellpy) - No such comm: 79ac1516364c47a79555a032b759f4b9
(cellpy) - No such comm: f7267ad093174c4583ca5912cf2b2b49
(cellpy) - No such comm: f7267ad093174c4583ca5912cf2b2b49
(cellpy) - No such comm: f7267ad093174c4583ca5912cf2b2b49
(cellpy) - No such comm: f7267ad093174c4583ca5912cf2b2b49
(cellpy) - No such comm: f7267ad093174c4583ca5912cf2b2b49
(cellpy) - No such comm: f7267ad093174c4583ca5912cf2b2b49
(cellpy) - No such comm: f7267ad093174c4583ca5912cf2b2b49
(cellpy) - No such comm: f7267ad093174c4583ca5912cf2b2b49
(cellpy) - No such comm: f7267ad093174c4583ca5912cf2b2b49
(cellpy) - No such comm: f7267ad093174c4583ca5912cf2b2b49
(cellpy) - No such comm: f7267ad093174c4583ca5912cf2b2b49
(cellpy) - No such comm: f7267ad093174c4583ca5912cf2b2b49
(cellpy) - No such comm: f7267ad093174c4583ca5912cf2b2b49
(cellpy) - No such comm: f7267ad093174c4583ca5912cf2b2b49
(cellpy) - No such comm: c335249cfa9c4fee8c1c91b4fd70ff62
(cellpy) - No such comm: c335249cfa9c4fee8c1c91b4fd70ff62
(cellpy) - No such comm: c335249cfa9c4fee8c1c91b4fd70ff62
(cellpy) - No such comm: c335249cfa9c4fee8c1c91b4fd70ff62
(cellpy) - No such comm: c335249cfa9c4fee8c1c91b4fd70ff62
(cellpy) - No such comm: c335249cfa9c4fee8c1c91b4fd70ff62
(cellpy) - No such comm: c335249cfa9c4fee8c1c91b4fd70ff62
(cellpy) - No such comm: c335249cfa9c4fee8c1c91b4fd70ff62
(cellpy) - No such comm: c335249cfa9c4fee8c1c91b4fd70ff62
(cellpy) - No such comm: c335249cfa9c4fee8c1c91b4fd70ff62
(cellpy) - No such comm: c335249cfa9c4fee8c1c91b4fd70ff62
(cellpy) - No such comm: c335249cfa9c4fee8c1c91b4fd70ff62
(cellpy) - No such comm: c335249cfa9c4fee8c1c91b4fd70ff62
(cellpy) - No such comm: c335249cfa9c4fee8c1c91b4fd70ff62
(cellpy) - No such comm: c335249cfa9c4fee8c1c91b4fd70ff62
(cellpy) - No such comm: c335249cfa9c4fee8c1c91b4fd70ff62
(cellpy) - No such comm: c335249cfa9c4fee8c1c91b4fd70ff62
(cellpy) - No such comm: c335249cfa9c4fee8c1c91b4fd70ff62
(cellpy) - No such comm: c335249cfa9c4fee8c1c91b4fd70ff62
(cellpy) - No such comm: c335249cfa9c4fee8c1c91b4fd70ff62
(cellpy) - No such comm: c335249cfa9c4fee8c1c91b4fd70ff62
(cellpy) - No such comm: c335249cfa9c4fee8c1c91b4fd70ff62
(cellpy) - No such comm: c335249cfa9c4fee8c1c91b4fd70ff62
(cellpy) - 
Could not set custom log-dir - non-existing directory
Dir: c:\Users\Vivian\Dropbox (University of Michigan)\from_box\Research\PyBaMM\PyBaMM\degradation_model\tuning_umbl2022feb\cellpy_data\logs
Using current directory instead: c:\Users\Vivian\Dropbox (University of Michigan)\from_box\Research\PyBaMM\PyBaMM\degradation_model\tuning_umbl2022feb
(cellpy) - Loading raw-file: ['Z:/PROJ_GMJULY2022/Cycler_Data_By_Cell/GMJuly2022_CELL901/GMJuly2022_CELL901REF_RPT_3_P25C_P5P0PSI_20230228_R1.res', 'Z:/PROJ_GMJULY2022/Cycler_Data_By_Cell/GMJuly2022_CELL901/GMJuly2022_CELL901REF_RATE_1_P25C_P5P0PSI_20230302_R1.res']
(cellpy) - Setting mass: 1
(cellpy) - Creating step table
(cellpy) - Creating summary data
(cellpy) - Using the following nominal capacity: 1.0
(cellpy) - Assuming cycling in anode half-data (discharge before charge) mode
(cellpy) - Created CellpyCell object
(cellpy) - No such comm: 11fb4b7c490e4352b81fb0fc2638a21b
(cellpy) - No such comm: 11fb4b7c490e4352b81fb0fc2638a21b
(cellpy) - No such comm: 11fb4b7c490e4352b81fb0fc2638a21b
(cellpy) - No such comm: 11fb4b7c490e4352b81fb0fc2638a21b
(cellpy) - No such comm: 11fb4b7c490e4352b81fb0fc2638a21b
(cellpy) - No such comm: 11fb4b7c490e4352b81fb0fc2638a21b
(cellpy) - No such comm: 11fb4b7c490e4352b81fb0fc2638a21b
(cellpy) - No such comm: 11fb4b7c490e4352b81fb0fc2638a21b
(cellpy) - No such comm: 11fb4b7c490e4352b81fb0fc2638a21b
(cellpy) - No such comm: 11fb4b7c490e4352b81fb0fc2638a21b
(cellpy) - No such comm: 11fb4b7c490e4352b81fb0fc2638a21b
(cellpy) - No such comm: 11fb4b7c490e4352b81fb0fc2638a21b
(cellpy) - No such comm: 11fb4b7c490e4352b81fb0fc2638a21b
(cellpy) - No such comm: 11fb4b7c490e4352b81fb0fc2638a21b
(cellpy) - No such comm: 11fb4b7c490e4352b81fb0fc2638a21b
(cellpy) - No such comm: 11fb4b7c490e4352b81fb0fc2638a21b
(cellpy) - No such comm: 11fb4b7c490e4352b81fb0fc2638a21b
(cellpy) - No such comm: 11fb4b7c490e4352b81fb0fc2638a21b
(cellpy) - No such comm: 11fb4b7c490e4352b81fb0fc2638a21b
(cellpy) - No such comm: 11fb4b7c490e4352b81fb0fc2638a21b
(cellpy) - No such comm: 11fb4b7c490e4352b81fb0fc2638a21b
(cellpy) - No such comm: 11fb4b7c490e4352b81fb0fc2638a21b
(cellpy) - No such comm: e576caa44bd440a39ad4fe7b9482430c
(cellpy) - No such comm: e576caa44bd440a39ad4fe7b9482430c
(cellpy) - No such comm: e576caa44bd440a39ad4fe7b9482430c
(cellpy) - No such comm: e576caa44bd440a39ad4fe7b9482430c
(cellpy) - No such comm: e576caa44bd440a39ad4fe7b9482430c
(cellpy) - No such comm: e576caa44bd440a39ad4fe7b9482430c
(cellpy) - No such comm: e576caa44bd440a39ad4fe7b9482430c
(cellpy) - No such comm: e576caa44bd440a39ad4fe7b9482430c
(cellpy) - No such comm: e576caa44bd440a39ad4fe7b9482430c
(cellpy) - No such comm: e576caa44bd440a39ad4fe7b9482430c
(cellpy) - No such comm: 11fb4b7c490e4352b81fb0fc2638a21b
(cellpy) - No such comm: e576caa44bd440a39ad4fe7b9482430c
(cellpy) - No such comm: e576caa44bd440a39ad4fe7b9482430c
(cellpy) - No such comm: e576caa44bd440a39ad4fe7b9482430c
(cellpy) - No such comm: e576caa44bd440a39ad4fe7b9482430c
(cellpy) - No such comm: e576caa44bd440a39ad4fe7b9482430c
(cellpy) - No such comm: e576caa44bd440a39ad4fe7b9482430c
(cellpy) - No such comm: e576caa44bd440a39ad4fe7b9482430c
(cellpy) - No such comm: e576caa44bd440a39ad4fe7b9482430c
(cellpy) - No such comm: e576caa44bd440a39ad4fe7b9482430c
(cellpy) - No such comm: e576caa44bd440a39ad4fe7b9482430c
(cellpy) - No such comm: e576caa44bd440a39ad4fe7b9482430c
(cellpy) - No such comm: e576caa44bd440a39ad4fe7b9482430c
(cellpy) - No such comm: e576caa44bd440a39ad4fe7b9482430c
(cellpy) - No such comm: a99221d9892c4b4f92f8c1cb0107bdb2
(cellpy) - No such comm: a99221d9892c4b4f92f8c1cb0107bdb2
(cellpy) - No such comm: a99221d9892c4b4f92f8c1cb0107bdb2
(cellpy) - No such comm: a99221d9892c4b4f92f8c1cb0107bdb2
(cellpy) - No such comm: a99221d9892c4b4f92f8c1cb0107bdb2
(cellpy) - No such comm: a99221d9892c4b4f92f8c1cb0107bdb2
(cellpy) - No such comm: a99221d9892c4b4f92f8c1cb0107bdb2
(cellpy) - No such comm: a99221d9892c4b4f92f8c1cb0107bdb2
(cellpy) - No such comm: a99221d9892c4b4f92f8c1cb0107bdb2
(cellpy) - No such comm: a99221d9892c4b4f92f8c1cb0107bdb2
(cellpy) - No such comm: a99221d9892c4b4f92f8c1cb0107bdb2
(cellpy) - No such comm: a99221d9892c4b4f92f8c1cb0107bdb2
(cellpy) - No such comm: a99221d9892c4b4f92f8c1cb0107bdb2
(cellpy) - No such comm: a99221d9892c4b4f92f8c1cb0107bdb2
(cellpy) - No such comm: a99221d9892c4b4f92f8c1cb0107bdb2
(cellpy) - No such comm: a99221d9892c4b4f92f8c1cb0107bdb2
(cellpy) - No such comm: a99221d9892c4b4f92f8c1cb0107bdb2
(cellpy) - No such comm: a99221d9892c4b4f92f8c1cb0107bdb2
(cellpy) - No such comm: a99221d9892c4b4f92f8c1cb0107bdb2
(cellpy) - No such comm: a99221d9892c4b4f92f8c1cb0107bdb2
(cellpy) - No such comm: a99221d9892c4b4f92f8c1cb0107bdb2
(cellpy) - No such comm: a99221d9892c4b4f92f8c1cb0107bdb2
(cellpy) - No such comm: a99221d9892c4b4f92f8c1cb0107bdb2
(cellpy) - No such comm: 5976337063974709b553904b1f13eb46
(cellpy) - No such comm: 5976337063974709b553904b1f13eb46
(cellpy) - No such comm: 5976337063974709b553904b1f13eb46
(cellpy) - No such comm: 5976337063974709b553904b1f13eb46
(cellpy) - No such comm: 5976337063974709b553904b1f13eb46
(cellpy) - No such comm: 5976337063974709b553904b1f13eb46
(cellpy) - No such comm: 5976337063974709b553904b1f13eb46
(cellpy) - No such comm: 5976337063974709b553904b1f13eb46
(cellpy) - No such comm: 5976337063974709b553904b1f13eb46
(cellpy) - No such comm: 5976337063974709b553904b1f13eb46
(cellpy) - No such comm: 5976337063974709b553904b1f13eb46
(cellpy) - No such comm: 5976337063974709b553904b1f13eb46
(cellpy) - No such comm: 5976337063974709b553904b1f13eb46
(cellpy) - No such comm: 5976337063974709b553904b1f13eb46
(cellpy) - No such comm: 5976337063974709b553904b1f13eb46
(cellpy) - No such comm: 5976337063974709b553904b1f13eb46
(cellpy) - No such comm: 5976337063974709b553904b1f13eb46
(cellpy) - No such comm: 5976337063974709b553904b1f13eb46
(cellpy) - No such comm: 5976337063974709b553904b1f13eb46
(cellpy) - No such comm: 5976337063974709b553904b1f13eb46
(cellpy) - No such comm: 5976337063974709b553904b1f13eb46
(cellpy) - No such comm: 5976337063974709b553904b1f13eb46
(cellpy) - No such comm: 5976337063974709b553904b1f13eb46
(cellpy) - No such comm: fab38b3ad6654bf5bfdb28085d166236
(cellpy) - No such comm: fab38b3ad6654bf5bfdb28085d166236
(cellpy) - No such comm: fab38b3ad6654bf5bfdb28085d166236
(cellpy) - No such comm: fab38b3ad6654bf5bfdb28085d166236
(cellpy) - No such comm: fab38b3ad6654bf5bfdb28085d166236
(cellpy) - No such comm: fab38b3ad6654bf5bfdb28085d166236
(cellpy) - No such comm: fab38b3ad6654bf5bfdb28085d166236
(cellpy) - No such comm: fab38b3ad6654bf5bfdb28085d166236
(cellpy) - No such comm: fab38b3ad6654bf5bfdb28085d166236
(cellpy) - No such comm: fab38b3ad6654bf5bfdb28085d166236
(cellpy) - No such comm: fab38b3ad6654bf5bfdb28085d166236
(cellpy) - No such comm: fab38b3ad6654bf5bfdb28085d166236
(cellpy) - No such comm: fab38b3ad6654bf5bfdb28085d166236
(cellpy) - No such comm: fab38b3ad6654bf5bfdb28085d166236
(cellpy) - No such comm: fab38b3ad6654bf5bfdb28085d166236
(cellpy) - No such comm: fab38b3ad6654bf5bfdb28085d166236
(cellpy) - No such comm: fab38b3ad6654bf5bfdb28085d166236
(cellpy) - No such comm: fab38b3ad6654bf5bfdb28085d166236
(cellpy) - No such comm: fab38b3ad6654bf5bfdb28085d166236
(cellpy) - No such comm: fab38b3ad6654bf5bfdb28085d166236
(cellpy) - No such comm: fab38b3ad6654bf5bfdb28085d166236
(cellpy) - No such comm: fab38b3ad6654bf5bfdb28085d166236
(cellpy) - No such comm: fab38b3ad6654bf5bfdb28085d166236
(cellpy) - No such comm: 2b10020da5194ff29154e10182abb3f0
(cellpy) - No such comm: 2b10020da5194ff29154e10182abb3f0
(cellpy) - No such comm: 2b10020da5194ff29154e10182abb3f0
(cellpy) - No such comm: 2b10020da5194ff29154e10182abb3f0
(cellpy) - No such comm: 2b10020da5194ff29154e10182abb3f0
(cellpy) - No such comm: 2b10020da5194ff29154e10182abb3f0
(cellpy) - No such comm: 2b10020da5194ff29154e10182abb3f0
(cellpy) - No such comm: 2b10020da5194ff29154e10182abb3f0
(cellpy) - No such comm: 2b10020da5194ff29154e10182abb3f0
(cellpy) - No such comm: 2b10020da5194ff29154e10182abb3f0
(cellpy) - No such comm: 2b10020da5194ff29154e10182abb3f0
(cellpy) - No such comm: 2b10020da5194ff29154e10182abb3f0
(cellpy) - No such comm: 2b10020da5194ff29154e10182abb3f0
(cellpy) - No such comm: 2b10020da5194ff29154e10182abb3f0
(cellpy) - No such comm: 2b10020da5194ff29154e10182abb3f0
(cellpy) - No such comm: 2b10020da5194ff29154e10182abb3f0
(cellpy) - No such comm: 2b10020da5194ff29154e10182abb3f0
(cellpy) - No such comm: 2b10020da5194ff29154e10182abb3f0
(cellpy) - No such comm: 2b10020da5194ff29154e10182abb3f0
(cellpy) - No such comm: 2b10020da5194ff29154e10182abb3f0
(cellpy) - No such comm: 2b10020da5194ff29154e10182abb3f0
(cellpy) - No such comm: 2b10020da5194ff29154e10182abb3f0
(cellpy) - No such comm: 2b10020da5194ff29154e10182abb3f0
(cellpy) - No such comm: ca06a412a3704dec8f202933581fb682
(cellpy) - No such comm: ca06a412a3704dec8f202933581fb682
(cellpy) - No such comm: ca06a412a3704dec8f202933581fb682
(cellpy) - No such comm: ca06a412a3704dec8f202933581fb682
(cellpy) - No such comm: ca06a412a3704dec8f202933581fb682
(cellpy) - No such comm: ca06a412a3704dec8f202933581fb682
(cellpy) - No such comm: ca06a412a3704dec8f202933581fb682
(cellpy) - No such comm: ca06a412a3704dec8f202933581fb682
(cellpy) - No such comm: ca06a412a3704dec8f202933581fb682
(cellpy) - No such comm: ca06a412a3704dec8f202933581fb682
(cellpy) - No such comm: ca06a412a3704dec8f202933581fb682
(cellpy) - No such comm: ca06a412a3704dec8f202933581fb682
(cellpy) - No such comm: ca06a412a3704dec8f202933581fb682
(cellpy) - No such comm: ca06a412a3704dec8f202933581fb682
(cellpy) - No such comm: ca06a412a3704dec8f202933581fb682
(cellpy) - No such comm: ca06a412a3704dec8f202933581fb682
(cellpy) - No such comm: ca06a412a3704dec8f202933581fb682
(cellpy) - No such comm: ca06a412a3704dec8f202933581fb682
(cellpy) - No such comm: ca06a412a3704dec8f202933581fb682
(cellpy) - No such comm: ca06a412a3704dec8f202933581fb682
(cellpy) - No such comm: ca06a412a3704dec8f202933581fb682
(cellpy) - No such comm: ca06a412a3704dec8f202933581fb682
(cellpy) - No such comm: ca06a412a3704dec8f202933581fb682
(cellpy) - No such comm: 2690f856377a4db3bc673679f4d32586
(cellpy) - No such comm: 2690f856377a4db3bc673679f4d32586
(cellpy) - No such comm: 2690f856377a4db3bc673679f4d32586
(cellpy) - No such comm: 2690f856377a4db3bc673679f4d32586
(cellpy) - No such comm: 2690f856377a4db3bc673679f4d32586
(cellpy) - No such comm: 2690f856377a4db3bc673679f4d32586
(cellpy) - No such comm: 2690f856377a4db3bc673679f4d32586
(cellpy) - No such comm: 2690f856377a4db3bc673679f4d32586
(cellpy) - No such comm: 2690f856377a4db3bc673679f4d32586
(cellpy) - No such comm: 2690f856377a4db3bc673679f4d32586
(cellpy) - No such comm: 2690f856377a4db3bc673679f4d32586
(cellpy) - No such comm: 2690f856377a4db3bc673679f4d32586
(cellpy) - No such comm: 2690f856377a4db3bc673679f4d32586
(cellpy) - No such comm: 2690f856377a4db3bc673679f4d32586
(cellpy) - No such comm: 2690f856377a4db3bc673679f4d32586
(cellpy) - No such comm: 2690f856377a4db3bc673679f4d32586
(cellpy) - No such comm: 2690f856377a4db3bc673679f4d32586
(cellpy) - No such comm: 2690f856377a4db3bc673679f4d32586
(cellpy) - No such comm: 2690f856377a4db3bc673679f4d32586
(cellpy) - No such comm: 2690f856377a4db3bc673679f4d32586
(cellpy) - No such comm: 2690f856377a4db3bc673679f4d32586
(cellpy) - No such comm: 2690f856377a4db3bc673679f4d32586
(cellpy) - No such comm: 2690f856377a4db3bc673679f4d32586
(cellpy) - No such comm: c00d6055e0e942efa8982247d3d90037
(cellpy) - No such comm: c00d6055e0e942efa8982247d3d90037
(cellpy) - No such comm: c00d6055e0e942efa8982247d3d90037
(cellpy) - No such comm: c00d6055e0e942efa8982247d3d90037
(cellpy) - No such comm: c00d6055e0e942efa8982247d3d90037
(cellpy) - No such comm: c00d6055e0e942efa8982247d3d90037
(cellpy) - No such comm: c00d6055e0e942efa8982247d3d90037
(cellpy) - No such comm: c00d6055e0e942efa8982247d3d90037
(cellpy) - No such comm: c00d6055e0e942efa8982247d3d90037
(cellpy) - No such comm: c00d6055e0e942efa8982247d3d90037
(cellpy) - No such comm: c00d6055e0e942efa8982247d3d90037
(cellpy) - No such comm: c00d6055e0e942efa8982247d3d90037
(cellpy) - No such comm: c00d6055e0e942efa8982247d3d90037
(cellpy) - No such comm: c00d6055e0e942efa8982247d3d90037
(cellpy) - No such comm: c00d6055e0e942efa8982247d3d90037
(cellpy) - No such comm: c00d6055e0e942efa8982247d3d90037
(cellpy) - No such comm: c00d6055e0e942efa8982247d3d90037
(cellpy) - No such comm: c00d6055e0e942efa8982247d3d90037
(cellpy) - No such comm: c00d6055e0e942efa8982247d3d90037
(cellpy) - No such comm: c00d6055e0e942efa8982247d3d90037
(cellpy) - No such comm: c00d6055e0e942efa8982247d3d90037
(cellpy) - No such comm: c00d6055e0e942efa8982247d3d90037
(cellpy) - No such comm: 64741110b8da4ea0ae730fa446c17a1c
(cellpy) - No such comm: 64741110b8da4ea0ae730fa446c17a1c
(cellpy) - No such comm: 64741110b8da4ea0ae730fa446c17a1c
(cellpy) - No such comm: 64741110b8da4ea0ae730fa446c17a1c
(cellpy) - No such comm: 64741110b8da4ea0ae730fa446c17a1c
(cellpy) - No such comm: 64741110b8da4ea0ae730fa446c17a1c
(cellpy) - No such comm: 64741110b8da4ea0ae730fa446c17a1c
(cellpy) - No such comm: 64741110b8da4ea0ae730fa446c17a1c
(cellpy) - No such comm: 64741110b8da4ea0ae730fa446c17a1c
(cellpy) - No such comm: 64741110b8da4ea0ae730fa446c17a1c
(cellpy) - No such comm: c00d6055e0e942efa8982247d3d90037
(cellpy) - No such comm: 64741110b8da4ea0ae730fa446c17a1c
(cellpy) - No such comm: 64741110b8da4ea0ae730fa446c17a1c
(cellpy) - No such comm: 64741110b8da4ea0ae730fa446c17a1c
(cellpy) - No such comm: 64741110b8da4ea0ae730fa446c17a1c
(cellpy) - No such comm: 64741110b8da4ea0ae730fa446c17a1c
(cellpy) - No such comm: 64741110b8da4ea0ae730fa446c17a1c
(cellpy) - No such comm: 64741110b8da4ea0ae730fa446c17a1c
(cellpy) - No such comm: 64741110b8da4ea0ae730fa446c17a1c
(cellpy) - No such comm: 64741110b8da4ea0ae730fa446c17a1c
(cellpy) - No such comm: 64741110b8da4ea0ae730fa446c17a1c
(cellpy) - No such comm: 64741110b8da4ea0ae730fa446c17a1c
(cellpy) - No such comm: 64741110b8da4ea0ae730fa446c17a1c
(cellpy) - No such comm: 64741110b8da4ea0ae730fa446c17a1c
(cellpy) - No such comm: 0a3bfb0a92c049adbed1c9293abf2dbe
(cellpy) - No such comm: 0a3bfb0a92c049adbed1c9293abf2dbe
(cellpy) - No such comm: 0a3bfb0a92c049adbed1c9293abf2dbe
(cellpy) - No such comm: 0a3bfb0a92c049adbed1c9293abf2dbe
(cellpy) - No such comm: 0a3bfb0a92c049adbed1c9293abf2dbe
(cellpy) - No such comm: 0a3bfb0a92c049adbed1c9293abf2dbe
(cellpy) - No such comm: 0a3bfb0a92c049adbed1c9293abf2dbe
(cellpy) - No such comm: 0a3bfb0a92c049adbed1c9293abf2dbe
(cellpy) - No such comm: 0a3bfb0a92c049adbed1c9293abf2dbe
(cellpy) - No such comm: 0a3bfb0a92c049adbed1c9293abf2dbe
(cellpy) - No such comm: 0a3bfb0a92c049adbed1c9293abf2dbe
(cellpy) - No such comm: 0a3bfb0a92c049adbed1c9293abf2dbe
(cellpy) - No such comm: 0a3bfb0a92c049adbed1c9293abf2dbe
(cellpy) - No such comm: 0a3bfb0a92c049adbed1c9293abf2dbe
(cellpy) - No such comm: 0a3bfb0a92c049adbed1c9293abf2dbe
(cellpy) - No such comm: 0a3bfb0a92c049adbed1c9293abf2dbe
(cellpy) - No such comm: 0a3bfb0a92c049adbed1c9293abf2dbe
(cellpy) - No such comm: 0a3bfb0a92c049adbed1c9293abf2dbe
(cellpy) - No such comm: 0a3bfb0a92c049adbed1c9293abf2dbe
(cellpy) - No such comm: 0a3bfb0a92c049adbed1c9293abf2dbe
(cellpy) - No such comm: 0a3bfb0a92c049adbed1c9293abf2dbe
(cellpy) - No such comm: 0a3bfb0a92c049adbed1c9293abf2dbe
(cellpy) - No such comm: 0a3bfb0a92c049adbed1c9293abf2dbe
(cellpy) - Loading raw-file: ['Z:/PROJ_GMJULY2022/Cycler_Data_By_Cell/GMJuly2022_CELL901/GMJuly2022_CELL901REF_RPT_3_P25C_P5P0PSI_20230228_R1.res', 'Z:/PROJ_GMJULY2022/Cycler_Data_By_Cell/GMJuly2022_CELL901/GMJuly2022_CELL901REF_RATE_1_P25C_P5P0PSI_20230302_R1.res']
(cellpy) - Setting mass: 1
(cellpy) - Creating step table
(cellpy) - Creating summary data
(cellpy) - Using the following nominal capacity: 1.0
(cellpy) - Assuming cycling in anode half-data (discharge before charge) mode
(cellpy) - Created CellpyCell object
(cellpy) - 
Could not set custom log-dir - non-existing directory
Dir: c:\Users\Vivian\Dropbox (University of Michigan)\from_box\Research\PyBaMM\PyBaMM\degradation_model\tuning_umbl2022feb\cellpy_data\logs
Using current directory instead: c:\Users\Vivian\Dropbox (University of Michigan)\from_box\Research\PyBaMM\PyBaMM\degradation_model\tuning_umbl2022feb
(cellpy) - Loading raw-file: ['Z:/PROJ_GMJULY2022/Cycler_Data_By_Cell/GMJuly2022_CELL901/GMJuly2022_CELL901REF_RPT_3_P25C_P5P0PSI_20230228_R1.res', 'Z:/PROJ_GMJULY2022/Cycler_Data_By_Cell/GMJuly2022_CELL901/GMJuly2022_CELL901REF_RATE_1_P25C_P5P0PSI_20230302_R1.res']
(cellpy) - Setting mass: 1
(cellpy) - Creating step table
(cellpy) - Creating summary data
(cellpy) - Using the following nominal capacity: 1.0
(cellpy) - Assuming cycling in anode half-data (discharge before charge) mode
(cellpy) - Created CellpyCell object
(cellpy) - Loading raw-file: ['Z:/PROJ_GMJULY2022/Cycler_Data_By_Cell/GMJuly2022_CELL901/GMJuly2022_CELL901REF_RPT_3_P25C_P5P0PSI_20230228_R1.res', 'Z:/PROJ_GMJULY2022/Cycler_Data_By_Cell/GMJuly2022_CELL901/GMJuly2022_CELL901REF_RATE_1_P25C_P5P0PSI_20230302_R1.res']
(cellpy) - Setting mass: 1
(cellpy) - Creating step table
(cellpy) - Creating summary data
(cellpy) - Using the following nominal capacity: 1.0
(cellpy) - Assuming cycling in anode half-data (discharge before charge) mode
(cellpy) - Created CellpyCell object
(cellpy) - Loading raw-file: ['Z:/PROJ_GMJULY2022/Cycler_Data_By_Cell/GMJuly2022_CELL901/GMJuly2022_CELL901REF_RPT_3_P25C_P5P0PSI_20230228_R1.res', 'Z:/PROJ_GMJULY2022/Cycler_Data_By_Cell/GMJuly2022_CELL901/GMJuly2022_CELL901REF_RATE_1_P25C_P5P0PSI_20230302_R1.res']
(cellpy) - Setting mass: 1
(cellpy) - Creating step table
(cellpy) - Creating summary data
(cellpy) - Using the following nominal capacity: 1.0
(cellpy) - Assuming cycling in anode half-data (discharge before charge) mode
(cellpy) - Created CellpyCell object
(cellpy) - Loading raw-file: ['Z:/PROJ_GMJULY2022/Cycler_Data_By_Cell/GMJuly2022_CELL901/GMJuly2022_CELL901REF_RPT_3_P25C_P5P0PSI_20230228_R1.res', 'Z:/PROJ_GMJULY2022/Cycler_Data_By_Cell/GMJuly2022_CELL901/GMJuly2022_CELL901REF_RATE_1_P25C_P5P0PSI_20230302_R1.res']
(cellpy) - Setting mass: 1
(cellpy) - Creating step table
(cellpy) - Creating summary data
(cellpy) - Using the following nominal capacity: 1.0
(cellpy) - Assuming cycling in anode half-data (discharge before charge) mode
(cellpy) - Created CellpyCell object
(cellpy) - 
Could not set custom log-dir - non-existing directory
Dir: c:\Users\Vivian\Dropbox (University of Michigan)\from_box\Research\PyBaMM\PyBaMM\degradation_model\tuning_umbl2022feb\cellpy_data\logs
Using current directory instead: c:\Users\Vivian\Dropbox (University of Michigan)\from_box\Research\PyBaMM\PyBaMM\degradation_model\tuning_umbl2022feb
(cellpy) - Loading raw-file: ['Z:/PROJ_GMJULY2022/Cycler_Data_By_Cell/GMJuly2022_CELL901/GMJuly2022_CELL901REF_RPT_3_P25C_P5P0PSI_20230228_R1.res', 'Z:/PROJ_GMJULY2022/Cycler_Data_By_Cell/GMJuly2022_CELL901/GMJuly2022_CELL901REF_RATE_1_P25C_P5P0PSI_20230302_R1.res']
(cellpy) - Setting mass: 1
(cellpy) - Creating step table
(cellpy) - Creating summary data
(cellpy) - Using the following nominal capacity: 1.0
(cellpy) - Assuming cycling in anode half-data (discharge before charge) mode
(cellpy) - Created CellpyCell object
(cellpy) - Loading raw-file: ['Z:/PROJ_GMJULY2022/Cycler_Data_By_Cell/GMJuly2022_CELL901/GMJuly2022_CELL901REF_RPT_3_P25C_P5P0PSI_20230228_R1.res', 'Z:/PROJ_GMJULY2022/Cycler_Data_By_Cell/GMJuly2022_CELL901/GMJuly2022_CELL901REF_RATE_1_P25C_P5P0PSI_20230302_R1.res']
(cellpy) - Setting mass: 1
(cellpy) - Creating step table
(cellpy) - Creating summary data
(cellpy) - Using the following nominal capacity: 1.0
(cellpy) - Assuming cycling in anode half-data (discharge before charge) mode
(cellpy) - Created CellpyCell object
(cellpy) - Loading raw-file: ['Z:/PROJ_GMJULY2022/Cycler_Data_By_Cell/GMJuly2022_CELL901/GMJuly2022_CELL901REF_RPT_3_P25C_P5P0PSI_20230228_R1.res', 'Z:/PROJ_GMJULY2022/Cycler_Data_By_Cell/GMJuly2022_CELL901/GMJuly2022_CELL901REF_RATE_1_P25C_P5P0PSI_20230302_R1.res']
(cellpy) - Setting mass: 1
(cellpy) - Creating step table
(cellpy) - Creating summary data
(cellpy) - Using the following nominal capacity: 1.0
(cellpy) - Assuming cycling in anode half-data (discharge before charge) mode
(cellpy) - Created CellpyCell object
(cellpy) - Loading raw-file: ['Z:/PROJ_GMJULY2022/Cycler_Data_By_Cell/GMJuly2022_CELL901/GMJuly2022_CELL901REF_RPT_3_P25C_P5P0PSI_20230228_R1.res', 'Z:/PROJ_GMJULY2022/Cycler_Data_By_Cell/GMJuly2022_CELL901/GMJuly2022_CELL901REF_RATE_1_P25C_P5P0PSI_20230302_R1.res']
(cellpy) - Setting mass: 1
(cellpy) - Creating step table
(cellpy) - Creating summary data
(cellpy) - Using the following nominal capacity: 1.0
(cellpy) - Assuming cycling in anode half-data (discharge before charge) mode
(cellpy) - Created CellpyCell object
(cellpy) - No such comm: f3d1cb986c6343e58827e80d0c12491c
(cellpy) - No such comm: f3d1cb986c6343e58827e80d0c12491c
(cellpy) - No such comm: f3d1cb986c6343e58827e80d0c12491c
(cellpy) - No such comm: f3d1cb986c6343e58827e80d0c12491c
(cellpy) - No such comm: f3d1cb986c6343e58827e80d0c12491c
(cellpy) - No such comm: f3d1cb986c6343e58827e80d0c12491c
(cellpy) - No such comm: c3c05a1239794064848eb5c85ce76864
(cellpy) - No such comm: c3c05a1239794064848eb5c85ce76864
(cellpy) - No such comm: c3c05a1239794064848eb5c85ce76864
(cellpy) - No such comm: c3c05a1239794064848eb5c85ce76864
(cellpy) - No such comm: f3d1cb986c6343e58827e80d0c12491c
(cellpy) - No such comm: c3c05a1239794064848eb5c85ce76864
(cellpy) - No such comm: c3c05a1239794064848eb5c85ce76864
(cellpy) - No such comm: c3c05a1239794064848eb5c85ce76864
(cellpy) - Loading raw-file: ['Z:/PROJ_GMJULY2022/Cycler_Data_By_Cell/GMJuly2022_CELL901/GMJuly2022_CELL901REF_RPT_3_P25C_P5P0PSI_20230228_R1.res', 'Z:/PROJ_GMJULY2022/Cycler_Data_By_Cell/GMJuly2022_CELL901/GMJuly2022_CELL901REF_RATE_1_P25C_P5P0PSI_20230302_R1.res']
(cellpy) - Setting mass: 1
(cellpy) - Creating step table
(cellpy) - Creating summary data
(cellpy) - Using the following nominal capacity: 1.0
(cellpy) - Assuming cycling in anode half-data (discharge before charge) mode
(cellpy) - Created CellpyCell object
(cellpy) - No such comm: d5c9560bd977454c91c89dbbf4c10aae
(cellpy) - No such comm: d5c9560bd977454c91c89dbbf4c10aae
(cellpy) - No such comm: d5c9560bd977454c91c89dbbf4c10aae
(cellpy) - No such comm: d5c9560bd977454c91c89dbbf4c10aae
(cellpy) - No such comm: d5c9560bd977454c91c89dbbf4c10aae
(cellpy) - No such comm: d5c9560bd977454c91c89dbbf4c10aae
(cellpy) - No such comm: 81f32506493641178a44b5cb2492ebe9
(cellpy) - No such comm: 81f32506493641178a44b5cb2492ebe9
(cellpy) - No such comm: 81f32506493641178a44b5cb2492ebe9
(cellpy) - No such comm: 81f32506493641178a44b5cb2492ebe9
(cellpy) - No such comm: d5c9560bd977454c91c89dbbf4c10aae
(cellpy) - No such comm: 81f32506493641178a44b5cb2492ebe9
(cellpy) - No such comm: 81f32506493641178a44b5cb2492ebe9
(cellpy) - No such comm: 81f32506493641178a44b5cb2492ebe9
(cellpy) - Loading raw-file: ['Z:/PROJ_GMJULY2022/Cycler_Data_By_Cell/GMJuly2022_CELL901/GMJuly2022_CELL901REF_RPT_3_P25C_P5P0PSI_20230228_R1.res', 'Z:/PROJ_GMJULY2022/Cycler_Data_By_Cell/GMJuly2022_CELL901/GMJuly2022_CELL901REF_RATE_1_P25C_P5P0PSI_20230302_R1.res']
(cellpy) - Setting mass: 1
(cellpy) - Creating step table
(cellpy) - Creating summary data
(cellpy) - Using the following nominal capacity: 1.0
(cellpy) - Assuming cycling in anode half-data (discharge before charge) mode
(cellpy) - Created CellpyCell object
(cellpy) - No such comm: 7f23cdc800fb4c6d9d75a643854c3d05
(cellpy) - No such comm: 7f23cdc800fb4c6d9d75a643854c3d05
(cellpy) - No such comm: 7f23cdc800fb4c6d9d75a643854c3d05
(cellpy) - No such comm: 7f23cdc800fb4c6d9d75a643854c3d05
(cellpy) - No such comm: 7f23cdc800fb4c6d9d75a643854c3d05
(cellpy) - No such comm: 7f23cdc800fb4c6d9d75a643854c3d05
(cellpy) - No such comm: 0eac702cd51f4266a5fe492c7d468dec
(cellpy) - No such comm: 0eac702cd51f4266a5fe492c7d468dec
(cellpy) - No such comm: 0eac702cd51f4266a5fe492c7d468dec
(cellpy) - No such comm: 0eac702cd51f4266a5fe492c7d468dec
(cellpy) - No such comm: 7f23cdc800fb4c6d9d75a643854c3d05
(cellpy) - No such comm: 0eac702cd51f4266a5fe492c7d468dec
(cellpy) - No such comm: 0eac702cd51f4266a5fe492c7d468dec
(cellpy) - No such comm: 0eac702cd51f4266a5fe492c7d468dec
(cellpy) - No such comm: b44c0a8d3ea24a76bf4f49271f942f1d
(cellpy) - No such comm: b44c0a8d3ea24a76bf4f49271f942f1d
(cellpy) - No such comm: b44c0a8d3ea24a76bf4f49271f942f1d
(cellpy) - No such comm: b44c0a8d3ea24a76bf4f49271f942f1d
(cellpy) - No such comm: b44c0a8d3ea24a76bf4f49271f942f1d
(cellpy) - No such comm: b44c0a8d3ea24a76bf4f49271f942f1d
(cellpy) - No such comm: b44c0a8d3ea24a76bf4f49271f942f1d
(cellpy) - No such comm: daca78326d50450998139fae1279bf89
(cellpy) - No such comm: daca78326d50450998139fae1279bf89
(cellpy) - No such comm: daca78326d50450998139fae1279bf89
(cellpy) - No such comm: daca78326d50450998139fae1279bf89
(cellpy) - No such comm: daca78326d50450998139fae1279bf89
(cellpy) - No such comm: daca78326d50450998139fae1279bf89
(cellpy) - No such comm: daca78326d50450998139fae1279bf89
(cellpy) - No such comm: 1e6d0ef36fa64bde9dee1a35c652da26
(cellpy) - No such comm: 1e6d0ef36fa64bde9dee1a35c652da26
(cellpy) - No such comm: 1e6d0ef36fa64bde9dee1a35c652da26
(cellpy) - No such comm: 1e6d0ef36fa64bde9dee1a35c652da26
(cellpy) - No such comm: 1e6d0ef36fa64bde9dee1a35c652da26
(cellpy) - No such comm: 1e6d0ef36fa64bde9dee1a35c652da26
(cellpy) - No such comm: 1e6d0ef36fa64bde9dee1a35c652da26
(cellpy) - No such comm: ab8a60aed5f74eaab64020579df73754
(cellpy) - No such comm: ab8a60aed5f74eaab64020579df73754
(cellpy) - No such comm: ab8a60aed5f74eaab64020579df73754
(cellpy) - No such comm: ab8a60aed5f74eaab64020579df73754
(cellpy) - No such comm: ab8a60aed5f74eaab64020579df73754
(cellpy) - No such comm: ab8a60aed5f74eaab64020579df73754
(cellpy) - No such comm: ab8a60aed5f74eaab64020579df73754
(cellpy) - No such comm: 3aa859b294ee4b77a5c06bf484abef64
(cellpy) - No such comm: 3aa859b294ee4b77a5c06bf484abef64
(cellpy) - No such comm: 3aa859b294ee4b77a5c06bf484abef64
(cellpy) - No such comm: 3aa859b294ee4b77a5c06bf484abef64
(cellpy) - No such comm: 3aa859b294ee4b77a5c06bf484abef64
(cellpy) - No such comm: 3aa859b294ee4b77a5c06bf484abef64
(cellpy) - No such comm: 3aa859b294ee4b77a5c06bf484abef64
(cellpy) - No such comm: 59c749cad36847e5ac23923b515c5306
(cellpy) - No such comm: 59c749cad36847e5ac23923b515c5306
(cellpy) - No such comm: 59c749cad36847e5ac23923b515c5306
(cellpy) - No such comm: 59c749cad36847e5ac23923b515c5306
(cellpy) - No such comm: 59c749cad36847e5ac23923b515c5306
(cellpy) - No such comm: 59c749cad36847e5ac23923b515c5306
(cellpy) - No such comm: 59c749cad36847e5ac23923b515c5306
(cellpy) - No such comm: bfc13262bd9a4596a6e62b5c59357b4b
(cellpy) - No such comm: bfc13262bd9a4596a6e62b5c59357b4b
(cellpy) - No such comm: bfc13262bd9a4596a6e62b5c59357b4b
(cellpy) - No such comm: bfc13262bd9a4596a6e62b5c59357b4b
(cellpy) - No such comm: bfc13262bd9a4596a6e62b5c59357b4b
(cellpy) - No such comm: bfc13262bd9a4596a6e62b5c59357b4b
(cellpy) - No such comm: bfc13262bd9a4596a6e62b5c59357b4b
(cellpy) - No such comm: ddedc7fdf57f4671acd23e255a574bf4
(cellpy) - No such comm: ddedc7fdf57f4671acd23e255a574bf4
(cellpy) - No such comm: ddedc7fdf57f4671acd23e255a574bf4
(cellpy) - No such comm: ddedc7fdf57f4671acd23e255a574bf4
(cellpy) - No such comm: ddedc7fdf57f4671acd23e255a574bf4
(cellpy) - No such comm: ddedc7fdf57f4671acd23e255a574bf4
(cellpy) - No such comm: ddedc7fdf57f4671acd23e255a574bf4
(cellpy) - No such comm: b5237e01dd3848dd9b09e72ae3462ab4
(cellpy) - No such comm: b5237e01dd3848dd9b09e72ae3462ab4
(cellpy) - No such comm: b5237e01dd3848dd9b09e72ae3462ab4
(cellpy) - No such comm: b5237e01dd3848dd9b09e72ae3462ab4
(cellpy) - No such comm: b5237e01dd3848dd9b09e72ae3462ab4
(cellpy) - No such comm: b5237e01dd3848dd9b09e72ae3462ab4
(cellpy) - No such comm: b5237e01dd3848dd9b09e72ae3462ab4
(cellpy) - No such comm: 642d205ec66d4b57a338ceb4dbaf2bb9
(cellpy) - No such comm: 642d205ec66d4b57a338ceb4dbaf2bb9
(cellpy) - No such comm: 642d205ec66d4b57a338ceb4dbaf2bb9
(cellpy) - No such comm: 642d205ec66d4b57a338ceb4dbaf2bb9
(cellpy) - No such comm: 642d205ec66d4b57a338ceb4dbaf2bb9
(cellpy) - No such comm: 642d205ec66d4b57a338ceb4dbaf2bb9
(cellpy) - No such comm: 642d205ec66d4b57a338ceb4dbaf2bb9
(cellpy) - No such comm: 26c62679b509435e88b2d90db54305b6
(cellpy) - No such comm: 26c62679b509435e88b2d90db54305b6
(cellpy) - No such comm: 26c62679b509435e88b2d90db54305b6
(cellpy) - No such comm: 26c62679b509435e88b2d90db54305b6
(cellpy) - No such comm: 26c62679b509435e88b2d90db54305b6
(cellpy) - No such comm: 26c62679b509435e88b2d90db54305b6
(cellpy) - No such comm: 26c62679b509435e88b2d90db54305b6
(cellpy) - No such comm: fb87ca89800f4d0a82a07abedb1a8d02
(cellpy) - No such comm: fb87ca89800f4d0a82a07abedb1a8d02
(cellpy) - No such comm: fb87ca89800f4d0a82a07abedb1a8d02
(cellpy) - No such comm: fb87ca89800f4d0a82a07abedb1a8d02
(cellpy) - No such comm: fb87ca89800f4d0a82a07abedb1a8d02
(cellpy) - No such comm: fb87ca89800f4d0a82a07abedb1a8d02
(cellpy) - No such comm: fb87ca89800f4d0a82a07abedb1a8d02
(cellpy) - No such comm: f9b023f35c1b449282c21b459c92b18c
(cellpy) - No such comm: f9b023f35c1b449282c21b459c92b18c
(cellpy) - No such comm: f9b023f35c1b449282c21b459c92b18c
(cellpy) - No such comm: f9b023f35c1b449282c21b459c92b18c
(cellpy) - No such comm: f9b023f35c1b449282c21b459c92b18c
(cellpy) - No such comm: f9b023f35c1b449282c21b459c92b18c
(cellpy) - No such comm: f9b023f35c1b449282c21b459c92b18c
(cellpy) - No such comm: e371d380632c4a789408459c9e27681f
(cellpy) - No such comm: e371d380632c4a789408459c9e27681f
(cellpy) - No such comm: e371d380632c4a789408459c9e27681f
(cellpy) - No such comm: e371d380632c4a789408459c9e27681f
(cellpy) - No such comm: e371d380632c4a789408459c9e27681f
(cellpy) - No such comm: e371d380632c4a789408459c9e27681f
(cellpy) - No such comm: e371d380632c4a789408459c9e27681f
(cellpy) - No such comm: 0e683a403cc0440fba2910a042c66971
(cellpy) - No such comm: 0e683a403cc0440fba2910a042c66971
(cellpy) - No such comm: 0e683a403cc0440fba2910a042c66971
(cellpy) - No such comm: 0e683a403cc0440fba2910a042c66971
(cellpy) - No such comm: 0e683a403cc0440fba2910a042c66971
(cellpy) - No such comm: 0e683a403cc0440fba2910a042c66971
(cellpy) - No such comm: 0e683a403cc0440fba2910a042c66971
(cellpy) - Loading raw-file: ['Z:/PROJ_GMJULY2022/Cycler_Data_By_Cell/GMJuly2022_CELL901/GMJuly2022_CELL901REF_RPT_3_P25C_P5P0PSI_20230228_R1.res', 'Z:/PROJ_GMJULY2022/Cycler_Data_By_Cell/GMJuly2022_CELL901/GMJuly2022_CELL901REF_RATE_1_P25C_P5P0PSI_20230302_R1.res']
(cellpy) - Setting mass: 1
(cellpy) - Creating step table
(cellpy) - Creating summary data
(cellpy) - Using the following nominal capacity: 1.0
(cellpy) - Assuming cycling in anode half-data (discharge before charge) mode
(cellpy) - Created CellpyCell object
(cellpy) - No such comm: f43981161eec4d0b96efa8972a70d585
(cellpy) - No such comm: f43981161eec4d0b96efa8972a70d585
(cellpy) - No such comm: f43981161eec4d0b96efa8972a70d585
(cellpy) - No such comm: f43981161eec4d0b96efa8972a70d585
(cellpy) - No such comm: f43981161eec4d0b96efa8972a70d585
(cellpy) - No such comm: f43981161eec4d0b96efa8972a70d585
(cellpy) - No such comm: 0f0b5587bdd5401796577af591870451
(cellpy) - No such comm: 0f0b5587bdd5401796577af591870451
(cellpy) - No such comm: 0f0b5587bdd5401796577af591870451
(cellpy) - No such comm: 0f0b5587bdd5401796577af591870451
(cellpy) - No such comm: f43981161eec4d0b96efa8972a70d585
(cellpy) - No such comm: 0f0b5587bdd5401796577af591870451
(cellpy) - No such comm: 0f0b5587bdd5401796577af591870451
(cellpy) - No such comm: 0f0b5587bdd5401796577af591870451
(cellpy) - No such comm: 88238e9983b94777ba574ed2f027e755
(cellpy) - No such comm: 88238e9983b94777ba574ed2f027e755
(cellpy) - No such comm: 88238e9983b94777ba574ed2f027e755
(cellpy) - No such comm: 88238e9983b94777ba574ed2f027e755
(cellpy) - No such comm: 88238e9983b94777ba574ed2f027e755
(cellpy) - No such comm: 88238e9983b94777ba574ed2f027e755
(cellpy) - No such comm: 88238e9983b94777ba574ed2f027e755
(cellpy) - Loading raw-file: ['Z:/PROJ_GMJULY2022/Cycler_Data_By_Cell/GMJuly2022_CELL901/GMJuly2022_CELL901REF_RPT_3_P25C_P5P0PSI_20230228_R1.res', 'Z:/PROJ_GMJULY2022/Cycler_Data_By_Cell/GMJuly2022_CELL901/GMJuly2022_CELL901REF_RATE_1_P25C_P5P0PSI_20230302_R1.res']
(cellpy) - Setting mass: 1
(cellpy) - Creating step table
(cellpy) - Creating summary data
(cellpy) - Using the following nominal capacity: 1.0
(cellpy) - Assuming cycling in anode half-data (discharge before charge) mode
(cellpy) - Created CellpyCell object
(cellpy) - No such comm: fbe2f500fd0b489f822c08201676ba0b
(cellpy) - No such comm: fbe2f500fd0b489f822c08201676ba0b
(cellpy) - No such comm: fbe2f500fd0b489f822c08201676ba0b
(cellpy) - No such comm: fbe2f500fd0b489f822c08201676ba0b
(cellpy) - No such comm: fbe2f500fd0b489f822c08201676ba0b
(cellpy) - No such comm: fbe2f500fd0b489f822c08201676ba0b
(cellpy) - No such comm: 7bc9fd50f4684f43a7188a9bb39696d9
(cellpy) - No such comm: 7bc9fd50f4684f43a7188a9bb39696d9
(cellpy) - No such comm: 7bc9fd50f4684f43a7188a9bb39696d9
(cellpy) - No such comm: 7bc9fd50f4684f43a7188a9bb39696d9
(cellpy) - No such comm: fbe2f500fd0b489f822c08201676ba0b
(cellpy) - No such comm: 7bc9fd50f4684f43a7188a9bb39696d9
(cellpy) - No such comm: 7bc9fd50f4684f43a7188a9bb39696d9
(cellpy) - No such comm: 7bc9fd50f4684f43a7188a9bb39696d9
(cellpy) - No such comm: 6b5ef0c128814d45bcf022da3ae92d36
(cellpy) - No such comm: 6b5ef0c128814d45bcf022da3ae92d36
(cellpy) - No such comm: 6b5ef0c128814d45bcf022da3ae92d36
(cellpy) - No such comm: 6b5ef0c128814d45bcf022da3ae92d36
(cellpy) - No such comm: 6b5ef0c128814d45bcf022da3ae92d36
(cellpy) - No such comm: 6b5ef0c128814d45bcf022da3ae92d36
(cellpy) - No such comm: 6b5ef0c128814d45bcf022da3ae92d36
(cellpy) - No such comm: 98256358e4134119929063b4767048a1
(cellpy) - No such comm: 98256358e4134119929063b4767048a1
(cellpy) - No such comm: 98256358e4134119929063b4767048a1
(cellpy) - No such comm: 98256358e4134119929063b4767048a1
(cellpy) - No such comm: 98256358e4134119929063b4767048a1
(cellpy) - No such comm: 98256358e4134119929063b4767048a1
(cellpy) - No such comm: 98256358e4134119929063b4767048a1
(cellpy) - No such comm: 0de8d7fd8783440f9111ecff9cd57fb4
(cellpy) - No such comm: 0de8d7fd8783440f9111ecff9cd57fb4
(cellpy) - No such comm: 0de8d7fd8783440f9111ecff9cd57fb4
(cellpy) - No such comm: 0de8d7fd8783440f9111ecff9cd57fb4
(cellpy) - No such comm: 0de8d7fd8783440f9111ecff9cd57fb4
(cellpy) - No such comm: 0de8d7fd8783440f9111ecff9cd57fb4
(cellpy) - No such comm: 0de8d7fd8783440f9111ecff9cd57fb4
(cellpy) - No such comm: 2da0205ba27e484aaf796a3308568856
(cellpy) - No such comm: 2da0205ba27e484aaf796a3308568856
(cellpy) - No such comm: 2da0205ba27e484aaf796a3308568856
(cellpy) - No such comm: 2da0205ba27e484aaf796a3308568856
(cellpy) - No such comm: 2da0205ba27e484aaf796a3308568856
(cellpy) - No such comm: 2da0205ba27e484aaf796a3308568856
(cellpy) - No such comm: 2da0205ba27e484aaf796a3308568856
(cellpy) - No such comm: bafa07f667e1498fbc3f00372d734107
(cellpy) - No such comm: bafa07f667e1498fbc3f00372d734107
(cellpy) - No such comm: bafa07f667e1498fbc3f00372d734107
(cellpy) - No such comm: bafa07f667e1498fbc3f00372d734107
(cellpy) - No such comm: bafa07f667e1498fbc3f00372d734107
(cellpy) - No such comm: bafa07f667e1498fbc3f00372d734107
(cellpy) - No such comm: bafa07f667e1498fbc3f00372d734107
(cellpy) - No such comm: 00a13484448745ed89d2823d3dbd41b6
(cellpy) - No such comm: 00a13484448745ed89d2823d3dbd41b6
(cellpy) - No such comm: 00a13484448745ed89d2823d3dbd41b6
(cellpy) - No such comm: 00a13484448745ed89d2823d3dbd41b6
(cellpy) - No such comm: 00a13484448745ed89d2823d3dbd41b6
(cellpy) - No such comm: 00a13484448745ed89d2823d3dbd41b6
(cellpy) - No such comm: 00a13484448745ed89d2823d3dbd41b6
(cellpy) - No such comm: 7cb44b0779ff41e39c5ba29ddcb6433d
(cellpy) - No such comm: 7cb44b0779ff41e39c5ba29ddcb6433d
(cellpy) - No such comm: 7cb44b0779ff41e39c5ba29ddcb6433d
(cellpy) - No such comm: 7cb44b0779ff41e39c5ba29ddcb6433d
(cellpy) - No such comm: 7cb44b0779ff41e39c5ba29ddcb6433d
(cellpy) - No such comm: 7cb44b0779ff41e39c5ba29ddcb6433d
(cellpy) - No such comm: 7cb44b0779ff41e39c5ba29ddcb6433d
(cellpy) - No such comm: 9ae5b040d37e473787e6badbfde01e4c
(cellpy) - No such comm: 9ae5b040d37e473787e6badbfde01e4c
(cellpy) - No such comm: 9ae5b040d37e473787e6badbfde01e4c
(cellpy) - No such comm: 9ae5b040d37e473787e6badbfde01e4c
(cellpy) - No such comm: 9ae5b040d37e473787e6badbfde01e4c
(cellpy) - No such comm: 9ae5b040d37e473787e6badbfde01e4c
(cellpy) - No such comm: 9ae5b040d37e473787e6badbfde01e4c
(cellpy) - Loading raw-file: ['Z:/PROJ_GMJULY2022/Cycler_Data_By_Cell/GMJuly2022_CELL901/GMJuly2022_CELL901REF_RPT_3_P25C_P5P0PSI_20230228_R1.res', 'Z:/PROJ_GMJULY2022/Cycler_Data_By_Cell/GMJuly2022_CELL901/GMJuly2022_CELL901REF_RATE_1_P25C_P5P0PSI_20230302_R1.res']
(cellpy) - Setting mass: 1
(cellpy) - Creating step table
(cellpy) - Creating summary data
(cellpy) - Using the following nominal capacity: 1.0
(cellpy) - Assuming cycling in anode half-data (discharge before charge) mode
(cellpy) - Created CellpyCell object
(cellpy) - No such comm: d5ecade95fc740189a238ee812b00fa7
(cellpy) - No such comm: d5ecade95fc740189a238ee812b00fa7
(cellpy) - No such comm: d5ecade95fc740189a238ee812b00fa7
(cellpy) - No such comm: d5ecade95fc740189a238ee812b00fa7
(cellpy) - No such comm: d5ecade95fc740189a238ee812b00fa7
(cellpy) - No such comm: d5ecade95fc740189a238ee812b00fa7
(cellpy) - No such comm: 2d0ae992751e44a98b15e536526d9779
(cellpy) - No such comm: 2d0ae992751e44a98b15e536526d9779
(cellpy) - No such comm: 2d0ae992751e44a98b15e536526d9779
(cellpy) - No such comm: 2d0ae992751e44a98b15e536526d9779
(cellpy) - No such comm: d5ecade95fc740189a238ee812b00fa7
(cellpy) - No such comm: 2d0ae992751e44a98b15e536526d9779
(cellpy) - No such comm: 2d0ae992751e44a98b15e536526d9779
(cellpy) - No such comm: 2d0ae992751e44a98b15e536526d9779
(cellpy) - Loading raw-file: ['Z:/PROJ_GMJULY2022/Cycler_Data_By_Cell/GMJuly2022_CELL901/GMJuly2022_CELL901REF_RPT_3_P25C_P5P0PSI_20230228_R1.res', 'Z:/PROJ_GMJULY2022/Cycler_Data_By_Cell/GMJuly2022_CELL901/GMJuly2022_CELL901REF_RATE_1_P25C_P5P0PSI_20230302_R1.res']
(cellpy) - Setting mass: 1
(cellpy) - Creating step table
(cellpy) - Creating summary data
(cellpy) - Using the following nominal capacity: 1.0
(cellpy) - Assuming cycling in anode half-data (discharge before charge) mode
(cellpy) - Created CellpyCell object
(cellpy) - No such comm: dd853b28a88c4adea8cb76061e81cb1a
(cellpy) - No such comm: dd853b28a88c4adea8cb76061e81cb1a
(cellpy) - No such comm: dd853b28a88c4adea8cb76061e81cb1a
(cellpy) - No such comm: dd853b28a88c4adea8cb76061e81cb1a
(cellpy) - No such comm: dd853b28a88c4adea8cb76061e81cb1a
(cellpy) - No such comm: dd853b28a88c4adea8cb76061e81cb1a
(cellpy) - No such comm: 7dff7d46cfe7469eae56a4ca591d5ae2
(cellpy) - No such comm: 7dff7d46cfe7469eae56a4ca591d5ae2
(cellpy) - No such comm: 7dff7d46cfe7469eae56a4ca591d5ae2
(cellpy) - No such comm: 7dff7d46cfe7469eae56a4ca591d5ae2
(cellpy) - No such comm: dd853b28a88c4adea8cb76061e81cb1a
(cellpy) - No such comm: 7dff7d46cfe7469eae56a4ca591d5ae2
(cellpy) - No such comm: 7dff7d46cfe7469eae56a4ca591d5ae2
(cellpy) - No such comm: 7dff7d46cfe7469eae56a4ca591d5ae2
(cellpy) - Loading raw-file: ['Z:/PROJ_GMJULY2022/Cycler_Data_By_Cell/GMJuly2022_CELL901/GMJuly2022_CELL901REF_RPT_3_P25C_P5P0PSI_20230228_R1.res', 'Z:/PROJ_GMJULY2022/Cycler_Data_By_Cell/GMJuly2022_CELL901/GMJuly2022_CELL901REF_RATE_1_P25C_P5P0PSI_20230302_R1.res']
(cellpy) - Setting mass: 1
(cellpy) - Creating step table
(cellpy) - Creating summary data
(cellpy) - Using the following nominal capacity: 1.0
(cellpy) - Assuming cycling in anode half-data (discharge before charge) mode
(cellpy) - Created CellpyCell object
(cellpy) - No such comm: da45922c633d48c78f575020aa08b3a0
(cellpy) - No such comm: da45922c633d48c78f575020aa08b3a0
(cellpy) - No such comm: da45922c633d48c78f575020aa08b3a0
(cellpy) - No such comm: da45922c633d48c78f575020aa08b3a0
(cellpy) - No such comm: da45922c633d48c78f575020aa08b3a0
(cellpy) - No such comm: da45922c633d48c78f575020aa08b3a0
(cellpy) - No such comm: 171528dc5c52443882874f553ce2b7a9
(cellpy) - No such comm: 171528dc5c52443882874f553ce2b7a9
(cellpy) - No such comm: 171528dc5c52443882874f553ce2b7a9
(cellpy) - No such comm: 171528dc5c52443882874f553ce2b7a9
(cellpy) - No such comm: da45922c633d48c78f575020aa08b3a0
(cellpy) - No such comm: 171528dc5c52443882874f553ce2b7a9
(cellpy) - No such comm: 171528dc5c52443882874f553ce2b7a9
(cellpy) - No such comm: 171528dc5c52443882874f553ce2b7a9
(cellpy) - No such comm: 64ef3da9df454dcfa7244138f71c4cba
(cellpy) - No such comm: 64ef3da9df454dcfa7244138f71c4cba
(cellpy) - No such comm: 64ef3da9df454dcfa7244138f71c4cba
(cellpy) - No such comm: 64ef3da9df454dcfa7244138f71c4cba
(cellpy) - No such comm: 64ef3da9df454dcfa7244138f71c4cba
(cellpy) - No such comm: 64ef3da9df454dcfa7244138f71c4cba
(cellpy) - No such comm: 64ef3da9df454dcfa7244138f71c4cba
(cellpy) - No such comm: 6e97ef76b3954cacaeb93912986055de
(cellpy) - No such comm: 6e97ef76b3954cacaeb93912986055de
(cellpy) - No such comm: 6e97ef76b3954cacaeb93912986055de
(cellpy) - No such comm: 6e97ef76b3954cacaeb93912986055de
(cellpy) - No such comm: 6e97ef76b3954cacaeb93912986055de
(cellpy) - No such comm: 6e97ef76b3954cacaeb93912986055de
(cellpy) - No such comm: 6e97ef76b3954cacaeb93912986055de
(cellpy) - No such comm: ccc813154aca445f96154c05d8923314
(cellpy) - No such comm: ccc813154aca445f96154c05d8923314
(cellpy) - No such comm: ccc813154aca445f96154c05d8923314
(cellpy) - No such comm: ccc813154aca445f96154c05d8923314
(cellpy) - No such comm: ccc813154aca445f96154c05d8923314
(cellpy) - No such comm: ccc813154aca445f96154c05d8923314
(cellpy) - No such comm: ccc813154aca445f96154c05d8923314
(cellpy) - No such comm: 2ed7af99bb76441eb3421eec6e47e173
(cellpy) - No such comm: 2ed7af99bb76441eb3421eec6e47e173
(cellpy) - No such comm: 2ed7af99bb76441eb3421eec6e47e173
(cellpy) - No such comm: 2ed7af99bb76441eb3421eec6e47e173
(cellpy) - No such comm: 2ed7af99bb76441eb3421eec6e47e173
(cellpy) - No such comm: 2ed7af99bb76441eb3421eec6e47e173
(cellpy) - No such comm: 2ed7af99bb76441eb3421eec6e47e173
(cellpy) - No such comm: 2ed7af99bb76441eb3421eec6e47e173
(cellpy) - No such comm: 2ed7af99bb76441eb3421eec6e47e173
(cellpy) - No such comm: 2ed7af99bb76441eb3421eec6e47e173
(cellpy) - No such comm: 2ed7af99bb76441eb3421eec6e47e173
(cellpy) - No such comm: 2ed7af99bb76441eb3421eec6e47e173
(cellpy) - No such comm: 2ed7af99bb76441eb3421eec6e47e173
(cellpy) - No such comm: 2ed7af99bb76441eb3421eec6e47e173
(cellpy) - No such comm: 2ed7af99bb76441eb3421eec6e47e173
(cellpy) - No such comm: 2ed7af99bb76441eb3421eec6e47e173
(cellpy) - No such comm: 2ed7af99bb76441eb3421eec6e47e173
(cellpy) - No such comm: 2ed7af99bb76441eb3421eec6e47e173
(cellpy) - No such comm: 2ed7af99bb76441eb3421eec6e47e173
(cellpy) - No such comm: 2ed7af99bb76441eb3421eec6e47e173
(cellpy) - No such comm: 2ed7af99bb76441eb3421eec6e47e173
(cellpy) - No such comm: 2ed7af99bb76441eb3421eec6e47e173
(cellpy) - No such comm: 2ed7af99bb76441eb3421eec6e47e173
(cellpy) - No such comm: 2ed7af99bb76441eb3421eec6e47e173
(cellpy) - No such comm: 2ed7af99bb76441eb3421eec6e47e173
(cellpy) - No such comm: 2ed7af99bb76441eb3421eec6e47e173
(cellpy) - No such comm: 2ed7af99bb76441eb3421eec6e47e173
(cellpy) - No such comm: 2ed7af99bb76441eb3421eec6e47e173
(cellpy) - No such comm: 2ed7af99bb76441eb3421eec6e47e173
(cellpy) - No such comm: 2ed7af99bb76441eb3421eec6e47e173
(cellpy) - No such comm: 2ed7af99bb76441eb3421eec6e47e173
(cellpy) - No such comm: 2ed7af99bb76441eb3421eec6e47e173
(cellpy) - No such comm: 496231e7059d44369013ef037e630072
(cellpy) - No such comm: 496231e7059d44369013ef037e630072
(cellpy) - No such comm: 496231e7059d44369013ef037e630072
(cellpy) - No such comm: 496231e7059d44369013ef037e630072
(cellpy) - No such comm: 496231e7059d44369013ef037e630072
(cellpy) - No such comm: 496231e7059d44369013ef037e630072
(cellpy) - No such comm: 496231e7059d44369013ef037e630072
(cellpy) - No such comm: 9a87a5690fc849aa9cd6ab3d79ce1bb0
(cellpy) - No such comm: 9a87a5690fc849aa9cd6ab3d79ce1bb0
(cellpy) - No such comm: 9a87a5690fc849aa9cd6ab3d79ce1bb0
(cellpy) - No such comm: 9a87a5690fc849aa9cd6ab3d79ce1bb0
(cellpy) - No such comm: 9a87a5690fc849aa9cd6ab3d79ce1bb0
(cellpy) - No such comm: 9a87a5690fc849aa9cd6ab3d79ce1bb0
(cellpy) - No such comm: 9a87a5690fc849aa9cd6ab3d79ce1bb0
(cellpy) - No such comm: b097e7a7ca164f318fcd3050e69501f6
(cellpy) - No such comm: b097e7a7ca164f318fcd3050e69501f6
(cellpy) - No such comm: b097e7a7ca164f318fcd3050e69501f6
(cellpy) - No such comm: b097e7a7ca164f318fcd3050e69501f6
(cellpy) - No such comm: b097e7a7ca164f318fcd3050e69501f6
(cellpy) - No such comm: b097e7a7ca164f318fcd3050e69501f6
(cellpy) - No such comm: b097e7a7ca164f318fcd3050e69501f6
(cellpy) - No such comm: b097e7a7ca164f318fcd3050e69501f6
(cellpy) - No such comm: b097e7a7ca164f318fcd3050e69501f6
(cellpy) - No such comm: b097e7a7ca164f318fcd3050e69501f6
(cellpy) - No such comm: b097e7a7ca164f318fcd3050e69501f6
(cellpy) - No such comm: b097e7a7ca164f318fcd3050e69501f6
(cellpy) - No such comm: b097e7a7ca164f318fcd3050e69501f6
(cellpy) - No such comm: b097e7a7ca164f318fcd3050e69501f6
(cellpy) - No such comm: b097e7a7ca164f318fcd3050e69501f6
(cellpy) - No such comm: b097e7a7ca164f318fcd3050e69501f6
(cellpy) - No such comm: b097e7a7ca164f318fcd3050e69501f6
(cellpy) - No such comm: b097e7a7ca164f318fcd3050e69501f6
(cellpy) - No such comm: b097e7a7ca164f318fcd3050e69501f6
(cellpy) - No such comm: b097e7a7ca164f318fcd3050e69501f6
(cellpy) - No such comm: b097e7a7ca164f318fcd3050e69501f6
(cellpy) - No such comm: b097e7a7ca164f318fcd3050e69501f6
(cellpy) - No such comm: b097e7a7ca164f318fcd3050e69501f6
(cellpy) - No such comm: b097e7a7ca164f318fcd3050e69501f6
(cellpy) - No such comm: b097e7a7ca164f318fcd3050e69501f6
(cellpy) - No such comm: b097e7a7ca164f318fcd3050e69501f6
(cellpy) - No such comm: b097e7a7ca164f318fcd3050e69501f6
(cellpy) - No such comm: b097e7a7ca164f318fcd3050e69501f6
(cellpy) - No such comm: b097e7a7ca164f318fcd3050e69501f6
(cellpy) - No such comm: b097e7a7ca164f318fcd3050e69501f6
(cellpy) - No such comm: b097e7a7ca164f318fcd3050e69501f6
(cellpy) - No such comm: b097e7a7ca164f318fcd3050e69501f6
(cellpy) - No such comm: b097e7a7ca164f318fcd3050e69501f6
(cellpy) - No such comm: b097e7a7ca164f318fcd3050e69501f6
(cellpy) - No such comm: b097e7a7ca164f318fcd3050e69501f6
(cellpy) - No such comm: b097e7a7ca164f318fcd3050e69501f6
(cellpy) - No such comm: b097e7a7ca164f318fcd3050e69501f6
(cellpy) - No such comm: b097e7a7ca164f318fcd3050e69501f6
(cellpy) - No such comm: b097e7a7ca164f318fcd3050e69501f6
(cellpy) - No such comm: b097e7a7ca164f318fcd3050e69501f6
(cellpy) - No such comm: b097e7a7ca164f318fcd3050e69501f6
(cellpy) - No such comm: b097e7a7ca164f318fcd3050e69501f6
(cellpy) - No such comm: b097e7a7ca164f318fcd3050e69501f6
(cellpy) - No such comm: b097e7a7ca164f318fcd3050e69501f6
(cellpy) - No such comm: b097e7a7ca164f318fcd3050e69501f6
(cellpy) - No such comm: b097e7a7ca164f318fcd3050e69501f6
(cellpy) - No such comm: a49d4c47a361448bb5f9f78dab168c6a
(cellpy) - No such comm: a49d4c47a361448bb5f9f78dab168c6a
(cellpy) - No such comm: a49d4c47a361448bb5f9f78dab168c6a
(cellpy) - No such comm: a49d4c47a361448bb5f9f78dab168c6a
(cellpy) - No such comm: a49d4c47a361448bb5f9f78dab168c6a
(cellpy) - No such comm: a49d4c47a361448bb5f9f78dab168c6a
(cellpy) - No such comm: a49d4c47a361448bb5f9f78dab168c6a
(cellpy) - No such comm: 8422d1104e4f4976b9bb518712b9fc55
(cellpy) - No such comm: 8422d1104e4f4976b9bb518712b9fc55
(cellpy) - No such comm: 8422d1104e4f4976b9bb518712b9fc55
(cellpy) - No such comm: 8422d1104e4f4976b9bb518712b9fc55
(cellpy) - No such comm: 8422d1104e4f4976b9bb518712b9fc55
(cellpy) - No such comm: 8422d1104e4f4976b9bb518712b9fc55
(cellpy) - No such comm: 8422d1104e4f4976b9bb518712b9fc55
(cellpy) - No such comm: 9eab37d2aa5f42bf983d916c49c2f8b7
(cellpy) - No such comm: 9eab37d2aa5f42bf983d916c49c2f8b7
(cellpy) - No such comm: 9eab37d2aa5f42bf983d916c49c2f8b7
(cellpy) - No such comm: 9eab37d2aa5f42bf983d916c49c2f8b7
(cellpy) - No such comm: 9eab37d2aa5f42bf983d916c49c2f8b7
(cellpy) - No such comm: 9eab37d2aa5f42bf983d916c49c2f8b7
(cellpy) - No such comm: 9eab37d2aa5f42bf983d916c49c2f8b7
(cellpy) - No such comm: 40e7d20f28c744faab0fdd9df5cd9fce
(cellpy) - No such comm: 40e7d20f28c744faab0fdd9df5cd9fce
(cellpy) - No such comm: 40e7d20f28c744faab0fdd9df5cd9fce
(cellpy) - No such comm: 40e7d20f28c744faab0fdd9df5cd9fce
(cellpy) - No such comm: 40e7d20f28c744faab0fdd9df5cd9fce
(cellpy) - No such comm: 40e7d20f28c744faab0fdd9df5cd9fce
(cellpy) - No such comm: 40e7d20f28c744faab0fdd9df5cd9fce
(cellpy) - No such comm: cffc5b47f3964cf9976d55b20797e04b
(cellpy) - No such comm: cffc5b47f3964cf9976d55b20797e04b
(cellpy) - No such comm: cffc5b47f3964cf9976d55b20797e04b
(cellpy) - No such comm: cffc5b47f3964cf9976d55b20797e04b
(cellpy) - No such comm: cffc5b47f3964cf9976d55b20797e04b
(cellpy) - No such comm: cffc5b47f3964cf9976d55b20797e04b
(cellpy) - No such comm: cffc5b47f3964cf9976d55b20797e04b
(cellpy) - No such comm: 864e92dee48148b5a07b649dbb749634
(cellpy) - No such comm: 864e92dee48148b5a07b649dbb749634
(cellpy) - No such comm: 864e92dee48148b5a07b649dbb749634
(cellpy) - No such comm: 864e92dee48148b5a07b649dbb749634
(cellpy) - No such comm: 864e92dee48148b5a07b649dbb749634
(cellpy) - No such comm: 864e92dee48148b5a07b649dbb749634
(cellpy) - No such comm: 864e92dee48148b5a07b649dbb749634
(cellpy) - No such comm: 487347d8eb9a42d5b538355a0bc3930f
(cellpy) - No such comm: 487347d8eb9a42d5b538355a0bc3930f
(cellpy) - No such comm: 487347d8eb9a42d5b538355a0bc3930f
(cellpy) - No such comm: 487347d8eb9a42d5b538355a0bc3930f
(cellpy) - No such comm: 487347d8eb9a42d5b538355a0bc3930f
(cellpy) - No such comm: 487347d8eb9a42d5b538355a0bc3930f
(cellpy) - No such comm: 487347d8eb9a42d5b538355a0bc3930f
(cellpy) - No such comm: 1049ee71fa8a4313a70682e1c8ac9325
(cellpy) - No such comm: 1049ee71fa8a4313a70682e1c8ac9325
(cellpy) - No such comm: 1049ee71fa8a4313a70682e1c8ac9325
(cellpy) - No such comm: 1049ee71fa8a4313a70682e1c8ac9325
(cellpy) - No such comm: 1049ee71fa8a4313a70682e1c8ac9325
(cellpy) - No such comm: 1049ee71fa8a4313a70682e1c8ac9325
(cellpy) - No such comm: 1049ee71fa8a4313a70682e1c8ac9325
(cellpy) - No such comm: e1e9e8975a4e4526a919b3f7775b1b14
(cellpy) - No such comm: e1e9e8975a4e4526a919b3f7775b1b14
(cellpy) - No such comm: e1e9e8975a4e4526a919b3f7775b1b14
(cellpy) - No such comm: e1e9e8975a4e4526a919b3f7775b1b14
(cellpy) - No such comm: e1e9e8975a4e4526a919b3f7775b1b14
(cellpy) - No such comm: e1e9e8975a4e4526a919b3f7775b1b14
(cellpy) - No such comm: e1e9e8975a4e4526a919b3f7775b1b14
(cellpy) - No such comm: 3fdac38343174951be37e70e24d0d61f
(cellpy) - No such comm: 3fdac38343174951be37e70e24d0d61f
(cellpy) - No such comm: 3fdac38343174951be37e70e24d0d61f
(cellpy) - No such comm: 3fdac38343174951be37e70e24d0d61f
(cellpy) - No such comm: 3fdac38343174951be37e70e24d0d61f
(cellpy) - No such comm: 3fdac38343174951be37e70e24d0d61f
(cellpy) - No such comm: 3fdac38343174951be37e70e24d0d61f
(cellpy) - No such comm: 1619103b554f4de2af9d48ef22fbcde4
(cellpy) - No such comm: 1619103b554f4de2af9d48ef22fbcde4
(cellpy) - No such comm: 1619103b554f4de2af9d48ef22fbcde4
(cellpy) - No such comm: 1619103b554f4de2af9d48ef22fbcde4
(cellpy) - No such comm: 1619103b554f4de2af9d48ef22fbcde4
(cellpy) - No such comm: 1619103b554f4de2af9d48ef22fbcde4
(cellpy) - No such comm: 1619103b554f4de2af9d48ef22fbcde4
(cellpy) - No such comm: 7d44b7d9103d465291a50b8a9655f4f9
(cellpy) - No such comm: 7d44b7d9103d465291a50b8a9655f4f9
(cellpy) - No such comm: 7d44b7d9103d465291a50b8a9655f4f9
(cellpy) - No such comm: 7d44b7d9103d465291a50b8a9655f4f9
(cellpy) - No such comm: 7d44b7d9103d465291a50b8a9655f4f9
(cellpy) - No such comm: 7d44b7d9103d465291a50b8a9655f4f9
(cellpy) - No such comm: 7d44b7d9103d465291a50b8a9655f4f9
(cellpy) - No such comm: b50afe95073e42d2942b621b63946404
(cellpy) - No such comm: b50afe95073e42d2942b621b63946404
(cellpy) - No such comm: b50afe95073e42d2942b621b63946404
(cellpy) - No such comm: b50afe95073e42d2942b621b63946404
(cellpy) - No such comm: b50afe95073e42d2942b621b63946404
(cellpy) - No such comm: b50afe95073e42d2942b621b63946404
(cellpy) - No such comm: b50afe95073e42d2942b621b63946404
(cellpy) - No such comm: a40555c43258447c9ded2ee17d02d441
(cellpy) - No such comm: a40555c43258447c9ded2ee17d02d441
(cellpy) - No such comm: a40555c43258447c9ded2ee17d02d441
(cellpy) - No such comm: a40555c43258447c9ded2ee17d02d441
(cellpy) - No such comm: a40555c43258447c9ded2ee17d02d441
(cellpy) - No such comm: a40555c43258447c9ded2ee17d02d441
(cellpy) - No such comm: a40555c43258447c9ded2ee17d02d441
(cellpy) - No such comm: e6cfa4485a534c2d84245db95fec8bcf
(cellpy) - No such comm: e6cfa4485a534c2d84245db95fec8bcf
(cellpy) - No such comm: e6cfa4485a534c2d84245db95fec8bcf
(cellpy) - No such comm: e6cfa4485a534c2d84245db95fec8bcf
(cellpy) - No such comm: e6cfa4485a534c2d84245db95fec8bcf
(cellpy) - No such comm: e6cfa4485a534c2d84245db95fec8bcf
(cellpy) - No such comm: e6cfa4485a534c2d84245db95fec8bcf
(cellpy) - No such comm: 9fa4af3099e54ff6834dbdf5ff541d4c
(cellpy) - No such comm: 9fa4af3099e54ff6834dbdf5ff541d4c
(cellpy) - No such comm: 9fa4af3099e54ff6834dbdf5ff541d4c
(cellpy) - No such comm: 9fa4af3099e54ff6834dbdf5ff541d4c
(cellpy) - No such comm: 9fa4af3099e54ff6834dbdf5ff541d4c
(cellpy) - No such comm: 9fa4af3099e54ff6834dbdf5ff541d4c
(cellpy) - No such comm: 9fa4af3099e54ff6834dbdf5ff541d4c
(cellpy) - No such comm: 6c0c2d5da658490587692b881bfffcaf
(cellpy) - No such comm: 6c0c2d5da658490587692b881bfffcaf
(cellpy) - No such comm: 6c0c2d5da658490587692b881bfffcaf
(cellpy) - No such comm: 6c0c2d5da658490587692b881bfffcaf
(cellpy) - No such comm: 6c0c2d5da658490587692b881bfffcaf
(cellpy) - No such comm: 6c0c2d5da658490587692b881bfffcaf
(cellpy) - No such comm: 6c0c2d5da658490587692b881bfffcaf
(cellpy) - No such comm: 6c0c2d5da658490587692b881bfffcaf
(cellpy) - No such comm: 6c0c2d5da658490587692b881bfffcaf
(cellpy) - No such comm: 6c0c2d5da658490587692b881bfffcaf
(cellpy) - No such comm: 6c0c2d5da658490587692b881bfffcaf
(cellpy) - No such comm: 6c0c2d5da658490587692b881bfffcaf
(cellpy) - No such comm: 6c0c2d5da658490587692b881bfffcaf
(cellpy) - No such comm: 6c0c2d5da658490587692b881bfffcaf
(cellpy) - No such comm: 6c0c2d5da658490587692b881bfffcaf
(cellpy) - No such comm: 6c0c2d5da658490587692b881bfffcaf
(cellpy) - No such comm: 6c0c2d5da658490587692b881bfffcaf
(cellpy) - No such comm: 6c0c2d5da658490587692b881bfffcaf
(cellpy) - No such comm: 6c0c2d5da658490587692b881bfffcaf
(cellpy) - No such comm: 6c0c2d5da658490587692b881bfffcaf
(cellpy) - No such comm: 6c0c2d5da658490587692b881bfffcaf
(cellpy) - No such comm: 6c0c2d5da658490587692b881bfffcaf
(cellpy) - No such comm: 6c0c2d5da658490587692b881bfffcaf
(cellpy) - No such comm: 6c0c2d5da658490587692b881bfffcaf
(cellpy) - No such comm: 6c0c2d5da658490587692b881bfffcaf
(cellpy) - No such comm: 6c0c2d5da658490587692b881bfffcaf
(cellpy) - No such comm: 6c0c2d5da658490587692b881bfffcaf
(cellpy) - No such comm: 6c0c2d5da658490587692b881bfffcaf
(cellpy) - No such comm: 6c0c2d5da658490587692b881bfffcaf
(cellpy) - No such comm: 6c0c2d5da658490587692b881bfffcaf
(cellpy) - No such comm: 6c0c2d5da658490587692b881bfffcaf
(cellpy) - No such comm: 6c0c2d5da658490587692b881bfffcaf
(cellpy) - No such comm: 6c0c2d5da658490587692b881bfffcaf
(cellpy) - No such comm: 6c0c2d5da658490587692b881bfffcaf
(cellpy) - No such comm: 6c0c2d5da658490587692b881bfffcaf
(cellpy) - No such comm: 6c0c2d5da658490587692b881bfffcaf
(cellpy) - No such comm: 6c0c2d5da658490587692b881bfffcaf
(cellpy) - No such comm: 6c0c2d5da658490587692b881bfffcaf
(cellpy) - No such comm: 6c0c2d5da658490587692b881bfffcaf
(cellpy) - No such comm: 6c0c2d5da658490587692b881bfffcaf
(cellpy) - No such comm: 6c0c2d5da658490587692b881bfffcaf
(cellpy) - No such comm: 6c0c2d5da658490587692b881bfffcaf
(cellpy) - No such comm: 6c0c2d5da658490587692b881bfffcaf
(cellpy) - No such comm: 6c0c2d5da658490587692b881bfffcaf
(cellpy) - No such comm: 6c0c2d5da658490587692b881bfffcaf
(cellpy) - No such comm: 6c0c2d5da658490587692b881bfffcaf
(cellpy) - No such comm: 6c0c2d5da658490587692b881bfffcaf
(cellpy) - No such comm: 6c0c2d5da658490587692b881bfffcaf
(cellpy) - No such comm: 6c0c2d5da658490587692b881bfffcaf
(cellpy) - No such comm: 6c0c2d5da658490587692b881bfffcaf
(cellpy) - No such comm: 6c0c2d5da658490587692b881bfffcaf
(cellpy) - No such comm: 6c0c2d5da658490587692b881bfffcaf
(cellpy) - No such comm: 6c0c2d5da658490587692b881bfffcaf
(cellpy) - No such comm: 6c0c2d5da658490587692b881bfffcaf
(cellpy) - No such comm: 6c0c2d5da658490587692b881bfffcaf
(cellpy) - No such comm: 6c0c2d5da658490587692b881bfffcaf
(cellpy) - No such comm: 6c0c2d5da658490587692b881bfffcaf
(cellpy) - No such comm: 6c0c2d5da658490587692b881bfffcaf
(cellpy) - No such comm: 6c0c2d5da658490587692b881bfffcaf
(cellpy) - No such comm: 6c0c2d5da658490587692b881bfffcaf
(cellpy) - No such comm: 6c0c2d5da658490587692b881bfffcaf
(cellpy) - No such comm: 6c0c2d5da658490587692b881bfffcaf
(cellpy) - No such comm: 6c0c2d5da658490587692b881bfffcaf
(cellpy) - No such comm: 6c0c2d5da658490587692b881bfffcaf
(cellpy) - No such comm: 6c0c2d5da658490587692b881bfffcaf
(cellpy) - No such comm: 6c0c2d5da658490587692b881bfffcaf
(cellpy) - No such comm: 6c0c2d5da658490587692b881bfffcaf
(cellpy) - No such comm: 6c0c2d5da658490587692b881bfffcaf
(cellpy) - No such comm: 6c0c2d5da658490587692b881bfffcaf
(cellpy) - No such comm: 6c0c2d5da658490587692b881bfffcaf
(cellpy) - No such comm: 6c0c2d5da658490587692b881bfffcaf
(cellpy) - No such comm: 6c0c2d5da658490587692b881bfffcaf
(cellpy) - No such comm: 6c0c2d5da658490587692b881bfffcaf
(cellpy) - No such comm: 6c0c2d5da658490587692b881bfffcaf
(cellpy) - No such comm: 6c0c2d5da658490587692b881bfffcaf
(cellpy) - No such comm: 6c0c2d5da658490587692b881bfffcaf
(cellpy) - No such comm: 6c0c2d5da658490587692b881bfffcaf
(cellpy) - No such comm: 6c0c2d5da658490587692b881bfffcaf
(cellpy) - No such comm: 6c0c2d5da658490587692b881bfffcaf
(cellpy) - No such comm: 6c0c2d5da658490587692b881bfffcaf
(cellpy) - No such comm: 6c0c2d5da658490587692b881bfffcaf
(cellpy) - No such comm: 6c0c2d5da658490587692b881bfffcaf
(cellpy) - No such comm: 6c0c2d5da658490587692b881bfffcaf
(cellpy) - No such comm: 6c0c2d5da658490587692b881bfffcaf
(cellpy) - No such comm: 6c0c2d5da658490587692b881bfffcaf
(cellpy) - No such comm: 6c0c2d5da658490587692b881bfffcaf
(cellpy) - No such comm: 6c0c2d5da658490587692b881bfffcaf
(cellpy) - No such comm: 6c0c2d5da658490587692b881bfffcaf
(cellpy) - No such comm: 6c0c2d5da658490587692b881bfffcaf
(cellpy) - No such comm: 6c0c2d5da658490587692b881bfffcaf
(cellpy) - No such comm: 6c0c2d5da658490587692b881bfffcaf
(cellpy) - No such comm: 6c0c2d5da658490587692b881bfffcaf
(cellpy) - No such comm: 6c0c2d5da658490587692b881bfffcaf
(cellpy) - No such comm: 6c0c2d5da658490587692b881bfffcaf
(cellpy) - No such comm: 6c0c2d5da658490587692b881bfffcaf
(cellpy) - No such comm: 6c0c2d5da658490587692b881bfffcaf
(cellpy) - No such comm: 6c0c2d5da658490587692b881bfffcaf
(cellpy) - No such comm: 6c0c2d5da658490587692b881bfffcaf
(cellpy) - No such comm: 6c0c2d5da658490587692b881bfffcaf
(cellpy) - No such comm: 6c0c2d5da658490587692b881bfffcaf
(cellpy) - No such comm: 6c0c2d5da658490587692b881bfffcaf
(cellpy) - No such comm: 6c0c2d5da658490587692b881bfffcaf
(cellpy) - No such comm: 6c0c2d5da658490587692b881bfffcaf
(cellpy) - No such comm: 6c0c2d5da658490587692b881bfffcaf
(cellpy) - No such comm: 6c0c2d5da658490587692b881bfffcaf
(cellpy) - No such comm: 6c0c2d5da658490587692b881bfffcaf
(cellpy) - No such comm: 6c0c2d5da658490587692b881bfffcaf
(cellpy) - No such comm: 6c0c2d5da658490587692b881bfffcaf
(cellpy) - No such comm: 6c0c2d5da658490587692b881bfffcaf
(cellpy) - No such comm: 6c0c2d5da658490587692b881bfffcaf
(cellpy) - No such comm: 6c0c2d5da658490587692b881bfffcaf
(cellpy) - No such comm: 6c0c2d5da658490587692b881bfffcaf
(cellpy) - No such comm: 6c0c2d5da658490587692b881bfffcaf
(cellpy) - No such comm: 6c0c2d5da658490587692b881bfffcaf
(cellpy) - No such comm: 6c0c2d5da658490587692b881bfffcaf
(cellpy) - No such comm: 6c0c2d5da658490587692b881bfffcaf
(cellpy) - No such comm: 6c0c2d5da658490587692b881bfffcaf
(cellpy) - No such comm: 6c0c2d5da658490587692b881bfffcaf
(cellpy) - No such comm: 6c0c2d5da658490587692b881bfffcaf
(cellpy) - No such comm: 6c0c2d5da658490587692b881bfffcaf
(cellpy) - No such comm: 6c0c2d5da658490587692b881bfffcaf
(cellpy) - No such comm: 6c0c2d5da658490587692b881bfffcaf
(cellpy) - No such comm: 6c0c2d5da658490587692b881bfffcaf
(cellpy) - No such comm: 6c0c2d5da658490587692b881bfffcaf
(cellpy) - No such comm: 6c0c2d5da658490587692b881bfffcaf
(cellpy) - No such comm: 6c0c2d5da658490587692b881bfffcaf
(cellpy) - No such comm: 6c0c2d5da658490587692b881bfffcaf
(cellpy) - No such comm: 6c0c2d5da658490587692b881bfffcaf
(cellpy) - No such comm: 6c0c2d5da658490587692b881bfffcaf
(cellpy) - No such comm: 6c0c2d5da658490587692b881bfffcaf
(cellpy) - No such comm: 6c0c2d5da658490587692b881bfffcaf
(cellpy) - No such comm: 6c0c2d5da658490587692b881bfffcaf
(cellpy) - No such comm: 6c0c2d5da658490587692b881bfffcaf
(cellpy) - No such comm: 6c0c2d5da658490587692b881bfffcaf
(cellpy) - No such comm: 6c0c2d5da658490587692b881bfffcaf
(cellpy) - No such comm: 6c0c2d5da658490587692b881bfffcaf
(cellpy) - No such comm: 6c0c2d5da658490587692b881bfffcaf
(cellpy) - Loading raw-file: ['Z:/PROJ_GMJULY2022/Cycler_Data_By_Cell/GMJuly2022_CELL901/GMJuly2022_CELL901REF_RPT_3_P25C_P5P0PSI_20230228_R1.res', 'Z:/PROJ_GMJULY2022/Cycler_Data_By_Cell/GMJuly2022_CELL901/GMJuly2022_CELL901REF_RATE_1_P25C_P5P0PSI_20230302_R1.res']
(cellpy) - Setting mass: 1
(cellpy) - Creating step table
(cellpy) - Creating summary data
(cellpy) - Using the following nominal capacity: 1.0
(cellpy) - Assuming cycling in anode half-data (discharge before charge) mode
(cellpy) - Created CellpyCell object
(cellpy) - No such comm: 49d1392f7ae4452080de6e19c535e699
(cellpy) - No such comm: 49d1392f7ae4452080de6e19c535e699
(cellpy) - No such comm: 49d1392f7ae4452080de6e19c535e699
(cellpy) - No such comm: 49d1392f7ae4452080de6e19c535e699
(cellpy) - No such comm: 49d1392f7ae4452080de6e19c535e699
(cellpy) - No such comm: 49d1392f7ae4452080de6e19c535e699
(cellpy) - No such comm: 49d1392f7ae4452080de6e19c535e699
(cellpy) - No such comm: 49d1392f7ae4452080de6e19c535e699
(cellpy) - No such comm: 49d1392f7ae4452080de6e19c535e699
(cellpy) - No such comm: 49d1392f7ae4452080de6e19c535e699
(cellpy) - No such comm: 49d1392f7ae4452080de6e19c535e699
(cellpy) - No such comm: 49d1392f7ae4452080de6e19c535e699
(cellpy) - No such comm: 49d1392f7ae4452080de6e19c535e699
(cellpy) - No such comm: 49d1392f7ae4452080de6e19c535e699
(cellpy) - No such comm: 8ba7bfe5e27c42a5a000ac522395d1c4
(cellpy) - No such comm: 8ba7bfe5e27c42a5a000ac522395d1c4
(cellpy) - No such comm: 8ba7bfe5e27c42a5a000ac522395d1c4
(cellpy) - No such comm: 8ba7bfe5e27c42a5a000ac522395d1c4
(cellpy) - No such comm: 8ba7bfe5e27c42a5a000ac522395d1c4
(cellpy) - No such comm: 8ba7bfe5e27c42a5a000ac522395d1c4
(cellpy) - No such comm: 8ba7bfe5e27c42a5a000ac522395d1c4
(cellpy) - No such comm: ac3933dd2bd548e1bea5bc9ef476d848
(cellpy) - No such comm: ac3933dd2bd548e1bea5bc9ef476d848
(cellpy) - No such comm: ac3933dd2bd548e1bea5bc9ef476d848
(cellpy) - No such comm: ac3933dd2bd548e1bea5bc9ef476d848
(cellpy) - No such comm: ac3933dd2bd548e1bea5bc9ef476d848
(cellpy) - No such comm: ac3933dd2bd548e1bea5bc9ef476d848
(cellpy) - No such comm: ac3933dd2bd548e1bea5bc9ef476d848
(cellpy) - No such comm: 940f4e7a2fbf4bff946da8115f204a18
(cellpy) - No such comm: 940f4e7a2fbf4bff946da8115f204a18
(cellpy) - No such comm: 940f4e7a2fbf4bff946da8115f204a18
(cellpy) - No such comm: 940f4e7a2fbf4bff946da8115f204a18
(cellpy) - No such comm: 940f4e7a2fbf4bff946da8115f204a18
(cellpy) - No such comm: 940f4e7a2fbf4bff946da8115f204a18
(cellpy) - No such comm: 940f4e7a2fbf4bff946da8115f204a18
(cellpy) - No such comm: 940f4e7a2fbf4bff946da8115f204a18
(cellpy) - No such comm: 940f4e7a2fbf4bff946da8115f204a18
(cellpy) - No such comm: 940f4e7a2fbf4bff946da8115f204a18
(cellpy) - No such comm: 940f4e7a2fbf4bff946da8115f204a18
(cellpy) - No such comm: 940f4e7a2fbf4bff946da8115f204a18
(cellpy) - No such comm: 940f4e7a2fbf4bff946da8115f204a18
(cellpy) - No such comm: 940f4e7a2fbf4bff946da8115f204a18
(cellpy) - No such comm: 940f4e7a2fbf4bff946da8115f204a18
(cellpy) - No such comm: 940f4e7a2fbf4bff946da8115f204a18
(cellpy) - No such comm: 940f4e7a2fbf4bff946da8115f204a18
(cellpy) - No such comm: 940f4e7a2fbf4bff946da8115f204a18
(cellpy) - No such comm: 940f4e7a2fbf4bff946da8115f204a18
(cellpy) - No such comm: 940f4e7a2fbf4bff946da8115f204a18
(cellpy) - No such comm: 940f4e7a2fbf4bff946da8115f204a18
(cellpy) - No such comm: 940f4e7a2fbf4bff946da8115f204a18
(cellpy) - No such comm: 940f4e7a2fbf4bff946da8115f204a18
(cellpy) - No such comm: 940f4e7a2fbf4bff946da8115f204a18
(cellpy) - No such comm: 940f4e7a2fbf4bff946da8115f204a18
(cellpy) - No such comm: 940f4e7a2fbf4bff946da8115f204a18
(cellpy) - No such comm: 940f4e7a2fbf4bff946da8115f204a18
(cellpy) - No such comm: 940f4e7a2fbf4bff946da8115f204a18
(cellpy) - No such comm: 940f4e7a2fbf4bff946da8115f204a18
(cellpy) - No such comm: 940f4e7a2fbf4bff946da8115f204a18
(cellpy) - No such comm: 940f4e7a2fbf4bff946da8115f204a18
(cellpy) - No such comm: 940f4e7a2fbf4bff946da8115f204a18
(cellpy) - No such comm: 940f4e7a2fbf4bff946da8115f204a18
(cellpy) - No such comm: 940f4e7a2fbf4bff946da8115f204a18
(cellpy) - No such comm: 940f4e7a2fbf4bff946da8115f204a18
(cellpy) - No such comm: 940f4e7a2fbf4bff946da8115f204a18
(cellpy) - No such comm: 940f4e7a2fbf4bff946da8115f204a18
(cellpy) - No such comm: 940f4e7a2fbf4bff946da8115f204a18
(cellpy) - No such comm: 940f4e7a2fbf4bff946da8115f204a18
(cellpy) - No such comm: 940f4e7a2fbf4bff946da8115f204a18
(cellpy) - No such comm: 940f4e7a2fbf4bff946da8115f204a18
(cellpy) - No such comm: 940f4e7a2fbf4bff946da8115f204a18
(cellpy) - No such comm: 940f4e7a2fbf4bff946da8115f204a18
(cellpy) - No such comm: 940f4e7a2fbf4bff946da8115f204a18
(cellpy) - No such comm: 940f4e7a2fbf4bff946da8115f204a18
(cellpy) - No such comm: 940f4e7a2fbf4bff946da8115f204a18
(cellpy) - No such comm: 940f4e7a2fbf4bff946da8115f204a18
(cellpy) - No such comm: 940f4e7a2fbf4bff946da8115f204a18
(cellpy) - No such comm: 940f4e7a2fbf4bff946da8115f204a18
(cellpy) - No such comm: 940f4e7a2fbf4bff946da8115f204a18
(cellpy) - No such comm: 940f4e7a2fbf4bff946da8115f204a18
(cellpy) - No such comm: 940f4e7a2fbf4bff946da8115f204a18
(cellpy) - No such comm: 940f4e7a2fbf4bff946da8115f204a18
(cellpy) - No such comm: 940f4e7a2fbf4bff946da8115f204a18
(cellpy) - No such comm: 940f4e7a2fbf4bff946da8115f204a18
(cellpy) - No such comm: 940f4e7a2fbf4bff946da8115f204a18
(cellpy) - No such comm: 940f4e7a2fbf4bff946da8115f204a18
(cellpy) - No such comm: 940f4e7a2fbf4bff946da8115f204a18
(cellpy) - No such comm: 940f4e7a2fbf4bff946da8115f204a18
(cellpy) - No such comm: 940f4e7a2fbf4bff946da8115f204a18
(cellpy) - No such comm: 940f4e7a2fbf4bff946da8115f204a18
(cellpy) - No such comm: 940f4e7a2fbf4bff946da8115f204a18
(cellpy) - No such comm: 940f4e7a2fbf4bff946da8115f204a18
(cellpy) - No such comm: 940f4e7a2fbf4bff946da8115f204a18
(cellpy) - No such comm: 940f4e7a2fbf4bff946da8115f204a18
(cellpy) - No such comm: 940f4e7a2fbf4bff946da8115f204a18
(cellpy) - No such comm: 940f4e7a2fbf4bff946da8115f204a18
(cellpy) - No such comm: 940f4e7a2fbf4bff946da8115f204a18
(cellpy) - No such comm: 940f4e7a2fbf4bff946da8115f204a18
(cellpy) - No such comm: 940f4e7a2fbf4bff946da8115f204a18
(cellpy) - No such comm: 940f4e7a2fbf4bff946da8115f204a18
(cellpy) - No such comm: 940f4e7a2fbf4bff946da8115f204a18
(cellpy) - No such comm: 940f4e7a2fbf4bff946da8115f204a18
(cellpy) - No such comm: 940f4e7a2fbf4bff946da8115f204a18
(cellpy) - No such comm: 940f4e7a2fbf4bff946da8115f204a18
(cellpy) - No such comm: 940f4e7a2fbf4bff946da8115f204a18
(cellpy) - No such comm: 940f4e7a2fbf4bff946da8115f204a18
(cellpy) - No such comm: 940f4e7a2fbf4bff946da8115f204a18
(cellpy) - No such comm: 940f4e7a2fbf4bff946da8115f204a18
(cellpy) - No such comm: 940f4e7a2fbf4bff946da8115f204a18
(cellpy) - No such comm: 940f4e7a2fbf4bff946da8115f204a18
(cellpy) - No such comm: 940f4e7a2fbf4bff946da8115f204a18
(cellpy) - No such comm: 940f4e7a2fbf4bff946da8115f204a18
(cellpy) - No such comm: 940f4e7a2fbf4bff946da8115f204a18
(cellpy) - No such comm: 940f4e7a2fbf4bff946da8115f204a18
(cellpy) - No such comm: 940f4e7a2fbf4bff946da8115f204a18
(cellpy) - No such comm: 940f4e7a2fbf4bff946da8115f204a18
(cellpy) - No such comm: 940f4e7a2fbf4bff946da8115f204a18
(cellpy) - No such comm: 940f4e7a2fbf4bff946da8115f204a18
(cellpy) - No such comm: 940f4e7a2fbf4bff946da8115f204a18
(cellpy) - No such comm: 940f4e7a2fbf4bff946da8115f204a18
(cellpy) - No such comm: 940f4e7a2fbf4bff946da8115f204a18
(cellpy) - No such comm: 940f4e7a2fbf4bff946da8115f204a18
(cellpy) - No such comm: 940f4e7a2fbf4bff946da8115f204a18
(cellpy) - No such comm: 940f4e7a2fbf4bff946da8115f204a18
(cellpy) - No such comm: 940f4e7a2fbf4bff946da8115f204a18
(cellpy) - No such comm: 940f4e7a2fbf4bff946da8115f204a18
(cellpy) - No such comm: 940f4e7a2fbf4bff946da8115f204a18
(cellpy) - No such comm: 940f4e7a2fbf4bff946da8115f204a18
(cellpy) - No such comm: 940f4e7a2fbf4bff946da8115f204a18
(cellpy) - No such comm: 940f4e7a2fbf4bff946da8115f204a18
(cellpy) - No such comm: 940f4e7a2fbf4bff946da8115f204a18
(cellpy) - No such comm: 940f4e7a2fbf4bff946da8115f204a18
(cellpy) - No such comm: 940f4e7a2fbf4bff946da8115f204a18
(cellpy) - No such comm: 940f4e7a2fbf4bff946da8115f204a18
(cellpy) - No such comm: 940f4e7a2fbf4bff946da8115f204a18
(cellpy) - No such comm: 940f4e7a2fbf4bff946da8115f204a18
(cellpy) - No such comm: 940f4e7a2fbf4bff946da8115f204a18
(cellpy) - No such comm: 940f4e7a2fbf4bff946da8115f204a18
(cellpy) - No such comm: 940f4e7a2fbf4bff946da8115f204a18
(cellpy) - No such comm: 940f4e7a2fbf4bff946da8115f204a18
(cellpy) - No such comm: 940f4e7a2fbf4bff946da8115f204a18
(cellpy) - No such comm: 940f4e7a2fbf4bff946da8115f204a18
(cellpy) - No such comm: 940f4e7a2fbf4bff946da8115f204a18
(cellpy) - No such comm: 940f4e7a2fbf4bff946da8115f204a18
(cellpy) - No such comm: 940f4e7a2fbf4bff946da8115f204a18
(cellpy) - No such comm: 940f4e7a2fbf4bff946da8115f204a18
(cellpy) - No such comm: 940f4e7a2fbf4bff946da8115f204a18
(cellpy) - No such comm: 940f4e7a2fbf4bff946da8115f204a18
(cellpy) - No such comm: 940f4e7a2fbf4bff946da8115f204a18
(cellpy) - No such comm: 940f4e7a2fbf4bff946da8115f204a18
(cellpy) - No such comm: 940f4e7a2fbf4bff946da8115f204a18
(cellpy) - No such comm: 940f4e7a2fbf4bff946da8115f204a18
(cellpy) - No such comm: 940f4e7a2fbf4bff946da8115f204a18
(cellpy) - No such comm: 940f4e7a2fbf4bff946da8115f204a18
(cellpy) - No such comm: 940f4e7a2fbf4bff946da8115f204a18
(cellpy) - No such comm: 940f4e7a2fbf4bff946da8115f204a18
(cellpy) - No such comm: 940f4e7a2fbf4bff946da8115f204a18
(cellpy) - No such comm: 940f4e7a2fbf4bff946da8115f204a18
(cellpy) - No such comm: 940f4e7a2fbf4bff946da8115f204a18
(cellpy) - No such comm: 940f4e7a2fbf4bff946da8115f204a18
(cellpy) - No such comm: 940f4e7a2fbf4bff946da8115f204a18
(cellpy) - No such comm: 940f4e7a2fbf4bff946da8115f204a18
(cellpy) - No such comm: f60035bca1e548dc8cd3ec2db70b68a7
(cellpy) - No such comm: f60035bca1e548dc8cd3ec2db70b68a7
(cellpy) - No such comm: f60035bca1e548dc8cd3ec2db70b68a7
(cellpy) - No such comm: f60035bca1e548dc8cd3ec2db70b68a7
(cellpy) - No such comm: f60035bca1e548dc8cd3ec2db70b68a7
(cellpy) - No such comm: f60035bca1e548dc8cd3ec2db70b68a7
(cellpy) - No such comm: f60035bca1e548dc8cd3ec2db70b68a7
(cellpy) - No such comm: 940f4e7a2fbf4bff946da8115f204a18
(cellpy) - No such comm: 940f4e7a2fbf4bff946da8115f204a18
(cellpy) - No such comm: 940f4e7a2fbf4bff946da8115f204a18
(cellpy) - No such comm: 940f4e7a2fbf4bff946da8115f204a18
(cellpy) - No such comm: 940f4e7a2fbf4bff946da8115f204a18
(cellpy) - No such comm: 940f4e7a2fbf4bff946da8115f204a18
(cellpy) - No such comm: 940f4e7a2fbf4bff946da8115f204a18
(cellpy) - No such comm: 940f4e7a2fbf4bff946da8115f204a18
(cellpy) - No such comm: 940f4e7a2fbf4bff946da8115f204a18
(cellpy) - No such comm: 940f4e7a2fbf4bff946da8115f204a18
(cellpy) - No such comm: 940f4e7a2fbf4bff946da8115f204a18
(cellpy) - No such comm: 940f4e7a2fbf4bff946da8115f204a18
(cellpy) - Loading raw-file: ['Z:/PROJ_GMJULY2022/Cycler_Data_By_Cell/GMJuly2022_CELL901/GMJuly2022_CELL901REF_RPT_3_P25C_P5P0PSI_20230228_R1.res', 'Z:/PROJ_GMJULY2022/Cycler_Data_By_Cell/GMJuly2022_CELL901/GMJuly2022_CELL901REF_RATE_1_P25C_P5P0PSI_20230302_R1.res']
(cellpy) - Setting mass: 1
(cellpy) - Creating step table
(cellpy) - Creating summary data
(cellpy) - Using the following nominal capacity: 1.0
(cellpy) - Assuming cycling in anode half-data (discharge before charge) mode
(cellpy) - Created CellpyCell object
(cellpy) - No such comm: 60fab00fb8e74bdf82ce0cd4da1a94d5
(cellpy) - No such comm: 60fab00fb8e74bdf82ce0cd4da1a94d5
(cellpy) - No such comm: 60fab00fb8e74bdf82ce0cd4da1a94d5
(cellpy) - No such comm: 60fab00fb8e74bdf82ce0cd4da1a94d5
(cellpy) - No such comm: 60fab00fb8e74bdf82ce0cd4da1a94d5
(cellpy) - No such comm: 60fab00fb8e74bdf82ce0cd4da1a94d5
(cellpy) - No such comm: 60fab00fb8e74bdf82ce0cd4da1a94d5
(cellpy) - 
Could not set custom log-dir - non-existing directory
Dir: c:\Users\Vivian\Dropbox (University of Michigan)\from_box\Research\PyBaMM\PyBaMM\degradation_model\tuning_umbl2022feb\cellpy_data\logs
Using current directory instead: c:\Users\Vivian\Dropbox (University of Michigan)\from_box\Research\PyBaMM\PyBaMM\degradation_model\tuning_umbl2022feb
(cellpy) - Loading raw-file: ['Z:/PROJ_GMJULY2022/Cycler_Data_By_Cell/GMJuly2022_CELL901/GMJuly2022_CELL901REF_RPT_3_P25C_P5P0PSI_20230228_R1.res', 'Z:/PROJ_GMJULY2022/Cycler_Data_By_Cell/GMJuly2022_CELL901/GMJuly2022_CELL901REF_RATE_1_P25C_P5P0PSI_20230302_R1.res']
(cellpy) - Setting mass: 1
(cellpy) - Creating step table
(cellpy) - Creating summary data
(cellpy) - Using the following nominal capacity: 1.0
(cellpy) - Assuming cycling in anode half-data (discharge before charge) mode
(cellpy) - Created CellpyCell object
(cellpy) - No such comm: 60fab00fb8e74bdf82ce0cd4da1a94d5
(cellpy) - No such comm: 60fab00fb8e74bdf82ce0cd4da1a94d5
(cellpy) - No such comm: 60fab00fb8e74bdf82ce0cd4da1a94d5
(cellpy) - No such comm: 60fab00fb8e74bdf82ce0cd4da1a94d5
(cellpy) - No such comm: 60fab00fb8e74bdf82ce0cd4da1a94d5
(cellpy) - No such comm: 60fab00fb8e74bdf82ce0cd4da1a94d5
(cellpy) - No such comm: 60fab00fb8e74bdf82ce0cd4da1a94d5
(cellpy) - No such comm: 60fab00fb8e74bdf82ce0cd4da1a94d5
(cellpy) - No such comm: 60fab00fb8e74bdf82ce0cd4da1a94d5
(cellpy) - No such comm: 60fab00fb8e74bdf82ce0cd4da1a94d5
(cellpy) - No such comm: 60fab00fb8e74bdf82ce0cd4da1a94d5
(cellpy) - No such comm: 60fab00fb8e74bdf82ce0cd4da1a94d5
(cellpy) - No such comm: 60fab00fb8e74bdf82ce0cd4da1a94d5
(cellpy) - No such comm: 60fab00fb8e74bdf82ce0cd4da1a94d5
(cellpy) - No such comm: 60fab00fb8e74bdf82ce0cd4da1a94d5
(cellpy) - No such comm: 60fab00fb8e74bdf82ce0cd4da1a94d5
(cellpy) - No such comm: 60fab00fb8e74bdf82ce0cd4da1a94d5
(cellpy) - No such comm: 60fab00fb8e74bdf82ce0cd4da1a94d5
(cellpy) - No such comm: 60fab00fb8e74bdf82ce0cd4da1a94d5
(cellpy) - No such comm: 60fab00fb8e74bdf82ce0cd4da1a94d5
(cellpy) - No such comm: 60fab00fb8e74bdf82ce0cd4da1a94d5
(cellpy) - No such comm: 60fab00fb8e74bdf82ce0cd4da1a94d5
(cellpy) - No such comm: 60fab00fb8e74bdf82ce0cd4da1a94d5
(cellpy) - No such comm: 60fab00fb8e74bdf82ce0cd4da1a94d5
(cellpy) - No such comm: 60fab00fb8e74bdf82ce0cd4da1a94d5
(cellpy) - No such comm: 60fab00fb8e74bdf82ce0cd4da1a94d5
(cellpy) - No such comm: 60fab00fb8e74bdf82ce0cd4da1a94d5
(cellpy) - No such comm: 60fab00fb8e74bdf82ce0cd4da1a94d5
(cellpy) - No such comm: 60fab00fb8e74bdf82ce0cd4da1a94d5
(cellpy) - No such comm: 60fab00fb8e74bdf82ce0cd4da1a94d5
(cellpy) - No such comm: 60fab00fb8e74bdf82ce0cd4da1a94d5
(cellpy) - No such comm: 60fab00fb8e74bdf82ce0cd4da1a94d5
(cellpy) - No such comm: 60fab00fb8e74bdf82ce0cd4da1a94d5
(cellpy) - No such comm: 60fab00fb8e74bdf82ce0cd4da1a94d5
(cellpy) - No such comm: 60fab00fb8e74bdf82ce0cd4da1a94d5
(cellpy) - No such comm: 60fab00fb8e74bdf82ce0cd4da1a94d5
(cellpy) - No such comm: 60fab00fb8e74bdf82ce0cd4da1a94d5
(cellpy) - No such comm: 60fab00fb8e74bdf82ce0cd4da1a94d5
(cellpy) - No such comm: 60fab00fb8e74bdf82ce0cd4da1a94d5
(cellpy) - No such comm: 60fab00fb8e74bdf82ce0cd4da1a94d5
(cellpy) - No such comm: 60fab00fb8e74bdf82ce0cd4da1a94d5
(cellpy) - No such comm: 60fab00fb8e74bdf82ce0cd4da1a94d5
(cellpy) - No such comm: 60fab00fb8e74bdf82ce0cd4da1a94d5
(cellpy) - No such comm: 60fab00fb8e74bdf82ce0cd4da1a94d5
(cellpy) - No such comm: 60fab00fb8e74bdf82ce0cd4da1a94d5
(cellpy) - No such comm: 60fab00fb8e74bdf82ce0cd4da1a94d5
(cellpy) - No such comm: 60fab00fb8e74bdf82ce0cd4da1a94d5
(cellpy) - No such comm: 60fab00fb8e74bdf82ce0cd4da1a94d5
(cellpy) - No such comm: 60fab00fb8e74bdf82ce0cd4da1a94d5
(cellpy) - No such comm: 60fab00fb8e74bdf82ce0cd4da1a94d5
(cellpy) - No such comm: 60fab00fb8e74bdf82ce0cd4da1a94d5
(cellpy) - No such comm: 60fab00fb8e74bdf82ce0cd4da1a94d5
(cellpy) - No such comm: 60fab00fb8e74bdf82ce0cd4da1a94d5
(cellpy) - No such comm: 60fab00fb8e74bdf82ce0cd4da1a94d5
(cellpy) - No such comm: 60fab00fb8e74bdf82ce0cd4da1a94d5
(cellpy) - No such comm: 60fab00fb8e74bdf82ce0cd4da1a94d5
(cellpy) - No such comm: 60fab00fb8e74bdf82ce0cd4da1a94d5
(cellpy) - No such comm: 60fab00fb8e74bdf82ce0cd4da1a94d5
(cellpy) - No such comm: 60fab00fb8e74bdf82ce0cd4da1a94d5
(cellpy) - No such comm: 60fab00fb8e74bdf82ce0cd4da1a94d5
(cellpy) - No such comm: 60fab00fb8e74bdf82ce0cd4da1a94d5
(cellpy) - No such comm: 60fab00fb8e74bdf82ce0cd4da1a94d5
(cellpy) - No such comm: 60fab00fb8e74bdf82ce0cd4da1a94d5
(cellpy) - No such comm: 60fab00fb8e74bdf82ce0cd4da1a94d5
(cellpy) - No such comm: 60fab00fb8e74bdf82ce0cd4da1a94d5
(cellpy) - No such comm: 60fab00fb8e74bdf82ce0cd4da1a94d5
(cellpy) - No such comm: 60fab00fb8e74bdf82ce0cd4da1a94d5
(cellpy) - No such comm: 60fab00fb8e74bdf82ce0cd4da1a94d5
(cellpy) - No such comm: 60fab00fb8e74bdf82ce0cd4da1a94d5
(cellpy) - No such comm: 60fab00fb8e74bdf82ce0cd4da1a94d5
(cellpy) - No such comm: 60fab00fb8e74bdf82ce0cd4da1a94d5
(cellpy) - No such comm: 60fab00fb8e74bdf82ce0cd4da1a94d5
(cellpy) - No such comm: 60fab00fb8e74bdf82ce0cd4da1a94d5
(cellpy) - No such comm: 60fab00fb8e74bdf82ce0cd4da1a94d5
(cellpy) - No such comm: 60fab00fb8e74bdf82ce0cd4da1a94d5
(cellpy) - No such comm: 60fab00fb8e74bdf82ce0cd4da1a94d5
(cellpy) - No such comm: 60fab00fb8e74bdf82ce0cd4da1a94d5
(cellpy) - No such comm: 60fab00fb8e74bdf82ce0cd4da1a94d5
(cellpy) - No such comm: 60fab00fb8e74bdf82ce0cd4da1a94d5
(cellpy) - No such comm: 60fab00fb8e74bdf82ce0cd4da1a94d5
(cellpy) - No such comm: 60fab00fb8e74bdf82ce0cd4da1a94d5
(cellpy) - No such comm: 60fab00fb8e74bdf82ce0cd4da1a94d5
(cellpy) - No such comm: 60fab00fb8e74bdf82ce0cd4da1a94d5
(cellpy) - No such comm: 60fab00fb8e74bdf82ce0cd4da1a94d5
(cellpy) - No such comm: 60fab00fb8e74bdf82ce0cd4da1a94d5
(cellpy) - No such comm: 60fab00fb8e74bdf82ce0cd4da1a94d5
(cellpy) - No such comm: 60fab00fb8e74bdf82ce0cd4da1a94d5
(cellpy) - No such comm: 60fab00fb8e74bdf82ce0cd4da1a94d5
(cellpy) - No such comm: 60fab00fb8e74bdf82ce0cd4da1a94d5
(cellpy) - No such comm: 60fab00fb8e74bdf82ce0cd4da1a94d5
(cellpy) - No such comm: 60fab00fb8e74bdf82ce0cd4da1a94d5
(cellpy) - No such comm: 60fab00fb8e74bdf82ce0cd4da1a94d5
(cellpy) - No such comm: 60fab00fb8e74bdf82ce0cd4da1a94d5
(cellpy) - No such comm: 60fab00fb8e74bdf82ce0cd4da1a94d5
(cellpy) - No such comm: 60fab00fb8e74bdf82ce0cd4da1a94d5
(cellpy) - Loading raw-file: ['Z:/PROJ_GMJULY2022/Cycler_Data_By_Cell/GMJuly2022_CELL901/GMJuly2022_CELL901REF_RPT_3_P25C_P5P0PSI_20230228_R1.res', 'Z:/PROJ_GMJULY2022/Cycler_Data_By_Cell/GMJuly2022_CELL901/GMJuly2022_CELL901REF_RATE_1_P25C_P5P0PSI_20230302_R1.res']
(cellpy) - Loading raw-file: ['Z:/PROJ_GMJULY2022/Cycler_Data_By_Cell/GMJuly2022_CELL901/GMJuly2022_CELL901REF_RPT_3_P25C_P5P0PSI_20230228_R1.res', 'Z:/PROJ_GMJULY2022/Cycler_Data_By_Cell/GMJuly2022_CELL901/GMJuly2022_CELL901REF_RATE_1_P25C_P5P0PSI_20230302_R1.res']
(cellpy) - Setting mass: 1
(cellpy) - Creating step table
(cellpy) - Creating summary data
(cellpy) - Using the following nominal capacity: 1.0
(cellpy) - Assuming cycling in anode half-data (discharge before charge) mode
(cellpy) - Created CellpyCell object
(cellpy) - Setting mass: 1
(cellpy) - Creating step table
(cellpy) - Creating summary data
(cellpy) - Using the following nominal capacity: 1.0
(cellpy) - Assuming cycling in anode half-data (discharge before charge) mode
(cellpy) - Created CellpyCell object
(cellpy) - Loading raw-file: ['Z:/PROJ_GMJULY2022/Cycler_Data_By_Cell/GMJuly2022_CELL901/GMJuly2022_CELL901REF_RPT_3_P25C_P5P0PSI_20230228_R1.res', 'Z:/PROJ_GMJULY2022/Cycler_Data_By_Cell/GMJuly2022_CELL901/GMJuly2022_CELL901REF_RATE_1_P25C_P5P0PSI_20230302_R1.res']
(cellpy) - Setting mass: 1
(cellpy) - Creating step table
(cellpy) - Creating summary data
(cellpy) - Using the following nominal capacity: 1.0
(cellpy) - Assuming cycling in anode half-data (discharge before charge) mode
(cellpy) - Created CellpyCell object
(cellpy) - Loading raw-file: ['Z:/PROJ_GMJULY2022/Cycler_Data_By_Cell/GMJuly2022_CELL901/GMJuly2022_CELL901REF_RPT_3_P25C_P5P0PSI_20230228_R1.res', 'Z:/PROJ_GMJULY2022/Cycler_Data_By_Cell/GMJuly2022_CELL901/GMJuly2022_CELL901REF_RATE_1_P25C_P5P0PSI_20230302_R1.res']
(cellpy) - Setting mass: 1
(cellpy) - Creating step table
(cellpy) - Creating summary data
(cellpy) - Using the following nominal capacity: 1.0
(cellpy) - Assuming cycling in anode half-data (discharge before charge) mode
(cellpy) - Created CellpyCell object
(cellpy) - Loading raw-file: ['Z:/PROJ_GMJULY2022/Cycler_Data_By_Cell/GMJuly2022_CELL901/GMJuly2022_CELL901REF_RPT_3_P25C_P5P0PSI_20230228_R1.res', 'Z:/PROJ_GMJULY2022/Cycler_Data_By_Cell/GMJuly2022_CELL901/GMJuly2022_CELL901REF_RATE_1_P25C_P5P0PSI_20230302_R1.res']
(cellpy) - Setting mass: 1
(cellpy) - Creating step table
(cellpy) - Creating summary data
(cellpy) - Using the following nominal capacity: 1.0
(cellpy) - Assuming cycling in anode half-data (discharge before charge) mode
(cellpy) - Created CellpyCell object
(cellpy) - Loading raw-file: ['Z:/PROJ_GMJULY2022/Cycler_Data_By_Cell/GMJuly2022_CELL901/GMJuly2022_CELL901REF_RPT_3_P25C_P5P0PSI_20230228_R1.res', 'Z:/PROJ_GMJULY2022/Cycler_Data_By_Cell/GMJuly2022_CELL901/GMJuly2022_CELL901REF_RATE_1_P25C_P5P0PSI_20230302_R1.res']
(cellpy) - Setting mass: 1
(cellpy) - Creating step table
(cellpy) - Creating summary data
(cellpy) - Using the following nominal capacity: 1.0
(cellpy) - Assuming cycling in anode half-data (discharge before charge) mode
(cellpy) - Created CellpyCell object
(cellpy) - 
Could not set custom log-dir - non-existing directory
Dir: c:\Users\Vivian\Dropbox (University of Michigan)\from_box\Research\PyBaMM\PyBaMM\degradation_model\tuning_umbl2022feb\cellpy_data\logs
Using current directory instead: c:\Users\Vivian\Dropbox (University of Michigan)\from_box\Research\PyBaMM\PyBaMM\degradation_model\tuning_umbl2022feb
(cellpy) - Loading raw-file: ['Z:/PROJ_GMJULY2022/Cycler_Data_By_Cell/GMJuly2022_CELL901/GMJuly2022_CELL901REF_RPT_3_P25C_P5P0PSI_20230228_R1.res', 'Z:/PROJ_GMJULY2022/Cycler_Data_By_Cell/GMJuly2022_CELL901/GMJuly2022_CELL901REF_RATE_1_P25C_P5P0PSI_20230302_R1.res']
(cellpy) - Setting mass: 1
(cellpy) - Creating step table
(cellpy) - Creating summary data
(cellpy) - Using the following nominal capacity: 1.0
(cellpy) - Assuming cycling in anode half-data (discharge before charge) mode
(cellpy) - Created CellpyCell object
(cellpy) - Loading raw-file: ['Z:/PROJ_GMJULY2022/Cycler_Data_By_Cell/GMJuly2022_CELL901/GMJuly2022_CELL901REF_RPT_3_P25C_P5P0PSI_20230228_R1.res', 'Z:/PROJ_GMJULY2022/Cycler_Data_By_Cell/GMJuly2022_CELL901/GMJuly2022_CELL901REF_RATE_1_P25C_P5P0PSI_20230302_R1.res']
(cellpy) - 
Could not set custom log-dir - non-existing directory
Dir: c:\Users\Vivian\Dropbox (University of Michigan)\from_box\Research\PyBaMM\PyBaMM\degradation_model\tuning_umbl2022feb\cellpy_data\logs
Using current directory instead: c:\Users\Vivian\Dropbox (University of Michigan)\from_box\Research\PyBaMM\PyBaMM\degradation_model\tuning_umbl2022feb
(cellpy) - Loading raw-file: ['Z:/PROJ_GMJULY2022/Cycler_Data_By_Cell/GMJuly2022_CELL901/GMJuly2022_CELL901REF_RPT_3_P25C_P5P0PSI_20230228_R1.res', 'Z:/PROJ_GMJULY2022/Cycler_Data_By_Cell/GMJuly2022_CELL901/GMJuly2022_CELL901REF_RATE_1_P25C_P5P0PSI_20230302_R1.res']
(cellpy) - Setting mass: 1
(cellpy) - Creating step table
(cellpy) - Creating summary data
(cellpy) - Using the following nominal capacity: 1.0
(cellpy) - Assuming cycling in anode half-data (discharge before charge) mode
(cellpy) - Created CellpyCell object
(cellpy) - Setting mass: 1
(cellpy) - Creating step table
(cellpy) - Creating summary data
(cellpy) - Using the following nominal capacity: 1.0
(cellpy) - Assuming cycling in anode half-data (discharge before charge) mode
(cellpy) - Created CellpyCell object
(cellpy) - Loading raw-file: ['Z:/PROJ_GMJULY2022/Cycler_Data_By_Cell/GMJuly2022_CELL901/GMJuly2022_CELL901REF_RPT_3_P25C_P5P0PSI_20230228_R1.res', 'Z:/PROJ_GMJULY2022/Cycler_Data_By_Cell/GMJuly2022_CELL901/GMJuly2022_CELL901REF_RATE_1_P25C_P5P0PSI_20230302_R1.res']
(cellpy) - Setting mass: 1
(cellpy) - Creating step table
(cellpy) - Creating summary data
(cellpy) - Using the following nominal capacity: 1.0
(cellpy) - Assuming cycling in anode half-data (discharge before charge) mode
(cellpy) - Created CellpyCell object
(cellpy) - No such comm: d75c835d517749b597c21819919e7b76
(cellpy) - No such comm: d75c835d517749b597c21819919e7b76
(cellpy) - No such comm: d75c835d517749b597c21819919e7b76
(cellpy) - No such comm: d75c835d517749b597c21819919e7b76
(cellpy) - No such comm: d75c835d517749b597c21819919e7b76
(cellpy) - No such comm: d75c835d517749b597c21819919e7b76
(cellpy) - No such comm: d75c835d517749b597c21819919e7b76
(cellpy) - No such comm: d75c835d517749b597c21819919e7b76
(cellpy) - No such comm: d75c835d517749b597c21819919e7b76
(cellpy) - No such comm: d75c835d517749b597c21819919e7b76
(cellpy) - No such comm: d75c835d517749b597c21819919e7b76
(cellpy) - No such comm: d75c835d517749b597c21819919e7b76
(cellpy) - No such comm: d75c835d517749b597c21819919e7b76
(cellpy) - No such comm: d75c835d517749b597c21819919e7b76
(cellpy) - No such comm: d75c835d517749b597c21819919e7b76
(cellpy) - No such comm: d75c835d517749b597c21819919e7b76
(cellpy) - No such comm: d75c835d517749b597c21819919e7b76
(cellpy) - No such comm: d75c835d517749b597c21819919e7b76
(cellpy) - No such comm: d75c835d517749b597c21819919e7b76
(cellpy) - No such comm: d75c835d517749b597c21819919e7b76
(cellpy) - No such comm: d75c835d517749b597c21819919e7b76
(cellpy) - No such comm: d75c835d517749b597c21819919e7b76
(cellpy) - No such comm: d75c835d517749b597c21819919e7b76
(cellpy) - No such comm: d75c835d517749b597c21819919e7b76
(cellpy) - No such comm: d75c835d517749b597c21819919e7b76
(cellpy) - No such comm: d75c835d517749b597c21819919e7b76
(cellpy) - No such comm: d75c835d517749b597c21819919e7b76
(cellpy) - Loading raw-file: ['Z:/PROJ_GMJULY2022/Cycler_Data_By_Cell/GMJuly2022_CELL901/GMJuly2022_CELL901REF_RPT_3_P25C_P5P0PSI_20230228_R1.res', 'Z:/PROJ_GMJULY2022/Cycler_Data_By_Cell/GMJuly2022_CELL901/GMJuly2022_CELL901REF_RATE_1_P25C_P5P0PSI_20230302_R1.res']
(cellpy) - Setting mass: 1
(cellpy) - Creating step table
(cellpy) - Creating summary data
(cellpy) - Using the following nominal capacity: 1.0
(cellpy) - Assuming cycling in anode half-data (discharge before charge) mode
(cellpy) - Created CellpyCell object
(cellpy) - Loading raw-file: ['Z:/PROJ_GMJULY2022/Cycler_Data_By_Cell/GMJuly2022_CELL901/GMJuly2022_CELL901REF_RPT_3_P25C_P5P0PSI_20230228_R1.res', 'Z:/PROJ_GMJULY2022/Cycler_Data_By_Cell/GMJuly2022_CELL901/GMJuly2022_CELL901REF_RATE_1_P25C_P5P0PSI_20230302_R1.res']
(cellpy) - Setting mass: 1
(cellpy) - Creating step table
(cellpy) - Creating summary data
(cellpy) - Using the following nominal capacity: 1.0
(cellpy) - Assuming cycling in anode half-data (discharge before charge) mode
(cellpy) - Created CellpyCell object
(cellpy) - Loading raw-file: ['Z:/PROJ_GMJULY2022/Cycler_Data_By_Cell/GMJuly2022_CELL901/GMJuly2022_CELL901REF_RPT_3_P25C_P5P0PSI_20230228_R1.res', 'Z:/PROJ_GMJULY2022/Cycler_Data_By_Cell/GMJuly2022_CELL901/GMJuly2022_CELL901REF_RATE_1_P25C_P5P0PSI_20230302_R1.res']
(cellpy) - Setting mass: 1
(cellpy) - Creating step table
(cellpy) - Creating summary data
(cellpy) - Using the following nominal capacity: 1.0
(cellpy) - Assuming cycling in anode half-data (discharge before charge) mode
(cellpy) - Created CellpyCell object
(cellpy) - Loading raw-file: ['Z:/PROJ_GMJULY2022/Cycler_Data_By_Cell/GMJuly2022_CELL901/GMJuly2022_CELL901REF_RPT_3_P25C_P5P0PSI_20230228_R1.res', 'Z:/PROJ_GMJULY2022/Cycler_Data_By_Cell/GMJuly2022_CELL901/GMJuly2022_CELL901REF_RATE_1_P25C_P5P0PSI_20230302_R1.res']
(cellpy) - Setting mass: 1
(cellpy) - Creating step table
(cellpy) - Creating summary data
(cellpy) - Using the following nominal capacity: 1.0
(cellpy) - Assuming cycling in anode half-data (discharge before charge) mode
(cellpy) - Created CellpyCell object
(cellpy) - Loading raw-file: ['Z:/PROJ_GMJULY2022/Cycler_Data_By_Cell/GMJuly2022_CELL901/GMJuly2022_CELL901REF_RPT_3_P25C_P5P0PSI_20230228_R1.res', 'Z:/PROJ_GMJULY2022/Cycler_Data_By_Cell/GMJuly2022_CELL901/GMJuly2022_CELL901REF_RATE_1_P25C_P5P0PSI_20230302_R1.res']
(cellpy) - Setting mass: 1
(cellpy) - Creating step table
(cellpy) - Creating summary data
(cellpy) - Using the following nominal capacity: 1.0
(cellpy) - Assuming cycling in anode half-data (discharge before charge) mode
(cellpy) - Created CellpyCell object
(cellpy) - Loading raw-file: ['Z:/PROJ_GMJULY2022/Cycler_Data_By_Cell/GMJuly2022_CELL901/GMJuly2022_CELL901REF_RPT_3_P25C_P5P0PSI_20230228_R1.res', 'Z:/PROJ_GMJULY2022/Cycler_Data_By_Cell/GMJuly2022_CELL901/GMJuly2022_CELL901REF_RATE_1_P25C_P5P0PSI_20230302_R1.res']
(cellpy) - Setting mass: 1
(cellpy) - Creating step table
(cellpy) - Creating summary data
(cellpy) - Using the following nominal capacity: 1.0
(cellpy) - Assuming cycling in anode half-data (discharge before charge) mode
(cellpy) - Created CellpyCell object
(cellpy) - 
Could not set custom log-dir - non-existing directory
Dir: c:\Users\Vivian\Dropbox (University of Michigan)\from_box\Research\PyBaMM\PyBaMM\degradation_model\tuning_umbl2022feb\cellpy_data\logs
Using current directory instead: c:\Users\Vivian\Dropbox (University of Michigan)\from_box\Research\PyBaMM\PyBaMM\degradation_model\tuning_umbl2022feb
(cellpy) - Loading raw-file: ['Z:/PROJ_GMJULY2022/Cycler_Data_By_Cell/GMJuly2022_CELL901/GMJuly2022_CELL901REF_RPT_3_P25C_P5P0PSI_20230228_R1.res', 'Z:/PROJ_GMJULY2022/Cycler_Data_By_Cell/GMJuly2022_CELL901/GMJuly2022_CELL901REF_RATE_1_P25C_P5P0PSI_20230302_R1.res']
(cellpy) - Loading raw-file: ['Z:/PROJ_GMJULY2022/Cycler_Data_By_Cell/GMJuly2022_CELL901/GMJuly2022_CELL901REF_RPT_3_P25C_P5P0PSI_20230228_R1.res', 'Z:/PROJ_GMJULY2022/Cycler_Data_By_Cell/GMJuly2022_CELL901/GMJuly2022_CELL901REF_RATE_1_P25C_P5P0PSI_20230302_R1.res']
(cellpy) - Setting mass: 1
(cellpy) - Creating step table
(cellpy) - Setting mass: 1
(cellpy) - Creating step table
(cellpy) - Creating summary data
(cellpy) - Using the following nominal capacity: 1.0
(cellpy) - Assuming cycling in anode half-data (discharge before charge) mode
(cellpy) - Creating summary data
(cellpy) - Using the following nominal capacity: 1.0
(cellpy) - Assuming cycling in anode half-data (discharge before charge) mode
(cellpy) - Created CellpyCell object
(cellpy) - Created CellpyCell object
(cellpy) - 
Could not set custom log-dir - non-existing directory
Dir: c:\Users\Vivian\Dropbox (University of Michigan)\from_box\Research\PyBaMM\PyBaMM\degradation_model\tuning_umbl2022feb\cellpy_data\logs
Using current directory instead: c:\Users\Vivian\Dropbox (University of Michigan)\from_box\Research\PyBaMM\PyBaMM\degradation_model\tuning_umbl2022feb
(cellpy) - Loading raw-file: ['Z:/PROJ_GMJULY2022/Cycler_Data_By_Cell/GMJuly2022_CELL901/GMJuly2022_CELL901REF_RPT_3_P25C_P5P0PSI_20230228_R1.res', 'Z:/PROJ_GMJULY2022/Cycler_Data_By_Cell/GMJuly2022_CELL901/GMJuly2022_CELL901REF_RATE_1_P25C_P5P0PSI_20230302_R1.res']
(cellpy) - Setting mass: 1
(cellpy) - Creating step table
(cellpy) - Creating summary data
(cellpy) - Using the following nominal capacity: 1.0
(cellpy) - Assuming cycling in anode half-data (discharge before charge) mode
(cellpy) - Created CellpyCell object
(cellpy) - Loading raw-file: ['Z:/PROJ_GMJULY2022/Cycler_Data_By_Cell/GMJuly2022_CELL901/GMJuly2022_CELL901REF_RPT_3_P25C_P5P0PSI_20230228_R1.res', 'Z:/PROJ_GMJULY2022/Cycler_Data_By_Cell/GMJuly2022_CELL901/GMJuly2022_CELL901REF_RATE_1_P25C_P5P0PSI_20230302_R1.res']
(cellpy) - Setting mass: 1
(cellpy) - Creating step table
(cellpy) - Creating summary data
(cellpy) - Using the following nominal capacity: 1.0
(cellpy) - Assuming cycling in anode half-data (discharge before charge) mode
(cellpy) - Created CellpyCell object
