# ESC Time [s],Cell Temperature [K]
0,297.2909077
0.1,297.2711422
0.2,297.3007904
0.3,297.2711422
0.4,297.4292567
0.5,297.4589006
0.6,297.5280667
0.7,297.6268678
0.8,297.7355387
0.9,297.8639539
1,297.9824777
1.1,298.1404892
1.2,298.2688567
1.3,298.4070816
1.4,298.5650313
1.5,298.7130881
1.6,298.8808614
1.7,299.0387418
1.8,299.2064643
1.9,299.3840243
2,299.5615549
2.1,299.7489164
2.2,299.9165278
2.3,300.0841129
2.4,300.2910935
2.5,300.4586197
2.6,300.6458238
2.7,300.8625451
2.8,301.0595262
2.9,301.2170847
3,301.4336894
3.1,301.6600925
3.2,301.8372437
3.3,302.0438826
3.4,302.2308068
3.5,302.4865442
3.6,302.6635569
3.7,302.8602029
3.8,303.0961297
3.9,303.2730402
4,303.4990493
4.1,303.7348333
4.2,303.9411011
4.3,304.1276895
4.4,304.3829677
4.5,304.5792935
4.6,304.8050231
4.7,305.0110819
4.8,305.2367194
4.9,305.4525014
5,305.6486288
5.1,305.8741304
5.2,306.1191865
5.3,306.3151906
5.4,306.5307534
5.5,306.7658631
5.6,306.9813347
5.7,307.206554
5.8,307.3925689
5.9,307.6470633
6,307.8330017
6.1,308.0873916
6.2,308.2928164
6.3,308.4786432
6.4,308.6937712
6.5,308.9186319
6.6,309.1141251
6.7,309.3291269
6.8,309.5440863
6.9,309.7785391
7,309.964112
7.1,310.1691822
7.2,310.3839767
7.3,310.6084897
7.4,310.81344
7.5,311.0183524
7.6,311.2037167
7.7,311.437817
7.8,311.6523658
7.9,311.8571241
8,312.0423494
8.1,312.2665287
8.2,312.4614311
8.3,312.6563
8.4,312.8608764
8.5,313.0848942
8.6,313.2699192
8.7,313.4841216
8.8,313.6788164
8.9,313.8734785
9,314.0681079
9.1,314.2529756
9.2,314.4378142
9.3,314.6518014
9.4,314.8657497
9.5,315.0213241
9.6,315.2254846
9.7,315.42961
9.8,315.6045469
9.9,315.7988914
10,316.0029193
10.1,316.1874864
10.2,316.3914489
10.3,316.5856673
10.4,316.7798549
10.5,316.9643047
10.6,317.1681382
10.7,317.3234175
10.8,317.5271923
10.9,317.70183
11,317.9152431
11.1,318.0801286
11.2,318.2837811
11.3,318.4874011
11.4,318.6812948
11.5,318.8557743
11.6,319.0399216
11.7,319.2240428
11.8,319.4178266
11.9,319.6115819
12,319.7956231
12.1,319.9796388
12.2,320.1733122
12.3,320.3572761
12.4,320.5605754
12.5,320.7154497
12.6,320.9186956
12.7,321.1122351
12.8,321.2863975
12.9,321.4702119
13,321.6540021
13.1,321.8571107
13.2,322.0505204
13.3,322.2245666
13.4,322.3985916
13.5,322.5822619
13.6,322.765909
13.7,322.9591966
13.8,323.1427963
13.9,323.3360345
14,323.5195875
14.1,323.703118
14.2,323.8866261
14.3,324.0411421
14.4,324.253576
14.5,324.4466722
14.6,324.6300914
14.7,324.794185
14.8,325.0065159
14.9,325.1898697
15,325.3732024
15.1,325.5468667
15.2,325.7205123
15.3,325.9037849
15.4,326.1063255
15.5,326.2509821
15.6,326.4631225
15.7,326.6559542
15.8,326.8198438
15.9,327.022274
16,327.1957666
16.1,327.3692419
16.2,327.571608
16.3,327.7257761
16.4,327.9377354
16.5,328.111138
16.6,328.284524
16.7,328.4964179
16.8,328.6505072
16.9,328.8238425
17,329.0260466
17.1,329.1993473
17.2,329.3726322
17.3,329.5747783
17.4,329.7672788
17.5,329.9116418
17.6,330.0944865
17.7,330.2965586
17.8,330.4889895
17.9,330.6621618
18,330.8160805
18.1,330.9988442
18.2,331.181592
18.3,331.3643241
18.4,331.5470406
18.5,331.758588
18.6,331.9124278
18.7,332.0854848
18.8,332.2585285
18.9,332.4700085
19,332.643023
19.1,332.777581
19.2,332.9986237
19.3,333.1715993
19.4,333.3349538
19.5,333.5559453
19.6,333.7192741
19.7,333.9306249
19.8,334.1035352
19.9,334.2572234
20,334.4493209
20.1,334.6221966
20.2,334.8142675
20.3,334.9871197
20.4,335.1599609
20.5,335.3423928
20.6,335.5440142
20.7,335.697621
20.8,335.8800184
20.9,336.0624045
21,336.2447794
21.1,336.4271433
21.2,336.6190937
21.3,336.8014355
21.4,336.9645746
21.5,337.1181098
21.6,337.3388039
21.7,337.5211054
21.8,337.7321791
21.9,337.8856792
22,338.0775448
22.1,338.2598076
22.2,338.4228771
22.3,338.6530807
22.4,338.806542
22.5,338.99836
22.6,339.1805784
22.7,339.3819681
22.8,339.5737587
22.9,339.7463627
23,339.9573137
23.1,340.1299025
23.2,340.2928969
23.3,340.5134095
23.4,340.6763904
23.5,340.8681257
23.6,341.0790259
23.7,341.2803315
23.8,341.4624585
23.9,341.6541645
24,341.8554486
24.1,342.0279722
24.2,342.2388275
24.3,342.41134
24.4,342.603015
24.5,342.8234342
24.6,343.0150972
24.7,343.1875893
24.8,343.3984075
24.9,343.6092197
25,343.7721162
25.1,344.0020822
25.2,344.2032973
25.3,344.3949265
25.4,344.5865519
25.5,344.8069165
25.6,344.9697916
25.7,345.170987
25.8,345.372179
25.9,345.5733676
26,345.7649731
26.1,345.9757361
26.2,346.1673364
26.3,346.3397748
26.4,346.5505306
26.5,346.7229655
26.6,346.9337175
26.7,347.0965701
26.8,347.2881603
26.9,347.4893287
27,347.6521786
27.1,347.8725041
27.2,348.0449323
27.3,348.1886221
27.4,348.3802084
27.5,348.5622153
27.6,348.7154843
27.7,348.8687534
27.8,349.0603403
27.9,349.2327689
28,349.3956186
28.1,349.5488896
28.2,349.7500587
28.3,349.8554335
28.4,350.0374455
28.5,350.2098791
28.6,350.3344153
28.7,350.4876916
28.8,350.6122295
28.9,350.7655081
29,350.9571082
29.1,351.0720693
29.2,351.2445127
29.3,351.3594761
29.4,351.4936012
29.5,351.6468888
29.6,351.7810169
29.7,351.934308
29.8,352.0588586
29.9,352.2025724
30,352.3367071
30.1,352.4708435
30.2,352.5954003
30.3,352.7487031
30.4,352.8924268
30.5,353.0265709
30.6,353.1607171
30.7,353.2852832
30.8,353.4098512
30.9,353.5535858
31,353.697323
31.1,353.7931492
31.2,353.9656395
31.3,354.0614692
31.4,354.2531322
31.5,354.3297989
31.6,354.4831347
31.7,354.5981389
31.8,354.7514808
31.9,354.9048263
32,355.0102534
32.1,355.1731897
32.2,355.3169606
32.3,355.4319797
32.4,355.5757568
32.5,355.7003664
32.6,355.8633215
32.7,355.9975234
32.8,356.1125561
32.9,356.2659368
33,356.3809753
33.1,356.5343637
33.2,356.649408
33.3,356.793217
33.4,356.9178547
33.5,357.0808472
33.6,357.2246686
33.7,357.3876714
33.8,357.5123243
33.9,357.6465696
34,357.7999975
34.1,357.9438409
34.2,358.0780989
34.3,358.2411319
34.4,358.3849895
34.5,358.50967
34.6,358.6631279
34.7,358.8069998
34.8,358.9316927
34.9,359.0947584
35,359.2290527
35.1,359.3921303
35.2,359.5456213
35.3,359.6895245
35.4,359.833433
35.5,359.9869414
35.6,360.1308612
35.7,360.3035722
35.8,360.4091217
35.9,360.5818457
36,360.7353851
36.1,360.8793341
36.2,361.0520807
36.3,361.186445
36.4,361.3496086
36.5,361.5031814
36.6,361.6279644
36.7,361.8199472
36.8,361.9543417
36.9,362.1175424
37,362.2711504
37.1,362.4151645
37.2,362.5879899
37.3,362.7320182
37.4,362.8664505
37.5,363.0296975
37.6,363.1641426
37.7,363.3466131
37.8,363.5098855
37.9,363.6539566
38,363.8076401
38.1,363.9709374
38.2,364.1054243
38.3,364.2399174
38.4,364.4032388
38.5,364.5569614
38.6,364.7203007
38.7,364.8740403
38.8,365.0277883
38.9,365.1911547
39,365.306478
39.1,365.4602497
39.2,365.6140301
39.3,365.7678191
39.4,365.9023916
39.5,366.0465839
39.6,366.2100112
39.7,366.3349917
39.8,366.4792074
39.9,366.6426614
40,366.7868939
40.1,366.9311344
40.2,367.1042337
40.3,367.2292571
40.4,367.3639045
40.5,367.517796
40.6,367.6716969
40.7,367.8063678
40.8,367.9506662
40.9,368.1045937
41,368.2489094
41.1,368.3739899
41.2,368.5279439
41.3,368.6722846
41.4,368.7877633
41.5,368.9224955
41.6,369.124608
41.7,369.2304832
41.8,369.3652404
41.9,369.5000052
42,369.6540316
42.1,369.788813
42.2,369.9139741
42.3,370.0680278
42.4,370.2028332
42.5,370.3472763
42.6,370.501359
42.7,370.6361899
42.8,370.7710288
42.9,370.9058757
43,371.0407307
43.1,371.1852271
43.2,371.3297329
43.3,371.4646135
43.4,371.6187727
43.5,371.7729427
43.6,371.8885773
43.7,372.0716778
43.8,372.196966
43.9,372.3222614
44,372.4475641
44.1,372.6017927
44.2,372.7560324
44.3,372.9006421
44.4,373.0066955
44.5,373.1609644
44.6,373.2863162
44.7,373.4213187
44.8,373.5659738
44.9,373.6624161
45,373.7974428
45.1,373.9324781
45.2,374.057876
45.3,374.1736346
45.4,374.2893996
45.5,374.424467
45.6,374.5691919
45.7,374.7139271
45.8,374.8586724
45.9,374.9937774
46,375.1385426
46.1,375.2543623
46.2,375.3991462
46.3,375.5342872
46.4,375.6597834
46.5,375.7852874
46.6,375.9204545
46.7,376.0459749
46.8,376.190816
46.9,376.2970395
47,376.4708721
47.1,376.5674524
47.2,376.7316497
47.3,376.8282428
47.4,376.9731414
47.5,377.0890679
47.6,377.19534
47.7,377.35959
47.8,377.4562142
47.9,377.5818328
48,377.6784681
48.1,377.8041011
48.2,377.9587376
48.3,378.0650575
48.4,378.1713832
48.5,378.2873816
48.6,378.422722
48.7,378.5387357
48.8,378.6740939
48.9,378.7804536
49,378.8674795
49.1,379.0222022
49.2,379.1285814
49.3,379.2736536
49.4,379.418737
49.5,379.5154655
49.6,379.6992633
49.7,379.8250302
49.8,379.9604808
49.9,380.0959413
50,380.2410885
50.1,380.347537
50.2,380.4927038
50.3,380.5604522
50.4,380.6959565
50.5,380.7927514
50.6,380.8798711
50.7,380.9766756
50.8,381.0831665
50.9,381.1606183
51,381.2574376
51.1,381.3252141
51.2,381.3929932
51.3,381.4995082
51.4,381.5479262
51.5,381.644766
51.6,381.7416109
51.7,381.7803503
51.8,381.8190905
51.9,381.9353162
52,382.0224903
52.1,382.0612357
52.2,382.1290421
52.3,382.2162255
52.4,382.2743501
52.5,382.3518525
52.6,382.3809167
52.7,382.4293582
52.8,382.516556
52.9,382.5746903
53,382.6231369
53.1,382.6812746
53.2,382.7684846
53.3,382.807246
53.4,382.8750804
53.5,382.9429173
53.6,382.9913738
53.7,383.0398317
53.8,383.0979828
53.9,383.1270591
54,383.1658281
54.1,383.2142907
54.2,383.2336761
54.3,383.2627545
54.4,383.3015265
54.5,383.3306061
54.6,383.3499928
54.7,383.3887667
54.8,383.4178476
54.9,383.456623
55,383.466317
55.1,383.466317
55.2,383.5147877
55.3,383.5341763
55.4,383.5438707
55.5,383.5632596
55.6,383.5923434
55.7,383.5729542
55.8,383.5729542
55.9,383.6117329
56,383.5826488
56.1,383.6020382
56.2,383.6117329
56.3,383.6214277
56.4,383.6311226
56.5,383.6311226
56.6,383.6311226
56.7,383.6602075
56.8,383.6505125
56.9,383.6795977
57,383.6408175
57.1,383.6699026
57.2,383.6602075
57.3,383.6699026
57.4,383.6602075
57.5,383.6795977
57.6,383.6699026
57.7,383.6408175
57.8,383.6699026
57.9,383.6408175
58,383.6505125
58.1,383.6602075
58.2,383.6505125
58.3,383.6408175
58.4,383.6311226
58.5,383.6214277
58.6,383.6311226
58.7,383.6214277
58.8,383.5923434
58.9,383.5826488
59,383.5826488
59.1,383.5826488
59.2,383.5535651
59.3,383.5632596
59.4,383.5438707
59.5,383.5535651
59.6,383.5632596
59.7,383.5438707
59.8,383.5438707
59.9,383.5535651
60,383.5438707
60.1,383.5632596
60.2,383.5438707
60.3,383.5535651
60.4,383.5535651
60.5,383.5147877
60.6,383.5341763
60.7,383.5632596
60.8,383.5535651
60.9,383.5632596
61,383.5729542
61.1,383.6020382
61.2,383.5826488
61.3,383.5826488
61.4,383.5923434
61.5,383.6020382
61.6,383.5923434
61.7,383.6311226
61.8,383.6408175
61.9,383.6699026
62,383.6408175
62.1,383.6699026
62.2,383.6795977
62.3,383.6699026
62.4,383.6989881
62.5,383.7183788
62.6,383.7377696
62.7,383.7474651
62.8,383.7765519
62.9,383.7765519
63,383.834727
63.1,383.844423
63.2,383.8541191
63.3,383.8929039
63.4,383.9026003
63.5,383.9316896
63.6,383.9316896
63.7,383.9607794
63.8,383.9704761
63.9,383.9704761
64,383.9898697
64.1,383.9898697
64.2,384.0092635
64.3,384.0286575
64.4,384.0189605
64.5,384.0286575
64.6,384.0480517
64.7,384.0480517
64.8,384.0771434
64.9,384.0868408
65,384.1062356
65.1,384.145026
65.2,384.1256307
65.3,384.1353283
65.4,384.1547237
65.5,384.145026
65.6,384.1838171
65.7,384.1838171
65.8,384.2129111
65.9,384.203213
66,384.2517037
66.1,384.2517037
66.2,384.261402
66.3,384.261402
66.4,384.3001957
66.5,384.3001957
66.6,384.3292916
66.7,384.3195929
66.8,384.3486891
66.9,384.3583879
67,384.3486891
67.1,384.3680868
67.2,384.3874847
67.3,384.3971837
67.4,384.416582
67.5,384.4068828
67.6,384.4262812
67.7,384.4359804
67.8,384.4553791
67.9,384.4553791
68,384.5038766
68.1,384.5038766
68.2,384.5135763
68.3,384.523276
68.4,384.5523755
68.5,384.5717755
68.6,384.5620755
68.7,384.5814755
68.8,384.6008758
68.9,384.610576
69,384.6299765
69.1,384.6396769
69.2,384.6396769
69.3,384.6881795
69.4,384.6881795
69.5,384.6978802
69.6,384.7075809
69.7,384.7172817
69.8,384.7657865
69.9,384.7463844
70,384.7560854
70.1,384.8142925
70.2,384.8239939
70.3,384.8045912
70.4,384.8725016
70.5,384.8627999
70.6,384.8627999
70.7,384.9016068
70.8,384.9210106
70.9,384.9307125
71,384.9501166
71.1,384.9501166
71.2,384.9598187
71.3,384.9986277
71.4,384.9889254
71.5,385.0083301
71.6,385.0180326
71.7,385.0471402
71.8,385.0762483
71.9,385.0665455
72,385.1150599
72.1,385.1441691
72.2,385.1538723
72.3,385.1635755
72.4,385.1829822
72.5,385.202389
72.6,385.202389
72.7,385.2509071
72.8,385.2509071
72.9,385.3091305
73,385.2897225
73.1,385.3188346
73.2,385.3479472
73.3,385.3770603
73.4,385.3770603
73.5,385.3867647
73.6,385.4255831
73.7,385.4158785
73.8,385.4644024
73.9,385.4644024
74,385.5032225
74.1,385.5226329
74.2,385.5517488
74.3,385.5808653
74.4,385.5808653
74.5,385.6002765
74.6,385.619688
74.7,385.619688
74.8,385.6390996
74.9,385.6779236
75,385.6973359
75.1,385.7361612
75.2,385.7264548
75.3,385.7555741
75.4,385.7555741
75.5,385.8138142
75.6,385.8235211
75.7,385.8526421
75.8,385.8817635
75.9,385.9011781
76,385.8817635
76.1,385.9497154
76.2,385.9497154
76.3,385.9691307
76.4,385.9885462
76.5,386.0273779
76.6,386.0467941
76.7,386.0467941
76.8,386.0953355
76.9,386.1050439
77,386.1147524
77.1,386.1535869
77.2,386.1924222
77.3,386.1827133
77.4,386.2021312
77.5,386.2312584
77.6,386.2603862
77.7,386.2603862
77.8,386.2992239
77.9,386.3283527
78,386.3574821
78.1,386.367192
78.2,386.3769019
78.3,386.396322
78.4,386.4254524
78.5,386.444873
78.6,386.4740043
78.7,386.5225575
78.8,386.4934254
78.9,386.5516901
79,386.5711121
79.1,386.5905343
79.2,386.6099567
79.3,386.6099567
79.4,386.6682252
79.5,386.6585137
79.6,386.6876485
79.7,386.6973603
79.8,386.7362077
79.9,386.7653438
80,386.775056
80.1,386.8430426
80.2,386.9790237
80.3,387.0664458
80.4,387.1635865
80.5,387.319023
80.6,387.4356095
80.7,387.5619203
80.8,387.7173924
80.9,387.8437238
81,387.9700643
81.1,388.1352928
81.2,388.2713751
81.3,388.4171894
81.4,388.5241278
81.5,388.650518
81.6,388.767194
81.7,388.874154
81.8,388.9713961
81.9,389.0589187
82,389.1561712
82.1,389.2534292
82.2,389.3020603
82.3,389.3701461
82.4,389.4674161
82.5,389.5549639
82.6,389.5744196
82.7,389.6619728
82.8,389.720344
82.9,389.7787173
83,389.8273632
83.1,389.8760104
83.2,389.8954697
83.3,389.934389
83.4,389.963579
83.5,389.9927695
83.6,390.0316909
83.7,390.0414214
83.8,390.1095364
83.9,390.1289984
84,390.1484605
84.1,390.1873855
84.2,390.2263113
84.3,390.2749699
84.4,390.2847018
84.5,390.3138977
84.6,390.3236298
84.7,390.3625588
84.8,390.4014886
84.9,390.4209538
85,390.4306865
85.1,390.4793508
85.2,390.4598849
85.3,390.4793508
85.4,390.5085501
85.5,390.498817
85.6,390.5572167
85.7,390.5864172
85.8,390.5669501
85.9,390.6058846
86,390.6156183
86.1,390.6545539
86.2,390.6642879
86.3,390.674022
86.4,390.6837561
86.5,390.7129589
86.6,390.7129589
86.7,390.7226932
86.8,390.7421621
86.9,390.7421621
87,390.7713658
87.1,390.8005701
87.2,390.7811005
87.3,390.8005701
87.4,390.8297748
87.5,390.8297748
87.6,390.8492449
87.7,390.8687152
87.8,390.8492449
87.9,390.8492449
88,390.8881857
88.1,390.8979211
88.2,390.9173919
88.3,390.9271275
88.4,390.9173919
88.5,390.9465987
88.6,390.9660701
88.7,390.9952776
88.8,391.0244857
88.9,391.0342218
89,391.0342218
89.1,391.0536942
89.2,391.0536942
89.3,391.0536942
89.4,391.0536942
89.5,391.0634305
89.6,391.0634305
89.7,391.0829032
89.8,391.1023762
89.9,391.1121128
90,391.1607964
90.1,391.1121128
90.2,391.1023762
90.3,391.1413228
90.4,391.1218494
90.5,391.1023762
90.6,391.1218494
90.7,391.1510596
90.8,391.1607964
90.9,391.1413228
91,391.1510596
91.1,391.1802703
91.2,391.1802703
91.3,391.1802703
91.4,391.2192186
91.5,391.1802703
91.6,391.1997443
91.7,391.2192186
91.8,391.2386931
91.9,391.2581679
92,391.2679053
92.1,391.297118
92.2,391.2776428
92.3,391.2776428
92.4,391.2873804
92.5,391.297118
92.6,391.3165934
92.7,391.3263312
92.8,391.3165934
92.9,391.3555449
93,391.3555449
93.1,391.3944972
93.2,391.4139737
93.3,391.3750209
93.4,391.4334504
93.5,391.4139737
93.6,391.4529274
93.7,391.4431889
93.8,391.4724046
93.9,391.4626659
94,391.4821432
94.1,391.5113596
94.2,391.5016207
94.3,391.5210984
94.4,391.5016207
94.5,391.5405764
94.6,391.5697937
94.7,391.5697937
94.8,391.5990115
94.9,391.5990115
95,391.6184904
95.1,391.6184904
95.2,391.6184904
95.3,391.6671884
95.4,391.6671884
95.5,391.6574487
95.6,391.686668
95.7,391.686668
95.8,391.6769282
95.9,391.6964079
96,391.7061478
96.1,391.7548484
96.2,391.7451081
96.3,391.7548484
96.4,391.774329
96.5,391.8132908
96.6,391.7840693
96.7,391.8230314
96.8,391.8619944
96.9,391.8522536
97,391.8425128
97.1,391.8425128
97.2,391.8619944
97.3,391.8619944
97.4,391.8717353
97.5,391.9009582
97.6,391.9009582
97.7,391.9106994
97.8,391.9301817
97.9,391.9594057
98,391.9496643
98.1,391.939923
98.2,391.9788886
98.3,391.9788886
98.4,391.9691471
98.5,392.0081134
98.6,392.0373387
98.7,392.0373387
98.8,392.0568225
98.9,392.0568225
99,392.0568225
99.1,392.0568225
99.2,392.0763066
99.3,392.1152753
99.4,392.105533
99.5,392.13476
99.6,392.1152753
99.7,392.1639875
99.8,392.1542449
99.9,392.1639875
100,392.1737301
100.1,392.1834727
100.2,392.1737301
100.3,392.1932154
100.4,392.1932154
100.5,392.1737301
100.6,392.212701
100.7,392.2321868
100.8,392.2321868
100.9,392.2321868
101,392.2516728
101.1,392.2614159
101.2,392.2711591
101.3,392.2711591
101.4,392.3003889
101.5,392.2809023
101.6,392.3296192
101.7,392.3101323
101.8,392.3198757
101.9,392.3393627
102,392.3491063
102.1,392.3491063
102.2,392.3783374
102.3,392.3685937
102.4,392.3978251
102.5,392.3880812
102.6,392.417313
102.7,392.417313
102.8,392.4270571
102.9,392.4368012
103,392.4465453
103.1,392.4465453
103.2,392.4368012
103.3,392.4562895
103.4,392.4757781
103.5,392.4660338
103.6,392.4757781
103.7,392.4757781
103.8,392.5050114
103.9,392.5245005
104,392.5147559
104.1,392.5439899
104.2,392.5634794
104.3,392.5634794
104.4,392.5634794
104.5,392.5634794
104.6,392.5732243
104.7,392.5829692
104.8,392.6024593
104.9,392.6024593
105,392.5829692
105.1,392.5732243
105.2,392.6219495
105.3,392.64144
105.4,392.6511853
105.5,392.64144
105.6,392.6609306
105.7,392.6511853
105.8,392.6804216
105.9,392.6999127
106,392.6901671
106.1,392.6999127
106.2,392.719404
106.3,392.719404
106.4,392.719404
106.5,392.7291498
106.6,392.7486415
106.7,392.7388956
106.8,392.7681334
106.9,392.7583874
107,392.8071179
107.1,392.7778794
107.2,392.7778794
107.3,392.8071179
107.4,392.8168641
107.5,392.8168641
107.6,392.8266104
107.7,392.8266104
107.8,392.8363568
107.9,392.8363568
108,392.8071179
108.1,392.8266104
108.2,392.8363568
108.3,392.8461032
108.4,392.8850895
108.5,392.8655962
108.6,392.8655962
108.7,392.8850895
108.8,392.8753428
108.9,392.8948362
109,392.8753428
109.1,392.8948362
109.2,392.9045829
109.3,392.8850895
109.4,392.8850895
109.5,392.8753428
109.6,392.9045829
109.7,392.9045829
109.8,392.9143298
109.9,392.8948362
110,392.9045829
110.1,392.9338235
110.2,392.9240766
110.3,392.9338235
110.4,392.9045829
110.5,392.9143298
110.6,392.9338235
110.7,392.9338235
110.8,392.9338235
110.9,392.9338235
111,392.9240766
111.1,392.9240766
111.2,392.9630647
111.3,392.9728118
111.4,392.9435705
111.5,392.9435705
111.6,392.9533176
111.7,392.9728118
111.8,392.9923063
111.9,393.0020536
112,392.9728118
112.1,392.9728118
112.2,392.9728118
112.3,393.0020536
112.4,393.0020536
112.5,392.9923063
112.6,393.0118009
112.7,393.0312958
112.8,393.0215484
112.9,393.0020536
113,393.0118009
113.1,393.0118009
113.2,393.0312958
113.3,393.0118009
113.4,393.0215484
113.5,393.0312958
113.6,393.0312958
113.7,393.0702863
113.8,393.0605386
113.9,393.050791
114,393.0410434
114.1,393.0312958
114.2,393.050791
114.3,393.0800341
114.4,393.0800341
114.5,393.0800341
114.6,393.0800341
114.7,393.0897819
114.8,393.0897819
114.9,393.0897819
115,393.0800341
115.1,393.1287737
115.2,393.1190256
115.3,393.1092777
115.4,393.1092777
115.5,393.1190256
115.6,393.1287737
115.7,393.1287737
115.8,393.1482699
115.9,393.1482699
116,393.1482699
116.1,393.1482699
116.2,393.1482699
116.3,393.1580181
116.4,393.1580181
116.5,393.1677664
116.6,393.1775147
116.7,393.1580181
116.8,393.1775147
116.9,393.1970115
117,393.1580181
117.1,393.1775147
117.2,393.2165085
117.3,393.1970115
117.4,393.1970115
117.5,393.20676
117.6,393.20676
117.7,393.1970115
117.8,393.2457544
117.9,393.2262571
118,393.2262571
118.1,393.2262571
118.2,393.20676
118.3,393.2165085
118.4,393.2360057
118.5,393.2360057
118.6,393.20676
118.7,393.2262571
118.8,393.2360057
118.9,393.2457544
119,393.2457544
119.1,393.265252
119.2,393.2555032
119.3,393.265252
119.4,393.265252
119.5,393.265252
119.6,393.265252
119.7,393.265252
119.8,393.265252
119.9,393.2847498
120,393.2555032
120.1,393.265252
120.2,393.2750009
120.3,393.2750009
120.4,393.3042478
120.5,393.265252
120.6,393.3042478
120.7,393.2944988
120.8,393.2847498
120.9,393.2750009
121,393.2750009
121.1,393.3042478
121.2,393.2944988
121.3,393.3042478
121.4,393.3139969
121.5,393.3042478
121.6,393.323746
121.7,393.2944988
121.8,393.3139969
121.9,393.3139969
122,393.2944988
122.1,393.3334952
122.2,393.3432445
122.3,393.323746
122.4,393.2944988
122.5,393.3139969
122.6,393.323746
122.7,393.323746
122.8,393.3529938
122.9,393.3432445
123,393.3432445
123.1,393.3529938
123.2,393.3529938
123.3,393.3432445
123.4,393.3334952
123.5,393.3432445
123.6,393.323746
123.7,393.3627432
123.8,393.3529938
123.9,393.3822421
124,393.3627432
124.1,393.3432445
124.2,393.3724926
124.3,393.3627432
124.4,393.3529938
124.5,393.3529938
124.6,393.3627432
124.7,393.3627432
124.8,393.3724926
124.9,393.3529938
125,393.3822421
125.1,393.3822421
125.2,393.3627432
125.3,393.3919916
125.4,393.3919916
125.5,393.3724926
125.6,393.3919916
125.7,393.3724926
125.8,393.3724926
125.9,393.4017412
126,393.3919916
126.1,393.3919916
126.2,393.3822421
126.3,393.3919916
126.4,393.4017412
126.5,393.3822421
126.6,393.3627432
126.7,393.4017412
126.8,393.4017412
126.9,393.4017412
127,393.4017412
127.1,393.3822421
127.2,393.3919916
127.3,393.3919916
127.4,393.3822421
127.5,393.4017412
127.6,393.4114908
127.7,393.4114908
127.8,393.4309903
127.9,393.4017412
128,393.4212405
128.1,393.4017412
128.2,393.4017412
128.3,393.3919916
128.4,393.3919916
128.5,393.4114908
128.6,393.4114908
128.7,393.4114908
128.8,393.4017412
128.9,393.4212405
129,393.4114908
129.1,393.4114908
129.2,393.4017412
129.3,393.4114908
129.4,393.4017412
129.5,393.4017412
129.6,393.4114908
129.7,393.4212405
129.8,393.4017412
129.9,393.4212405
130,393.4017412
130.1,393.3529938
130.2,393.4017412
130.3,393.3919916
130.4,393.4114908
130.5,393.4309903
130.6,393.3919916
130.7,393.4114908
130.8,393.3822421
130.9,393.4114908
131,393.3919916
131.1,393.3822421
131.2,393.3919916
131.3,393.3919916
131.4,393.3919916
131.5,393.3822421
131.6,393.4212405
131.7,393.3822421
131.8,393.3919916
131.9,393.3822421
132,393.4017412
132.1,393.3822421
132.2,393.3919916
132.3,393.4017412
132.4,393.3822421
132.5,393.3919916
132.6,393.3724926
132.7,393.3822421
132.8,393.3822421
132.9,393.3627432
133,393.3627432
133.1,393.3627432
133.2,393.3627432
133.3,393.3529938
133.4,393.3529938
133.5,393.3627432
133.6,393.3529938
133.7,393.3529938
133.8,393.3627432
133.9,393.3724926
134,393.3822421
134.1,393.3529938
134.2,393.3627432
134.3,393.3529938
134.4,393.3529938
134.5,393.323746
134.6,393.3529938
134.7,393.3334952
134.8,393.3529938
134.9,393.3627432
135,393.323746
135.1,393.3529938
135.2,393.3529938
135.3,393.3432445
135.4,393.3139969
135.5,393.323746
135.6,393.323746
135.7,393.3432445
135.8,393.2944988
135.9,393.3139969
136,393.3139969
136.1,393.3042478
136.2,393.3139969
136.3,393.3042478
136.4,393.323746
136.5,393.323746
136.6,393.2847498
136.7,393.3042478
136.8,393.3042478
136.9,393.3139969
137,393.323746
137.1,393.323746
137.2,393.3042478
137.3,393.3139969
137.4,393.2847498
137.5,393.3042478
137.6,393.2847498
137.7,393.323746
137.8,393.3042478
137.9,393.2847498
138,393.3139969
138.1,393.2847498
138.2,393.2944988
138.3,393.2944988
138.4,393.3042478
138.5,393.3042478
138.6,393.3042478
138.7,393.3042478
138.8,393.3139969
138.9,393.3042478
139,393.2944988
139.1,393.2944988
139.2,393.2847498
139.3,393.2944988
139.4,393.3042478
139.5,393.2847498
139.6,393.3042478
139.7,393.2944988
139.8,393.265252
139.9,393.2847498
140,393.2750009
140.1,393.323746
140.2,393.3042478
140.3,393.3139969
140.4,393.2847498
140.5,393.323746
140.6,393.2847498
140.7,393.3042478
140.8,393.2847498
140.9,393.265252
141,393.323746
141.1,393.2847498
141.2,393.323746
141.3,393.2847498
141.4,393.2944988
141.5,393.3042478
141.6,393.3139969
141.7,393.2944988
141.8,393.3042478
141.9,393.3139969
142,393.2944988
142.1,393.2847498
142.2,393.3139969
142.3,393.2944988
142.4,393.2847498
142.5,393.2944988
142.6,393.2944988
142.7,393.2944988
142.8,393.2847498
142.9,393.2750009
143,393.2847498
143.1,393.2750009
143.2,393.2944988
143.3,393.2750009
143.4,393.2944988
143.5,393.265252
143.6,393.2457544
143.7,393.3042478
143.8,393.2555032
143.9,393.2750009
144,393.2555032
144.1,393.2457544
144.2,393.2555032
144.3,393.265252
144.4,393.265252
144.5,393.265252
144.6,393.2360057
144.7,393.2262571
144.8,393.2457544
144.9,393.2555032
145,393.2555032
145.1,393.2457544
145.2,393.2555032
145.3,393.20676
145.4,393.2165085
145.5,393.2457544
145.6,393.2360057
145.7,393.20676
145.8,393.2262571
145.9,393.2360057
146,393.2165085
146.1,393.2262571
146.2,393.2262571
146.3,393.20676
146.4,393.2262571
146.5,393.1970115
146.6,393.2262571
146.7,393.20676
146.8,393.2262571
146.9,393.2165085
147,393.1775147
147.1,393.1872631
147.2,393.20676
147.3,393.1872631
147.4,393.1970115
147.5,393.1872631
147.6,393.1970115
147.7,393.1677664
147.8,393.1775147
147.9,393.1872631
148,393.1970115
148.1,393.1580181
148.2,393.1677664
148.3,393.1385218
148.4,393.1580181
148.5,393.1580181
148.6,393.1482699
148.7,393.1580181
148.8,393.1677664
148.9,393.1677664
149,393.1580181
149.1,393.1580181
149.2,393.1482699
149.3,393.1482699
149.4,393.1482699
149.5,393.1677664
149.6,393.1190256
149.7,393.1385218
149.8,393.1287737
149.9,393.1287737
150,393.1385218
150.1,393.1190256
150.2,393.1190256
150.3,393.1092777
150.4,393.1190256
150.5,393.1190256
150.6,393.1092777
150.7,393.0995297
150.8,393.1190256
150.9,393.0995297
151,393.0995297
151.1,393.0897819
151.2,393.0897819
151.3,393.1092777
151.4,393.0702863
151.5,393.0995297
151.6,393.0702863
151.7,393.0897819
151.8,393.0897819
151.9,393.0995297
152,393.1092777
152.1,393.0897819
152.2,393.0702863
152.3,393.0800341
152.4,393.0605386
152.5,393.0702863
152.6,393.0702863
152.7,393.0410434
152.8,393.0800341
152.9,393.0702863
153,393.0702863
153.1,393.050791
153.2,393.0410434
153.3,393.0605386
153.4,393.0312958
153.5,393.0605386
153.6,393.0410434
153.7,393.0410434
153.8,393.0312958
153.9,393.0702863
154,393.0410434
154.1,393.0312958
154.2,393.0312958
154.3,393.0312958
154.4,393.0118009
154.5,393.0215484
154.6,393.0020536
154.7,393.0118009
154.8,393.0215484
154.9,393.0118009
155,393.0215484
155.1,392.982559
155.2,393.0215484
155.3,393.0020536
155.4,393.0020536
155.5,393.0118009
155.6,392.982559
155.7,392.9728118
155.8,392.9923063
155.9,392.982559
156,392.982559
156.1,392.9923063
156.2,392.9533176
156.3,392.982559
156.4,392.9728118
156.5,392.982559
156.6,392.9533176
156.7,392.9338235
156.8,392.9630647
156.9,392.9630647
157,392.9728118
157.1,392.9435705
157.2,392.9533176
157.3,392.9435705
157.4,392.9338235
157.5,392.9533176
157.6,392.9435705
157.7,392.9435705
157.8,392.9143298
157.9,392.9435705
158,392.9338235
158.1,392.9533176
158.2,392.8948362
158.3,392.8948362
158.4,392.9143298
158.5,392.9045829
158.6,392.9338235
158.7,392.9240766
158.8,392.9045829
158.9,392.9143298
159,392.8850895
159.1,392.8948362
159.2,392.9338235
159.3,392.9143298
159.4,392.8948362
159.5,392.8948362
159.6,392.8753428
159.7,392.8850895
159.8,392.8461032
159.9,392.8753428
160,392.8850895
160.1,392.8753428
160.2,392.8753428
160.3,392.8850895
160.4,392.8655962
160.5,392.8558497
160.6,392.8558497
160.7,392.8655962
160.8,392.8558497
160.9,392.8558497
161,392.8461032
161.1,392.8558497
161.2,392.8461032
161.3,392.8266104
161.4,392.8558497
161.5,392.8461032
161.6,392.8558497
161.7,392.8363568
161.8,392.8266104
161.9,392.8168641
162,392.8363568
162.1,392.8168641
162.2,392.8168641
162.3,392.8071179
162.4,392.8266104
162.5,392.8266104
162.6,392.8071179
162.7,392.7876255
162.8,392.8071179
162.9,392.7973717
163,392.8071179
163.1,392.8071179
163.2,392.7973717
163.3,392.7973717
163.4,392.7778794
163.5,392.7681334
163.6,392.7681334
163.7,392.7973717
163.8,392.7681334
163.9,392.7681334
164,392.7681334
164.1,392.7973717
164.2,392.7486415
164.3,392.7583874
164.4,392.7583874
164.5,392.7778794
164.6,392.7486415
164.7,392.7681334
164.8,392.7778794
164.9,392.6999127
165,392.7486415
165.1,392.7388956
165.2,392.7486415
165.3,392.7583874
165.4,392.719404
165.5,392.7291498
165.6,392.719404
165.7,392.719404
165.8,392.719404
165.9,392.719404
166,392.6999127
166.1,392.6999127
166.2,392.7096583
166.3,392.7291498
166.4,392.719404
166.5,392.6999127
166.6,392.6999127
166.7,392.6804216
166.8,392.6999127
166.9,392.6999127
167,392.6706761
167.1,392.6706761
167.2,392.6804216
167.3,392.6706761
167.4,392.6511853
167.5,392.6609306
167.6,392.6804216
167.7,392.6609306
167.8,392.6804216
167.9,392.6511853
168,392.6706761
168.1,392.6511853
168.2,392.6609306
168.3,392.6316947
168.4,392.64144
168.5,392.6219495
168.6,392.6219495
168.7,392.6122044
168.8,392.6316947
168.9,392.6219495
169,392.6024593
169.1,392.6219495
169.2,392.6122044
169.3,392.6024593
169.4,392.6122044
169.5,392.6024593
169.6,392.5829692
169.7,392.6024593
169.8,392.5829692
169.9,392.5732243
170,392.5732243
170.1,392.5342452
170.2,392.5732243
170.3,392.5537346
170.4,392.5732243
170.5,392.5732243
170.6,392.5829692
170.7,392.5245005
170.8,392.5537346
170.9,392.5439899
171,392.5439899
171.1,392.5245005
171.2,392.5245005
171.3,392.5245005
171.4,392.5147559
171.5,392.5147559
171.6,392.5245005
171.7,392.4855225
171.8,392.5050114
171.9,392.5050114
172,392.4660338
172.1,392.4757781
172.2,392.4855225
172.3,392.4757781
172.4,392.4757781
172.5,392.4660338
172.6,392.4660338
172.7,392.4660338
172.8,392.4660338
172.9,392.4562895
173,392.4660338
173.1,392.4465453
173.2,392.4465453
173.3,392.4270571
173.4,392.4368012
173.5,392.4270571
173.6,392.4368012
173.7,392.4270571
173.8,392.417313
173.9,392.407569
174,392.417313
174.1,392.417313
174.2,392.417313
174.3,392.3978251
174.4,392.3978251
174.5,392.4270571
174.6,392.3880812
174.7,392.3978251
174.8,392.3880812
174.9,392.35885
175,392.3783374
175.1,392.3393627
175.2,392.3685937
175.3,392.3491063
175.4,392.35885
175.5,392.3393627
175.6,392.3685937
175.7,392.35885
175.8,392.3393627
175.9,392.3296192
176,392.3198757
176.1,392.3296192
176.2,392.3101323
176.3,392.3296192
176.4,392.3101323
176.5,392.3198757
176.6,392.3393627
176.7,392.3393627
176.8,392.2906456
176.9,392.2906456
177,392.3101323
177.1,392.2906456
177.2,392.3003889
177.3,392.2906456
177.4,392.2809023
177.5,392.2614159
177.6,392.2614159
177.7,392.2809023
177.8,392.2516728
177.9,392.2711591
178,392.2614159
178.1,392.2614159
178.2,392.2224439
178.3,392.2419298
178.4,392.2321868
178.5,392.2614159
178.6,392.212701
178.7,392.2224439
178.8,392.212701
178.9,392.2224439
179,392.2224439
179.1,392.2029582
179.2,392.212701
179.3,392.212701
179.4,392.1834727
179.5,392.2321868
179.6,392.1834727
179.7,392.1834727
179.8,392.1639875
179.9,392.1639875
180,392.1932154
180.1,392.1737301
180.2,392.1542449
180.3,392.1542449
180.4,392.1542449
180.5,392.1445024
180.6,392.1542449
180.7,392.13476
180.8,392.1250176
180.9,392.1250176
181,392.1152753
181.1,392.1152753
181.2,392.105533
181.3,392.1152753
181.4,392.13476
181.5,392.1152753
181.6,392.1152753
181.7,392.1250176
181.8,392.0763066
181.9,392.1152753
182,392.0860487
182.1,392.105533
182.2,392.0763066
182.3,392.0665645
182.4,392.0665645
182.5,392.0860487
182.6,392.0860487
182.7,392.0763066
182.8,392.0665645
182.9,392.0568225
183,392.0568225
183.1,392.0275969
183.2,392.0178551
183.3,392.0470806
183.4,392.0373387
183.5,392.0373387
183.6,392.0373387
183.7,392.0373387
183.8,392.0373387
183.9,392.0178551
184,392.0178551
184.1,391.9983718
184.2,392.0275969
184.3,392.0178551
184.4,391.9983718
184.5,391.9788886
184.6,391.9788886
184.7,391.9691471
184.8,391.9886302
184.9,391.9788886
185,391.9886302
185.1,391.9788886
185.2,391.9788886
185.3,391.9691471
185.4,391.9691471
185.5,391.9496643
185.6,391.9496643
185.7,391.9301817
185.8,391.9496643
185.9,391.9204405
186,391.9496643
186.1,391.9594057
186.2,391.9204405
186.3,391.9301817
186.4,391.9106994
186.5,391.9204405
186.6,391.9106994
186.7,391.9106994
186.8,391.9009582
186.9,391.9106994
187,391.8912172
187.1,391.9009582
187.2,391.8814762
187.3,391.8717353
187.4,391.9009582
187.5,391.9009582
187.6,391.8619944
187.7,391.8619944
187.8,391.8814762
187.9,391.8717353
188,391.8717353
188.1,391.8230314
188.2,391.8522536
188.3,391.8425128
188.4,391.8425128
188.5,391.8425128
188.6,391.8230314
188.7,391.8425128
188.8,391.7938098
188.9,391.8035503
189,391.774329
189.1,391.8035503
189.2,391.8035503
189.3,391.8035503
189.4,391.8132908
189.5,391.7938098
189.6,391.8035503
189.7,391.7840693
189.8,391.774329
189.9,391.774329
190,391.7548484
190.1,391.774329
190.2,391.7645886
190.3,391.7451081
190.4,391.735368
190.5,391.7451081
190.6,391.7451081
190.7,391.735368
190.8,391.7061478
190.9,391.735368
191,391.7256279
191.1,391.7256279
191.2,391.7061478
191.3,391.686668
191.4,391.7256279
191.5,391.6964079
191.6,391.686668
191.7,391.686668
191.8,391.686668
191.9,391.6671884
192,391.6671884
192.1,391.6671884
192.2,391.6671884
192.3,391.6671884
192.4,391.647709
192.5,391.686668
192.6,391.6574487
192.7,391.6671884
192.8,391.6379694
192.9,391.6282299
193,391.6574487
193.1,391.647709
193.2,391.6379694
193.3,391.647709
193.4,391.6282299
193.5,391.6184904
193.6,391.6184904
193.7,391.6282299
193.8,391.5892722
193.9,391.5892722
194,391.6087509
194.1,391.6282299
194.2,391.5892722
194.3,391.5892722
194.4,391.5697937
194.5,391.5697937
194.6,391.5892722
194.7,391.5503154
194.8,391.5697937
194.9,391.5697937
195,391.5405764
195.1,391.5697937
195.2,391.5405764
195.3,391.5308374
195.4,391.5503154
195.5,391.5308374
195.6,391.5308374
195.7,391.5308374
195.8,391.5210984
195.9,391.5210984
196,391.4821432
196.1,391.4918819
196.2,391.4918819
196.3,391.5113596
196.4,391.5016207
196.5,391.4529274
196.6,391.4724046
196.7,391.4724046
196.8,391.4724046
196.9,391.4724046
197,391.4529274
197.1,391.4529274
197.2,391.4529274
197.3,391.4334504
197.4,391.4431889
197.5,391.4431889
197.6,391.4431889
197.7,391.423712
197.8,391.4529274
197.9,391.4334504
198,391.4334504
198.1,391.4139737
198.2,391.4139737
198.3,391.3944972
198.4,391.423712
198.5,391.3652829
198.6,391.384759
198.7,391.3944972
198.8,391.3750209
198.9,391.384759
199,391.3944972
199.1,391.3652829
199.2,391.3555449
199.3,391.3555449
199.4,391.3555449
199.5,391.3652829
199.6,391.336069
199.7,391.3555449
199.8,391.3458069
199.9,391.3263312
200,391.336069
200.1,391.336069
200.2,391.3263312
200.3,391.297118
200.4,391.3165934
200.5,391.297118
200.6,391.3068557
200.7,391.297118
200.8,391.2873804
200.9,391.2873804
201,391.2873804
201.1,391.2776428
201.2,391.2679053
201.3,391.2776428
201.4,391.2679053
201.5,391.2581679
201.6,391.2484305
201.7,391.2386931
201.8,391.2386931
201.9,391.2484305
202,391.2386931
202.1,391.2484305
202.2,391.2192186
202.3,391.2289559
202.4,391.2386931
202.5,391.1997443
202.6,391.2192186
202.7,391.1997443
202.8,391.2094815
202.9,391.2094815
203,391.2192186
203.1,391.1900073
203.2,391.1705333
203.3,391.1607964
203.4,391.1607964
203.5,391.1510596
203.6,391.1413228
203.7,391.1705333
203.8,391.1705333
203.9,391.1413228
204,391.1315861
204.1,391.1413228
204.2,391.1413228
204.3,391.1121128
204.4,391.1218494
204.5,391.1413228
204.6,391.1413228
204.7,391.1121128
204.8,391.1023762
204.9,391.1023762
205,391.0926397
205.1,391.0926397
205.2,391.0731668
205.3,391.0829032
205.4,391.1023762
205.5,391.0731668
205.6,391.0926397
205.7,391.0731668
205.8,391.043958
205.9,391.043958
206,391.043958
206.1,391.0536942
206.2,391.0244857
206.3,391.0634305
206.4,391.0244857
206.5,391.0244857
206.6,391.0244857
206.7,391.0050136
206.8,391.0050136
206.9,391.0147496
207,391.0050136
207.1,391.0050136
207.2,390.9952776
207.3,391.0147496
207.4,390.9952776
207.5,390.9758059
207.6,390.9952776
207.7,390.9758059
207.8,390.9660701
207.9,390.9563343
208,390.9758059
208.1,390.9563343
208.2,390.9465987
208.3,390.9465987
208.4,390.9660701
208.5,390.9660701
208.6,390.9465987
208.7,390.9271275
208.8,390.9271275
208.9,390.9173919
209,390.9076565
209.1,390.8979211
209.2,390.9173919
209.3,390.8784504
209.4,390.8881857
209.5,390.8881857
209.6,390.8881857
209.7,390.8979211
209.8,390.8881857
209.9,390.8881857
210,390.8784504
210.1,390.8492449
210.2,390.85898
210.3,390.8492449
210.4,390.8687152
210.5,390.8297748
210.6,390.8297748
210.7,390.8297748
210.8,390.8395098
210.9,390.8200398
211,390.8005701
211.1,390.8395098
211.2,390.8103049
211.3,390.8200398
211.4,390.7908353
211.5,390.8297748
211.6,390.7908353
211.7,390.7908353
211.8,390.8103049
211.9,390.7908353
212,390.8103049
212.1,390.7811005
212.2,390.7616312
212.3,390.7713658
212.4,390.7616312
212.5,390.7518966
212.6,390.7713658
212.7,390.7811005
212.8,390.7811005
212.9,390.7324276
213,390.7518966
213.1,390.7324276
213.2,390.7518966
213.3,390.7226932
213.4,390.7324276
213.5,390.7226932
213.6,390.6934903
213.7,390.7032246
213.8,390.7226932
213.9,390.7226932
214,390.6934903
214.1,390.6934903
214.2,390.6934903
214.3,390.6837561
214.4,390.6642879
214.5,390.6642879
214.6,390.674022
214.7,390.6837561
214.8,390.6545539
214.9,390.6642879
215,390.6545539
215.1,390.6253521
215.2,390.6545539
215.3,390.6253521
215.4,390.6448199
215.5,390.6156183
215.6,390.6156183
215.7,390.6253521
215.8,390.6058846
215.9,390.6253521
216,390.6253521
216.1,390.5766837
216.2,390.5572167
216.3,390.5766837
216.4,390.5961509
216.5,390.5961509
216.6,390.5572167
216.7,390.5572167
216.8,390.5572167
216.9,390.5572167
217,390.5572167
217.1,390.5474832
217.2,390.5377499
217.3,390.5182833
217.4,390.5377499
217.5,390.5474832
217.6,390.5474832
217.7,390.5085501
217.8,390.5280166
217.9,390.4890839
218,390.5182833
218.1,390.5085501
218.2,390.4890839
218.3,390.5085501
218.4,390.4696179
218.5,390.5085501
218.6,390.4696179
218.7,390.4696179
218.8,390.4696179
218.9,390.4598849
219,390.4793508
219.1,390.4696179
219.2,390.4209538
219.3,390.4404193
219.4,390.4404193
219.5,390.4404193
219.6,390.4404193
219.7,390.4209538
219.8,390.4209538
219.9,390.4112212
220,390.4014886
220.1,390.391756
220.2,390.3820236
220.3,390.3820236
220.4,390.391756
220.5,390.3820236
220.6,390.4014886
220.7,390.3722911
220.8,390.3625588
220.9,390.3430942
221,390.3625588
221.1,390.3820236
221.2,390.3722911
221.3,390.333362
221.4,390.333362
221.5,390.333362
221.6,390.3625588
221.7,390.3236298
221.8,390.3528264
221.9,390.3138977
222,390.3041657
222.1,390.3041657
222.2,390.2847018
222.3,390.2847018
222.4,390.2944337
222.5,390.2944337
222.6,390.2847018
222.7,390.2749699
222.8,390.2749699
222.9,390.2555063
223,390.2652381
223.1,390.2555063
223.2,390.2652381
223.3,390.2360429
223.4,390.2360429
223.5,390.2457746
223.6,390.2068483
223.7,390.2360429
223.8,390.2068483
223.9,390.2068483
224,390.2068483
224.1,390.1971169
224.2,390.1873855
224.3,390.1873855
224.4,390.1873855
224.5,390.1873855
224.6,390.1873855
224.7,390.1484605
224.8,390.1679229
224.9,390.1484605
225,390.1289984
225.1,390.1484605
225.2,390.1387294
225.3,390.1387294
225.4,390.1192674
225.5,390.1095364
225.6,390.1192674
225.7,390.0900747
225.8,390.1192674
225.9,390.0900747
226,390.080344
226.1,390.0900747
226.2,390.080344
226.3,390.0706132
226.4,390.080344
226.5,390.0608826
226.6,390.0608826
226.7,390.051152
226.8,390.051152
226.9,390.051152
227,390.051152
227.1,390.0219605
227.2,390.0316909
227.3,390.0316909
227.4,390.0122301
227.5,389.9927695
227.6,390.0219605
227.7,390.0122301
227.8,390.0024998
227.9,389.9733091
228,389.9927695
228.1,390.0024998
228.2,389.9830393
228.3,389.9733091
228.4,389.9733091
228.5,389.9830393
228.6,389.934389
228.7,389.9538489
228.8,389.9246591
228.9,389.934389
229,389.934389
229.1,389.934389
229.2,389.9051995
229.3,389.8857401
229.4,389.8954697
229.5,389.8760104
229.6,389.8857401
229.7,389.8857401
229.8,389.8857401
229.9,389.8760104
230,389.8857401
230.1,389.8662809
230.2,389.8468219
230.3,389.8468219
230.4,389.8468219
230.5,389.8468219
230.6,389.8370925
230.7,389.8468219
230.8,389.8370925
230.9,389.8176339
231,389.8176339
231.1,389.7981755
231.2,389.7884463
231.3,389.7787173
231.4,389.7981755
231.5,389.7981755
231.6,389.7787173
231.7,389.7592593
231.8,389.7689883
231.9,389.7592593
232,389.7787173
232.1,389.7689883
232.2,389.7398016
232.3,389.7592593
232.4,389.7300728
232.5,389.720344
232.6,389.7398016
232.7,389.7398016
232.8,389.720344
232.9,389.7300728
233,389.720344
233.1,389.6717012
233.2,389.6814296
233.3,389.7008867
233.4,389.6911581
233.5,389.6814296
233.6,389.6814296
233.7,389.6522444
233.8,389.6425161
233.9,389.6619728
234,389.6230597
234.1,389.6230597
234.2,389.6327879
234.3,389.6133315
234.4,389.6133315
234.5,389.6133315
234.6,389.6327879
234.7,389.6036035
234.8,389.5938754
234.9,389.6133315
235,389.5841475
235.1,389.5841475
235.2,389.5841475
235.3,389.5744196
235.4,389.5841475
235.5,389.5452361
235.6,389.5744196
235.7,389.5646917
235.8,389.5452361
235.9,389.5549639
236,389.5646917
236.1,389.5355085
236.2,389.5257808
236.3,389.4965982
236.4,389.5257808
236.5,389.5063257
236.6,389.4771434
236.7,389.4965982
236.8,389.5160532
236.9,389.4965982
237,389.4868708
237.1,389.4868708
237.2,389.4965982
237.3,389.4674161
237.4,389.4285075
237.5,389.4674161
237.6,389.4285075
237.7,389.4576889
237.8,389.4285075
237.9,389.4090534
238,389.4285075
238.1,389.4090534
238.2,389.4090534
238.3,389.4090534
238.4,389.3993265
238.5,389.3993265
238.6,389.3798728
238.7,389.3798728
238.8,389.3798728
238.9,389.3701461
239,389.3312396
239.1,389.3506927
239.2,389.3701461
239.3,389.3604194
239.4,389.3506927
239.5,389.3409661
239.6,389.3117867
239.7,389.3312396
239.8,389.3117867
239.9,389.3215131
240,389.292334
240.1,389.3020603
240.2,389.3117867
240.3,389.3020603
240.4,389.292334
240.5,389.292334
240.6,389.2534292
240.7,389.2728815
240.8,389.2728815
240.9,389.2631553
241,389.3020603
241.1,389.2728815
241.2,389.2534292
241.3,389.2534292
241.4,389.2437032
241.5,389.2242512
241.6,389.2145254
241.7,389.2534292
241.8,389.2242512
241.9,389.2047995
242,389.2145254
242.1,389.185348
242.2,389.2047995
242.3,389.185348
242.4,389.2145254
242.5,389.185348
242.6,389.1658968
242.7,389.1464457
242.8,389.1367203
242.9,389.1367203
243,389.1658968
243.1,389.1367203
243.2,389.1269949
243.3,389.1172696
243.4,389.1269949
243.5,389.1269949
243.6,389.1269949
243.7,389.1172696
243.8,389.1075443
243.9,389.1172696
244,389.1075443
244.1,389.1172696
244.2,389.0978191
244.3,389.0783688
244.4,389.0589187
244.5,389.0686437
244.6,389.0589187
244.7,389.0394689
244.8,389.0589187
244.9,389.0394689
245,389.0589187
245.1,389.0102945
245.2,389.0394689
245.3,389.0200192
245.4,388.9908452
245.5,389.0005698
245.6,388.9811206
245.7,389.0005698
245.8,389.0005698
245.9,388.9811206
246,388.9811206
246.1,388.9811206
246.2,388.9908452
246.3,388.9713961
246.4,388.9422229
246.5,388.9519473
246.6,388.9422229
246.7,388.9519473
246.8,388.9227744
246.9,388.9130502
247,388.9227744
247.1,388.9227744
247.2,388.883878
247.3,388.9033261
247.4,388.893602
247.5,388.9130502
247.6,388.9130502
247.7,388.8644301
247.8,388.8644301
247.9,388.874154
248,388.8547063
248.1,388.874154
248.2,388.8547063
248.3,388.8449825
248.4,388.8449825
248.5,388.8352587
248.6,388.8352587
248.7,388.825535
248.8,388.8158114
248.9,388.8060878
249,388.825535
249.1,388.7866408
249.2,388.7866408
249.3,388.7574707
249.4,388.7769174
249.5,388.7574707
249.6,388.7574707
249.7,388.7574707
249.8,388.7477475
249.9,388.7477475
250,388.7283011
250.1,388.718578
250.2,388.699132
250.3,388.7283011
250.4,388.699132
250.5,388.6894091
250.6,388.6894091
250.7,388.6894091
250.8,388.699132
250.9,388.708855
251,388.699132
251.1,388.6796862
251.2,388.6699634
251.3,388.6699634
251.4,388.6796862
251.5,388.6407953
251.6,388.6407953
251.7,388.6310727
251.8,388.6310727
251.9,388.6407953
252,388.6116277
252.1,388.5921829
252.2,388.6019052
252.3,388.6019052
252.4,388.6116277
252.5,388.5921829
252.6,388.6019052
252.7,388.5824605
252.8,388.5630161
252.9,388.5727383
253,388.5630161
253.1,388.5435718
253.2,388.5532939
253.3,388.5435718
253.4,388.5338498
253.5,388.5144058
253.6,388.5241278
253.7,388.5241278
253.8,388.5144058
253.9,388.5046839
254,388.4949621
254.1,388.4852403
254.2,388.4755186
254.3,388.4852403
254.4,388.4755186
254.5,388.4755186
254.6,388.4852403
254.7,388.4366323
254.8,388.4755186
254.9,388.4463538
255,388.4463538
255.1,388.4074681
255.2,388.4269108
255.3,388.4171894
255.4,388.3977468
255.5,388.3783044
255.6,388.3977468
255.7,388.3880256
255.8,388.3783044
255.9,388.3880256
256,388.3783044
256.1,388.3588622
256.2,388.3685833
256.3,388.3588622
256.4,388.3296993
256.5,388.3491412
256.6,388.3491412
256.7,388.3199785
256.8,388.3199785
256.9,388.3394202
257,388.3199785
257.1,388.300537
257.2,388.2713751
257.3,388.300537
257.4,388.2810956
257.5,388.2908163
257.6,388.2616546
257.7,388.2810956
257.8,388.2519341
257.9,388.2616546
258,388.2519341
258.1,388.2616546
258.2,388.2422137
258.3,388.2422137
258.4,388.222773
258.5,388.2130528
258.6,388.2130528
258.7,388.2130528
258.8,388.2130528
258.9,388.2033326
259,388.1644524
259.1,388.1838924
259.2,388.1936124
259.3,388.1547324
259.4,388.1547324
259.5,388.1547324
259.6,388.1450126
259.7,388.1547324
259.8,388.125573
259.9,388.125573
260,388.1158533
260.1,388.125573
260.2,388.125573
260.3,388.0964141
260.4,388.0964141
260.5,388.0866945
260.6,388.0866945
260.7,388.0575362
260.8,388.076975
260.9,388.0866945
261,388.0575362
261.1,388.0478169
261.2,388.0478169
261.3,388.0380976
261.4,388.0186593
261.5,388.0478169
261.6,388.0283784
261.7,388.0380976
261.8,388.0089402
261.9,388.0089402
262,387.9895021
262.1,387.9700643
262.2,387.9895021
262.3,387.9700643
262.4,387.9603455
262.5,387.9311893
262.6,387.9700643
262.7,387.9311893
262.8,387.9506267
262.9,387.9117522
263,387.9311893
263.1,387.9117522
263.2,387.9311893
263.3,387.9117522
263.4,387.8923152
263.5,387.8923152
263.6,387.9020336
263.7,387.8728785
263.8,387.8923152
263.9,387.8923152
264,387.8631602
264.1,387.8728785
264.2,387.8728785
264.3,387.8340057
264.4,387.8340057
264.5,387.8437238
264.6,387.8242876
264.7,387.8048516
264.8,387.8242876
264.9,387.7854159
265,387.7951337
265.1,387.8145696
265.2,387.7854159
265.3,387.7854159
265.4,387.7854159
265.5,387.7756981
265.6,387.7562626
265.7,387.7368274
265.8,387.746545
265.9,387.7368274
266,387.7173924
266.1,387.7173924
266.2,387.6979577
266.3,387.707675
266.4,387.6979577
266.5,387.707675
266.6,387.707675
266.7,387.6688059
266.8,387.6688059
266.9,387.6785231
267,387.6590888
267.1,387.6396546
267.2,387.6396546
267.3,387.6105039
267.4,387.6202207
267.5,387.6299377
267.6,387.6202207
267.7,387.6202207
267.8,387.6007871
267.9,387.6105039
268,387.5813536
268.1,387.5910703
268.2,387.5813536
268.3,387.5813536
268.4,387.5619203
268.5,387.5619203
268.6,387.5619203
268.7,387.5522038
268.8,387.5327709
268.9,387.5230545
269,387.5230545
269.1,387.5133381
269.2,387.5230545
269.3,387.4939057
269.4,387.4841895
269.5,387.4939057
269.6,387.4647573
269.7,387.4550413
269.8,387.4744734
269.9,387.4356095
270,387.4258936
270.1,387.4356095
270.2,387.4356095
270.3,387.4453254
270.4,387.4258936
270.5,387.4064621
270.6,387.3870308
270.7,387.3870308
270.8,387.3967465
270.9,387.3675998
271,387.3578843
271.1,387.3675998
271.2,387.3675998
271.3,387.3384535
271.4,387.3578843
271.5,387.3384535
271.6,387.3287382
271.7,387.3384535
271.8,387.3287382
271.9,387.319023
272,387.3093078
272.1,387.2898776
272.2,387.2801626
272.3,387.2704476
272.4,387.2607327
272.5,387.2510178
272.6,387.2510178
272.7,387.241303
272.8,387.2510178
272.9,387.2607327
273,387.2510178
273.1,387.2121589
273.2,387.2121589
273.3,387.1927298
273.4,387.1927298
273.5,387.1635865
273.6,387.1927298
273.7,387.1733009
273.8,387.1635865
273.9,387.1538722
274,387.1344437
274.1,387.1635865
274.2,387.1150155
274.3,387.1247296
274.4,387.1247296
274.5,387.1150155
274.6,387.1053014
274.7,387.0955874
274.8,387.0955874
274.9,387.0955874
275,387.0858735
275.1,387.0858735
275.2,387.056732
275.3,387.0664458
275.4,387.056732
275.5,387.056732
275.6,387.0178774
275.7,387.0178774
275.8,387.027591
275.9,387.0178774
276,387.0373046
276.1,387.0081639
276.2,386.9984505
276.3,386.9887371
276.4,386.9693104
276.5,386.9790237
276.6,386.9984505
276.7,386.9207448
276.8,386.9304578
276.9,386.9401709
277,386.9013189
277.1,386.9110318
277.2,386.9207448
277.3,386.891606
277.4,386.9013189
277.5,386.891606
277.6,386.8818932
277.7,386.8818932
277.8,386.891606
277.9,386.8624678
278,386.8527552
278.1,386.8818932
278.2,386.83333
278.3,386.8430426
278.4,386.8430426
278.5,386.8139051
278.6,386.8139051
278.7,386.8041928
278.8,386.7847682
278.9,386.8041928
279,386.7847682
279.1,386.7847682
279.2,386.775056
279.3,386.7653438
279.4,386.7653438
279.5,386.7459197
279.6,386.7362077
279.7,386.7167839
279.8,386.7459197
279.9,386.7362077
280,386.7264957
280.1,386.707072
280.2,386.6876485
280.3,386.7167839
280.4,386.6876485
280.5,386.6682252
280.6,386.6682252
280.7,386.6293793
280.8,386.6682252
280.9,386.6390907
281,386.6390907
281.1,386.6293793
281.2,386.6099567
281.3,386.619668
281.4,386.619668
281.5,386.5905343
281.6,386.6099567
281.7,386.5808231
281.8,386.6099567
281.9,386.5808231
282,386.5711121
282.1,386.5808231
282.2,386.5711121
282.3,386.5419792
282.4,386.5516901
282.5,386.5419792
282.6,386.5419792
282.7,386.5322683
282.8,386.5419792
282.9,386.5419792
283,386.5128468
283.1,386.4837148
283.2,386.4934254
283.3,386.4740043
283.4,386.4740043
283.5,386.4740043
283.6,386.4545834
283.7,386.4545834
283.8,386.4351627
283.9,386.444873
284,386.4351627
284.1,386.4254524
284.2,386.4060321
284.3,386.4351627
284.4,386.4060321
284.5,386.396322
284.6,386.3866119
284.7,386.3866119
284.8,386.396322
284.9,386.3769019
285,386.3769019
285.1,386.3769019
285.2,386.3477723
285.3,386.3574821
285.4,386.367192
285.5,386.3380625
285.6,386.3380625
285.7,386.3186431
285.8,386.3283527
285.9,386.2992239
286,386.3380625
286.1,386.2895144
286.2,386.2895144
286.3,386.2895144
286.4,386.2506769
286.5,386.2700955
286.6,386.2798049
286.7,386.2603862
286.8,386.2506769
286.9,386.2506769
287,386.2312584
287.1,386.2506769
287.2,386.2409676
287.3,386.2409676
287.4,386.2118402
287.5,386.2021312
287.6,386.1827133
287.7,386.1924222
287.8,386.2118402
287.9,386.2021312
288,386.1827133
288.1,386.1730044
288.2,386.1827133
288.3,386.1730044
288.4,386.1244609
288.5,386.1438782
288.6,386.1535869
288.7,386.0953355
288.8,386.1147524
288.9,386.1050439
289,386.0856271
289.1,386.1050439
289.2,386.0856271
289.3,386.0856271
289.4,386.0856271
289.5,386.0759188
289.6,386.0565023
289.7,386.0759188
289.8,386.0467941
289.9,386.0273779
290,386.037086
290.1,386.0176699
290.2,386.007962
290.3,386.0176699
290.4,385.9982541
290.5,385.9982541
290.6,385.9788384
290.7,385.9885462
290.8,385.9691307
290.9,385.9788384
291,385.959423
291.1,385.9400078
291.2,385.9400078
291.3,385.9497154
291.4,385.959423
291.5,385.9205928
291.6,385.9205928
291.7,385.9205928
291.8,385.9205928
291.9,385.9011781
292,385.9108854
292.1,385.8720563
292.2,385.8623492
292.3,385.8817635
292.4,385.8720563
292.5,385.8817635
292.6,385.8526421
292.7,385.842935
292.8,385.8332281
292.9,385.8235211
293,385.8138142
293.1,385.8138142
293.2,385.7749873
293.3,385.7749873
293.4,385.7944007
293.5,385.7652807
293.6,385.7652807
293.7,385.7652807
293.8,385.7555741
293.9,385.7555741
294,385.7458676
294.1,385.7264548
294.2,385.7264548
294.3,385.7167484
294.4,385.7264548
294.5,385.6876297
294.6,385.7070421
294.7,385.6876297
294.8,385.6779236
294.9,385.6488055
295,385.6682175
295.1,385.6682175
295.2,385.6682175
295.3,385.619688
295.4,385.6293938
295.5,385.6099822
295.6,385.619688
295.7,385.6099822
295.8,385.6099822
295.9,385.6293938
296,385.6002765
296.1,385.5614543
296.2,385.5905709
296.3,385.5614543
296.4,385.5517488
296.5,385.5517488
296.6,385.5614543
296.7,385.5420435
296.8,385.5129277
296.9,385.5032225
297,385.5032225
297.1,385.5032225
297.2,385.5032225
297.3,385.4838123
297.4,385.4644024
297.5,385.4644024
297.6,385.4546975
297.7,385.4546975
297.8,385.4449927
297.9,385.4449927
298,385.4449927
298.1,385.4255831
298.2,385.4061738
298.3,385.3964693
298.4,385.3770603
298.5,385.4061738
298.6,385.3867647
298.7,385.3770603
298.8,385.3770603
298.9,385.3673559
299,385.3673559
299.1,385.3576515
299.2,385.3285387
299.3,385.3285387
299.4,385.3285387
299.5,385.3188346
299.6,385.3091305
299.7,385.2897225
299.8,385.2800185
299.9,385.2703147
300,385.2703147
300.1,385.2606108
300.2,385.2606108
300.3,385.2217961
300.4,385.2509071
300.5,385.2509071
300.6,385.2412033
300.7,385.1926856
300.8,385.1926856
300.9,385.2120925
301,385.1926856
301.1,385.1829822
301.2,385.1732788
301.3,385.1538723
301.4,385.1538723
301.5,385.1635755
301.6,385.134466
301.7,385.134466
301.8,385.134466
301.9,385.134466
302,385.1053569
302.1,385.1053569
302.2,385.1053569
302.3,385.1053569
302.4,385.095654
302.5,385.0665455
302.6,385.0568428
302.7,385.0665455
302.8,385.0374376
302.9,385.0374376
303,385.0180326
303.1,385.0374376
303.2,385.027735
303.3,385.0374376
303.4,385.0083301
303.5,384.9986277
303.6,384.9986277
303.7,384.9986277
303.8,384.9598187
303.9,384.9695209
304,384.9792231
304.1,384.9792231
304.2,384.9501166
304.3,384.9695209
304.4,384.9404145
304.5,384.9210106
304.6,384.9016068
304.7,384.9016068
304.8,384.9016068
304.9,384.9016068
305,384.891905
305.1,384.9016068
305.2,384.8725016
305.3,384.8725016
305.4,384.8822033
305.5,384.8433968
305.6,384.8530983
305.7,384.8239939
305.8,384.8433968
305.9,384.8142925
306,384.8142925
306.1,384.7851887
306.2,384.8045912
306.3,384.7948899
306.4,384.7754876
306.5,384.7657865
306.6,384.7657865
306.7,384.7657865
306.8,384.7560854
306.9,384.7172817
307,384.7366835
307.1,384.7269826
307.2,384.7269826
307.3,384.7075809
307.4,384.6978802
307.5,384.6978802
307.6,384.7075809
307.7,384.6687783
307.8,384.6784789
307.9,384.6687783
308,384.6396769
308.1,384.6396769
308.2,384.6493773
308.3,384.6299765
308.4,384.610576
308.5,384.6202762
308.6,384.5814755
308.7,384.610576
308.8,384.5814755
308.9,384.5814755
309,384.5717755
309.1,384.5426757
309.2,384.5523755
309.3,384.5038766
309.4,384.5329758
309.5,384.5329758
309.6,384.523276
309.7,384.523276
309.8,384.494177
309.9,384.494177
310,384.4844775
310.1,384.4650785
310.2,384.4844775
310.3,384.4650785
310.4,384.4844775
310.5,384.4650785
310.6,384.4553791
310.7,384.416582
310.8,384.4456797
310.9,384.4359804
311,384.416582
311.1,384.3971837
311.2,384.4068828
311.3,384.4068828
311.4,384.4068828
311.5,384.3777857
311.6,384.3680868
311.7,384.3680868
311.8,384.3195929
311.9,384.3389903
312,384.3292916
312.1,384.3292916
312.2,384.3292916
312.3,384.3195929
312.4,384.3098943
312.5,384.3001957
312.6,384.2904972
312.7,384.2807988
312.8,384.261402
312.9,384.261402
313,384.261402
313.1,384.2711004
313.2,384.2323073
313.3,384.2129111
313.4,384.2226092
313.5,384.203213
313.6,384.2226092
313.7,384.2129111
313.8,384.203213
313.9,384.1935151
314,384.2226092
314.1,384.1644214
314.2,384.1935151
314.3,384.1547237
314.4,384.1547237
314.5,384.1644214
314.6,384.1644214
314.7,384.145026
314.8,384.1353283
314.9,384.1256307
315,384.1256307
315.1,384.0868408
315.2,384.0868408
315.3,384.0674462
315.4,384.0868408
315.5,384.0674462
315.6,384.0577489
315.7,384.0577489
315.8,384.0480517
315.9,384.0286575
316,384.0286575
316.1,384.0383546
316.2,384.0092635
316.3,384.0189605
316.4,384.0189605
316.5,383.9801729
316.6,383.9801729
316.7,383.9704761
316.8,383.9510828
316.9,383.9801729
317,383.9607794
317.1,383.9413862
317.2,383.9510828
317.3,383.9316896
317.4,383.9219931
317.5,383.9219931
317.6,383.9413862
317.7,383.9122967
317.8,383.9122967
317.9,383.8929039
318,383.8832076
318.1,383.8638152
318.2,383.8638152
318.3,383.8541191
318.4,383.825031
318.5,383.834727
318.6,383.8153351
318.7,383.825031
318.8,383.8056392
318.9,383.8153351
319,383.8056392
319.1,383.7765519
319.2,383.7862476
319.3,383.7765519
319.4,383.7765519
319.5,383.7474651
319.6,383.7571607
319.7,383.7571607
319.8,383.7280742
319.9,383.7377696
320,383.7280742
320.1,383.7280742
320.2,383.7280742
320.3,383.6795977
320.4,383.7183788
320.5,383.6505125
320.6,383.6795977
320.7,383.6795977
320.8,383.6699026
320.9,383.6602075
321,383.6408175
321.1,383.6505125
321.2,383.6117329
321.3,383.6408175
321.4,383.6214277
321.5,383.6020382
321.6,383.6117329
321.7,383.5923434
321.8,383.6020382
321.9,383.5923434
322,383.5729542
322.1,383.5826488
322.2,383.5632596
322.3,383.5535651
322.4,383.5244819
322.5,383.5341763
322.6,383.5147877
322.7,383.5147877
322.8,383.5050934
322.9,383.476011
323,383.4953992
323.1,383.4953992
323.2,383.4953992
323.3,383.456623
323.4,383.466317
323.5,383.4469291
323.6,383.4275414
323.7,383.4469291
323.8,383.3984603
323.9,383.4275414
324,383.4081539
324.1,383.4081539
324.2,383.3984603
324.3,383.3887667
324.4,383.3693796
324.5,383.3693796
324.6,383.3693796
324.7,383.3499928
324.8,383.3306061
324.9,383.3306061
325,383.3209129
325.1,383.2918335
325.2,383.3112197
325.3,383.2724475
325.4,383.2918335
325.5,383.2821404
325.6,383.2724475
325.7,383.2530617
325.802,383.2627545
325.902,383.2627545
326.002,383.2336761
326.102,383.2336761
326.202,383.2142907
326.302,383.2336761
326.402,383.185213
326.502,383.1949055
326.602,383.1949055
326.702,383.1755205
326.802,383.1658281
326.902,383.1464435
327.002,383.1367512
327.102,383.1367512
327.202,383.1270591
327.302,383.1076748
327.402,383.0785989
327.502,383.0979828
327.602,383.0785989
327.702,383.0785989
327.802,383.0592152
327.902,383.0592152
328.002,383.0398317
328.102,383.0398317
328.202,383.0107568
328.302,383.0107568
328.402,383.0204484
328.502,382.9816824
328.602,383.0010653
328.702,382.9913738
328.802,382.9719911
328.902,382.9526085
329.002,382.9429173
329.102,382.9332262
329.202,382.9526085
329.302,382.9332262
329.402,382.9235351
329.502,382.904153
329.602,382.8847712
329.702,382.904153
329.802,382.8750804
329.902,382.8750804
330.002,382.8653896
330.102,382.8653896
330.202,382.826627
330.302,382.807246
330.402,382.826627
330.502,382.826627
330.602,382.7878652
330.702,382.807246
330.802,382.7878652
330.902,382.7684846
331.002,382.7684846
331.102,382.7684846
331.202,382.7491042
331.302,382.7297241
331.402,382.7103441
331.502,382.7394141
331.602,382.7297241
331.702,382.7103441
331.802,382.6812746
331.902,382.6812746
332.002,382.6812746
332.102,382.6715848
332.202,382.6618951
332.302,382.6425159
332.402,382.6134475
332.502,382.6328264
332.602,382.6231369
332.702,382.6134475
332.802,382.6134475
332.902,382.5746903
333.002,382.5843795
333.102,382.5650011
333.202,382.5650011
333.302,382.5746903
333.402,382.5359339
333.502,382.5359339
333.602,382.5262449
333.702,382.5456229
333.802,382.516556
333.902,382.516556
334.002,382.516556
334.102,382.4681122
334.202,382.4681122
334.302,382.4681122
334.402,382.4584236
334.502,382.4681122
334.602,382.4487351
334.702,382.4584236
334.802,382.4293582
334.902,382.4002931
335.002,382.4196698
335.102,382.4002931
335.202,382.4002931
335.302,382.3809167
335.402,382.3809167
335.502,382.3712286
335.602,382.3712286
335.702,382.3227887
335.802,382.3421645
335.902,382.3324766
336.002,382.3421645
336.102,382.3034131
336.202,382.3034131
336.302,382.2840377
336.402,382.2840377
336.502,382.2840377
336.602,382.254975
336.702,382.2646626
336.802,382.254975
336.902,382.2646626
337.002,382.2259128
337.102,382.2452876
337.202,382.2259128
337.302,382.2162255
337.402,382.2259128
337.502,382.1968511
337.602,382.1871639
337.702,382.1871639
337.802,382.1581028
337.902,382.1774768
338.002,382.1484158
338.102,382.1484158
338.202,382.1290421
338.302,382.1581028
338.402,382.1193553
338.502,382.0902953
338.602,382.0902953
338.702,382.0806087
338.802,382.0806087
338.902,382.0515493
339.002,382.0709222
339.102,382.0515493
339.202,382.0321766
339.302,382.0418629
339.402,382.0224903
339.502,382.0128041
339.602,382.0128041
339.702,382.0031179
339.802,382.0128041
339.902,381.9837457
340.002,381.9546879
340.102,381.9353162
340.202,381.9353162
340.302,381.9353162
340.402,381.9643738
340.502,381.9062591
340.602,381.9353162
340.702,381.8965735
340.802,381.8965735
340.902,381.8965735
341.002,381.8868879
341.102,381.838461
341.202,381.838461
341.302,381.8772024
341.402,381.838461
341.502,381.838461
341.602,381.8287757
341.702,381.7997203
341.802,381.7997203
341.902,381.7997203
342.002,381.7900353
342.102,381.7706654
342.202,381.7609805
342.302,381.7609805
342.402,381.7512957
342.502,381.7609805
342.602,381.7222415
342.702,381.7416109
342.802,381.7222415
342.902,381.7125569
343.002,381.7125569
343.102,381.6835033
343.202,381.6835033
343.302,381.6641345
343.402,381.6738189
343.502,381.6544502
343.602,381.644766
343.702,381.644766
343.802,381.6253976
343.902,381.6060294
344.002,381.5963454
344.102,381.5866615
344.202,381.5866615
344.302,381.5963454
344.402,381.5769776
344.502,381.5672937
344.602,381.5672937
344.702,381.5382425
344.802,381.5285588
344.902,381.5382425
345.002,381.5285588
345.102,381.4898248
345.202,381.5091917
345.302,381.5091917
345.402,381.4898248
345.502,381.470458
345.602,381.470458
345.702,381.4510915
345.802,381.4510915
345.902,381.4607747
346.002,381.4123591
346.102,381.4123591
346.202,381.4123591
346.302,381.4123591
346.402,381.4123591
346.502,381.3929932
346.602,381.3639447
346.702,381.3639447
346.802,381.3639447
346.902,381.3348967
347.002,381.3155316
347.102,381.3348967
347.202,381.3252141
347.302,381.3058491
347.402,381.276802
347.502,381.2961667
347.602,381.276802
347.702,381.276802
347.802,381.276802
347.902,381.2574376
348.002,381.2477554
348.102,381.2574376
348.202,381.2283912
348.302,381.2380733
348.402,381.2187092
348.502,381.2090273
348.602,381.1993454
348.702,381.1993454
348.802,381.1703
348.902,381.1703
349.002,381.1606183
349.102,381.1703
349.202,381.1509366
349.302,381.141255
349.402,381.141255
349.502,381.1122105
349.602,381.0928478
349.702,381.1025291
349.802,381.0831665
349.902,381.063804
350.002,381.063804
350.102,381.063804
350.202,381.0831665
350.302,381.0347608
350.402,381.0250798
350.502,381.0153989
350.602,381.0250798
350.702,381.005718
350.802,380.9960371
350.902,380.9960371
351.002,380.9960371
351.102,380.9669949
351.202,380.9669949
351.302,380.9476337
351.402,380.9669949
351.502,380.9379532
351.602,380.9379532
351.702,380.9282727
351.802,380.8895513
351.902,380.9089119
352.002,380.8895513
352.102,380.8895513
352.202,380.8992316
352.302,380.8798711
352.402,380.8701909
352.502,380.8701909
352.602,380.8411507
352.702,380.8508307
352.802,380.8314708
352.902,380.8024312
353.002,380.773392
353.102,380.8217908
353.202,380.7927514
353.302,380.7443533
353.402,380.7637124
353.502,380.7346739
353.602,380.7346739
353.702,380.773392
353.802,380.7153151
353.902,380.7153151
354.002,380.7056358
354.102,380.7056358
354.202,380.7153151
354.302,380.6959565
354.402,380.6862773
354.502,380.65724
354.602,380.6765982
354.702,380.647561
354.802,380.6185243
354.902,380.637882
355.002,380.647561
355.102,380.6185243
355.202,380.6088455
355.302,380.5798094
355.402,380.5798094
355.502,380.5701308
355.602,380.5798094
355.702,380.5604522
355.802,380.5410953
355.902,380.5410953
356.002,380.5507737
356.102,380.5217385
356.202,380.5217385
356.302,380.5217385
356.402,380.4927038
356.502,380.5120602
356.602,380.4733476
356.702,380.4636695
356.802,380.4636695
356.902,380.4539915
357.002,380.4249579
357.102,380.4152801
357.202,380.4443136
357.302,380.3765694
357.402,380.3765694
357.502,380.386247
357.602,380.4056023
357.702,380.3765694
357.802,380.3668919
357.902,380.347537
358.002,380.3765694
358.102,380.347537
358.202,380.347537
358.302,380.318505
358.402,380.2991505
358.502,380.318505
358.602,380.2991505
358.702,380.3088277
358.802,380.2797963
358.902,380.2507654
359.002,380.2507654
359.102,380.2507654
359.202,380.2701193
359.302,380.2410885
359.402,380.2217349
359.502,380.2120581
359.602,380.2120581
359.702,380.1927048
359.802,380.1733517
359.902,380.1927048
360.002,380.1443224
360.102,380.1733517
360.202,380.1443224
360.302,380.1539988
360.402,380.1152936
360.502,380.1152936
360.602,380.1152936
360.702,380.1152936
360.802,380.0765892
360.902,380.0959413
361.002,380.0765892
361.102,380.0669132
361.202,380.0765892
361.302,380.0669132
361.402,380.0282098
361.502,380.0572373
361.602,380.0378856
361.702,380.0378856
361.802,380.0378856
361.902,379.9991828
362.002,380.0088584
362.102,379.9798317
362.202,379.9604808
362.302,379.9604808
362.402,379.9411301
362.502,379.9701562
362.602,379.9411301
362.702,379.9314549
362.802,379.9217796
362.902,379.9024293
363.002,379.9217796
363.102,379.8830792
363.202,379.8540545
363.302,379.8637293
363.402,379.8830792
363.502,379.8637293
363.602,379.8443797
363.702,379.8153555
363.802,379.8056809
363.902,379.8153555
364.002,379.8056809
364.102,379.7960063
364.202,379.7863318
364.302,379.7669829
364.402,379.7669829
364.502,379.7573085
364.602,379.7573085
364.702,379.7476342
364.802,379.7282857
364.902,379.7379599
365.002,379.7282857
365.102,379.7089374
365.202,379.7089374
365.302,379.6702414
365.402,379.6895893
365.502,379.6605676
365.602,379.6605676
365.702,379.6702414
365.802,379.6315463
365.902,379.6508937
366.002,379.612199
366.102,379.6218726
366.202,379.612199
366.302,379.5928519
366.402,379.573505
366.502,379.5928519
366.602,379.5638316
366.702,379.5541583
366.802,379.5541583
366.902,379.5638316
367.002,379.5348118
367.102,379.5154655
367.202,379.5057924
367.302,379.5154655
367.402,379.4961194
367.502,379.4961194
367.602,379.4671006
367.702,379.4864464
367.802,379.4671006
367.902,379.4380823
368.002,379.4380823
368.102,379.418737
368.202,379.4090645
368.302,379.4090645
368.402,379.3897195
368.502,379.3993919
368.602,379.3993919
368.702,379.3703747
368.802,379.380047
368.902,379.3510301
369.002,379.3413578
369.102,379.3607023
369.202,379.3510301
369.302,379.3316857
369.402,379.3220135
369.502,379.3123414
369.602,379.3316857
369.702,379.2833255
369.802,379.2639818
369.902,379.2833255
370.002,379.2833255
370.102,379.2446383
370.202,379.25431
370.302,379.25431
370.402,379.25431
370.502,379.2156234
370.602,379.225295
370.702,379.2059519
370.802,379.2156234
370.902,379.186609
371.002,379.157595
371.102,379.157595
371.202,379.1092393
371.302,379.1382526
371.402,379.1382526
371.502,379.1189103
371.602,379.1189103
371.702,379.0995683
371.802,379.1092393
371.902,379.1092393
372.002,379.0608849
372.102,379.0705557
372.202,379.0512141
372.302,379.0415435
372.402,379.0222022
372.502,379.0222022
372.602,379.0318728
372.702,379.0125317
372.802,379.0028612
372.902,378.97385
373.002,378.9641797
373.102,378.9641797
373.202,378.9641797
373.302,378.97385
373.402,378.9545095
373.502,378.9545095
373.602,378.9545095
373.702,378.9351691
373.802,378.915829
373.902,378.8964891
374.002,378.8964891
374.102,378.8868192
374.202,378.8868192
374.302,378.8868192
374.402,378.8481401
374.502,378.8288008
374.602,378.8481401
374.702,378.8674795
374.802,378.8288008
374.902,378.8288008
375.002,378.8288008
375.102,378.8094618
375.202,378.7901229
375.302,378.7901229
375.402,378.7997923
375.502,378.761115
375.602,378.7514458
375.702,378.7321075
375.802,378.7321075
375.902,378.6934316
376.002,378.7127694
376.102,378.6740939
376.202,378.7031005
376.302,378.6934316
376.402,378.6740939
376.502,378.6644251
376.602,378.6644251
376.702,378.6450878
376.802,378.6547564
376.902,378.6354191
377.002,378.6257506
377.102,378.6354191
377.202,378.6160821
377.302,378.6354191
377.402,378.5774085
377.502,378.5677402
377.602,378.5677402
377.702,378.5677402
377.802,378.558072
377.902,378.5484038
378.002,378.5290676
378.102,378.5290676
378.202,378.5000637
378.302,378.5000637
378.402,378.4903958
378.502,378.4807279
378.602,378.4517247
378.702,378.4903958
378.802,378.4517247
378.902,378.4323895
379.002,378.4517247
379.102,378.4323895
379.202,378.4130545
379.302,378.4130545
379.402,378.3937197
379.502,378.3937197
379.602,378.3647178
379.702,378.374385
379.802,378.3550506
379.902,378.3840523
380.002,378.3550506
380.102,378.3163823
380.202,378.3067154
380.302,378.2970485
380.402,378.3067154
380.502,378.3163823
380.602,378.2970485
380.702,378.3067154
380.802,378.2777148
380.902,378.2487147
381.002,378.2390481
381.102,378.2293815
381.202,378.219715
381.302,378.219715
381.402,378.2100485
381.502,378.2003821
381.602,378.219715
381.702,378.161717
381.802,378.1713832
381.902,378.1810495
382.002,378.1713832
382.102,378.161717
382.202,378.1327186
382.302,378.1327186
382.402,378.1037207
382.502,378.1133866
382.602,378.1037207
382.702,378.0940548
382.802,378.0747232
382.902,378.0553918
383.002,378.0650575
383.102,378.0553918
383.202,378.0457262
383.302,378.0360606
383.402,378.0070641
383.502,378.026395
383.602,378.026395
383.702,378.0070641
383.802,377.9877334
383.902,377.9780681
384.002,377.9780681
384.102,377.9587376
384.202,377.9394074
384.302,377.9297423
384.402,377.9490725
384.502,377.9297423
384.602,377.9200773
384.702,377.9297423
384.802,377.9007475
384.902,377.8717531
385.002,377.8814178
385.102,377.8814178
385.202,377.8524237
385.302,377.8524237
385.402,377.8427591
385.502,377.8137655
385.602,377.82343
385.702,377.7944367
385.802,377.7944367
385.902,377.7944367
386.002,377.7847724
386.102,377.7557797
386.202,377.7557797
386.302,377.7461156
386.402,377.7364515
386.502,377.7171235
386.602,377.6977957
386.702,377.7171235
386.802,377.6881319
386.902,377.6977957
387.002,377.6881319
387.102,377.6591406
387.202,377.6881319
387.302,377.649477
387.402,377.6688043
387.502,377.6398134
387.602,377.6204863
387.702,377.6688043
387.802,377.6108229
387.902,377.6011595
388.002,377.5818328
388.102,377.6011595
388.202,377.5721696
388.302,377.5528432
388.402,377.5528432
388.502,377.533517
388.602,377.514191
388.702,377.514191
388.802,377.5045281
388.902,377.5045281
389.002,377.4852024
389.102,377.4852024
389.202,377.4755396
389.302,377.4658769
389.402,377.4465516
389.502,377.436889
389.602,377.436889
389.702,377.4272265
389.802,377.4272265
389.902,377.4079015
390.002,377.3789145
390.102,377.3982391
390.202,377.3885768
390.302,377.3692522
390.402,377.3692522
390.502,377.35959
390.602,377.3499279
390.702,377.3402658
390.802,377.3499279
390.902,377.3402658
391.002,377.3112798
391.102,377.291956
391.202,377.3112798
391.302,377.3112798
391.402,377.291956
391.502,377.291956
391.602,377.2726324
391.702,377.2726324
391.802,377.253309
391.902,377.2436474
392.002,377.253309
392.102,377.253309
392.202,377.2339858
392.302,377.253309
392.402,377.2146628
392.502,377.2146628
392.602,377.2146628
392.702,377.19534
392.802,377.1856787
392.902,377.1760174
393.002,377.1663561
393.102,377.1663561
393.202,377.1566949
393.302,377.1566949
393.402,377.1470338
393.502,377.1470338
393.602,377.1566949
393.702,377.1083897
393.802,377.1180506
393.902,377.0987288
394.002,377.1083897
394.102,377.0794071
394.202,377.0697464
394.302,377.0794071
394.402,377.050425
394.502,377.050425
394.602,377.0311038
394.702,377.0311038
394.802,377.0214433
394.902,377.0117828
395.002,377.0021224
395.102,376.9828017
395.202,376.9828017
395.302,376.9634811
395.402,376.9731414
395.502,376.9634811
395.602,376.9634811
395.702,376.9634811
395.802,376.9441608
395.902,376.9345007
396.002,376.9151807
396.102,376.9248407
396.202,376.9055207
396.302,376.9055207
396.402,376.886201
396.502,376.8572217
396.602,376.847562
396.702,376.8668814
396.802,376.847562
396.902,376.8668814
397.002,376.8282428
397.102,376.8185833
397.202,376.789605
397.302,376.8089238
397.402,376.789605
397.502,376.7799457
397.602,376.789605
397.702,376.7799457
397.802,376.750968
397.902,376.7316497
398.002,376.7413088
398.102,376.7219907
398.202,376.7123317
398.302,376.7123317
398.402,376.7026727
398.502,376.6736962
398.602,376.6736962
398.702,376.6640374
398.802,376.6930138
398.902,376.6543787
399.002,376.6640374
399.102,376.6350614
399.202,376.6543787
399.302,376.6157443
399.402,376.5964274
399.502,376.6157443
399.602,376.586769
399.702,376.586769
399.802,376.586769
399.902,376.5964274
400.002,376.548136
400.102,376.548136
400.202,376.5577942
400.302,376.5191617
400.402,376.5095037
400.502,376.5191617
400.602,376.5095037
400.702,376.4998457
400.802,376.4998457
400.902,376.4805299
401.002,376.4612144
401.102,376.4708721
401.202,376.4612144
401.302,376.4515566
401.402,376.441899
401.502,376.441899
401.602,376.4322413
401.702,376.4032687
401.802,376.4225838
401.902,376.4032687
402.002,376.3839539
402.102,376.3742966
402.202,376.3936113
402.302,376.3646393
402.402,376.3646393
402.502,376.3646393
402.602,376.3453248
402.702,376.3163535
402.802,376.3260106
402.902,376.2873826
403.002,376.3066965
403.102,376.2970395
403.202,376.3163535
403.302,376.2873826
403.402,376.2873826
403.502,376.2680689
403.602,376.2584121
403.702,376.2390987
403.802,376.2294421
403.902,376.2584121
404.002,376.2294421
404.102,376.2101289
404.202,376.2101289
404.302,376.190816
404.402,376.1715032
404.502,376.1618469
404.602,376.1715032
404.702,376.1715032
404.802,376.1618469
404.902,376.1618469
405.002,376.1328783
405.102,376.1232222
405.202,376.1135661
405.302,376.0845981
405.402,376.0942541
405.502,376.0942541
405.602,376.1232222
405.702,376.0556306
405.802,376.0749423
405.902,376.0556306
406.002,376.0556306
406.102,376.0556306
406.202,376.0266635
406.302,376.0363192
406.402,376.0266635
406.502,376.0170079
406.602,375.9976969
406.702,375.9976969
406.802,375.9880414
406.902,375.978386
407.002,375.9590753
407.102,375.9687306
407.202,375.9590753
407.302,375.9301096
407.402,375.9590753
407.502,375.9301096
407.602,375.9204545
407.702,375.9301096
407.802,375.9107994
407.902,375.9011443
408.002,375.8818344
408.102,375.8818344
408.202,375.8721795
408.302,375.8721795
408.402,375.8528698
408.502,375.843215
408.602,375.843215
408.702,375.843215
408.802,375.8239056
408.902,375.814251
409.002,375.8045964
409.102,375.814251
409.202,375.8045964
409.302,375.7852874
409.402,375.7852874
409.502,375.7852874
409.602,375.7949419
409.702,375.7370157
409.802,375.7563243
409.902,375.7177073
410.002,375.7273615
410.102,375.7370157
410.202,375.7370157
410.302,375.7080532
410.402,375.7080532
410.502,375.6694373
410.602,375.6694373
410.702,375.6887451
410.802,375.6597834
410.902,375.6694373
411.002,375.630822
411.102,375.6211683
411.202,375.6211683
411.302,375.6115147
411.402,375.6018611
411.502,375.6018611
411.602,375.582554
411.702,375.5729005
411.802,375.5729005
411.902,375.5246339
412.002,375.5439404
412.102,375.5439404
412.202,375.5342872
412.302,375.5342872
412.402,375.4956745
412.502,375.4956745
412.602,375.4763685
412.702,375.4860215
412.802,375.4667155
412.902,375.4474098
413.002,375.4184515
413.102,375.4184515
413.202,375.4281042
413.302,375.4087988
413.402,375.379841
413.502,375.379841
413.602,375.3508837
413.702,375.3508837
413.802,375.3508837
413.902,375.3412314
414.002,375.3219268
414.102,375.3122746
414.202,375.3026224
414.302,375.2929703
414.402,375.2640142
414.502,375.2929703
414.602,375.2833182
414.702,375.2736662
414.802,375.2640142
414.902,375.2543623
415.002,375.2254067
415.102,375.2254067
415.202,375.2061033
415.302,375.2061033
415.402,375.215755
415.502,375.1868
415.602,375.1578454
415.702,375.148194
415.802,375.1578454
415.902,375.148194
416.002,375.11924
416.102,375.1095888
416.202,375.11924
416.302,375.11924
416.402,375.0902864
416.502,375.0999376
416.602,375.0709842
416.702,375.0999376
416.802,375.0902864
416.902,375.0516822
417.002,375.0420313
417.102,375.0323804
417.202,375.0227296
417.302,375.0227296
417.402,375.0227296
417.502,374.9841267
417.602,374.9744761
417.702,374.9841267
417.802,374.9937774
417.902,374.9551751
418.002,374.9551751
418.102,374.9358742
418.202,374.9648256
418.302,374.9551751
418.402,374.9069232
418.502,374.9165735
418.602,374.8972729
418.702,374.9165735
418.802,374.8972729
418.902,374.8972729
419.002,374.8779726
419.102,374.8490224
419.202,374.8683225
419.302,374.8683225
419.402,374.8490224
419.502,374.8297225
419.602,374.8393725
419.702,374.7911233
419.802,374.7911233
419.902,374.771824
420.002,374.7814736
420.102,374.7621744
420.202,374.7621744
420.302,374.7428753
420.402,374.7332259
420.502,374.7235764
420.602,374.7139271
420.702,374.6849792
420.802,374.6946285
420.902,374.6849792
421.002,374.6849792
421.102,374.6560318
421.202,374.6560318
421.302,374.6367337
421.402,374.6270848
421.502,374.6463827
421.602,374.5884894
421.702,374.5884894
421.802,374.5595433
421.902,374.5691919
422.002,374.5691919
422.102,374.5498947
422.202,374.5402461
422.302,374.5305976
422.402,374.5402461
422.502,374.5209492
422.602,374.5113007
422.702,374.5113007
422.802,374.492004
422.902,374.5016524
423.002,374.5016524
423.102,374.4630593
423.202,374.4437631
423.302,374.4630593
423.402,374.4534112
423.502,374.4437631
423.602,374.414819
423.702,374.434115
423.802,374.414819
423.902,374.414819
424.002,374.4051711
424.102,374.3762276
424.202,374.3762276
424.302,374.3376369
424.402,374.3665799
424.502,374.3376369
424.602,374.3376369
424.702,374.299047
424.802,374.2893996
424.902,374.3086944
425.002,374.3086944
425.102,374.3086944
425.202,374.2604577
425.302,374.2604577
425.402,374.270105
425.502,374.2411634
425.602,374.2315163
425.702,374.2604577
425.802,374.2122222
425.902,374.2122222
426.002,374.2025752
426.102,374.1832814
426.202,374.1832814
426.302,374.1736346
426.402,374.1639878
426.502,374.1446943
426.602,374.1350476
426.702,374.125401
426.802,374.1157545
426.902,374.125401
427.002,374.086815
427.102,374.0771686
427.202,374.086815
427.302,374.0964614
427.402,374.057876
427.502,374.057876
427.602,374.0385835
427.702,374.0289373
427.802,374.0289373
427.902,374.0482297
428.002,374.0192912
428.102,373.9999991
428.202,373.9999991
428.302,373.9807072
428.402,373.9807072
428.502,373.9421239
428.602,373.9517696
428.702,373.9421239
428.802,373.9228325
428.902,373.9228325
429.002,373.9421239
429.102,373.9131868
429.202,373.8938957
429.302,373.9131868
429.402,373.8938957
429.502,373.9035412
429.602,373.855314
429.702,373.855314
429.802,373.8456687
429.902,373.8263782
430.002,373.8263782
430.102,373.7877977
430.202,373.8070878
430.302,373.7781527
430.402,373.7877977
430.502,373.7685077
430.602,373.7781527
430.702,373.7395731
430.802,373.7202836
430.902,373.7395731
431.002,373.7202836
431.102,373.6913496
431.202,373.7009942
431.302,373.7009942
431.402,373.6624161
431.502,373.6720606
431.602,373.7009942
431.702,373.6238386
431.802,373.6334829
431.902,373.6431273
432.002,373.6334829
432.102,373.6238386
432.202,373.6045502
432.302,373.5756178
432.402,373.5852619
432.502,373.5659738
432.602,373.5563298
432.702,373.5563298
432.802,373.5466859
432.902,373.537042
433.002,373.537042
433.102,373.5081106
433.202,373.5081106
433.302,373.4888232
433.402,373.4888232
433.502,373.4695359
433.602,373.4695359
433.702,373.4695359
433.802,373.4502489
433.902,373.430962
434.002,373.4116754
434.102,373.4213187
434.202,373.3923888
434.302,373.4020321
434.402,373.3923888
434.502,373.3827457
434.602,373.3634594
434.702,373.3538163
434.802,373.3345304
434.902,373.3152446
435.002,373.3345304
435.102,373.3345304
435.202,373.3152446
435.302,373.2959589
435.402,373.2959589
435.502,373.2766735
435.602,373.2766735
435.702,373.2477456
435.802,373.2477456
435.902,373.2381031
436.002,373.2381031
436.102,373.2188182
436.202,373.2188182
436.302,373.2188182
436.402,373.1898911
436.502,373.1898911
436.602,373.1802488
436.702,373.2091758
436.802,373.1802488
436.902,373.1706066
437.002,373.1706066
437.102,373.1513223
437.202,373.1320382
437.302,373.1416802
437.402,373.1320382
437.502,373.1223962
437.602,373.1031123
437.702,373.0741868
437.802,373.0838286
437.902,373.0934704
438.002,373.0838286
438.102,373.1223962
438.202,373.1031123
438.302,373.0934704
438.402,373.0645451
438.502,373.0549034
438.602,373.0452617
438.702,373.0356201
438.802,373.0356201
438.902,373.0549034
439.002,373.0066955
439.102,372.9970541
439.202,373.0066955
439.302,373.016337
439.402,373.0066955
439.502,372.9777713
439.602,372.96813
439.702,372.96813
439.802,372.96813
439.902,372.96813
440.002,372.9584888
440.102,372.9295653
440.202,372.9199242
440.302,372.9295653
440.402,372.9295653
440.502,372.9102831
440.602,372.8813603
440.702,372.8910012
440.802,372.8717194
440.902,372.8717194
441.002,372.8813603
441.102,372.8717194
441.202,372.8331564
441.302,372.8331564
441.402,372.8331564
441.502,372.8042345
441.602,372.8138751
441.702,372.794594
441.802,372.794594
441.902,372.794594
442.002,372.794594
442.102,372.7849535
442.202,372.7656727
442.302,372.7560324
442.402,372.7656727
442.502,372.7367518
442.602,372.7560324
442.702,372.6981912
442.802,372.6981912
442.902,372.7271116
443.002,372.6789111
443.102,372.6981912
443.202,372.6885511
443.302,372.6789111
443.402,372.6596313
443.502,372.6596313
443.602,372.6307118
443.702,372.6307118
443.802,372.621072
443.902,372.6307118
444.002,372.6307118
444.102,372.6017927
444.202,372.572874
444.302,372.5921531
444.402,372.572874
444.502,372.572874
444.602,372.5343163
444.702,372.572874
444.802,372.5439557
444.902,372.5439557
445.002,372.5150377
445.102,372.524677
445.202,372.5053985
445.302,372.5053985
445.402,372.4861202
445.502,372.4861202
445.602,372.457203
445.702,372.457203
445.802,372.4379251
445.902,372.4282863
446.002,372.4475641
446.102,372.4282863
446.202,372.457203
446.302,372.4090086
446.402,372.3993699
446.502,372.3800925
446.602,372.3800925
446.702,372.3608153
446.802,372.3415383
446.902,372.3318998
447.002,372.3704539
447.102,372.3511768
447.202,372.3415383
447.302,372.3511768
447.402,372.3222614
447.502,372.3318998
447.602,372.3126231
447.702,372.3126231
447.802,372.3029847
447.902,372.2837082
448.002,372.27407
448.102,372.2451557
448.202,372.2644319
448.302,372.2547938
448.402,372.2355177
448.502,372.2355177
448.602,372.2066039
448.702,372.2258797
448.802,372.196966
448.902,372.2066039
449.002,372.1776905
449.102,372.1776905
449.202,372.1776905
449.302,372.1487774
449.402,372.1295023
449.502,372.1391398
449.602,372.1198648
449.702,372.1295023
449.802,372.1295023
449.902,372.1005899
450.002,372.1102273
450.102,372.0813151
450.202,372.0716778
450.302,372.1005899
450.402,372.0716778
450.502,372.0716778
450.602,372.0524034
450.702,372.0427662
450.802,372.023492
450.902,372.013855
451.002,371.9849441
451.102,372.013855
451.202,371.994581
451.302,371.9753072
451.402,371.9849441
451.502,371.9753072
451.602,371.9849441
451.702,371.9656704
451.802,371.9463969
451.902,371.9463969
452.002,371.9174869
452.102,371.9271235
452.202,371.9271235
452.302,371.9078503
452.402,371.9174869
452.502,371.8982138
452.602,371.9078503
452.702,371.8885773
452.802,371.8596681
452.902,371.8693044
453.002,371.8403955
453.102,371.8596681
453.202,371.8403955
453.302,371.8500317
453.402,371.821123
453.502,371.7922147
453.602,371.8114869
453.702,371.7922147
453.802,371.7825787
453.902,371.7633068
454.002,371.7825787
454.102,371.7825787
454.202,371.7729427
454.302,371.7343992
454.402,371.7343992
454.502,371.7247634
454.602,371.705492
454.702,371.705492
454.802,371.6958564
454.902,371.705492
455.002,371.7151277
455.102,371.6862208
455.202,371.6573142
455.302,371.6669497
455.402,371.6573142
455.502,371.6476788
455.602,371.628408
455.702,371.6573142
455.802,371.6380434
455.902,371.6187727
456.002,371.6187727
456.102,371.5995022
456.202,371.6091375
456.302,371.5995022
456.402,371.5802319
456.502,371.5995022
456.602,371.5705968
456.702,371.5513267
456.802,371.5416918
456.902,371.5416918
457.002,371.5416918
457.102,371.5320568
457.202,371.5224219
457.302,371.5320568
457.402,371.5127871
457.502,371.4838828
457.602,371.5127871
457.702,371.4742481
457.802,371.4742481
457.902,371.4838828
458.002,371.4646135
458.102,371.4549789
458.202,371.4357098
458.302,371.4357098
458.402,371.4357098
458.502,371.4260754
458.602,371.4357098
458.702,371.4068065
458.802,371.3971722
458.902,371.4164409
459.002,371.3875379
459.102,371.3971722
459.202,371.3490011
459.302,371.3682694
459.402,371.3586352
459.502,371.339367
459.602,371.339367
459.702,371.3200989
459.802,371.3297329
459.902,371.2911972
460.002,371.300831
460.102,371.2911972
460.202,371.2622957
460.302,371.2815633
460.402,371.2815633
460.502,371.2333947
460.602,371.252662
460.702,371.252662
460.802,371.2237611
460.902,371.2237611
461.002,371.1852271
461.102,371.2237611
461.202,371.204494
461.302,371.1755938
461.402,371.1948606
461.502,371.1659604
461.602,371.1466938
461.702,371.1274274
461.802,371.1466938
461.902,371.1370606
462.002,371.1177943
462.102,371.0985282
462.202,371.0985282
462.302,371.0792622
462.402,371.0599963
462.502,371.0696292
462.602,371.0407307
462.702,371.0407307
462.802,371.0310979
462.902,371.0214652
463.002,371.0021999
463.102,371.0118325
463.202,370.9925673
463.302,370.9925673
463.402,370.9829347
463.502,370.9444049
463.602,370.9444049
463.702,370.9444049
463.802,370.9347725
463.902,370.9155079
464.002,370.8962435
464.102,370.9155079
464.202,370.8866114
464.302,370.8866114
464.402,370.8866114
464.502,370.8769793
464.602,370.8288193
464.702,370.8288193
464.802,370.8288193
464.902,370.8288193
465.002,370.8095557
465.102,370.7806604
465.202,370.7999239
465.302,370.7902921
465.402,370.7806604
465.502,370.7806604
465.602,370.7806604
465.702,370.7613972
465.802,370.7421341
465.902,370.7421341
466.002,370.7517656
466.102,370.7132397
466.202,370.7325026
466.302,370.6843457
466.402,370.693977
466.502,370.693977
466.602,370.6650833
466.702,370.6747145
466.802,370.6747145
466.902,370.6361899
467.002,370.645821
467.102,370.6169279
467.202,370.6265589
467.302,370.597666
467.402,370.6072969
467.502,370.597666
467.602,370.6169279
467.702,370.5880351
467.802,370.5880351
467.902,370.5591427
468.002,370.549512
468.102,370.549512
468.202,370.5687735
468.302,370.5206201
468.402,370.5206201
468.502,370.501359
468.602,370.4917285
468.702,370.4532071
468.802,370.4724677
468.902,370.4917285
469.002,370.4628374
469.102,370.4628374
469.202,370.4435768
469.302,370.4243164
469.402,370.4243164
469.502,370.3954261
469.602,370.3954261
469.702,370.376166
469.802,370.3665361
469.902,370.3665361
470.002,370.3472763
470.102,370.3376465
470.202,370.3472763
470.302,370.3280167
470.402,370.318387
470.502,370.3087573
470.602,370.3376465
470.702,370.289498
470.802,370.2798684
470.902,370.2798684
471.002,370.2798684
471.102,370.2509799
471.202,370.2606094
471.302,370.2317211
471.402,370.2509799
471.502,370.2220918
471.602,370.2124625
471.702,370.2124625
471.802,370.1835748
471.902,370.193204
472.002,370.1546875
472.102,370.1546875
472.202,370.1643166
472.302,370.1546875
472.402,370.1546875
472.502,370.1161717
472.602,370.1354295
472.702,370.1258006
472.802,370.096914
472.902,370.096914
473.002,370.0776565
473.102,370.096914
473.202,370.0776565
473.302,370.0680278
473.402,370.039142
473.502,370.0487705
473.602,370.0198849
473.702,370.0295134
473.802,370.0295134
473.902,370.0198849
474.002,370.000628
474.102,369.971743
474.202,369.9813713
474.302,369.971743
474.402,369.971743
474.502,369.9524866
474.602,369.9428584
474.702,369.9428584
474.802,369.9236022
474.902,369.9139741
475.002,369.8947181
475.102,369.9139741
475.202,369.8947181
475.302,369.8658344
475.402,369.8658344
475.502,369.8562066
475.602,369.8465788
475.702,369.8465788
475.802,369.8562066
475.902,369.8080681
476.002,369.8369511
476.102,369.8562066
476.202,369.7984405
476.302,369.7984405
476.402,369.7984405
476.502,369.7791855
476.602,369.7503032
476.702,369.7599306
476.802,369.7503032
476.902,369.7503032
477.002,369.7310486
477.102,369.7117941
477.202,369.7117941
477.302,369.6732856
477.402,369.6925398
477.502,369.6636586
477.602,369.6732856
477.702,369.6636586
477.802,369.6540316
477.902,369.6347777
478.002,369.5866438
478.102,369.6155241
478.202,369.6155241
478.302,369.5866438
478.402,369.5770171
478.502,369.5770171
478.602,369.5577639
478.702,369.5481374
478.802,369.5288844
478.902,369.5288844
479.002,369.519258
479.102,369.5288844
479.202,369.5481374
479.302,369.519258
479.402,369.4903789
479.502,369.4615002
479.602,369.4807526
479.702,369.4711264
479.802,369.4615002
479.902,369.451874
480.002,369.4615002
480.102,369.4229958
480.202,369.3941179
480.302,369.4037438
480.402,369.384492
480.502,369.4037438
480.602,369.384492
480.702,369.3652404
480.802,369.3652404
480.902,369.3459889
481.002,369.3459889
481.102,369.317112
481.202,369.317112
481.302,369.3267376
481.402,369.317112
481.502,369.3074864
481.602,369.2978609
481.702,369.2882354
481.802,369.2497338
481.902,369.2593591
482.002,369.2497338
482.102,369.2497338
482.202,369.220858
482.302,369.2016077
482.402,369.2016077
482.502,369.1919826
482.602,369.1823575
482.702,369.1631075
482.802,369.1823575
482.902,369.1631075
483.002,369.1534826
483.102,369.1438577
483.202,369.1149832
483.302,369.124608
483.402,369.1438577
483.502,369.124608
483.602,369.0957337
483.702,369.0764844
483.802,369.0572353
483.902,369.0764844
484.002,369.0572353
484.102,369.0476107
484.202,369.0283618
484.302,369.0187374
484.402,369.0283618
484.502,369.0187374
484.602,369.0187374
484.702,368.9994887
484.802,368.9994887
484.902,368.9609918
485.002,368.970616
485.102,368.9802402
485.202,368.9513677
485.302,368.9513677
485.402,368.9417436
485.502,368.9224955
485.602,368.9224955
485.702,368.9032476
485.802,368.9128715
485.902,368.874376
486.002,368.874376
486.102,368.8839998
486.202,368.8455048
486.302,368.8551285
486.402,368.8262575
486.502,368.8358811
486.602,368.8166339
486.702,368.8070103
486.802,368.8166339
486.902,368.8166339
487.002,368.7973868
487.102,368.7973868
487.202,368.7685165
487.302,368.7492698
487.402,368.7300233
487.502,368.7300233
487.602,368.7300233
487.702,368.7204001
487.802,368.7396465
487.902,368.7011538
488.002,368.7300233
488.102,368.6819076
488.202,368.7107769
488.302,368.6819076
488.402,368.6722846
488.502,368.6722846
488.602,368.6626616
488.702,368.6626616
488.802,368.6145473
488.902,368.6337929
489.002,368.6434158
489.102,368.6049245
489.202,368.6049245
489.302,368.6145473
489.402,368.5760565
489.502,368.5664339
489.602,368.5568113
489.702,368.5664339
489.802,368.5568113
489.902,368.5471888
490.002,368.5183215
490.102,368.5086991
490.202,368.5183215
490.302,368.5086991
490.402,368.4894545
490.502,368.4894545
490.602,368.4990768
490.702,368.4798322
490.802,368.47021
490.902,368.4509657
491.002,368.4413436
491.102,368.4605878
491.202,368.4509657
491.302,368.4413436
491.402,368.3932336
491.502,368.4124775
491.602,368.3836118
491.702,368.3739899
491.802,368.3643681
491.902,368.3836118
492.002,368.3643681
492.102,368.3643681
492.202,368.3451246
492.302,368.3451246
492.402,368.3355029
492.502,368.3162597
492.602,368.3066381
492.702,368.3162597
492.802,368.2970166
492.902,368.2970166
493.002,368.2777736
493.102,368.2873951
493.202,368.2681522
493.302,368.2777736
493.402,368.2392881
493.502,368.2777736
493.602,368.2200456
493.702,368.2296668
493.802,368.181561
493.902,368.181561
494.002,368.1911821
494.102,368.1911821
494.202,368.1911821
494.302,368.181561
494.402,368.1911821
494.502,368.17194
494.602,368.1238353
494.702,368.152698
494.802,368.1430771
494.902,368.1334562
495.002,368.1238353
495.102,368.1045937
495.202,368.094973
495.302,368.1045937
495.402,368.094973
495.502,368.1045937
495.602,368.0853522
495.702,368.0661109
495.802,368.0757316
495.902,368.0372492
496.002,368.0372492
496.102,367.9987675
496.202,368.0372492
496.302,368.0276288
496.402,367.9891472
496.502,367.9602864
496.602,367.9891472
496.702,367.9891472
496.802,367.9602864
496.902,367.9795269
497.002,367.9506662
497.102,367.9218059
497.202,367.9506662
497.302,367.9410461
497.402,367.9218059
497.502,367.9218059
497.602,367.9025658
497.702,367.9121858
497.802,367.9121858
497.902,367.8833259
498.002,367.8833259
498.102,367.8640862
498.202,367.8544664
498.302,367.8544664
498.402,367.8448466
498.502,367.8544664
498.602,367.8256071
498.702,367.8159875
498.802,367.7967482
498.902,367.7967482
499.002,367.7967482
499.102,367.8063678
499.202,367.7582702
499.302,367.7678897
499.402,367.7678897
499.502,367.7390314
499.602,367.7486508
499.702,367.7294121
499.802,367.7101735
499.902,367.7101735
500.002,367.7197928
500.102,367.7005543
500.202,367.681316
500.302,367.7101735
500.402,367.6620778
500.502,367.6716969
500.602,367.6332208
500.702,367.6428397
500.802,367.6428397
500.902,367.6428397
501.002,367.6139829
501.102,367.6332208
501.202,367.5947452
501.302,367.5851265
501.402,367.6043641
501.502,367.5947452
501.602,367.5755077
501.702,367.5755077
501.802,367.5562703
501.902,367.5370331
502.002,367.517796
502.102,367.5370331
502.202,367.5274145
502.302,367.517796
502.402,367.4985591
502.502,367.4793223
502.602,367.4793223
502.702,367.4793223
502.802,367.4889406
502.902,367.4793223
503.002,367.4408491
503.102,367.4504673
503.202,367.4216127
503.302,367.4216127
503.402,367.4023765
503.502,367.4216127
503.602,367.4023765
503.702,367.4023765
503.802,367.4023765
503.902,367.3831404
504.002,367.3542866
504.102,367.3639045
504.202,367.3735225
504.302,367.3350509
504.402,367.3061976
504.502,367.3158153
504.602,367.3254331
504.702,367.3061976
504.802,367.2869623
504.902,367.2965799
505.002,367.2677271
505.102,367.2677271
505.202,367.2869623
505.302,367.2581095
505.402,367.2292571
505.502,367.248492
505.602,367.2292571
505.702,367.2196397
505.802,367.2100223
505.902,367.2196397
506.002,367.200405
506.102,367.2100223
506.202,367.1811705
506.302,367.1619361
506.402,367.1427018
506.502,367.1330847
506.602,367.1234677
506.702,367.1330847
506.802,367.1138507
506.902,367.1042337
507.002,367.1042337
507.102,367.075383
507.202,367.0849999
507.302,367.0465327
507.402,367.0849999
507.502,367.0465327
507.602,367.075383
507.702,367.036916
507.802,367.036916
507.902,367.0272993
508.002,367.0176826
508.102,367.0176826
508.202,367.0176826
508.302,366.9888329
508.402,366.9984495
508.502,366.9792164
508.602,366.9599835
508.702,366.9599835
508.802,366.9407508
508.902,366.9311344
509.002,366.8926695
509.102,366.9311344
509.202,366.9407508
509.302,366.8926695
509.402,366.9119019
509.502,366.8926695
509.602,366.8830534
509.702,366.9022857
509.802,366.8638212
509.902,366.8638212
510.002,366.8349732
510.102,366.8253573
510.202,366.8349732
510.302,366.8157414
510.402,366.7965097
510.502,366.8253573
510.602,366.8061255
510.702,366.7868939
510.802,366.7868939
510.902,366.7868939
511.002,366.7484311
511.102,366.7484311
511.202,366.7484311
511.302,366.7484311
511.402,366.7195844
511.502,366.7195844
511.602,366.7291999
511.702,366.7099689
511.802,366.7003534
511.902,366.6715072
512.002,366.690738
512.102,366.6618919
512.202,366.6522766
512.302,366.6426614
512.402,366.6330461
512.502,366.623431
512.602,366.6426614
512.702,366.623431
512.802,366.6138158
512.902,366.6138158
513.002,366.6042007
513.102,366.5753556
513.202,366.5945856
513.302,366.5753556
513.402,366.5657406
513.502,366.5368959
513.602,366.527281
513.702,366.5465107
513.802,366.5080515
513.902,366.5176662
514.002,366.4984368
514.102,366.4888221
514.202,366.4888221
514.302,366.4984368
514.402,366.4599782
514.502,366.4792074
514.602,366.4599782
514.702,366.4407491
514.802,366.4407491
514.902,366.4407491
515.002,366.4215202
515.102,366.4119058
515.202,366.4022914
515.302,366.3926771
515.402,366.4022914
515.502,366.4022914
515.602,366.3830628
515.702,366.35422
515.802,366.3446059
515.902,366.3349917
516.002,366.3446059
516.102,366.3253776
516.202,366.3253776
516.302,366.3349917
516.402,366.3157636
516.502,366.3157636
516.602,366.3157636
516.702,366.2965356
516.802,366.2869216
516.902,366.2869216
517.002,366.2676938
517.102,366.2580799
517.202,366.2388523
517.302,366.2484661
517.402,366.2388523
517.502,366.2196249
517.602,366.2100112
517.702,366.1907839
517.802,366.2100112
517.902,366.2003975
518.002,366.1715568
518.102,366.1811704
518.202,366.1523298
518.302,366.1619433
518.402,366.1427164
518.502,366.133103
518.602,366.1234896
518.702,366.104263
518.802,366.1138763
518.902,366.0850365
519.002,366.1138763
519.102,366.0946497
519.202,366.0754233
519.302,366.0754233
519.402,366.0754233
519.502,366.056197
519.602,366.0465839
519.702,366.056197
519.802,366.0273578
519.902,366.0177448
520.002,366.0177448
520.102,365.9792932
520.202,366.0081319
520.302,365.9792932
520.402,365.9792932
520.502,365.9600676
520.602,365.9696804
520.702,365.9696804
520.802,365.9600676
520.902,365.9312295
521.002,365.9600676
521.102,365.9504549
521.202,365.9216168
521.302,365.9120042
521.402,365.9120042
521.502,365.8927791
521.602,365.8639417
521.702,365.8831666
521.802,365.8735541
521.902,365.8831666
522.002,365.8639417
522.102,365.8351045
522.202,365.8639417
522.302,365.8447169
522.402,365.8254922
522.502,365.8254922
522.602,365.8254922
522.702,365.7966555
522.802,365.8062677
522.902,365.7678191
523.002,365.7774312
523.102,365.7678191
523.202,365.7678191
523.302,365.758207
523.402,365.7678191
523.502,365.729371
523.602,365.7197591
523.702,365.729371
523.802,365.7005354
523.902,365.7197591
524.002,365.6909235
524.102,365.7101472
524.202,365.6813117
524.302,365.6909235
524.402,365.6909235
524.502,365.6524765
524.602,365.6620882
524.702,365.6620882
524.802,365.6332533
524.902,365.6524765
525.002,365.6140301
525.102,365.6236417
525.202,365.6140301
525.302,365.6236417
525.402,365.5851956
525.502,365.5755842
525.602,365.5851956
525.702,365.5563615
525.802,365.5659728
525.902,365.5371388
526.002,365.5563615
526.102,365.5467501
526.202,365.5371388
526.302,365.5371388
526.402,365.5275276
526.502,365.5179164
526.602,365.498694
526.702,365.4890829
526.802,365.4890829
526.902,365.4794718
527.002,365.4794718
527.102,365.4698608
527.202,365.4698608
527.302,365.4410278
527.402,365.4410278
527.502,365.421806
527.602,365.421806
527.702,365.421806
527.802,365.4025843
527.902,365.4025843
528.002,365.3833628
528.102,365.4025843
528.202,365.3737521
528.302,365.3641414
528.402,365.3641414
528.502,365.3449201
528.602,365.3449201
528.702,365.325699
528.802,365.325699
528.902,365.325699
529.002,365.3160884
529.102,365.2968675
529.202,365.2968675
529.302,365.2680363
529.402,365.2680363
529.502,365.2680363
529.602,365.2488157
529.702,365.258426
529.802,365.2488157
529.902,365.2392055
530.002,365.2295953
530.102,365.2295953
530.202,365.1911547
530.302,365.2103749
530.402,365.1911547
530.502,365.1623247
530.602,365.1719346
530.702,365.1623247
530.802,365.1431048
530.902,365.1431048
531.002,365.123885
531.102,365.1334949
531.202,365.0950557
531.302,365.1046654
531.402,365.1046654
531.502,365.1046654
531.602,365.0662266
531.702,365.0758362
531.802,365.056617
531.902,365.0373978
532.002,365.056617
532.102,365.0277883
532.202,364.9989599
532.302,365.0181788
532.402,364.9797411
532.502,364.9797411
532.602,364.9989599
532.702,364.941304
532.802,364.9701318
532.902,364.941304
533.002,364.9316948
533.102,364.9220856
533.202,364.9124765
533.302,364.9028674
533.402,364.8932583
533.502,364.8740403
533.602,364.8836493
533.702,364.8740403
533.802,364.8740403
533.902,364.8452135
534.002,364.8452135
534.102,364.8452135
534.202,364.8356046
534.302,364.8067782
534.402,364.8452135
534.502,364.8067782
534.602,364.8259958
534.702,364.8067782
534.802,364.7779521
534.902,364.7683434
535.002,364.7587348
535.102,364.7299091
535.202,364.7395177
535.302,364.7395177
535.402,364.7106922
535.502,364.6914754
535.602,364.7010838
535.702,364.6722587
535.802,364.643434
535.902,364.6530422
536.002,364.6530422
536.102,364.6530422
536.202,364.6242176
536.302,364.6338258
536.402,364.6242176
536.502,364.5953933
536.602,364.6050014
536.702,364.5857853
536.802,364.5665693
536.902,364.5665693
537.002,364.5569614
537.102,364.5665693
537.202,364.5377456
537.302,364.5281378
537.402,364.5281378
537.502,364.4897067
537.602,364.51853
537.702,364.4993144
537.802,364.51853
537.902,364.4897067
538.002,364.4512762
538.102,364.4608838
538.202,364.4320611
538.302,364.4512762
538.402,364.4416686
538.502,364.4224536
538.602,364.4032388
538.702,364.4224536
538.802,364.4032388
538.902,364.4032388
539.002,364.3936314
539.102,364.3744167
539.202,364.384024
539.302,364.3648094
539.402,364.3552021
539.502,364.3263805
539.602,364.3359877
539.702,364.3359877
539.802,364.3071663
539.902,364.3167734
540.002,364.3071663
540.102,364.2783451
540.202,364.3071663
540.302,364.2783451
540.402,364.2687382
540.502,364.2495243
540.602,364.2591312
540.702,364.2303106
540.802,364.2495243
540.902,364.2303106
541.002,364.2110969
541.102,364.2110969
541.202,364.2207037
541.302,364.1822768
541.402,364.1918835
541.502,364.1822768
541.602,364.1918835
541.702,364.1438503
541.802,364.1534569
541.902,364.1150308
542.002,364.1150308
542.102,364.1150308
542.202,364.0958179
542.302,364.0862115
542.402,364.1054243
542.502,364.0573926
542.602,364.0669989
542.702,364.0573926
542.802,364.0573926
542.902,364.0381801
543.002,364.0381801
543.102,364.0381801
543.202,363.9997555
543.302,364.0381801
543.402,363.9901495
543.502,363.9805434
543.602,363.9901495
543.702,363.9613314
543.802,363.9517255
543.902,363.9325137
544.002,363.9517255
544.102,363.9325137
544.202,363.913302
544.302,363.9036962
544.402,363.8844848
544.502,363.8844848
544.602,363.8940905
544.702,363.8844848
544.802,363.8652734
544.902,363.8652734
545.002,363.8556678
545.102,363.8460622
545.202,363.826851
545.302,363.8556678
545.402,363.826851
545.502,363.7884292
545.602,363.826851
545.702,363.7788238
545.802,363.7884292
545.902,363.7692185
546.002,363.7884292
546.102,363.7307973
546.202,363.7596131
546.302,363.711587
546.402,363.7307973
546.502,363.7307973
546.602,363.7211921
546.702,363.711587
546.802,363.711587
546.902,363.6827716
547.002,363.6539566
547.102,363.6635616
547.202,363.6443516
547.302,363.6731666
547.402,363.6443516
547.502,363.6251418
547.602,363.615537
547.702,363.615537
547.802,363.6251418
547.902,363.6251418
548.002,363.5771178
548.102,363.5771178
548.202,363.5867225
548.302,363.5579084
548.402,363.5483038
548.502,363.5579084
548.602,363.5579084
548.702,363.5290945
548.802,363.5098855
548.902,363.51949
549.002,363.5098855
549.102,363.4810721
549.202,363.500281
549.302,363.4714677
549.402,363.4522589
549.502,363.4522589
549.602,363.4330503
549.702,363.4522589
549.802,363.4426546
549.902,363.4042376
550.002,363.4234461
550.102,363.4138418
550.202,363.4042376
550.302,363.3850293
550.402,363.4042376
550.502,363.3562171
550.602,363.3562171
550.702,363.3466131
550.802,363.3562171
550.902,363.3274052
551.002,363.3178013
551.102,363.3274052
551.202,363.3081974
551.302,363.3081974
551.402,363.2889897
551.502,363.2889897
551.602,363.2601783
551.702,363.2601783
551.802,363.2505746
551.902,363.2121601
552.002,363.2409709
552.102,363.2313673
552.202,363.2121601
552.302,363.2121601
552.402,363.2025565
552.502,363.173746
552.602,363.173746
552.702,363.173746
552.802,363.173746
552.902,363.1545391
553.002,363.1353324
553.102,363.1449358
553.202,363.1353324
553.302,363.1161258
553.402,363.1065225
553.502,363.0969193
553.602,363.0969193
553.702,363.0777129
553.802,363.0969193
553.902,363.0681097
554.002,363.0585066
554.102,363.0296975
554.202,363.0393005
554.302,363.0393005
554.402,363.0200945
554.502,363.0008885
554.602,363.0104915
554.702,362.9912856
554.802,362.9624771
554.902,362.9528743
555.002,362.9624771
555.102,362.9432715
555.202,362.9336688
555.302,362.9432715
555.402,362.9048608
555.502,362.9048608
555.602,362.9048608
555.702,362.9048608
555.802,362.8952582
555.902,362.8664505
556.002,362.876053
556.102,362.8664505
556.202,362.8472455
556.302,362.8280407
556.402,362.8472455
556.502,362.8184383
556.602,362.8280407
556.702,362.8088359
556.802,362.7896313
556.902,362.7992336
557.002,362.7896313
557.102,362.7800291
557.202,362.7608246
557.302,362.7704268
557.402,362.7512224
557.502,362.7512224
557.602,362.7320182
557.702,362.703212
557.802,362.712814
557.902,362.703212
558.002,362.703212
558.102,362.712814
558.202,362.69361
558.302,362.69361
558.402,362.684008
558.502,362.684008
558.602,362.6552023
558.702,362.6359986
558.802,362.6263968
558.902,362.6648042
559.002,362.6263968
559.102,362.6071933
559.202,362.616795
559.302,362.6071933
559.402,362.5975916
559.502,362.5975916
559.602,362.5783882
559.702,362.5687866
559.802,362.559185
559.902,362.5687866
560.002,362.5495834
560.102,362.5687866
560.202,362.559185
560.302,362.5399819
560.402,362.5783882
560.502,362.5303804
560.602,362.5207789
560.702,362.501576
560.802,362.501576
560.902,362.501576
561.002,362.4823733
561.102,362.4823733
561.202,362.4631706
561.302,362.4631706
561.402,362.4727719
561.502,362.4631706
561.602,362.4343668
561.702,362.4439681
561.802,362.4439681
561.902,362.4151645
562.002,362.4247656
562.102,362.4151645
562.202,362.3959622
562.302,362.4247656
562.402,362.3767601
562.502,362.3767601
562.602,362.3863612
562.702,362.3863612
562.802,362.3671591
562.902,362.3767601
563.002,362.3671591
563.102,362.3479571
563.202,362.3287553
563.302,362.3191544
563.402,362.3191544
563.502,362.3191544
563.602,362.2999527
563.702,362.2903519
563.802,362.2807511
563.902,362.2807511
564.002,362.2807511
564.102,362.2711504
564.202,362.251949
564.302,362.2423483
564.402,362.2423483
564.502,362.2327477
564.602,362.2327477
564.702,362.2135465
564.802,362.2135465
564.902,362.2423483
565.002,362.2135465
565.102,362.184745
565.202,362.184745
565.302,362.184745
565.402,362.1463433
565.502,362.1463433
565.602,362.1751445
565.702,362.1463433
565.802,362.1271427
565.902,362.0983419
566.002,362.1175424
566.102,362.0983419
566.202,362.1079421
566.302,362.0887417
566.402,362.0791415
566.502,362.0599412
566.602,362.0599412
566.702,362.0599412
566.802,362.0407411
566.902,362.0599412
567.002,362.031141
567.102,362.021541
567.202,362.021541
567.302,362.0023411
567.402,362.021541
567.502,362.0023411
567.602,361.9831413
567.702,361.9927412
567.802,361.9639415
567.902,361.9735414
568.002,361.9735414
568.102,361.9927412
568.202,361.9639415
568.302,361.9543417
568.402,361.9351422
568.502,361.9543417
568.602,361.8967434
568.702,361.9063431
568.802,361.8967434
568.902,361.8967434
569.002,361.8967434
569.102,361.8871438
569.202,361.8679446
569.302,361.8679446
569.402,361.8295467
569.502,361.8391461
569.602,361.8199472
569.702,361.8199472
569.802,361.8199472
569.902,361.8103478
570.002,361.8295467
570.102,361.8295467
570.202,361.7911491
570.302,361.8007485
570.402,361.7911491
570.502,361.752752
570.602,361.7623512
570.702,361.7719505
570.802,361.7431528
570.902,361.752752
571.002,361.752752
571.102,361.7239545
571.202,361.7335536
571.302,361.7143553
571.402,361.7143553
571.502,361.7143553
571.602,361.6759591
571.702,361.6951572
571.802,361.6759591
571.902,361.6855581
572.002,361.6375633
572.102,361.6567611
572.202,361.6279644
572.302,361.6375633
572.402,361.6279644
572.502,361.6279644
572.602,361.5991679
572.702,361.5799704
572.802,361.6087667
572.902,361.5703717
573.002,361.5991679
573.102,361.5991679
573.202,361.560773
573.302,361.560773
573.402,361.5511744
573.502,361.5415757
573.602,361.5415757
573.702,361.5319771
573.802,361.5031814
573.902,361.5223785
574.002,361.5223785
574.102,361.5031814
574.202,361.4935829
574.302,361.51278
574.402,361.474386
574.502,361.4839845
574.602,361.4551892
574.702,361.4455908
574.802,361.4263942
574.902,361.4647876
575.002,361.4359925
575.102,361.4455908
575.202,361.4263942
575.302,361.4167959
575.402,361.4455908
575.502,361.4167959
575.602,361.4167959
575.702,361.3880012
575.802,361.4071976
575.902,361.378403
576.002,361.3688049
576.102,361.3592067
576.202,361.378403
576.302,361.3496086
576.402,361.3592067
576.502,361.3496086
576.602,361.3400106
576.702,361.3304125
576.802,361.3304125
576.902,361.3400106
577.002,361.3112165
577.102,361.3112165
577.202,361.3016185
577.302,361.2920206
577.402,361.2920206
577.502,361.2920206
577.602,361.2824227
577.702,361.2728248
577.802,361.2536291
577.902,361.2536291
578.002,361.2344335
578.102,361.2536291
578.202,361.215238
578.302,361.2248358
578.402,361.1960427
578.502,361.2056403
578.602,361.1960427
578.702,361.186445
578.802,361.186445
578.902,361.186445
579.002,361.1768474
579.102,361.1576522
579.202,361.1672498
579.302,361.1384572
579.402,361.1384572
579.502,361.1192622
579.602,361.1096648
579.702,361.1288597
579.802,361.1192622
579.902,361.0712753
580.002,361.0808726
580.102,361.0808726
580.202,361.061678
580.302,361.0424835
580.402,361.023289
580.502,361.0136919
580.602,360.9944976
580.702,360.9753034
580.802,360.9849005
580.902,360.9561094
581.002,360.9753034
581.102,360.9561094
581.202,360.9561094
581.302,360.9465124
581.402,360.9273185
581.502,360.9273185
581.602,360.9177215
581.702,360.9177215
581.802,360.8793341
581.902,360.8793341
582.002,360.8793341
582.102,360.888931
582.202,360.8505439
582.302,360.8697374
582.402,360.8409472
582.502,360.8409472
582.602,360.8217538
582.702,360.8121572
582.802,360.8121572
582.902,360.8217538
583.002,360.8025606
583.102,360.7833675
583.202,360.7737709
583.302,360.7641744
583.402,360.792964
583.502,360.7545779
583.602,360.7353851
583.702,360.7161923
583.802,360.7257887
583.902,360.7257887
584.002,360.6874033
584.102,360.7161923
584.202,360.6969996
584.302,360.6874033
584.402,360.6778071
584.502,360.6586146
584.602,360.6874033
584.702,360.6586146
584.802,360.6394222
584.902,360.6394222
585.002,360.6298261
585.102,360.6298261
585.202,360.6394222
585.302,360.6010378
585.402,360.6010378
585.502,360.5914418
585.602,360.5722497
585.702,360.5722497
585.802,360.5722497
585.902,360.5626538
586.002,360.5530578
586.102,360.5530578
586.202,360.533866
586.302,360.5242702
586.402,360.5050785
586.502,360.485887
586.602,360.5242702
586.702,360.4954827
586.802,360.4954827
586.902,360.4570998
587.002,360.4283129
587.102,360.4475041
587.202,360.4570998
587.302,360.4283129
587.402,360.4091217
587.502,360.4283129
587.602,360.4187173
587.702,360.4091217
587.802,360.3803352
587.902,360.3899307
588.002,360.3803352
588.102,360.3899307
588.202,360.3515489
588.302,360.3707397
588.402,360.3323581
588.502,360.3323581
588.602,360.3227628
588.702,360.3515489
588.802,360.3035722
588.902,360.3035722
589.002,360.2747865
589.102,360.2939769
589.202,360.2747865
589.302,360.2651913
589.402,360.2555961
589.502,360.2555961
589.602,360.246001
589.702,360.2364058
589.802,360.2172157
589.902,360.2364058
590.002,360.1980256
590.102,360.2076206
590.202,360.1980256
590.302,360.1980256
590.402,360.1884306
590.502,360.1884306
590.602,360.1692407
590.702,360.1596458
590.802,360.1500509
590.902,360.1500509
591.002,360.1212664
591.102,360.140456
591.202,360.140456
591.302,360.1212664
591.402,360.1020768
591.502,360.0924821
591.602,360.0732926
591.702,360.063698
591.802,360.0732926
591.902,360.0828873
592.002,360.063698
592.102,360.063698
592.202,360.0445087
592.302,360.0253195
592.402,360.0157249
592.502,360.0061304
592.602,360.0253195
592.702,360.0061304
592.802,359.9869414
592.902,359.9965359
593.002,359.9677525
593.102,359.977347
593.202,359.9581581
593.302,359.9581581
593.402,359.9389694
593.502,359.9389694
593.602,359.9389694
593.702,359.9293751
593.802,359.9101865
593.902,359.9101865
594.002,359.9005922
594.102,359.9101865
594.202,359.9005922
594.302,359.8526213
594.402,359.8526213
594.502,359.8430271
594.602,359.833433
594.702,359.8430271
594.802,359.8142449
594.902,359.7950569
595.002,359.7950569
595.102,359.7854629
595.202,359.8046509
595.302,359.766275
595.402,359.7566811
595.502,359.7566811
595.602,359.7470873
595.702,359.7374934
595.802,359.7183058
595.902,359.7374934
596.002,359.7278996
596.102,359.7183058
596.202,359.7183058
596.302,359.6799308
596.402,359.6991182
596.502,359.6703371
596.602,359.6607434
596.702,359.6607434
596.802,359.6415562
596.902,359.6607434
597.002,359.6415562
597.102,359.6319626
597.202,359.622369
597.302,359.5935884
597.402,359.6031819
597.502,359.6031819
597.602,359.5839949
597.702,359.5744015
597.802,359.5839949
597.902,359.5456213
598.002,359.5456213
598.102,359.5456213
598.202,359.5264346
598.302,359.5264346
598.402,359.5168413
598.502,359.5264346
598.602,359.5264346
598.702,359.4880615
598.802,359.4880615
598.902,359.4592819
599.002,359.4592819
599.102,359.4496887
599.202,359.4400956
599.302,359.4209094
599.402,359.4305025
599.502,359.4113164
599.602,359.4113164
599.702,359.3921303
599.802,359.3921303
599.902,359.3921303
600.002,359.3825373
600.102,359.3537585
600.202,359.3537585
600.302,359.3345727
600.402,359.3441656
600.502,359.3249799
600.602,359.3153871
600.702,359.3153871
600.802,359.3441656
600.902,359.277016
601.002,359.3153871
601.102,359.3057943
601.202,359.2866087
601.302,359.277016
601.402,359.2674233
601.502,359.2674233
601.602,359.2482379
601.702,359.277016
601.802,359.2386453
601.902,359.2194601
602.002,359.2386453
602.102,359.2002749
602.202,359.2194601
602.302,359.2194601
602.402,359.1906824
602.502,359.1906824
602.602,359.1810899
602.702,359.1810899
602.802,359.1714974
602.902,359.1906824
603.002,359.1523125
603.102,359.161905
603.202,359.161905
603.302,359.1427201
603.402,359.1523125
603.502,359.1427201
603.602,359.1331277
603.702,359.1235353
603.802,359.1235353
603.902,359.113943
604.002,359.0947584
604.102,359.0947584
604.202,359.1043507
604.302,359.1043507
604.402,359.0851661
604.502,359.0851661
604.602,359.0659816
604.702,359.0659816
604.802,359.037205
604.902,359.0563894
605.002,359.0467972
605.102,359.0276129
605.202,358.9988366
605.302,359.0084287
605.402,358.9988366
605.502,359.0084287
605.602,359.0180208
605.702,358.9892445
605.802,358.9796525
605.902,358.9892445
606.002,358.9700605
606.102,358.9508766
606.202,358.9604685
606.302,358.9508766
606.402,358.9508766
606.502,358.9316927
606.602,358.9125089
606.702,358.9221008
606.802,358.9221008
606.902,358.9221008
607.002,358.8837334
607.102,358.8933252
607.202,358.8837334
607.302,358.8837334
607.402,358.8741416
607.502,358.8645499
607.602,358.8549581
607.702,358.8645499
607.802,358.8645499
607.902,358.8645499
608.002,358.8357747
608.102,358.8357747
608.202,358.8165914
608.302,358.8069998
608.402,358.8069998
608.502,358.7974081
608.602,358.778225
608.702,358.8069998
608.802,358.778225
608.902,358.7590419
609.002,358.7398589
609.102,358.7494504
609.202,358.7590419
609.302,358.7206761
609.402,358.7398589
609.502,358.7206761
609.602,358.7014933
609.702,358.7206761
609.802,358.6919019
609.902,358.6823105
610.002,358.6823105
610.102,358.6439454
610.202,358.6439454
610.302,358.6439454
610.402,358.6535366
610.502,358.6439454
610.602,358.6343541
610.702,358.6439454
610.802,358.6151717
610.902,358.6055805
611.002,358.6055805
611.102,358.6055805
611.202,358.6055805
611.302,358.5863983
611.402,358.5768072
611.502,358.557625
611.602,358.5672161
611.702,358.557625
611.802,358.548034
611.902,358.5384429
612.002,358.50967
612.102,358.519261
612.202,358.50967
612.302,358.5288519
612.402,358.50967
612.502,358.4904882
612.602,358.5000791
612.702,358.5000791
612.802,358.4904882
612.902,358.4713064
613.002,358.4713064
613.102,358.4521247
613.202,358.4904882
613.302,358.4425339
613.402,358.4425339
613.502,358.4329431
613.602,358.4329431
613.702,358.4329431
613.802,358.4041709
613.902,358.4041709
614.002,358.3945802
614.102,358.3849895
614.202,358.3945802
614.302,358.3753989
614.402,358.3849895
614.502,358.346627
614.602,358.3370364
614.702,358.3562176
614.802,358.346627
614.902,358.3178554
615.002,358.3082648
615.102,358.3274459
615.202,358.3082648
615.302,358.3274459
615.402,358.269903
615.502,358.2986744
615.602,358.2794934
615.702,358.2890839
615.802,358.2603126
615.902,358.2507222
616.002,358.2411319
616.102,358.2507222
616.202,358.2603126
616.302,358.2315415
616.402,358.2411319
616.502,358.2219512
616.602,358.2219512
616.702,358.1931804
616.802,358.1835901
616.902,358.1644097
617.002,358.1644097
617.102,358.1548195
617.202,358.1452294
617.302,358.1548195
617.402,358.1260491
617.502,358.1548195
617.602,358.1356393
617.702,358.1452294
617.802,358.1452294
617.902,358.1164591
618.002,358.1260491
618.102,358.106869
618.202,358.0876889
618.302,358.0972789
618.402,358.0876889
618.502,358.0685089
618.602,358.0589189
618.702,358.0685089
618.802,358.0589189
618.902,358.0685089
619.002,358.0397391
619.102,358.0109694
619.202,358.0205593
619.302,358.0109694
619.402,357.9917897
619.502,358.0109694
619.602,357.9726102
619.702,357.9917897
619.802,357.9726102
619.902,357.9726102
620.002,357.9821999
620.102,357.9534306
620.202,357.9726102
620.302,357.9630204
620.402,357.9534306
620.502,357.9342512
620.602,357.9342512
620.702,357.9150719
620.802,357.9054822
620.902,357.9054822
621.002,357.8958926
621.102,357.8767134
621.202,357.8767134
621.302,357.886303
621.402,357.8479448
621.502,357.8479448
621.602,357.8287659
621.702,357.8479448
621.802,357.8479448
621.902,357.8191764
622.002,357.8191764
622.102,357.8287659
622.202,357.809587
622.302,357.7904081
622.402,357.809587
622.502,357.7520508
622.602,357.7808188
622.702,357.7424615
622.802,357.7424615
622.902,357.7520508
623.002,357.7328722
623.102,357.7232829
623.202,357.7328722
623.302,357.7328722
623.402,357.7424615
623.502,357.7232829
623.602,357.7136937
623.702,357.6945153
623.802,357.6849261
623.902,357.7041045
624.002,357.6753369
624.102,357.6657478
624.202,357.6753369
624.302,357.6657478
624.402,357.6465696
624.502,357.6178024
624.602,357.6273914
624.702,357.6273914
624.802,357.6273914
624.902,357.6178024
625.002,357.6082134
625.102,357.6082134
625.202,357.5698575
625.302,357.6082134
625.402,357.5794464
625.502,357.5698575
625.602,357.5506797
625.702,357.5506797
625.802,357.5410908
625.902,357.5506797
626.002,357.5410908
626.102,357.5315019
626.202,357.5123243
626.302,357.5027355
626.402,357.4931467
626.502,357.5315019
626.602,357.5027355
626.702,357.4931467
626.802,357.4547918
626.902,357.4739692
627.002,357.4643805
627.102,357.4547918
627.202,357.4356144
627.302,357.4547918
627.402,357.4356144
627.502,357.4452031
627.602,357.4068485
627.702,357.4164371
627.802,357.4164371
627.902,357.4068485
628.002,357.4068485
628.102,357.3972599
628.202,357.3780828
628.302,357.3589058
628.402,357.3684943
628.502,357.3493173
628.602,357.3493173
628.702,357.3493173
628.802,357.3493173
628.902,357.3301403
629.002,357.3397288
629.102,357.3013751
629.202,357.3205519
629.302,357.3013751
629.402,357.3109635
629.502,357.3013751
629.602,357.3109635
629.702,357.27261
629.802,357.2917867
629.902,357.2630217
630.002,357.27261
630.102,357.2630217
630.202,357.2438451
630.302,357.2342568
630.402,357.2438451
630.502,357.2246686
630.602,357.2246686
630.702,357.2342568
630.802,357.195904
630.902,357.2246686
631.002,357.2054922
631.102,357.2150804
631.202,357.195904
631.302,357.2054922
631.402,357.1767277
631.502,357.1767277
631.602,357.1575514
631.702,357.1671395
631.802,357.195904
631.902,357.1479633
632.002,357.1287872
632.102,357.1383753
632.202,357.1096111
632.302,357.1191992
632.402,357.1096111
632.502,357.1096111
632.602,357.1191992
632.702,357.0904352
632.802,357.0616713
632.902,357.0712593
633.002,357.0808472
633.102,357.0712593
633.202,357.0712593
633.302,357.0808472
633.402,357.013732
633.502,357.0616713
633.602,357.0424955
633.702,357.0424955
633.802,357.013732
633.902,357.013732
634.002,356.9945564
634.102,356.9945564
634.202,357.013732
634.302,356.9753809
634.402,356.9849686
634.502,356.9945564
634.602,356.9562054
634.702,356.93703
634.802,356.9466177
634.902,356.9562054
635.002,356.9274423
635.102,356.93703
635.202,356.9178547
635.302,356.9274423
635.402,356.9082671
635.502,356.9082671
635.602,356.8986795
635.702,356.8795043
635.802,356.8795043
635.902,356.8603292
636.002,356.8699167
636.102,356.8603292
636.202,356.8795043
636.302,356.8986795
636.402,356.8603292
636.502,356.8411542
636.602,356.8507417
636.702,356.8411542
636.802,356.8219792
636.902,356.8219792
637.002,356.8219792
637.102,356.8123918
637.202,356.793217
637.302,356.7836296
637.402,356.7740422
637.502,356.7740422
637.602,356.7548675
637.702,356.7548675
637.802,356.7644548
637.902,356.7548675
638.002,356.7261056
638.102,356.7261056
638.202,356.7452802
638.302,356.7356929
638.402,356.6877567
638.502,356.6877567
638.602,356.6877567
638.702,356.6589951
638.802,356.6398209
638.902,356.649408
639.002,356.6589951
639.102,356.6589951
639.202,356.6685823
639.302,356.6302338
639.402,356.6014726
639.502,356.6398209
639.602,356.6302338
639.702,356.6014726
639.802,356.5822985
639.902,356.5727115
640.002,356.5918855
640.102,356.5822985
640.202,356.5822985
640.302,356.5631245
640.402,356.5343637
640.502,356.5343637
640.602,356.5151899
640.702,356.5151899
640.802,356.4960162
640.902,356.505603
641.002,356.4864293
641.102,356.4768425
641.202,356.4768425
641.302,356.4576689
641.402,356.4672557
641.502,356.4384954
641.602,356.4384954
641.702,356.4289087
641.802,356.419322
641.902,356.419322
642.002,356.419322
642.102,356.4097353
642.202,356.4097353
642.302,356.3905619
642.402,356.3809753
642.502,356.3809753
642.602,356.3809753
642.702,356.3330423
642.802,356.3522154
642.902,356.361802
643.002,356.3234557
643.102,356.3426289
643.202,356.3138692
643.302,356.3234557
643.402,356.3042827
643.502,356.3138692
643.602,356.2851097
643.702,356.2851097
643.802,356.2659368
643.902,356.2755233
644.002,356.2563504
644.102,356.2563504
644.202,356.2371776
644.302,356.246764
644.402,356.246764
644.502,356.2275913
644.602,356.2371776
644.702,356.1892459
644.802,356.1988322
644.902,356.2084186
645.002,356.1988322
645.102,356.1700734
645.202,356.1700734
645.302,356.1796596
645.402,356.1604871
645.502,356.1700734
645.602,356.1509009
645.702,356.1413147
645.802,356.1413147
645.902,356.1221423
646.002,356.1317285
646.102,356.1317285
646.202,356.1221423
646.302,356.0837977
646.402,356.0933838
646.502,356.0933838
646.602,356.0742116
646.702,356.0742116
646.802,356.0550394
646.902,356.0646255
647.002,356.0454534
647.102,356.0262813
647.202,356.0358673
647.302,356.0454534
647.402,356.0358673
647.502,356.0550394
647.602,356.0262813
647.702,356.0071093
647.802,355.9975234
647.902,355.9783515
648.002,355.9879374
648.102,355.9783515
648.202,355.9783515
648.302,355.9687656
648.402,355.9591796
648.502,355.9495938
648.602,355.9687656
648.702,355.930422
648.802,355.9400079
648.902,355.882493
649.002,355.9208362
649.102,355.9016646
649.202,355.8920788
649.302,355.8920788
649.402,355.8729072
649.502,355.8537358
649.602,355.8633215
649.702,355.8249787
649.802,355.8345644
649.902,355.815393
650.002,355.8345644
650.102,355.8345644
650.202,355.8249787
650.302,355.815393
650.402,355.8058074
650.502,355.8058074
650.602,355.767465
650.702,355.7866362
650.802,355.767465
650.902,355.7866362
651.002,355.767465
651.102,355.7578794
651.202,355.7099519
651.302,355.7387084
651.402,355.7099519
651.502,355.7003664
651.602,355.7291228
651.702,355.7099519
651.802,355.6716101
651.902,355.7195373
652.002,355.6716101
652.102,355.6811955
652.202,355.6524393
652.302,355.6620247
652.402,355.6332686
652.502,355.6524393
652.602,355.6524393
652.702,355.6236832
652.802,355.6140979
652.902,355.6236832
653.002,355.6140979
653.102,355.6140979
653.202,355.5949273
653.302,355.5757568
653.402,355.5757568
653.502,355.5757568
653.602,355.5757568
653.702,355.5757568
653.802,355.5565863
653.902,355.5661715
654.002,355.5374159
654.102,355.5470011
654.202,355.5182455
654.302,355.5182455
654.402,355.5182455
654.502,355.4990752
654.602,355.4990752
654.702,355.479905
654.802,355.479905
654.902,355.4703199
655.002,355.479905
655.102,355.4607348
655.202,355.4319797
655.302,355.4223947
655.402,355.4032247
655.502,355.4128097
655.602,355.3936397
655.702,355.4032247
655.802,355.4128097
655.902,355.3744699
656.002,355.3744699
656.102,355.3840548
656.202,355.3457151
656.302,355.3648849
656.402,355.3457151
656.502,355.3265454
656.602,355.3265454
656.702,355.3361303
656.802,355.3169606
656.902,355.3169606
657.002,355.2977909
657.102,355.2882061
657.202,355.2690366
657.302,355.2690366
657.402,355.2594518
657.502,355.2498671
657.602,355.2402823
657.702,355.2498671
657.802,355.2306976
657.902,355.2306976
658.002,355.2306976
658.102,355.2019436
658.202,355.2019436
658.302,355.1827743
658.402,355.1540205
658.502,355.1636051
658.602,355.1636051
658.702,355.1636051
658.802,355.1444359
658.902,355.1540205
659.002,355.1252668
659.102,355.1540205
659.202,355.1348513
659.302,355.1252668
659.402,355.0965132
659.502,355.0965132
659.602,355.0965132
659.702,355.0965132
659.802,355.0773443
659.902,355.0581754
660.002,355.0773443
660.102,355.0581754
660.202,355.0390065
660.302,355.048591
660.402,355.0581754
660.502,355.0294221
660.602,355.0581754
660.702,355.0581754
660.802,355.0198378
660.902,355.0198378
661.002,355.0294221
661.102,355.0390065
661.202,355.0102534
661.302,355.0390065
661.402,355.000669
661.502,355.000669
661.602,355.000669
661.702,354.9910847
661.802,355.0102534
661.902,355.000669
662.002,355.000669
662.102,354.971916
662.202,354.971916
662.302,354.9527475
662.402,354.9335789
662.502,354.9623317
662.602,354.9335789
662.702,354.9431632
662.802,354.9335789
662.902,354.9335789
663.002,354.9048263
663.102,354.9239947
663.202,354.9144105
663.302,354.9048263
663.402,354.9048263
663.502,354.9048263
663.602,354.8952421
663.702,354.8664895
663.802,354.8856579
663.902,354.8952421
664.002,354.8473213
664.102,354.8664895
664.202,354.8473213
664.302,354.8377372
664.402,354.8281531
664.502,354.8281531
664.602,354.8281531
664.702,354.8089849
664.802,354.8089849
664.902,354.7994008
665.002,354.7898168
665.102,354.7898168
665.202,354.7898168
665.302,354.7898168
665.402,354.7898168
665.502,354.7706488
665.602,354.7418968
665.702,354.7418968
665.802,354.7514808
665.902,354.7323128
666.002,354.713145
666.102,354.713145
666.202,354.713145
666.302,354.7035611
666.402,354.6843933
666.502,354.6939771
666.602,354.6843933
666.702,354.6748094
666.802,354.6652255
666.902,354.6556417
667.002,354.6556417
667.102,354.6652255
667.202,354.6748094
667.302,354.6652255
667.402,354.6460578
667.502,354.6268902
667.602,354.6077226
667.702,354.636474
667.802,354.6173064
667.902,354.6077226
668.002,354.5789714
668.102,354.5885551
668.202,354.6077226
668.302,354.6077226
668.402,354.5598039
668.502,354.5693877
668.602,354.5598039
668.702,354.5598039
668.802,354.5502202
668.902,354.5406366
669.002,354.5406366
669.102,354.5406366
669.202,354.5406366
669.302,354.5310529
669.402,354.5214692
669.502,354.502302
669.602,354.502302
669.702,354.502302
669.802,354.4831347
669.902,354.4831347
670.002,354.4927183
670.102,354.4735512
670.202,354.4735512
670.302,354.454384
670.402,354.4639676
670.502,354.454384
670.602,354.4352169
670.702,354.4352169
670.802,354.454384
670.902,354.4256334
671.002,354.4352169
671.102,354.4064664
671.202,354.4256334
671.302,354.3968829
671.402,354.3968829
671.502,354.3872994
671.602,354.4064664
671.702,354.3681325
671.802,354.3681325
671.902,354.3681325
672.002,354.3489657
672.102,354.3681325
672.202,354.3393823
672.302,354.3489657
672.402,354.3297989
672.502,354.3297989
672.602,354.3106322
672.702,354.3202155
672.802,354.2914655
672.902,354.3297989
673.002,354.2722988
673.102,354.3010488
673.202,354.2914655
673.302,354.2914655
673.402,354.2531322
673.502,354.2722988
673.602,354.2531322
673.702,354.2722988
673.802,354.2722988
673.902,354.2722988
674.002,354.2531322
674.102,354.243549
674.202,354.2147992
674.302,354.2147992
674.402,354.205216
674.502,354.205216
674.602,354.205216
674.702,354.1764664
674.802,354.1956328
674.902,354.1764664
675.002,354.1764664
675.102,354.1956328
675.202,354.205216
675.302,354.1860496
675.402,354.1573001
675.502,354.1668832
675.602,354.1573001
675.702,354.1477169
675.802,354.1381338
675.902,354.1189676
676.002,354.1381338
676.102,354.1285507
676.202,354.1189676
676.302,354.0998014
676.402,354.1189676
676.502,354.1285507
676.602,354.1285507
676.702,354.0998014
676.802,354.0902183
676.902,354.0902183
677.002,354.0902183
677.102,354.0806352
677.202,354.0614692
677.302,354.0614692
677.402,354.0614692
677.502,354.0614692
677.602,354.0423031
677.702,354.0423031
677.802,354.0423031
677.902,354.0327201
678.002,354.0135542
678.102,353.9943883
678.202,354.0135542
678.302,354.0039712
678.402,353.9752224
678.502,354.0135542
678.602,353.9656395
678.702,353.9848054
678.802,353.9752224
678.902,353.9848054
679.002,353.9656395
679.102,353.9560566
679.202,353.9560566
679.302,353.9560566
679.402,353.9464737
679.502,353.9464737
679.602,353.927308
679.702,353.927308
679.802,353.9081423
679.902,353.8985595
680.002,353.8985595
680.102,353.927308
680.202,353.8793939
680.302,353.8889767
680.402,353.8889767
680.502,353.8793939
680.602,353.8602283
680.702,353.8506456
680.802,353.8314801
680.902,353.8410628
681.002,353.8314801
681.102,353.8123146
681.202,353.8123146
681.302,353.8218974
681.402,353.7835666
681.502,353.7739839
681.602,353.7644012
681.702,353.745236
681.802,353.7739839
681.902,353.7548186
682.002,353.7548186
682.102,353.7356534
682.202,353.745236
682.302,353.7260707
682.402,353.7069056
682.502,353.697323
682.602,353.7069056
682.702,353.6877404
682.802,353.6877404
682.902,353.6781579
683.002,353.6685753
683.102,353.6589928
683.202,353.6685753
683.302,353.6494103
683.402,353.6398278
683.502,353.6494103
683.602,353.6206628
683.702,353.6110804
683.802,353.6110804
683.902,353.582333
684.002,353.5919155
684.102,353.5919155
684.202,353.582333
684.302,353.5631682
684.402,353.582333
684.502,353.5535858
684.602,353.5535858
684.702,353.5440034
684.802,353.5152563
684.902,353.5248387
685.002,353.5535858
685.102,353.534421
685.202,353.505674
685.302,353.4865093
685.402,353.505674
685.502,353.476927
685.602,353.4865093
685.702,353.4865093
685.802,353.4865093
685.902,353.4673447
686.002,353.4577625
686.102,353.4481802
686.202,353.4673447
686.302,353.476927
686.402,353.4481802
686.502,353.4481802
686.602,353.4481802
686.702,353.4098512
686.802,353.400269
686.902,353.3906868
687.002,353.3906868
687.102,353.400269
687.202,353.3715224
687.302,353.3715224
687.402,353.3906868
687.502,353.3619402
687.602,353.3523581
687.702,353.3331938
687.802,353.3715224
687.902,353.3619402
688.002,353.3523581
688.102,353.3331938
688.202,353.3236116
688.302,353.3236116
688.402,353.3044474
688.502,353.2852832
688.602,353.2852832
688.702,353.3044474
688.802,353.2661191
688.902,353.256537
689.002,353.246955
689.102,353.246955
689.202,353.246955
689.302,353.237373
689.402,353.237373
689.502,353.2277909
689.602,353.237373
689.702,353.2182089
689.802,353.1990449
689.902,353.189463
690.002,353.1990449
690.102,353.179881
690.202,353.179881
690.302,353.170299
690.402,353.1607171
690.502,353.1607171
690.602,353.1511352
690.702,353.1511352
690.802,353.1415532
690.902,353.1128075
691.002,353.1128075
691.102,353.1319713
691.202,353.1223894
691.302,353.1032256
691.402,353.1032256
691.502,353.1032256
691.602,353.1032256
691.702,353.0457345
691.802,353.0648982
691.902,353.0648982
692.002,353.0457345
692.102,353.07448
692.202,353.0265709
692.302,353.0553164
692.402,353.0648982
692.502,353.0265709
692.602,353.0361527
692.702,353.0074074
692.802,353.0265709
692.902,353.0361527
693.002,352.9786621
693.102,352.9882438
693.202,352.9786621
693.302,352.9786621
693.402,352.9786621
693.502,352.9594986
693.602,352.9594986
693.702,352.9403352
693.802,352.9594986
693.902,352.9403352
694.002,352.9499169
694.102,352.9211718
694.202,352.9115901
694.302,352.8924268
694.402,352.9115901
694.502,352.9115901
694.602,352.8924268
694.702,352.8924268
694.802,352.8636819
694.902,352.8541003
695.002,352.8732635
695.102,352.8541003
695.202,352.8636819
695.302,352.8636819
695.402,352.8541003
695.502,352.8445187
695.602,352.8349371
695.702,352.8253555
695.802,352.8157739
695.902,352.8349371
696.002,352.8157739
696.102,352.7966108
696.202,352.7966108
696.302,352.8061923
696.402,352.7774477
696.502,352.7870292
696.602,352.7391216
696.702,352.7391216
696.802,352.7678662
696.902,352.7487031
697.002,352.7582846
697.102,352.7678662
697.202,352.7103772
697.302,352.7199587
697.402,352.7295401
697.502,352.7199587
697.602,352.7103772
697.702,352.7103772
697.802,352.7007957
697.902,352.6720514
698.002,352.6720514
698.102,352.66247
698.202,352.6720514
698.302,352.6528886
698.402,352.6433071
698.502,352.66247
698.602,352.6433071
698.702,352.66247
698.802,352.6241444
698.902,352.6241444
699.002,352.6049816
699.102,352.5954003
699.202,352.6049816
699.302,352.5858189
699.402,352.5762376
699.502,352.5762376
699.602,352.5858189
699.702,352.5762376
699.802,352.5666562
699.902,352.5570749
700.002,352.5570749
700.102,352.5570749
700.202,352.528331
700.302,352.528331
700.402,352.5474936
700.502,352.5091685
700.602,352.5187497
700.702,352.4995872
700.802,352.4995872
700.902,352.5091685
701.002,352.4804247
701.102,352.4804247
701.202,352.4708435
701.302,352.451681
701.402,352.4612622
701.502,352.4708435
701.602,352.451681
701.702,352.451681
701.802,352.4420998
701.902,352.4325186
702.002,352.4325186
702.102,352.4133562
702.202,352.3941939
702.302,352.3941939
702.402,352.3846127
702.502,352.3941939
702.602,352.3750316
702.702,352.3750316
702.802,352.3846127
702.902,352.3750316
703.002,352.3367071
703.102,352.3462882
703.202,352.3175449
703.302,352.3367071
703.402,352.3367071
703.502,352.2983827
703.602,352.3175449
703.702,352.3175449
703.802,352.3175449
703.902,352.2888016
704.002,352.2888016
704.102,352.2888016
704.202,352.2600585
704.302,352.2983827
704.402,352.2600585
704.502,352.2696395
704.602,352.2504775
704.702,352.2600585
704.802,352.2600585
704.902,352.2217344
705.002,352.2217344
705.102,352.2217344
705.202,352.2025724
705.302,352.2025724
705.402,352.1834105
705.502,352.2025724
705.602,352.1834105
705.702,352.2121534
705.802,352.1642485
705.902,352.1929914
706.002,352.1738295
706.102,352.1642485
706.202,352.1642485
706.302,352.1450866
706.402,352.1450866
706.502,352.1355057
706.602,352.1355057
706.702,352.106763
706.802,352.1259248
706.902,352.1163439
707.002,352.0971821
707.102,352.0971821
707.202,352.0876012
707.302,352.0588586
707.402,352.0684394
707.502,352.0588586
707.602,352.0588586
707.702,352.0588586
707.802,352.0492777
707.902,352.0396969
708.002,352.0396969
708.102,352.0396969
708.202,352.0109544
708.302,352.0205352
708.402,352.0109544
708.502,352.0013735
708.602,351.9822119
708.702,351.9822119
708.802,351.9726311
708.902,351.9630503
709.002,351.9822119
709.102,351.9726311
709.202,351.9822119
709.302,351.9534696
709.402,351.9534696
709.502,351.9438888
709.602,351.9438888
709.702,351.9534696
709.802,351.9151465
709.902,351.9247273
710.002,351.9055658
710.102,351.8959851
710.202,351.9055658
710.302,351.8768236
710.402,351.8768236
710.502,351.8768236
710.602,351.8480815
710.702,351.8576622
710.802,351.8480815
710.902,351.8672429
711.002,351.8385009
711.102,351.8385009
711.202,351.8289202
711.302,351.8576622
711.402,351.8385009
711.502,351.8385009
711.602,351.7905976
711.702,351.7810169
711.802,351.8193395
711.902,351.7810169
712.002,351.7905976
712.102,351.7905976
712.202,351.7618557
712.302,351.7618557
712.402,351.7331138
712.502,351.7522751
712.602,351.7426944
712.702,351.7331138
712.802,351.7331138
712.902,351.7426944
713.002,351.7043721
713.102,351.7331138
713.202,351.7235333
713.302,351.685211
713.402,351.7043721
713.502,351.685211
713.602,351.685211
713.702,351.685211
713.802,351.6660499
713.902,351.6947915
714.002,351.685211
714.102,351.6564693
714.202,351.6373083
714.302,351.6468888
714.402,351.6468888
714.502,351.6181472
714.602,351.6468888
714.702,351.6373083
714.802,351.6085667
714.902,351.6181472
715.002,351.6181472
715.102,351.6085667
715.202,351.5894057
715.302,351.5798253
715.402,351.6277277
715.502,351.5702448
715.602,351.5606643
715.702,351.5894057
715.802,351.5510838
715.902,351.5319229
716.002,351.5415034
716.102,351.5510838
716.202,351.5319229
716.302,351.5319229
716.402,351.5127621
716.502,351.5319229
716.602,351.5127621
716.702,351.5031816
716.802,351.5031816
716.902,351.4840208
717.002,351.4744404
717.102,351.5127621
717.202,351.4744404
717.302,351.4552796
717.402,351.4744404
717.502,351.4361189
717.602,351.46486
717.702,351.4552796
717.802,351.4169581
717.902,351.4456992
718.002,351.4456992
718.102,351.4361189
718.202,351.4169581
718.302,351.3977974
718.402,351.3977974
718.502,351.3977974
718.602,351.3786367
718.702,351.3786367
718.802,351.3882171
718.902,351.4073778
719.002,351.3498958
719.102,351.3690564
719.202,351.3594761
719.302,351.3690564
719.402,351.3594761
719.502,351.3403154
719.602,351.3307351
719.702,351.3211548
719.802,351.3019943
719.902,351.3115746
720.002,351.3403154
720.102,351.3211548
720.202,351.3019943
720.302,351.3019943
720.402,351.2828337
720.502,351.2828337
720.602,351.2828337
720.702,351.292414
720.802,351.2540929
720.902,351.2732535
721.002,351.2828337
721.102,351.2636732
721.202,351.2445127
721.302,351.2445127
721.402,351.2445127
721.502,351.2445127
721.602,351.2253522
721.702,351.2540929
721.802,351.2253522
721.902,351.2061918
722.002,351.215772
722.102,351.1870313
722.202,351.1870313
722.302,351.167871
722.402,351.1582908
722.502,351.1870313
722.602,351.1870313
722.702,351.1774511
722.802,351.167871
722.902,351.167871
723.002,351.167871
723.102,351.1295502
723.202,351.1487106
723.302,351.1487106
723.402,351.1487106
723.502,351.1295502
723.602,351.1008098
723.702,351.1295502
723.802,351.1391304
723.902,351.0912296
724.002,351.0720693
724.102,351.0912296
724.202,351.0912296
724.302,351.0816495
724.402,351.0720693
724.502,351.1008098
724.602,351.0912296
724.702,351.043329
724.802,351.0624892
724.902,351.0529091
725.002,351.0529091
725.102,351.0529091
725.202,351.0529091
725.302,351.0145886
725.402,351.0337489
725.502,351.0241687
725.602,351.0529091
725.702,351.0050086
725.802,351.0050086
725.902,351.0050086
726.002,350.9954285
726.102,350.9762683
726.202,350.9858484
726.302,350.9571082
726.402,350.9571082
726.502,350.9475281
726.602,350.9666882
726.702,350.9666882
726.802,350.9379481
726.902,350.9379481
727.002,350.9475281
727.102,350.9379481
727.202,350.928368
727.302,350.918788
727.402,350.918788
727.502,350.9092079
727.602,350.8804679
727.702,350.918788
727.802,350.8900479
727.902,350.8996279
728.002,350.8804679
728.102,350.8517278
728.202,350.8421478
728.302,350.8517278
728.402,350.8613078
728.502,350.8613078
728.602,350.8613078
728.702,350.8229879
728.802,350.8517278
728.902,350.8325679
729.002,350.8325679
729.102,350.8229879
729.202,350.8134079
729.302,350.7942479
729.402,350.8134079
729.502,350.8038279
729.602,350.7942479
729.702,350.784668
729.802,350.7942479
729.902,350.7655081
730.002,350.784668
730.102,350.7655081
730.202,350.7655081
730.302,350.7655081
730.402,350.7271883
730.502,350.7367682
730.602,350.7367682
730.702,350.7271883
730.802,350.7367682
730.902,350.7367682
731.002,350.7176084
731.102,350.7176084
731.202,350.6888686
731.302,350.6792887
731.402,350.7080285
731.502,350.6792887
731.602,350.650549
731.702,350.6601289
731.802,350.6601289
731.902,350.6313893
732.002,350.6601289
732.102,350.650549
732.202,350.6409691
732.302,350.6409691
732.402,350.6409691
732.502,350.6313893
732.602,350.6313893
732.702,350.6218094
732.802,350.6026496
732.902,350.6313893
733.002,350.6313893
733.102,350.5930698
733.202,350.6122295
733.302,350.5930698
733.402,350.5930698
733.502,350.5547504
733.602,350.5739101
733.702,350.5547504
733.802,350.5451705
733.902,350.5643302
734.002,350.5164311
734.102,350.5355907
734.202,350.5355907
734.302,350.5068512
734.402,350.5355907
734.502,350.5260109
734.602,350.5164311
734.702,350.4972714
734.802,350.5164311
734.902,350.4972714
735.002,350.4876916
735.102,350.4972714
735.202,350.4876916
735.302,350.4972714
735.402,350.4972714
735.502,350.4781118
735.602,350.4589522
735.702,350.4589522
735.802,350.468532
735.902,350.468532
736.002,350.4493724
736.102,350.4493724
736.202,350.4397926
736.302,350.4302129
736.402,350.4302129
736.502,350.4397926
736.602,350.4397926
736.702,350.4110533
736.802,350.4014735
736.902,350.3918938
737.002,350.382314
737.102,350.382314
737.202,350.4014735
737.302,350.382314
737.402,350.3535748
737.502,350.3727343
737.602,350.3535748
737.702,350.3535748
737.802,350.3344153
737.902,350.3535748
738.002,350.3344153
738.102,350.3344153
738.202,350.3344153
738.302,350.3152558
738.402,350.3344153
738.502,350.3152558
738.602,350.3248356
738.702,350.2865167
738.802,350.2960964
738.902,350.2960964
739.002,350.2673573
739.102,350.276937
739.202,350.2673573
739.302,350.2577776
739.402,350.2865167
739.502,350.2481979
739.602,350.2481979
739.702,350.2481979
739.802,350.2386182
739.902,350.2290385
740.002,350.2290385
740.102,350.2290385
740.202,350.2098791
740.302,350.2098791
740.402,350.2194588
740.502,350.2194588
740.602,350.2194588
740.702,350.2002994
740.802,350.2002994
740.902,350.1907198
741.002,350.1619808
741.102,350.1715604
741.202,350.1811401
741.302,350.1715604
741.402,350.1619808
741.502,350.1619808
741.602,350.1619808
741.702,350.1428214
741.802,350.1524011
741.902,350.1236621
742.002,350.1332418
742.102,350.1332418
742.202,350.1045029
742.302,350.1045029
742.402,350.0949232
742.502,350.1140825
742.602,350.1045029
742.702,350.0949232
742.802,350.1045029
742.902,350.0949232
743.002,350.075764
743.102,350.075764
743.202,350.0661843
743.302,350.0661843
743.402,350.0566047
743.502,350.0470251
743.602,350.0374455
743.702,350.0374455
743.802,350.0374455
743.902,350.0374455
744.002,350.0374455
744.102,350.0374455
744.202,350.0278659
744.302,349.9991271
744.402,350.0182863
744.502,349.9895475
744.602,349.9895475
744.702,349.9799679
744.802,349.9512291
744.902,349.9799679
745.002,349.9799679
745.102,349.9799679
745.202,349.9512291
745.302,349.9416496
745.402,349.9416496
745.502,349.9224904
745.602,349.9416496
745.702,349.9512291
745.802,349.93207
745.902,349.93207
746.002,349.9416496
746.102,349.9129109
746.202,349.9033313
746.302,349.9033313
746.402,349.9129109
746.502,349.9033313
746.602,349.8937517
746.702,349.8841722
746.802,349.8841722
746.902,349.8745926
747.002,349.8650131
747.102,349.8745926
747.202,349.845854
747.302,349.8554335
747.402,349.8650131
747.502,349.845854
747.602,349.8650131
747.702,349.8266949
747.802,349.845854
747.902,349.8266949
748.002,349.8362744
748.102,349.8362744
748.202,349.8362744
748.302,349.8266949
748.402,349.7979563
748.502,349.8075358
748.602,349.8075358
748.702,349.7787973
748.802,349.7787973
748.902,349.7883768
749.002,349.7692177
749.102,349.7596382
749.202,349.7596382
749.302,349.7596382
749.402,349.7596382
749.502,349.7404792
749.602,349.7404792
749.702,349.7308997
749.802,349.7213202
749.902,349.7308997
750.002,349.7213202
750.102,349.7117407
750.202,349.7117407
750.302,349.7213202
750.402,349.7117407
750.502,349.6734227
750.602,349.6734227
750.702,349.6830022
750.802,349.6830022
750.902,349.6830022
751.002,349.6830022
751.102,349.6351048
751.202,349.6542637
751.302,349.6351048
751.402,349.6542637
751.502,349.6351048
751.602,349.6446843
751.702,349.6255253
751.802,349.6255253
751.902,349.6063664
752.002,349.6159458
752.102,349.6159458
752.202,349.5967869
752.302,349.6255253
752.402,349.577628
752.502,349.5967869
752.602,349.5967869
752.702,349.5872074
752.802,349.5680485
752.902,349.577628
753.002,349.558469
753.102,349.558469
753.202,349.5680485
753.302,349.5297307
753.402,349.558469
753.502,349.5297307
753.602,349.5105718
753.702,349.5201512
753.802,349.5201512
753.902,349.5201512
754.002,349.5201512
754.102,349.5297307
754.202,349.5009924
754.302,349.4914129
754.402,349.4914129
754.502,349.4914129
754.602,349.4626746
754.702,349.5009924
754.802,349.472254
754.902,349.4626746
755.002,349.4530952
755.102,349.4435157
755.202,349.4243569
755.302,349.4147775
755.402,349.4339363
755.502,349.4339363
755.602,349.4243569
755.702,349.4243569
755.802,349.4051981
755.902,349.3860392
756.002,349.4051981
756.102,349.4051981
756.202,349.3860392
756.302,349.3764598
756.402,349.3668804
756.502,349.357301
756.602,349.3764598
756.702,349.357301
756.802,349.3668804
756.902,349.3285628
757.002,349.3477216
757.102,349.3381422
757.202,349.3189834
757.302,349.3477216
757.402,349.309404
757.502,349.3189834
757.602,349.2998246
757.702,349.2806658
757.802,349.309404
757.902,349.2710864
758.002,349.261507
758.102,349.2806658
758.202,349.2902452
758.302,349.2998246
758.402,349.2710864
758.502,349.2710864
758.602,349.2806658
758.702,349.2710864
758.802,349.2710864
758.902,349.2327689
759.002,349.2231895
759.102,349.2136101
759.202,349.2327689
759.302,349.2040307
759.402,349.2231895
759.502,349.2040307
759.602,349.2040307
759.702,349.1944514
759.802,349.184872
759.902,349.2136101
760.002,349.184872
760.102,349.1752926
760.202,349.1944514
760.302,349.1561339
760.402,349.1752926
760.502,349.1465545
760.602,349.1465545
760.702,349.1561339
760.802,349.1465545
760.902,349.1273958
761.002,349.1178164
761.102,349.1178164
761.202,349.1369751
761.302,349.108237
761.402,349.108237
761.502,349.0986577
761.602,349.0890783
761.702,349.0986577
761.802,349.0699196
761.902,349.0699196
762.002,349.079499
762.102,349.0699196
762.202,349.0699196
762.302,349.0507609
762.402,349.079499
762.502,349.0603403
762.602,349.0603403
762.702,349.0411816
762.802,349.0220229
762.902,349.0028642
763.002,349.0124435
763.102,349.0028642
763.202,349.0124435
763.302,349.0220229
763.402,349.0220229
763.502,349.0316022
763.602,348.9932848
763.702,348.9837055
763.802,348.9837055
763.902,348.9837055
764.002,348.9837055
764.102,348.9549675
764.202,348.9358088
764.302,348.9549675
764.402,348.9453881
764.502,348.9166501
764.602,348.9262294
764.702,348.9358088
764.802,348.9453881
764.902,348.9166501
765.002,348.8974914
765.102,348.9358088
765.202,348.8974914
765.302,348.9070708
765.402,348.9262294
765.502,348.8783328
765.602,348.8974914
765.702,348.8687534
765.802,348.8687534
765.902,348.8783328
766.002,348.8687534
766.102,348.8591741
766.202,348.8591741
766.302,348.8208568
766.402,348.8208568
766.502,348.8304361
766.602,348.8208568
766.702,348.8400155
766.802,348.8112775
766.902,348.8112775
767.002,348.8112775
767.102,348.7921188
767.202,348.7825395
767.302,348.7825395
767.402,348.7825395
767.502,348.7825395
767.602,348.7825395
767.702,348.7729602
767.802,348.7825395
767.902,348.7729602
768.002,348.7442222
768.102,348.7346429
768.202,348.7154843
768.302,348.7154843
768.402,348.7154843
768.502,348.7154843
768.602,348.6963256
768.702,348.6963256
768.802,348.6867463
768.902,348.6963256
769.002,348.6963256
769.102,348.6867463
769.202,348.6867463
769.302,348.677167
769.402,348.677167
769.502,348.6867463
769.602,348.6580084
769.702,348.6675877
769.802,348.6484291
769.902,348.6580084
770.002,348.6580084
770.102,348.6484291
770.202,348.6196911
770.302,348.6484291
770.402,348.6196911
770.502,348.6196911
770.602,348.6005325
770.702,348.6005325
770.802,348.5909532
770.902,348.5717946
771.002,348.5717946
771.102,348.5813739
771.202,348.5526359
771.302,348.5526359
771.402,348.5622153
771.502,348.5622153
771.602,348.5622153
771.702,348.5430566
771.802,348.5334773
771.902,348.523898
772.002,348.523898
772.102,348.523898
772.202,348.4951601
772.302,348.5143187
772.402,348.5143187
772.502,348.5047394
772.602,348.5143187
772.702,348.4855808
772.802,348.5047394
772.902,348.4760015
773.002,348.4951601
773.102,348.4472635
773.202,348.4472635
773.302,348.4568429
773.402,348.4472635
773.502,348.4376842
773.602,348.4281049
773.702,348.4281049
773.802,348.4089463
773.902,348.4376842
774.002,348.4185256
774.102,348.4185256
774.202,348.3897877
774.302,348.3610498
774.402,348.3802084
774.502,348.3706291
774.602,348.3706291
774.702,348.3706291
774.802,348.3706291
774.902,348.3514704
775.002,348.3323118
775.102,348.3610498
775.202,348.3323118
775.302,348.3227325
775.402,348.3323118
775.502,348.3227325
775.602,348.3131532
775.702,348.3418911
775.802,348.3035739
775.902,348.3227325
776.002,348.2939946
776.102,348.2939946
776.202,348.2844153
776.302,348.2748359
776.402,348.2748359
776.502,348.2652566
776.602,348.2652566
776.702,348.2844153
776.802,348.246098
776.902,348.2748359
777.002,348.2365187
777.102,348.246098
777.202,348.2652566
777.302,348.246098
777.402,348.2365187
777.502,348.2173601
777.602,348.2077807
777.702,348.1982014
777.802,348.2173601
777.902,348.1886221
778.002,348.1886221
778.102,348.1790428
778.202,348.1790428
778.302,348.1790428
778.402,348.1790428
778.502,348.1598842
778.602,348.1503048
778.702,348.1311462
778.802,348.1215669
778.902,348.1407255
779.002,348.1407255
779.102,348.1311462
779.202,348.1311462
779.302,348.1215669
779.402,348.1024082
779.502,348.1215669
779.602,348.1215669
779.702,348.1024082
779.802,348.1024082
779.902,348.0928289
780.002,348.0832496
780.102,348.0928289
780.202,348.0736702
780.302,348.0832496
780.402,348.0928289
780.502,348.0545116
780.602,348.0353529
780.702,348.0640909
780.802,348.0640909
780.902,348.0353529
781.002,348.0449323
781.102,348.0257736
781.202,348.0353529
781.302,348.0353529
781.402,348.0257736
781.502,348.0161943
781.602,347.9970356
781.702,347.9874563
781.802,347.9970356
781.902,347.9874563
782.002,347.9970356
782.102,347.9778769
782.202,347.9970356
782.302,347.9778769
782.402,347.9682976
782.502,347.9682976
782.602,347.9491389
782.702,347.9491389
782.802,347.9299802
782.902,347.9299802
783.002,347.9299802
783.102,347.9204009
783.202,347.9108215
783.302,347.9012422
783.402,347.8916628
783.502,347.9108215
783.602,347.9012422
783.702,347.8820835
783.802,347.8916628
783.902,347.8820835
784.002,347.8820835
784.102,347.8820835
784.202,347.8725041
784.302,347.8533454
784.402,347.8725041
784.502,347.8246074
784.602,347.8246074
784.702,347.8437661
784.802,347.8533454
784.902,347.815028
785.002,347.8054486
785.102,347.815028
785.202,347.8341867
785.302,347.7862899
785.402,347.8054486
785.502,347.7958693
785.602,347.8054486
785.702,347.7862899
785.802,347.7575518
785.902,347.7479724
786.002,347.7862899
786.102,347.7575518
786.202,347.7575518
786.302,347.7575518
786.402,347.7575518
786.502,347.7575518
786.602,347.7575518
786.702,347.7671312
786.802,347.7288137
786.902,347.7383931
787.002,347.7096549
787.102,347.7192343
787.202,347.7192343
787.302,347.7000756
787.402,347.7000756
787.502,347.7000756
787.602,347.6904962
787.702,347.7000756
787.802,347.6521786
787.902,347.6809168
788.002,347.6809168
788.102,347.6713374
788.202,347.6521786
788.302,347.6521786
788.402,347.6330199
788.502,347.6521786
788.602,347.6425992
788.702,347.6521786
788.802,347.6425992
788.902,347.5947023
789.002,347.6042817
789.102,347.6234405
789.202,347.6138611
789.302,347.6234405
789.402,347.6042817
789.502,347.6042817
789.602,347.5755435
789.702,347.5755435
789.802,347.5659641
789.902,347.5755435
790.002,347.5468052
790.102,347.5755435
790.202,347.5468052
790.302,347.5755435
790.402,347.5659641
790.502,347.5755435
790.602,347.5276464
790.702,347.5276464
790.802,347.5372258
790.902,347.5276464
791.002,347.5276464
791.102,347.4989082
791.202,347.4989082
791.302,347.4989082
791.402,347.5084876
791.502,347.4989082
791.602,347.4605904
791.702,347.4989082
791.802,347.4701699
791.902,347.4701699
792.002,347.4701699
792.102,347.4701699
792.202,347.4605904
792.302,347.4414316
792.402,347.4318521
792.502,347.4414316
792.602,347.451011
792.702,347.4318521
792.802,347.4126933
792.902,347.4318521
793.002,347.4031138
793.102,347.4222727
793.202,347.4126933
793.302,347.4318521
793.402,347.3839549
793.502,347.4126933
793.602,347.3743755
793.702,347.3839549
793.802,347.3552166
793.902,347.3743755
794.002,347.364796
794.102,347.364796
794.202,347.3552166
794.302,347.3552166
794.402,347.3456371
794.502,347.3456371
794.602,347.3360576
794.702,347.3456371
794.802,347.3360576
794.902,347.2977398
795.002,347.3264782
795.102,347.3168987
795.202,347.2785808
795.302,347.2977398
795.402,347.2977398
795.502,347.2690013
795.602,347.3073192
795.702,347.2881603
795.802,347.2690013
795.902,347.2594218
796.002,347.2785808
796.102,347.2594218
796.202,347.2498423
796.302,347.2690013
796.402,347.2498423
796.502,347.2306834
796.602,347.2402629
796.702,347.2115244
796.802,347.2019449
796.902,347.2211039
797.002,347.2306834
797.102,347.1923654
797.202,347.1827858
797.302,347.2019449
797.402,347.1923654
797.502,347.1827858
797.602,347.1540473
797.702,347.1732063
797.802,347.1636268
797.902,347.1636268
798.002,347.1540473
798.102,347.1348883
798.202,347.1444678
798.302,347.1253087
798.402,347.1348883
798.502,347.1444678
798.602,347.1157292
798.702,347.1348883
798.802,347.0965701
798.902,347.0869906
799.002,347.0869906
799.102,347.0965701
799.202,347.1061497
799.302,347.1061497
799.402,347.0869906
799.502,347.0869906
799.602,347.058252
799.702,347.0486724
799.802,347.0486724
799.902,347.058252
800.002,347.058252
800.102,347.0390929
800.202,347.0295133
800.302,347.0295133
800.402,347.0295133
800.502,347.0199337
800.602,347.0390929
800.702,347.0295133
800.802,347.0103542
800.902,346.991195
801.002,346.991195
801.102,347.0007746
801.202,346.9624563
801.302,347.0007746
801.402,346.9528767
801.502,346.9720359
801.602,346.9720359
801.702,346.9624563
801.802,346.9624563
801.902,346.9337175
802.002,346.9337175
802.102,346.9528767
802.202,346.9528767
802.302,346.9528767
802.402,346.9432971
802.502,346.9337175
802.602,346.9145583
802.702,346.8953991
802.802,346.9049787
802.902,346.8953991
803.002,346.8953991
803.102,346.8953991
803.202,346.8858195
803.302,346.8858195
803.402,346.9049787
803.502,346.8858195
803.602,346.8762399
803.702,346.8762399
803.802,346.8283417
803.902,346.8570806
804.002,346.8379214
804.102,346.8379214
804.202,346.847501
804.302,346.7996028
804.402,346.8283417
804.502,346.8187621
804.602,346.847501
804.702,346.8091825
804.802,346.8187621
804.902,346.8187621
805.002,346.7996028
805.102,346.7708639
805.202,346.7900232
805.302,346.7996028
805.402,346.7708639
805.502,346.7804435
805.602,346.7612842
805.702,346.7517045
805.802,346.7517045
805.902,346.7421249
806.002,346.7517045
806.102,346.7325452
806.202,346.7229655
806.302,346.7325452
806.402,346.7517045
806.502,346.7325452
806.602,346.7229655
806.702,346.7133858
806.802,346.7229655
806.902,346.7229655
807.002,346.7229655
807.102,346.6750671
807.202,346.6942265
807.302,346.6846468
807.402,346.7038061
807.502,346.6654874
807.602,346.7038061
807.702,346.6654874
807.802,346.6750671
807.902,346.6559076
808.002,346.6559076
808.102,346.6463279
808.202,346.6367482
808.302,346.6463279
808.402,346.6367482
808.502,346.6463279
808.602,346.6559076
808.702,346.6271685
808.802,346.608009
808.902,346.608009
809.002,346.608009
809.102,346.5984293
809.202,346.5888496
809.302,346.5888496
809.402,346.5888496
809.502,346.5888496
809.602,346.5696901
809.702,346.5696901
809.802,346.5696901
809.902,346.5696901
810.002,346.5313711
810.102,346.5217913
810.202,346.5601103
810.302,346.5505306
810.402,346.5313711
810.502,346.5122115
810.602,346.5217913
810.702,346.5122115
810.802,346.5026317
810.902,346.5122115
811.002,346.4930519
811.102,346.5026317
811.202,346.4738924
811.302,346.5122115
811.402,346.4547328
811.502,346.4738924
811.602,346.4738924
811.702,346.4930519
811.802,346.4738924
811.902,346.4643126
812.002,346.4547328
812.102,346.4547328
812.202,346.4259933
812.302,346.4164135
812.402,346.4547328
812.502,346.4259933
812.602,346.4259933
812.702,346.445153
812.802,346.4259933
812.902,346.4164135
813.002,346.4068337
813.102,346.4164135
813.202,346.4068337
813.302,346.3780942
813.402,346.387674
813.502,346.387674
813.602,346.3589345
813.702,346.3685143
813.802,346.3397748
813.902,346.3589345
814.002,346.3780942
814.102,346.3685143
814.202,346.3589345
814.302,346.3493546
814.402,346.3493546
814.502,346.320615
814.602,346.320615
814.702,346.320615
814.802,346.3397748
814.902,346.3301949
815.002,346.3110352
815.102,346.3110352
815.202,346.2918754
815.302,346.3014553
815.402,346.2822955
815.502,346.3014553
815.602,346.3014553
815.702,346.3014553
815.802,346.2918754
815.902,346.2727156
816.002,346.2631357
816.102,346.2535558
816.202,346.2535558
816.302,346.234396
816.402,346.2727156
816.502,346.224816
816.602,346.2439759
816.702,346.2439759
816.802,346.224816
816.902,346.224816
817.002,346.2152361
817.102,346.2056562
817.202,346.224816
817.302,346.1960762
817.402,346.2056562
817.502,346.1769163
817.602,346.1769163
817.702,346.1960762
817.802,346.1864963
817.902,346.1960762
818.002,346.1673364
818.102,346.1577564
818.202,346.1769163
818.302,346.1481765
818.402,346.1577564
818.502,346.1290165
818.602,346.1481765
818.702,346.1481765
818.802,346.1290165
818.902,346.1194365
819.002,346.1098566
819.102,346.1194365
819.202,346.1002766
819.302,346.0906966
819.402,346.0906966
819.502,346.1098566
819.602,346.1002766
819.702,346.1002766
819.802,346.0811166
819.902,346.0715365
820.002,346.0715365
820.102,346.0906966
820.202,346.0811166
820.302,346.0523765
820.402,346.0715365
820.502,346.0619565
820.602,346.0523765
820.702,346.0523765
820.802,346.0332164
820.902,346.0332164
821.002,346.0427965
821.102,346.0332164
821.202,346.0236364
821.302,346.0140564
821.402,346.0044763
821.502,346.0332164
821.602,345.9948963
821.702,346.0140564
821.802,345.9853162
821.902,346.0044763
822.002,345.9853162
822.102,345.9661561
822.202,345.9374158
822.302,345.9757361
822.402,345.9757361
822.502,345.9661561
822.602,345.9374158
822.702,345.9374158
822.802,345.9374158
822.902,345.9469959
823.002,345.9278357
823.102,345.9374158
823.202,345.9374158
823.302,345.9182556
823.402,345.9278357
823.502,345.9278357
823.602,345.9086755
823.702,345.8895152
823.802,345.8799351
823.902,345.8895152
824.002,345.8895152
824.102,345.8895152
824.202,345.8607748
824.302,345.8607748
824.402,345.8799351
824.502,345.8895152
824.602,345.870355
824.702,345.8799351
824.802,345.8416145
824.902,345.8416145
825.002,345.8416145
825.102,345.8511947
825.202,345.8224542
825.302,345.8320344
825.402,345.8320344
825.502,345.8224542
825.602,345.8224542
825.702,345.7937137
825.802,345.812874
825.902,345.7745533
826.002,345.7841335
826.102,345.7841335
826.202,345.8032939
826.302,345.7841335
826.402,345.7841335
826.502,345.7649731
826.602,345.7745533
826.702,345.7937137
826.802,345.7745533
826.902,345.7649731
827.002,345.7362324
827.102,345.7362324
827.202,345.7745533
827.302,345.7458127
827.402,345.7266522
827.502,345.7266522
827.602,345.7074917
827.702,345.7266522
827.802,345.7074917
827.902,345.7266522
828.002,345.7266522
828.102,345.6883312
828.202,345.6979115
828.302,345.6979115
828.402,345.6883312
828.502,345.7074917
828.602,345.6883312
828.702,345.6979115
828.802,345.6883312
828.902,345.6691707
829.002,345.6691707
829.102,345.6691707
829.202,345.6595904
829.302,345.6500101
829.402,345.6308496
829.502,345.6212693
829.602,345.6308496
829.702,345.6404299
829.802,345.6212693
829.902,345.6404299
830.002,345.6212693
830.102,345.6021086
830.202,345.6308496
830.302,345.6212693
830.402,345.611689
830.502,345.6212693
830.602,345.611689
830.702,345.5925283
830.802,345.5925283
830.902,345.611689
831.002,345.611689
831.102,345.5925283
831.202,345.5637873
831.302,345.5637873
831.402,345.5637873
831.502,345.5350462
831.602,345.5637873
831.702,345.5637873
831.802,345.5637873
831.902,345.5637873
832.002,345.554207
832.102,345.5350462
832.202,345.5350462
832.302,345.5446266
832.402,345.4967247
832.502,345.5350462
832.602,345.5350462
832.702,345.5063051
832.802,345.4967247
832.902,345.4775639
833.002,345.4967247
833.102,345.4775639
833.202,345.4871443
833.302,345.4775639
833.402,345.4871443
833.502,345.4679835
833.602,345.4871443
833.702,345.4488226
833.802,345.4679835
833.902,345.4679835
834.002,345.4679835
834.102,345.4488226
834.202,345.4584031
834.302,345.4679835
834.402,345.4296618
834.502,345.4392422
834.602,345.4392422
834.702,345.4392422
834.802,345.4200813
834.902,345.4200813
835.002,345.4200813
835.102,345.3817594
835.202,345.3913399
835.302,345.4009204
835.402,345.3913399
835.502,345.4009204
835.602,345.3817594
835.702,345.372179
835.802,345.3625985
835.902,345.353018
836.002,345.3338569
836.102,345.353018
836.202,345.353018
836.302,345.3434375
836.402,345.3434375
836.502,345.3242764
836.602,345.3434375
836.702,345.3051154
836.802,345.3051154
836.902,345.3146959
837.002,345.3051154
837.102,345.3051154
837.202,345.2955348
837.302,345.2859543
837.402,345.2955348
837.502,345.2955348
837.602,345.2955348
837.702,345.2667931
837.802,345.2763737
837.902,345.2763737
838.002,345.2572126
838.102,345.247632
838.202,345.2667931
838.302,345.247632
838.402,345.2380514
838.502,345.2572126
838.602,345.247632
838.702,345.247632
838.802,345.2572126
838.902,345.2284708
839.002,345.2284708
839.102,345.1997289
839.202,345.2188902
839.302,345.2093096
839.402,345.1997289
839.502,345.1901483
839.602,345.2188902
839.702,345.1901483
839.802,345.1901483
839.902,345.170987
840.002,345.1518257
840.102,345.170987
840.202,345.1805677
840.302,345.170987
840.402,345.1614064
840.502,345.1518257
840.602,345.170987
840.702,345.170987
840.802,345.1614064
840.902,345.142245
841.002,345.1230837
841.102,345.142245
841.202,345.1230837
841.302,345.113503
841.402,345.113503
841.502,345.113503
841.602,345.1230837
841.702,345.1039223
841.802,345.1230837
841.902,345.113503
842.002,345.1039223
842.102,345.0751801
842.202,345.0751801
842.302,345.113503
842.402,345.0655994
842.502,345.0847609
842.602,345.0655994
842.702,345.0751801
842.802,345.0751801
842.902,345.0751801
843.002,345.0560187
843.102,345.0560187
843.202,345.0560187
843.302,345.0464379
843.402,345.0176956
843.502,345.0560187
843.602,345.0464379
843.702,345.0368572
843.802,345.0176956
843.902,345.0368572
844.002,345.0272764
844.102,345.0176956
844.202,345.0176956
844.302,345.0272764
844.402,345.0081148
844.502,344.9889532
844.602,344.998534
844.702,344.998534
844.802,344.9889532
844.902,344.9889532
845.002,344.9889532
845.102,344.9602108
845.202,344.9889532
845.302,344.9697916
845.402,344.9602108
845.502,344.9697916
845.602,344.9697916
845.702,344.95063
845.802,344.9314683
845.902,344.9410491
846.002,344.95063
846.102,344.9410491
846.202,344.9218874
846.302,344.9410491
846.402,344.9314683
846.502,344.95063
846.602,344.9218874
846.702,344.9314683
846.802,344.9123065
846.902,344.9123065
847.002,344.9027257
847.102,344.8931448
847.202,344.873983
847.302,344.873983
847.402,344.8835639
847.502,344.873983
847.602,344.873983
847.702,344.8835639
847.802,344.8835639
847.902,344.8644021
848.002,344.8548212
848.102,344.8835639
848.202,344.873983
848.302,344.8644021
848.402,344.8452402
848.502,344.8356593
848.602,344.8356593
848.702,344.8164974
848.802,344.8452402
848.902,344.8356593
849.002,344.8452402
849.102,344.8164974
849.202,344.8164974
849.302,344.8356593
849.402,344.8260784
849.502,344.8069165
849.602,344.8069165
849.702,344.7877545
849.802,344.8069165
849.902,344.7781735
850.002,344.7877545
850.102,344.7781735
850.202,344.8069165
850.302,344.7781735
850.402,344.7590115
850.502,344.7590115
850.602,344.7494305
850.702,344.7685925
850.802,344.7781735
850.902,344.7494305
851.002,344.7398495
851.102,344.7398495
851.202,344.7685925
851.302,344.7494305
851.402,344.7302685
851.502,344.7302685
851.602,344.7302685
851.702,344.7206874
851.802,344.7111064
851.902,344.7302685
852.002,344.7111064
852.102,344.7111064
852.202,344.7015253
852.302,344.6823632
852.402,344.7015253
852.502,344.663201
852.602,344.6727821
852.702,344.6919442
852.802,344.6823632
852.902,344.6727821
853.002,344.6919442
853.102,344.6727821
853.202,344.6344576
853.302,344.6536199
853.402,344.6536199
853.502,344.6440388
853.602,344.6440388
853.702,344.6248765
853.802,344.6248765
853.902,344.6248765
854.002,344.6344576
854.102,344.6248765
854.202,344.5961331
854.302,344.6344576
854.402,344.5961331
854.502,344.5961331
854.602,344.6057142
854.702,344.5673895
854.802,344.5673895
854.902,344.5769707
855.002,344.5865519
855.102,344.5769707
855.202,344.5578083
855.302,344.5769707
855.402,344.5482271
855.502,344.5194835
855.602,344.5482271
855.702,344.5194835
855.802,344.5482271
855.902,344.5386459
856.002,344.5194835
856.102,344.5099022
856.202,344.5099022
856.302,344.500321
856.402,344.5099022
856.502,344.5099022
856.602,344.500321
856.702,344.4907397
856.802,344.4907397
856.902,344.4811584
857.002,344.4907397
857.102,344.4811584
857.202,344.4428332
857.302,344.4811584
857.402,344.4715771
857.502,344.4524146
857.602,344.4619959
857.702,344.4332519
857.802,344.4524146
857.902,344.4428332
858.002,344.4332519
858.102,344.4428332
858.202,344.4236706
858.302,344.4236706
858.402,344.4236706
858.502,344.4236706
858.602,344.4236706
858.702,344.4045079
858.802,344.3949265
858.902,344.3853452
859.002,344.3949265
859.102,344.3949265
859.202,344.3853452
859.302,344.3853452
859.402,344.3853452
859.502,344.3757638
859.602,344.3470196
859.702,344.3757638
859.802,344.3470196
859.902,344.3661824
860.002,344.3661824
860.102,344.3374382
860.202,344.3278568
860.302,344.3470196
860.402,344.3374382
860.502,344.3278568
860.602,344.3182753
860.702,344.3182753
860.802,344.3086939
860.902,344.3086939
861.002,344.3086939
861.102,344.2799495
861.202,344.2991124
861.302,344.3086939
861.402,344.289531
861.502,344.289531
861.602,344.270368
861.702,344.289531
861.802,344.270368
861.902,344.270368
862.002,344.251205
862.102,344.251205
862.202,344.251205
862.302,344.251205
862.402,344.2416235
862.502,344.2224604
862.602,344.251205
862.702,344.2128789
862.802,344.2224604
862.902,344.2416235
863.002,344.2224604
863.102,344.2032973
863.202,344.1937157
863.302,344.1937157
863.402,344.2128789
863.502,344.2128789
863.602,344.2032973
863.702,344.1745526
863.802,344.1937157
863.902,344.1937157
864.002,344.164971
864.102,344.1553894
864.202,344.1553894
864.302,344.1458077
864.402,344.1458077
864.502,344.1745526
864.602,344.1553894
864.702,344.1553894
864.802,344.1362261
864.902,344.1266445
865.002,344.1170628
865.102,344.1362261
865.202,344.1266445
865.302,344.1170628
865.402,344.1074811
865.502,344.0978995
865.602,344.1074811
865.702,344.0883178
865.802,344.0978995
865.902,344.0978995
866.002,344.0978995
866.102,344.0883178
866.202,344.0787361
866.302,344.0787361
866.402,344.0978995
866.502,344.0787361
866.602,344.0787361
866.702,344.0595727
866.802,344.0691544
866.902,344.0691544
867.002,344.0212457
867.102,344.049991
867.202,344.0404092
867.302,344.0308275
867.402,344.0212457
867.502,344.0404092
867.602,344.0212457
867.702,344.0404092
867.802,344.0404092
867.902,344.0308275
868.002,344.0020822
868.102,344.0020822
868.202,344.0116639
868.302,343.9925004
868.402,344.0020822
868.502,343.9829186
868.602,343.9829186
868.702,344.0020822
868.802,343.9733368
868.902,344.0020822
869.002,343.9637549
869.102,343.9541731
869.202,343.9829186
869.302,343.9445913
869.402,343.9637549
869.502,343.9350094
869.602,343.9445913
869.702,343.9445913
869.802,343.9637549
869.902,343.9350094
870.002,343.9350094
870.102,343.9254276
870.202,343.8966819
870.302,343.9445913
870.402,343.9350094
870.502,343.9254276
870.602,343.8871
870.702,343.9158457
870.802,343.8966819
870.902,343.8679361
871.002,343.9062638
871.102,343.8679361
871.202,343.8871
871.302,343.8966819
871.402,343.8487722
871.502,343.8583542
871.602,343.8775181
871.702,343.8583542
871.802,343.8487722
871.902,343.8679361
872.002,343.8296083
872.102,343.8391903
872.202,343.8391903
872.302,343.8104443
872.402,343.8487722
872.502,343.8008623
872.602,343.8200263
872.702,343.8200263
872.802,343.8296083
872.902,343.8104443
873.002,343.8104443
873.102,343.8296083
873.202,343.8104443
873.302,343.7912803
873.402,343.7816983
873.502,343.7816983
873.602,343.7816983
873.702,343.7721162
873.802,343.7337879
873.902,343.8008623
874.002,343.7529521
874.102,343.7625342
874.202,343.7625342
874.302,343.7529521
874.402,343.7529521
874.502,343.7337879
874.602,343.74337
874.702,343.7242058
874.802,343.7529521
874.902,343.7146237
875.002,343.7146237
875.102,343.7146237
875.202,343.6762952
875.302,343.6954595
875.402,343.6954595
875.502,343.7050416
875.602,343.6762952
875.702,343.666713
875.802,343.6954595
875.902,343.6954595
876.002,343.6954595
876.102,343.666713
876.202,343.6762952
876.302,343.666713
876.402,343.6571308
876.502,343.6475486
876.602,343.6475486
876.702,343.666713
876.802,343.666713
876.902,343.6283842
877.002,343.6379664
877.102,343.618802
877.202,343.618802
877.302,343.6283842
877.402,343.5996375
877.502,343.6092197
877.602,343.5996375
877.702,343.5708907
877.802,343.5996375
877.902,343.6092197
878.002,343.5996375
878.102,343.5517261
878.202,343.5708907
878.302,343.580473
878.402,343.5517261
878.502,343.5517261
878.602,343.5613084
878.702,343.5421437
878.802,343.5613084
878.902,343.5325614
879.002,343.5421437
879.102,343.5325614
879.202,343.5325614
879.302,343.494232
879.402,343.5229791
879.502,343.494232
879.602,343.4846496
879.702,343.494232
879.802,343.4846496
879.902,343.5038143
880.002,343.494232
880.102,343.4750672
880.202,343.4750672
880.302,343.4750672
880.402,343.4654847
880.502,343.4654847
880.602,343.4750672
880.702,343.4559023
880.802,343.4559023
880.902,343.4559023
881.002,343.427155
881.102,343.40799
881.202,343.40799
881.302,343.4463199
881.402,343.40799
881.502,343.427155
881.602,343.40799
881.702,343.3984075
881.802,343.4175725
881.902,343.3984075
882.002,343.3984075
882.102,343.3984075
882.202,343.3984075
882.302,343.3696599
882.402,343.3504948
882.502,343.3409122
882.602,343.3792425
882.702,343.3600774
882.802,343.3600774
882.902,343.3409122
883.002,343.3600774
883.102,343.3313296
883.202,343.3504948
883.302,343.3409122
883.402,343.3121644
883.502,343.321747
883.602,343.321747
883.702,343.321747
883.802,343.3121644
883.902,343.3121644
884.002,343.2834165
884.102,343.3121644
884.202,343.2929992
884.302,343.2929992
884.402,343.2929992
884.502,343.2642512
884.602,343.2834165
884.702,343.2642512
884.802,343.3025818
884.902,343.2834165
885.002,343.2642512
885.102,343.2834165
885.202,343.2546685
885.302,343.2642512
885.402,343.2834165
885.502,343.2355031
885.602,343.2259204
885.702,343.2450858
885.802,343.2355031
885.902,343.2355031
886.002,343.2259204
886.102,343.2259204
886.202,343.2163376
886.302,343.2163376
886.402,343.2067549
886.502,343.1971721
886.602,343.1875893
886.702,343.2067549
886.802,343.1780065
886.902,343.1684237
887.002,343.1588409
887.102,343.1780065
887.202,343.1780065
887.302,343.1780065
887.402,343.1684237
887.502,343.1588409
887.602,343.1396753
887.702,343.1396753
887.802,343.1300924
887.902,343.1588409
888.002,343.1684237
888.102,343.1300924
888.202,343.1396753
888.302,343.1396753
888.402,343.1205095
888.502,343.1300924
888.602,343.1205095
888.702,343.1300924
888.802,343.0917609
888.902,343.1013438
889.002,343.1109267
889.102,343.1013438
889.202,343.1013438
889.302,343.1013438
889.402,343.1013438
889.502,343.0821779
889.602,343.0630121
889.702,343.0917609
889.802,343.0630121
889.902,343.0630121
890.002,343.0438461
890.102,343.0342632
890.202,343.0342632
890.302,343.0534291
890.402,343.0438461
890.502,343.0534291
890.602,343.0342632
890.702,343.0438461
890.802,343.0150972
890.902,343.0342632
891.002,343.0246802
891.102,342.9959311
891.202,343.0150972
891.302,343.0055141
891.402,342.986348
891.502,342.986348
891.602,342.986348
891.702,342.986348
891.802,343.0055141
891.902,342.976765
892.002,342.9671819
892.102,342.9671819
892.202,342.9671819
892.302,342.9671819
892.402,342.9480157
892.502,342.9671819
892.602,342.9671819
892.702,342.9671819
892.802,342.9575988
892.902,342.9288495
893.002,342.9575988
893.102,342.9384326
893.202,342.9384326
893.302,342.9192663
893.402,342.9192663
893.502,342.9192663
893.602,342.9096832
893.702,342.9384326
893.802,342.9288495
893.902,342.9001
894.002,342.9096832
894.102,342.9001
894.202,342.9096832
894.302,342.9001
894.402,342.8905168
894.502,342.9192663
894.602,342.8809336
894.702,342.8905168
894.802,342.8905168
894.902,342.8809336
895.002,342.8713504
895.102,342.9001
895.202,342.8617672
895.302,342.8809336
895.402,342.852184
895.502,342.8713504
895.602,342.8713504
895.702,342.8617672
895.802,342.8426007
895.902,342.852184
896.002,342.8330174
896.102,342.8426007
896.202,342.8426007
896.302,342.8138509
896.402,342.8330174
896.502,342.852184
896.602,342.8042676
896.702,342.8234342
896.802,342.8330174
896.902,342.8042676
897.002,342.8138509
897.102,342.8234342
897.202,342.8042676
897.302,342.8138509
897.402,342.8234342
897.502,342.8138509
897.602,342.8138509
897.702,342.8138509
897.802,342.7755176
897.902,342.7659342
898.002,342.7946843
898.102,342.8138509
898.202,342.8042676
898.302,342.7851009
898.402,342.7851009
898.502,342.7563508
898.602,342.7659342
898.702,342.7755176
898.802,342.7371841
898.902,342.7180172
899.002,342.7563508
899.102,342.7467675
899.202,342.7371841
899.302,342.7371841
899.402,342.7371841
899.502,342.7084338
899.602,342.6988503
899.702,342.7180172
899.802,342.6988503
899.902,342.7084338
900.002,342.6892668
900.102,342.6988503
900.202,342.6796834
900.302,342.6796834
900.402,342.6988503
900.502,342.6605163
900.602,342.6796834
900.702,342.6796834
900.802,342.6796834
900.902,342.6509328
901.002,342.6605163
901.102,342.6605163
901.202,342.6509328
901.302,342.6413493
901.402,342.6413493
901.502,342.6509328
901.602,342.6317657
901.702,342.6413493
901.802,342.6221821
901.902,342.5934314
902.002,342.6125986
902.102,342.5838477
902.202,342.5742641
902.302,342.5838477
902.402,342.603015
902.502,342.5838477
902.602,342.603015
902.702,342.5838477
902.802,342.5838477
902.902,342.5646804
903.002,342.5646804
903.102,342.5550968
903.202,342.5550968
903.302,342.5455131
903.402,342.5455131
903.502,342.5167619
903.602,342.5455131
903.702,342.5263457
903.802,342.5359294
903.902,342.5263457
904.002,342.5167619
904.102,342.5071782
904.202,342.5263457
904.302,342.5071782
904.402,342.4975944
904.502,342.4880107
904.602,342.5071782
904.702,342.4880107
904.802,342.5071782
904.902,342.4688431
905.002,342.4592593
905.102,342.4688431
905.202,342.4688431
905.302,342.4688431
905.402,342.4688431
905.502,342.4688431
905.602,342.4784269
905.702,342.4592593
905.802,342.4209239
905.902,342.4305077
906.002,342.4017561
906.102,342.4496754
906.202,342.41134
906.302,342.4017561
906.402,342.4017561
906.502,342.3921722
906.602,342.4017561
906.702,342.3634203
906.802,342.3730043
906.902,342.3825882
907.002,342.4017561
907.102,342.3921722
907.202,342.3730043
907.302,342.3825882
907.402,342.3346684
907.502,342.3538364
907.602,342.3442524
907.702,342.3538364
907.802,342.3538364
907.902,342.3538364
908.002,342.3538364
908.102,342.3346684
908.202,342.3538364
908.302,342.3155003
908.402,342.3250843
908.502,342.3155003
908.602,342.3155003
908.702,342.2963322
908.802,342.3059163
908.902,342.2963322
909.002,342.2867481
909.102,342.277164
909.202,342.2867481
909.302,342.2675799
909.402,342.277164
909.502,342.277164
909.602,342.277164
909.702,342.2579958
909.802,342.2484116
909.902,342.2579958
910.002,342.277164
910.102,342.2484116
910.202,342.2484116
910.302,342.2388275
910.402,342.2388275
910.502,342.2196591
910.602,342.2196591
910.702,342.2100749
910.802,342.2100749
910.902,342.2004907
911.002,342.2100749
911.102,342.1909065
911.202,342.2004907
911.302,342.1813222
911.402,342.171738
911.502,342.1813222
911.602,342.1909065
911.702,342.171738
911.802,342.1813222
911.902,342.1813222
912.002,342.1909065
912.102,342.1621537
912.202,342.1429851
912.302,342.1621537
912.402,342.171738
912.502,342.1525694
912.602,342.1429851
912.702,342.1525694
912.802,342.1813222
912.902,342.1334008
913.002,342.1142321
913.102,342.1238164
913.202,342.1238164
913.302,342.1046477
913.402,342.1046477
913.502,342.1238164
913.602,342.1046477
913.702,342.1142321
913.802,342.1046477
913.902,342.0950633
914.002,342.0854789
914.102,342.0854789
914.202,342.0663101
914.302,342.0950633
914.402,342.0471412
914.502,342.0854789
914.602,342.0663101
914.702,342.0471412
914.802,342.0950633
914.902,342.0471412
915.002,342.0279722
915.102,342.0663101
915.202,342.0375567
915.302,342.0183877
915.402,342.0471412
915.502,342.0279722
915.602,342.0279722
915.702,342.0088032
915.802,342.0088032
915.902,342.0279722
916.002,342.0088032
916.102,342.0183877
916.202,342.0279722
916.302,341.9800495
916.402,341.9896341
916.502,341.9896341
916.602,341.9896341
916.702,341.9704649
916.802,341.9704649
916.902,341.9800495
917.002,341.9704649
917.102,341.9704649
917.202,341.941711
917.302,341.9321264
917.402,341.9321264
917.502,341.9512957
917.602,341.9321264
917.702,341.9321264
917.802,341.9225417
917.902,341.9225417
918.002,341.912957
918.102,341.9033723
918.202,341.9033723
918.302,341.9033723
918.402,341.9321264
918.502,341.8937876
918.602,341.8937876
918.702,341.9033723
918.802,341.8842029
918.902,341.8746181
919.002,341.8842029
919.102,341.8554486
919.202,341.8650334
919.302,341.8650334
919.402,341.8650334
919.502,341.8554486
919.602,341.8554486
919.702,341.836279
919.802,341.836279
919.902,341.836279
920.002,341.836279
920.102,341.836279
920.202,341.8075245
920.302,341.836279
920.402,341.8171093
920.502,341.8266942
920.602,341.8266942
920.702,341.8266942
920.802,341.8171093
920.902,341.7787698
921.002,341.7883547
921.102,341.7979396
921.202,341.7883547
921.302,341.7787698
921.402,341.7883547
921.502,341.7595999
921.602,341.74043
921.702,341.7787698
921.802,341.7691849
921.902,341.7595999
922.002,341.7691849
922.102,341.7595999
922.202,341.750015
922.302,341.730845
922.402,341.74043
922.502,341.730845
922.602,341.730845
922.702,341.7595999
922.802,341.7020899
922.902,341.74043
923.002,341.74043
923.102,341.72126
923.202,341.74043
923.302,341.7020899
923.402,341.7020899
923.502,341.711675
923.602,341.711675
923.702,341.7020899
923.802,341.7020899
923.902,341.6829198
924.002,341.6733347
924.102,341.6733347
924.202,341.7020899
924.302,341.6829198
924.402,341.6925049
924.502,341.6637496
924.602,341.6637496
924.702,341.6637496
924.802,341.6637496
924.902,341.6445793
925.002,341.6445793
925.102,341.6541645
925.202,341.6158238
925.302,341.6445793
925.402,341.6349942
925.502,341.6349942
925.602,341.6445793
925.702,341.5966534
925.802,341.6158238
925.902,341.625409
926.002,341.6158238
926.102,341.5870682
926.202,341.5966534
926.302,341.5870682
926.402,341.5870682
926.502,341.5774829
926.602,341.5774829
926.702,341.5678976
926.802,341.5870682
926.902,341.548727
927.002,341.5870682
927.102,341.548727
927.202,341.5295564
927.302,341.5391417
927.402,341.5391417
927.502,341.5103856
927.602,341.548727
927.702,341.519971
927.802,341.5391417
927.902,341.519971
928.002,341.5008002
928.102,341.4912148
928.202,341.5008002
928.302,341.4912148
928.402,341.5103856
928.502,341.4816294
928.602,341.452873
928.702,341.4912148
928.802,341.4816294
928.902,341.4624585
929.002,341.472044
929.102,341.452873
929.202,341.4241165
929.302,341.4432875
929.402,341.433702
929.502,341.4432875
929.602,341.433702
929.702,341.4049454
929.802,341.3953598
929.902,341.4049454
930.002,341.3761886
930.102,341.4145309
930.202,341.3953598
930.302,341.3953598
930.402,341.3953598
930.502,341.3857742
930.602,341.3761886
930.702,341.3761886
930.802,341.3857742
930.902,341.366603
931.002,341.366603
931.102,341.3570173
931.202,341.337846
931.302,341.366603
931.402,341.3474317
931.502,341.3474317
931.602,341.3474317
931.702,341.3570173
931.802,341.337846
931.902,341.3474317
932.002,341.337846
932.102,341.3186745
932.202,341.2995031
932.302,341.3090888
932.402,341.3090888
932.502,341.2995031
932.602,341.3186745
932.702,341.3090888
932.802,341.2995031
932.902,341.2803315
933.002,341.2899173
933.102,341.2707457
933.202,341.2611599
933.302,341.2803315
933.402,341.251574
933.502,341.2899173
933.602,341.2611599
933.702,341.2707457
933.802,341.2611599
933.902,341.2611599
934.002,341.251574
934.102,341.2611599
934.202,341.251574
934.302,341.2611599
934.402,341.251574
934.502,341.251574
934.602,341.2324023
934.702,341.251574
934.802,341.2324023
934.902,341.2132305
935.002,341.2419882
935.102,341.2419882
935.202,341.2036446
935.302,341.2228164
935.402,341.2132305
935.502,341.2036446
935.602,341.2036446
935.702,341.1940586
935.802,341.1748867
935.902,341.2036446
936.002,341.1940586
936.102,341.1844726
936.202,341.1940586
936.302,341.1844726
936.402,341.1844726
936.502,341.1940586
936.602,341.1653007
936.702,341.1940586
936.802,341.1844726
936.902,341.2036446
937.002,341.1748867
937.102,341.1365426
937.202,341.1653007
937.302,341.1653007
937.402,341.1557146
937.502,341.1557146
937.602,341.1557146
937.702,341.1269565
937.802,341.1461286
937.902,341.1461286
938.002,341.1269565
938.102,341.1365426
938.202,341.1173704
938.302,341.1077843
938.402,341.1269565
938.502,341.1173704
938.602,341.1269565
938.702,341.1461286
938.802,341.1077843
938.902,341.0981982
939.002,341.0981982
939.102,341.1173704
939.202,341.0981982
939.302,341.0981982
939.402,341.1077843
939.502,341.088612
939.602,341.0790259
939.702,341.088612
939.802,341.0694397
939.902,341.0694397
940.002,341.0598535
940.102,341.0502673
940.202,341.0694397
940.302,341.0694397
940.402,341.0790259
940.502,341.0598535
940.602,341.0598535
940.702,341.0598535
940.802,341.0598535
940.902,341.0598535
941.002,341.0694397
941.102,341.0502673
941.202,341.0790259
941.302,341.040681
941.402,341.0215085
941.502,341.040681
941.602,341.0310948
941.702,341.0215085
941.802,341.0502673
941.902,341.0215085
942.002,341.0215085
942.102,341.0119222
942.202,341.0215085
942.302,340.9927496
942.402,341.0119222
942.502,340.9927496
942.602,340.9927496
942.702,341.0310948
942.802,340.9735769
942.902,340.9831632
943.002,340.9927496
943.102,340.9831632
943.202,340.9544041
943.302,340.9735769
943.402,340.9831632
943.502,340.9735769
943.602,340.9735769
943.702,340.9735769
943.802,340.9639905
943.902,340.9735769
944.002,340.9544041
944.102,340.9544041
944.202,340.9544041
944.302,340.9352312
944.402,340.9544041
944.502,340.9544041
944.602,340.9256448
944.702,340.9352312
944.802,340.9448177
944.902,340.9256448
945.002,340.9160583
945.102,340.9064718
945.202,340.9160583
945.302,340.9064718
945.402,340.8872988
945.502,340.8968853
945.602,340.8968853
945.702,340.8968853
945.802,340.8872988
945.902,340.8968853
946.002,340.8872988
946.102,340.8872988
946.202,340.8681257
946.302,340.8489525
946.402,340.8777122
946.502,340.8681257
946.602,340.8777122
946.702,340.8585391
946.802,340.8393659
946.902,340.8681257
947.002,340.8585391
947.102,340.8681257
947.202,340.8585391
947.302,340.8393659
947.402,340.8297792
947.502,340.8201926
947.602,340.8297792
947.702,340.8585391
947.802,340.8393659
947.902,340.8201926
948.002,340.8106059
948.102,340.7914325
948.202,340.7818458
948.302,340.8106059
948.402,340.8201926
948.502,340.8106059
948.602,340.8201926
948.702,340.8010192
948.802,340.7818458
948.902,340.7914325
949.002,340.7818458
949.102,340.7818458
949.202,340.7818458
949.302,340.7818458
949.402,340.7434986
949.502,340.7530854
949.602,340.7626722
949.702,340.7626722
949.802,340.7434986
949.902,340.7434986
950.002,340.7530854
950.102,340.7339118
950.202,340.772259
950.302,340.7339118
950.402,340.7434986
950.502,340.7434986
950.602,340.7147381
950.702,340.7147381
950.802,340.7339118
950.902,340.7147381
951.002,340.724325
951.102,340.7051512
951.202,340.6763904
951.302,340.6859774
951.402,340.6859774
951.502,340.6859774
951.602,340.6859774
951.702,340.6859774
951.802,340.6955643
951.902,340.6955643
952.002,340.6859774
952.102,340.6476295
952.202,340.6572165
952.302,340.6668035
952.402,340.6476295
952.502,340.6572165
952.602,340.6668035
952.702,340.6380425
952.802,340.6572165
952.902,340.6572165
953.002,340.6284554
953.102,340.6572165
953.202,340.6380425
953.302,340.6476295
953.402,340.6188684
953.502,340.6188684
953.602,340.6188684
953.702,340.5901071
953.802,340.5996942
953.902,340.6092813
954.002,340.6284554
954.102,340.5901071
954.202,340.5709328
954.302,340.6188684
954.402,340.5901071
954.502,340.5709328
954.602,340.58052
954.702,340.5996942
954.802,340.58052
954.902,340.5421712
955.002,340.5709328
955.102,340.5709328
955.202,340.5517585
955.302,340.5517585
955.402,340.532584
955.502,340.5517585
955.602,340.5517585
955.702,340.5421712
955.802,340.532584
955.902,340.5517585
956.002,340.532584
956.102,340.532584
956.202,340.532584
956.302,340.532584
956.402,340.5134095
956.502,340.5134095
956.602,340.5229968
956.702,340.5134095
956.802,340.4942349
956.902,340.4846476
957.002,340.5134095
957.102,340.5134095
957.202,340.4942349
957.302,340.4750602
957.402,340.4750602
957.502,340.4942349
957.602,340.4942349
957.702,340.4654729
957.802,340.4750602
957.902,340.4846476
958.002,340.4750602
958.102,340.4462981
958.202,340.4654729
958.302,340.4462981
958.402,340.4271232
958.502,340.4367106
958.602,340.4462981
958.702,340.4654729
958.802,340.4271232
958.902,340.4271232
959.002,340.4271232
959.102,340.4271232
959.202,340.4175357
959.302,340.4271232
959.402,340.4271232
959.502,340.4175357
959.602,340.3983607
959.702,340.3983607
959.802,340.3983607
959.902,340.3887732
960.002,340.4175357
960.102,340.3791857
960.202,340.3983607
960.302,340.4079482
960.402,340.3983607
960.502,340.3791857
960.602,340.3504229
960.702,340.3504229
960.802,340.3983607
960.902,340.3600105
961.002,340.3600105
961.102,340.3504229
961.202,340.3600105
961.302,340.3408353
961.402,340.3695981
961.502,340.3600105
961.602,340.3408353
961.702,340.3600105
961.802,340.3312477
961.902,340.3408353
962.002,340.3312477
962.102,340.32166
962.202,340.3120723
962.302,340.3024846
962.402,340.2833091
962.502,340.3024846
962.602,340.3024846
962.702,340.3024846
962.802,340.3120723
962.902,340.3024846
963.002,340.3024846
963.102,340.3120723
963.202,340.2928969
963.302,340.2928969
963.402,340.2737214
963.502,340.2545458
963.602,340.2833091
963.702,340.2737214
963.802,340.2641336
963.902,340.244958
964.002,340.2641336
964.102,340.244958
964.202,340.244958
964.302,340.244958
964.402,340.244958
964.502,340.244958
964.602,340.2353701
964.702,340.2257822
964.802,340.2257822
964.902,340.2257822
965.002,340.2161944
965.102,340.2257822
965.202,340.2066065
965.302,340.2161944
965.402,340.2066065
965.502,340.1970185
965.602,340.1970185
965.702,340.1874306
965.802,340.1970185
965.902,340.1970185
966.002,340.1874306
966.102,340.1778426
966.202,340.1874306
966.302,340.1586666
966.402,340.1778426
966.502,340.1778426
966.602,340.1874306
966.702,340.1490786
966.802,340.1490786
966.902,340.1682546
967.002,340.1394905
967.102,340.1299025
967.202,340.1490786
967.302,340.1490786
967.402,340.1394905
967.502,340.1299025
967.602,340.1107263
967.702,340.1203144
967.802,340.1011382
967.902,340.1299025
968.002,340.1203144
968.102,340.1107263
968.202,340.1011382
968.302,340.1011382
968.402,340.1011382
968.502,340.1107263
968.602,340.1011382
968.702,340.1107263
968.802,340.09155
968.902,340.09155
969.002,340.0819618
969.102,340.0531972
969.202,340.09155
969.302,340.0723736
969.402,340.0723736
969.502,340.0627854
969.602,340.0627854
969.702,340.09155
969.802,340.0627854
969.902,340.0531972
970.002,340.0531972
970.102,340.0531972
970.202,340.0340207
970.302,340.0244324
970.402,340.0244324
970.502,340.0436089
970.602,340.0436089
970.702,340.0340207
970.802,340.0148441
970.902,340.0244324
971.002,340.0148441
971.102,339.986079
971.202,340.0052557
971.302,339.986079
971.402,339.9956674
971.502,339.9764906
971.602,339.9764906
971.702,339.9956674
971.802,339.986079
971.902,339.986079
972.002,339.986079
972.102,339.9477253
972.202,339.9764906
972.302,339.9573137
972.402,339.9573137
972.502,339.9669022
972.602,339.9764906
972.702,339.9573137
972.802,339.9573137
972.902,339.9573137
973.002,339.9381368
973.102,339.9381368
973.202,339.9381368
973.302,339.9381368
973.402,339.9285483
973.502,339.9189598
973.602,339.9093712
973.702,339.9285483
973.802,339.9189598
973.902,339.8997826
974.002,339.8806054
974.102,339.8901941
974.202,339.9189598
974.302,339.8997826
974.402,339.8614282
974.502,339.8997826
974.602,339.8997826
974.702,339.8997826
974.802,339.8806054
974.902,339.8710168
975.002,339.8806054
975.102,339.8422508
975.202,339.8518395
975.302,339.8806054
975.402,339.8710168
975.502,339.8518395
975.602,339.8422508
975.702,339.8422508
975.802,339.8326621
975.902,339.8422508
976.002,339.8614282
976.102,339.8518395
976.202,339.8422508
976.302,339.8326621
976.402,339.8230734
976.502,339.8038958
976.602,339.8230734
976.702,339.8230734
976.802,339.794307
976.902,339.794307
977.002,339.794307
977.102,339.8038958
977.202,339.8038958
977.302,339.7847182
977.402,339.7751294
977.502,339.7847182
977.602,339.7847182
977.702,339.7751294
977.802,339.7847182
977.902,339.7463627
978.002,339.7655405
978.102,339.7847182
978.202,339.7751294
978.302,339.7463627
978.402,339.7655405
978.502,339.7559516
978.602,339.7463627
978.702,339.7463627
978.802,339.7271848
978.902,339.7271848
979.002,339.7367738
979.102,339.6984178
979.202,339.7175959
979.302,339.7175959
979.402,339.7080069
979.502,339.6888288
979.602,339.6984178
979.702,339.7175959
979.802,339.6888288
979.902,339.7175959
980.002,339.6888288
980.102,339.6984178
980.202,339.6888288
980.302,339.7080069
980.402,339.6888288
980.502,339.6792398
980.602,339.6792398
980.702,339.6696507
980.802,339.6888288
980.902,339.6792398
981.002,339.6504725
981.102,339.6504725
981.202,339.6888288
981.302,339.6888288
981.402,339.6504725
981.502,339.6600616
981.602,339.6408833
981.702,339.6408833
981.802,339.6408833
981.902,339.621705
982.002,339.6312941
982.102,339.6312941
982.202,339.6121158
982.302,339.621705
982.402,339.6312941
982.502,339.5929373
982.602,339.6312941
982.702,339.5929373
982.802,339.6121158
982.902,339.6312941
983.002,339.5929373
983.102,339.6121158
983.202,339.5737587
983.302,339.5641694
983.402,339.5929373
983.502,339.5641694
983.602,339.5737587
983.702,339.583348
983.802,339.5737587
983.902,339.5449907
984.002,339.55458
984.102,339.5641694
984.202,339.55458
984.302,339.55458
984.402,339.55458
984.502,339.5354013
984.602,339.5449907
984.702,339.5258119
984.802,339.5354013
984.902,339.5258119
985.002,339.5258119
985.102,339.506633
985.202,339.5354013
985.302,339.5162225
985.402,339.487454
985.502,339.4970435
985.602,339.4970435
985.702,339.5162225
985.802,339.506633
985.902,339.487454
986.002,339.5162225
986.102,339.4970435
986.202,339.487454
986.302,339.487454
986.402,339.4970435
986.502,339.4778645
986.602,339.468275
986.702,339.4778645
986.802,339.4778645
986.902,339.4586854
987.002,339.4395062
987.102,339.4778645
987.202,339.4586854
987.302,339.4395062
987.402,339.4490958
987.502,339.4395062
987.602,339.4395062
987.702,339.4395062
987.802,339.4395062
987.902,339.4395062
988.002,339.4395062
988.102,339.4107373
988.202,339.4011476
988.302,339.420327
988.402,339.3915579
988.502,339.4011476
988.602,339.4011476
988.702,339.4011476
988.802,339.3915579
988.902,339.3627886
989.002,339.4011476
989.102,339.3915579
989.202,339.3819681
989.302,339.3915579
989.402,339.3723784
989.502,339.3915579
989.602,339.3723784
989.702,339.3819681
989.802,339.3627886
989.902,339.343609
990.002,339.3627886
990.102,339.3723784
990.202,339.343609
990.302,339.3340191
990.402,339.3627886
990.502,339.3627886
990.602,339.3340191
990.702,339.343609
990.802,339.3531988
990.902,339.3340191
991.002,339.3148393
991.102,339.2956595
991.202,339.3148393
991.302,339.3148393
991.402,339.3052494
991.502,339.2956595
991.602,339.2956595
991.702,339.2956595
991.802,339.2860695
991.902,339.2956595
992.002,339.2764795
992.102,339.2860695
992.202,339.3052494
992.302,339.2860695
992.402,339.2572995
992.502,339.2764795
992.602,339.2956595
992.702,339.2668895
992.802,339.2572995
992.902,339.2668895
993.002,339.2477094
993.102,339.2764795
993.202,339.2381194
993.302,339.2189391
993.402,339.2572995
993.502,339.2572995
993.602,339.2477094
993.702,339.2189391
993.802,339.209349
993.902,339.2381194
994.002,339.209349
994.102,339.209349
994.202,339.209349
994.302,339.2285293
994.402,339.1997588
994.502,339.1901686
994.602,339.2285293
994.702,339.1901686
994.802,339.1997588
994.902,339.1901686
995.002,339.1901686
995.102,339.1901686
995.202,339.1709882
995.302,339.1805784
995.402,339.1518076
995.502,339.1709882
995.602,339.1805784
995.702,339.1805784
995.802,339.1613979
995.902,339.1518076
996.002,339.1230367
996.102,339.1134463
996.202,339.132627
996.302,339.132627
996.402,339.132627
996.502,339.1422173
996.602,339.084675
996.702,339.132627
996.802,339.1038559
996.902,339.1038559
997.002,339.1134463
997.102,339.1038559
997.202,339.0750845
997.302,339.1038559
997.402,339.1134463
997.502,339.0654941
997.602,339.0942655
997.702,339.0750845
997.802,339.0942655
997.902,339.084675
998.002,339.0942655
998.102,339.0654941
998.202,339.0654941
998.302,339.0750845
998.402,339.046313
998.502,339.046313
998.602,339.0750845
998.702,339.046313
998.802,339.0559035
998.902,339.046313
999.002,339.0271319
999.102,339.0367224
999.202,339.0271319
999.302,339.0367224
999.402,339.0271319
999.502,339.046313
999.602,339.0559035
999.702,339.0175413
999.802,339.0271319
999.902,339.0175413
1000.002,339.0079506
1000.102,338.99836
1000.202,339.0079506
1000.302,339.0367224
1000.402,338.99836
1000.502,338.9791786
1000.602,338.9791786
1000.702,338.9791786
1000.802,338.9791786
1000.902,338.99836
1001.002,338.9599971
1001.102,338.99836
1001.202,338.9791786
1001.302,338.9504064
1001.402,338.9504064
1001.502,338.9599971
1001.602,338.9504064
1001.702,338.9504064
1001.802,338.9312247
1001.902,338.9312247
1002.002,338.9599971
1002.102,338.9599971
1002.202,338.9408156
1002.302,338.9408156
1002.402,338.9312247
1002.502,338.9216339
1002.602,338.9408156
1002.702,338.9216339
1002.802,338.9312247
1002.902,338.9024521
1003.002,338.8928612
1003.102,338.9024521
1003.202,338.8928612
1003.302,338.8928612
1003.402,338.8736793
1003.502,338.8928612
1003.602,338.8928612
1003.702,338.8832703
1003.802,338.8736793
1003.902,338.8832703
1004.002,338.8736793
1004.102,338.8640884
1004.202,338.8449063
1004.302,338.8640884
1004.402,338.8736793
1004.502,338.8544974
1004.602,338.8449063
1004.702,338.8353153
1004.802,338.8353153
1004.902,338.8449063
1005.002,338.8449063
1005.102,338.8544974
1005.202,338.806542
1005.302,338.8257242
1005.402,338.8353153
1005.502,338.8257242
1005.602,338.8449063
1005.702,338.8257242
1005.802,338.8353153
1005.902,338.806542
1006.002,338.7969508
1006.102,338.7969508
1006.202,338.806542
1006.302,338.7777684
1006.402,338.806542
1006.502,338.806542
1006.602,338.7873596
1006.702,338.7873596
1006.802,338.7777684
1006.902,338.7969508
1007.002,338.7873596
1007.102,338.7777684
1007.202,338.7681772
1007.302,338.7681772
1007.402,338.758586
1007.502,338.7681772
1007.602,338.7298121
1007.702,338.7298121
1007.802,338.758586
1007.902,338.7489947
1008.002,338.7106294
1008.102,338.7298121
1008.202,338.7298121
1008.302,338.7298121
1008.402,338.7106294
1008.502,338.7106294
1008.602,338.7394034
1008.702,338.7202208
1008.802,338.7298121
1008.902,338.7106294
1009.002,338.7106294
1009.102,338.6818552
1009.202,338.7106294
1009.302,338.701038
1009.402,338.6818552
1009.502,338.6914466
1009.602,338.6818552
1009.702,338.701038
1009.802,338.701038
1009.902,338.6818552
1010.002,338.6818552
1010.102,338.6818552
1010.202,338.6530807
1010.302,338.6626722
1010.402,338.6338976
1010.502,338.6338976
1010.602,338.6434892
1010.702,338.6338976
1010.802,338.6530807
1010.902,338.6338976
1011.002,338.6530807
1011.102,338.624306
1011.202,338.6338976
1011.302,338.624306
1011.402,338.6338976
1011.502,338.624306
1011.602,338.6147144
1011.702,338.6051228
1011.802,338.6147144
1011.902,338.6051228
1012.002,338.6147144
1012.102,338.5859394
1012.202,338.5859394
1012.302,338.6147144
1012.402,338.6051228
1012.502,338.5859394
1012.602,338.5859394
1012.702,338.6147144
1012.802,338.6147144
1012.902,338.5763477
1013.002,338.5571643
1013.102,338.566756
1013.202,338.5571643
1013.302,338.5475725
1013.402,338.5571643
1013.502,338.5379807
1013.602,338.5379807
1013.702,338.5379807
1013.802,338.5379807
1013.902,338.5379807
1014.002,338.5379807
1014.102,338.518797
1014.202,338.5379807
1014.302,338.5283888
1014.402,338.5475725
1014.502,338.5283888
1014.602,338.4996132
1014.702,338.5092051
1014.802,338.4900213
1014.902,338.518797
1015.002,338.4900213
1015.102,338.4900213
1015.202,338.4996132
1015.302,338.5092051
1015.402,338.4804293
1015.502,338.4804293
1015.602,338.4516533
1015.702,338.5092051
1015.802,338.4804293
1015.902,338.4708374
1016.002,338.4996132
1016.102,338.4804293
1016.202,338.4516533
1016.302,338.4612454
1016.402,338.4420613
1016.502,338.4516533
1016.602,338.4516533
1016.702,338.4612454
1016.802,338.4420613
1016.902,338.4420613
1017.002,338.4420613
1017.102,338.4516533
1017.202,338.4420613
1017.302,338.413285
1017.402,338.4324692
1017.502,338.4324692
1017.602,338.4228771
1017.702,338.413285
1017.802,338.4036928
1017.902,338.4228771
1018.002,338.4036928
1018.102,338.4036928
1018.202,338.4324692
1018.302,338.4036928
1018.402,338.4036928
1018.502,338.3845085
1018.602,338.4036928
1018.702,338.4036928
1018.802,338.3941007
1018.902,338.365324
1019.002,338.3845085
1019.102,338.3845085
1019.202,338.3845085
1019.302,338.3557317
1019.402,338.3845085
1019.502,338.3749162
1019.602,338.3845085
1019.702,338.365324
1019.802,338.365324
1019.902,338.3557317
1020.002,338.3269548
1020.102,338.3269548
1020.202,338.3269548
1020.302,338.3557317
1020.402,338.3365471
1020.502,338.3269548
1020.602,338.3173624
1020.702,338.3461394
1020.802,338.3557317
1020.902,338.3365471
1021.002,338.3461394
1021.102,338.30777
1021.202,338.3269548
1021.302,338.3365471
1021.402,338.3461394
1021.502,338.2981776
1021.602,338.3269548
1021.702,338.2981776
1021.802,338.2981776
1021.902,338.3365471
1022.002,338.3173624
1022.102,338.3269548
1022.202,338.30777
1022.302,338.3173624
1022.402,338.30777
1022.502,338.2694001
1022.602,338.2885851
1022.702,338.2885851
1022.802,338.30777
1022.902,338.2981776
1023.002,338.2981776
1023.102,338.2981776
1023.202,338.2981776
1023.302,338.2694001
1023.402,338.2694001
1023.502,338.2981776
1023.602,338.2694001
1023.702,338.2981776
1023.802,338.2694001
1023.902,338.2789926
1024.002,338.2502151
1024.102,338.2694001
1024.202,338.2694001
1024.302,338.2502151
1024.402,338.2789926
1024.502,338.2598076
1024.602,338.2598076
1024.702,338.2502151
1024.802,338.2406225
1024.902,338.2310299
1025.002,338.2502151
1025.102,338.2598076
1025.202,338.2502151
1025.302,338.2310299
1025.402,338.2118446
1025.502,338.2310299
1025.602,338.2310299
1025.702,338.2118446
1025.802,338.2214373
1025.902,338.2310299
1026.002,338.2214373
1026.102,338.2214373
1026.202,338.2118446
1026.302,338.2118446
1026.402,338.2022519
1026.502,338.2022519
1026.602,338.1830665
1026.702,338.1830665
1026.802,338.2022519
1026.902,338.1926592
1027.002,338.1926592
1027.102,338.1830665
1027.202,338.1830665
1027.302,338.1542882
1027.402,338.1926592
1027.502,338.1734737
1027.602,338.1542882
1027.702,338.1734737
1027.802,338.1542882
1027.902,338.163881
1028.002,338.1446953
1028.102,338.163881
1028.202,338.1351025
1028.302,338.1446953
1028.402,338.1446953
1028.502,338.1351025
1028.602,338.0967308
1028.702,338.1446953
1028.802,338.1446953
1028.902,338.1255096
1029.002,338.1542882
1029.102,338.1159167
1029.202,338.1351025
1029.302,338.1063238
1029.402,338.1063238
1029.502,338.1255096
1029.602,338.1063238
1029.702,338.0967308
1029.802,338.0967308
1029.902,338.0967308
1030.002,338.0967308
1030.102,338.1063238
1030.202,338.0775448
1030.302,338.0775448
1030.402,338.0775448
1030.502,338.0775448
1030.602,338.0679518
1030.702,338.0775448
1030.802,338.0871378
1030.902,338.0775448
1031.002,338.0583587
1031.102,338.0679518
1031.202,338.0679518
1031.302,338.0487656
1031.402,338.0391725
1031.502,338.0583587
1031.602,338.0391725
1031.702,338.0391725
1031.802,338.0583587
1031.902,338.0487656
1032.002,338.0295794
1032.102,338.0391725
1032.202,338.0295794
1032.302,338.0199862
1032.402,338.0199862
1032.502,338.010393
1032.602,338.0391725
1032.702,338.0199862
1032.802,338.0199862
1032.902,338.0007998
1033.002,338.0295794
1033.102,338.0295794
1033.202,338.0199862
1033.302,338.0295794
1033.402,338.0199862
1033.502,338.0007998
1033.602,337.9816133
1033.702,337.9912066
1033.802,337.9912066
1033.902,337.9912066
1034.002,337.9912066
1034.102,337.9816133
1034.202,337.9816133
1034.302,337.9816133
1034.402,337.97202
1034.502,337.9816133
1034.602,337.9624267
1034.702,337.94324
1034.802,338.0007998
1034.902,337.9528333
1035.002,337.9528333
1035.102,337.9624267
1035.202,337.9624267
1035.302,337.9336466
1035.402,337.94324
1035.502,337.94324
1035.602,337.94324
1035.702,337.9240531
1035.802,337.9048662
1035.902,337.9336466
1036.002,337.9240531
1036.102,337.9240531
1036.202,337.9240531
1036.302,337.9240531
1036.402,337.9336466
1036.502,337.9144597
1036.602,337.9048662
1036.702,337.9048662
1036.802,337.9048662
1036.902,337.8952727
1037.002,337.9240531
1037.102,337.8856792
1037.202,337.8856792
1037.302,337.8952727
1037.402,337.8760856
1037.502,337.8856792
1037.602,337.8760856
1037.702,337.8473048
1037.802,337.8856792
1037.902,337.866492
1038.002,337.866492
1038.102,337.866492
1038.202,337.8568984
1038.302,337.8760856
1038.402,337.8473048
1038.502,337.8473048
1038.602,337.8568984
1038.702,337.8473048
1038.802,337.8473048
1038.902,337.8473048
1039.002,337.80893
1039.102,337.8281175
1039.202,337.8473048
1039.302,337.8473048
1039.402,337.8377111
1039.502,337.8377111
1039.602,337.8568984
1039.702,337.8473048
1039.802,337.8185237
1039.902,337.7993362
1040.002,337.8281175
1040.102,337.8281175
1040.202,337.80893
1040.302,337.7993362
1040.402,337.80893
1040.502,337.7993362
1040.602,337.7897424
1040.702,337.80893
1040.802,337.7801486
1040.902,337.7801486
1041.002,337.7897424
1041.102,337.7705548
1041.202,337.7801486
1041.302,337.7801486
1041.402,337.7801486
1041.502,337.7801486
1041.602,337.7609609
1041.702,337.751367
1041.802,337.7609609
1041.902,337.7609609
1042.002,337.7609609
1042.102,337.751367
1042.202,337.7321791
1042.302,337.7417731
1042.402,337.7417731
1042.502,337.7417731
1042.602,337.7417731
1042.702,337.7417731
1042.802,337.7609609
1042.902,337.7321791
1043.002,337.7225852
1043.102,337.7417731
1043.202,337.7129912
1043.302,337.7225852
1043.402,337.7321791
1043.502,337.7225852
1043.602,337.684209
1043.702,337.7033971
1043.802,337.684209
1043.902,337.7129912
1044.002,337.7225852
1044.102,337.7129912
1044.202,337.684209
1044.302,337.7033971
1044.402,337.6554266
1044.502,337.684209
1044.602,337.6362382
1044.702,337.6554266
1044.802,337.6746149
1044.902,337.684209
1045.002,337.6650207
1045.102,337.6650207
1045.202,337.6362382
1045.302,337.6362382
1045.402,337.6650207
1045.502,337.6554266
1045.602,337.6458324
1045.702,337.6362382
1045.802,337.6650207
1045.902,337.6266439
1046.002,337.6458324
1046.102,337.6458324
1046.202,337.6362382
1046.302,337.6362382
1046.402,337.6362382
1046.502,337.597861
1046.602,337.6362382
1046.702,337.6074553
1046.802,337.597861
1046.902,337.597861
1047.002,337.6074553
1047.102,337.5882667
1047.202,337.5786723
1047.302,337.597861
1047.402,337.597861
1047.502,337.597861
1047.602,337.597861
1047.702,337.5690779
1047.802,337.6074553
1047.902,337.5882667
1048.002,337.5786723
1048.102,337.5882667
1048.202,337.5690779
1048.302,337.5690779
1048.402,337.5690779
1048.502,337.5690779
1048.602,337.5690779
1048.702,337.549889
1048.802,337.5402945
1048.902,337.5594834
1049.002,337.5402945
1049.102,337.5307
1049.202,337.5402945
1049.302,337.5402945
1049.402,337.5307
1049.502,337.5211054
1049.602,337.5402945
1049.702,337.5402945
1049.802,337.5307
1049.902,337.5307
1050.002,337.5211054
1050.102,337.5211054
1050.202,337.5307
1050.302,337.5019163
1050.402,337.5307
1050.502,337.5211054
1050.602,337.5211054
1050.702,337.5307
1050.802,337.5211054
1050.902,337.5019163
1051.002,337.5019163
1051.102,337.482727
1051.202,337.482727
1051.302,337.5115109
1051.402,337.482727
1051.502,337.4731323
1051.602,337.4635376
1051.702,337.4635376
1051.802,337.482727
1051.902,337.4443481
1052.002,337.4539429
1052.102,337.4635376
1052.202,337.4539429
1052.302,337.4443481
1052.402,337.4443481
1052.502,337.4443481
1052.602,337.4443481
1052.702,337.4347533
1052.802,337.4347533
1052.902,337.4251585
1053.002,337.4443481
1053.102,337.4443481
1053.202,337.4443481
1053.302,337.4347533
1053.402,337.4347533
1053.502,337.4059688
1053.602,337.4251585
1053.702,337.3963739
1053.802,337.4251585
1053.902,337.4251585
1054.002,337.4059688
1054.102,337.3963739
1054.202,337.4059688
1054.302,337.3963739
1054.402,337.377184
1054.502,337.4251585
1054.602,337.4059688
1054.702,337.3963739
1054.802,337.386779
1054.902,337.377184
1055.002,337.377184
1055.102,337.367589
1055.202,337.386779
1055.302,337.377184
1055.402,337.357994
1055.502,337.367589
1055.602,337.377184
1055.702,337.377184
1055.802,337.357994
1055.902,337.377184
1056.002,337.357994
1056.102,337.367589
1056.202,337.3292088
1056.302,337.3388039
1056.402,337.348399
1056.502,337.3292088
1056.602,337.3292088
1056.702,337.3100186
1056.802,337.2908282
1056.902,337.2908282
1057.002,337.3292088
1057.102,337.3100186
1057.202,337.3196137
1057.302,337.2908282
1057.402,337.3100186
1057.502,337.2908282
1057.602,337.2908282
1057.702,337.3100186
1057.802,337.3004234
1057.902,337.2716377
1058.002,337.3004234
1058.102,337.2524471
1058.202,337.2716377
1058.302,337.281233
1058.402,337.2716377
1058.502,337.2620424
1058.602,337.281233
1058.702,337.2908282
1058.802,337.2524471
1058.902,337.2332564
1059.002,337.2524471
1059.102,337.2332564
1059.202,337.2620424
1059.302,337.2140656
1059.402,337.2524471
1059.502,337.1277055
1059.602,337.2716377
1059.702,337.2140656
1059.802,337.2332564
1059.902,337.2332564
1060.002,337.2140656
1060.102,337.1948746
1060.202,337.2140656
1060.302,337.1948746
1060.402,337.2332564
1060.502,337.2140656
1060.602,337.2044701
1060.702,337.1852791
1060.802,337.1852791
1060.902,337.2044701
1061.002,337.1852791
1061.102,337.1852791
1061.202,337.1756836
1061.302,337.1756836
1061.402,337.1852791
1061.502,337.1852791
1061.602,337.1756836
1061.702,337.1564924
1061.802,337.1564924
1061.902,337.166088
1062.002,337.1564924
1062.102,337.1564924
1062.202,337.1564924
1062.302,337.166088
1062.402,337.1468968
1062.502,337.1564924
1062.602,337.1564924
1062.702,337.1277055
1062.802,337.1564924
1062.902,337.1085141
1063.002,337.1373012
1063.102,337.1181098
1063.202,337.1373012
1063.302,337.1181098
1063.402,337.1373012
1063.502,337.1181098
1063.602,337.0989183
1063.702,337.0893225
1063.802,337.1181098
1063.902,337.0989183
1064.002,337.0989183
1064.102,337.0989183
1064.202,337.0893225
1064.302,337.0797267
1064.402,337.0989183
1064.502,337.0989183
1064.602,337.0893225
1064.702,337.0989183
1064.802,337.0797267
1064.902,337.0893225
1065.002,337.0989183
1065.102,337.0797267
1065.202,337.0797267
1065.302,337.0893225
1065.402,337.0989183
1065.502,337.060535
1065.602,337.0797267
1065.702,337.0509391
1065.802,337.060535
1065.902,337.0701308
1066.002,337.060535
1066.102,337.0797267
1066.202,337.0413431
1066.302,337.060535
1066.402,337.060535
1066.502,337.0509391
1066.602,337.0509391
1066.702,337.060535
1066.802,337.0317472
1066.902,337.0509391
1067.002,337.0509391
1067.102,337.0413431
1067.202,337.0221512
1067.302,337.0413431
1067.402,337.060535
1067.502,337.0317472
1067.602,337.0317472
1067.702,337.0125552
1067.802,337.0413431
1067.902,337.0413431
1068.002,337.0029591
1068.102,337.0317472
1068.202,337.0221512
1068.302,337.0317472
1068.402,337.0317472
1068.502,337.0317472
1068.602,337.0317472
1068.702,337.0317472
1068.802,337.0125552
1068.902,337.0317472
1069.002,337.0413431
1069.102,337.0317472
1069.202,337.0221512
1069.302,337.0125552
1069.402,337.0317472
1069.502,337.0221512
1069.602,337.0317472
1069.702,337.0413431
1069.802,337.0317472
1069.902,337.0221512
1070.002,336.993363
1070.102,337.0317472
1070.202,337.0125552
1070.302,337.0125552
1070.402,337.0029591
1070.502,337.0029591
1070.602,336.993363
1070.702,336.993363
1070.802,337.0221512
1070.902,336.993363
1071.002,337.0125552
1071.102,336.9837669
1071.202,337.0221512
1071.302,337.0029591
1071.402,337.0029591
1071.502,337.0029591
1071.602,337.0029591
1071.702,336.993363
1071.802,337.0029591
1071.902,337.0029591
1072.002,337.0125552
1072.102,336.9837669
1072.202,337.0221512
1072.302,337.0221512
1072.402,337.0125552
1072.502,336.993363
1072.602,337.0029591
1072.702,337.0029591
1072.802,337.0029591
1072.902,336.993363
1073.002,337.0029591
1073.102,337.0029591
1073.202,337.0029591
1073.302,337.0029591
1073.402,336.993363
1073.502,337.0029591
1073.602,337.0221512
1073.702,337.0221512
1073.802,337.0221512
1073.902,337.0317472
1074.002,337.0125552
1074.102,337.0125552
1074.202,336.993363
1074.302,336.9837669
1074.402,337.0029591
1074.502,336.9837669
1074.602,336.9837669
1074.702,337.0221512
1074.802,337.0029591
1074.902,337.0221512
1075.002,337.0125552
1075.102,337.0029591
1075.202,337.0029591
1075.302,337.0125552
1075.402,337.0029591
1075.502,337.0221512
1075.602,337.0125552
1075.702,337.0125552
1075.802,337.0221512
1075.902,336.993363
1076.002,337.0125552
1076.102,336.9837669
1076.202,337.0221512
1076.302,337.0125552
1076.402,337.0221512
1076.502,337.0221512
1076.602,337.0029591
1076.702,337.0029591
1076.802,337.0029591
1076.902,337.0413431
1077.002,337.0221512
1077.102,337.0029591
1077.202,337.0125552
1077.302,337.0029591
1077.402,336.9837669
1077.502,337.0029591
1077.602,337.0125552
1077.702,337.0029591
1077.802,337.0317472
1077.902,337.0125552
1078.002,337.0317472
1078.102,337.0221512
1078.202,337.0125552
1078.302,337.0125552
1078.402,337.0125552
1078.502,337.0029591
1078.602,337.0221512
1078.702,337.0221512
1078.802,337.0221512
1078.902,337.0125552
1079.002,337.0221512
1079.102,337.0221512
1079.202,337.0029591
1079.302,337.0413431
1079.402,337.0413431
1079.502,337.0125552
1079.602,337.0221512
1079.702,337.0317472
1079.802,337.0221512
1079.902,337.0221512
1080.002,337.0317472
1080.102,337.0221512
1080.202,337.0221512
1080.302,337.0317472
1080.402,337.0317472
1080.502,337.0125552
1080.602,337.0221512
1080.702,337.0221512
1080.802,337.0221512
1080.902,337.0317472
1081.002,337.0125552
1081.102,337.0509391
1081.202,337.0125552
1081.302,337.0413431
1081.402,337.0413431
1081.502,337.0317472
1081.602,337.0509391
1081.702,337.0509391
1081.802,337.0509391
1081.902,337.0317472
1082.002,337.0221512
1082.102,337.0413431
1082.202,337.0317472
1082.302,337.060535
1082.402,337.0413431
1082.502,337.0413431
1082.602,337.0413431
1082.702,337.0221512
1082.802,337.0509391
1082.902,337.0317472
1083.002,337.0509391
1083.102,337.0413431
1083.202,337.0413431
1083.302,337.0701308
1083.402,337.060535
1083.502,337.060535
1083.602,337.0413431
1083.702,337.0317472
1083.802,337.0701308
1083.902,337.0509391
1084.002,337.060535
1084.102,337.060535
1084.202,337.0317472
1084.302,337.0701308
1084.402,337.060535
1084.502,337.0317472
1084.602,337.060535
1084.702,337.0413431
1084.802,337.0509391
1084.902,337.0413431
1085.002,337.060535
1085.102,337.060535
1085.202,337.060535
1085.302,337.060535
1085.402,337.060535
1085.502,337.060535
1085.602,337.060535
1085.702,337.0797267
1085.802,337.0797267
1085.902,337.0893225
1086.002,337.0797267
1086.102,337.060535
1086.202,337.060535
1086.302,337.060535
1086.402,337.0797267
1086.502,337.0797267
1086.602,337.0797267
1086.702,337.0701308
1086.802,337.0797267
1086.902,337.0797267
1087.002,337.060535
1087.102,337.0701308
1087.202,337.0893225
1087.302,337.0701308
1087.402,337.0989183
1087.502,337.0797267
1087.602,337.0797267
1087.702,337.1085141
1087.802,337.0797267
1087.902,337.0989183
1088.002,337.0893225
1088.102,337.0797267
1088.202,337.0893225
1088.302,337.0797267
1088.402,337.0989183
1088.502,337.0893225
1088.602,337.0989183
1088.702,337.0797267
1088.802,337.0797267
1088.902,337.0797267
1089.002,337.1181098
1089.102,337.0893225
1089.202,337.0893225
1089.302,337.0797267
1089.402,337.0989183
1089.502,337.0989183
1089.602,337.1181098
1089.702,337.1181098
1089.802,337.1181098
1089.902,337.0989183
1090.002,337.1085141
1090.102,337.1085141
1090.202,337.1181098
1090.302,337.1277055
1090.402,337.0989183
1090.502,337.0989183
1090.602,337.1181098
1090.702,337.1085141
1090.802,337.1181098
1090.902,337.1085141
1091.002,337.1277055
1091.102,337.1181098
1091.202,337.1181098
1091.302,337.1085141
1091.402,337.1181098
1091.502,337.1085141
1091.602,337.1085141
1091.702,337.1181098
1091.802,337.1085141
1091.902,337.1181098
1092.002,337.0989183
1092.102,337.1373012
1092.202,337.1468968
1092.302,337.1085141
1092.402,337.1373012
1092.502,337.1085141
1092.602,337.1373012
1092.702,337.1181098
1092.802,337.1181098
1092.902,337.1468968
1093.002,337.1373012
1093.102,337.1277055
1093.202,337.1373012
1093.302,337.0989183
1093.402,337.1373012
1093.502,337.1468968
1093.602,337.1373012
1093.702,337.1277055
1093.802,337.1468968
1093.902,337.1277055
1094.002,337.1373012
1094.102,337.1468968
1094.202,337.1468968
1094.302,337.1181098
1094.402,337.1373012
1094.502,337.1373012
1094.602,337.1564924
1094.702,337.1756836
1094.802,337.1756836
1094.902,337.1373012
1095.002,337.1373012
1095.102,337.1373012
1095.202,337.1564924
1095.302,337.1564924
1095.402,337.1756836
1095.502,337.1564924
1095.602,337.1373012
1095.702,337.1373012
1095.802,337.1564924
1095.902,337.1468968
1096.002,337.1468968
1096.102,337.1277055
1096.202,337.1564924
1096.302,337.1564924
1096.402,337.1373012
1096.502,337.1373012
1096.602,337.1756836
1096.702,337.1756836
1096.802,337.1468968
1096.902,337.1756836
1097.002,337.1277055
1097.102,337.1468968
1097.202,337.166088
1097.302,337.1564924
1097.402,337.1468968
1097.502,337.166088
1097.602,337.1564924
1097.702,337.1756836
1097.802,337.1564924
1097.902,337.1564924
1098.002,337.1852791
1098.102,337.1468968
1098.202,337.1564924
1098.302,337.1852791
1098.402,337.1756836
1098.502,337.1564924
1098.602,337.1756836
1098.702,337.1756836
1098.802,337.1756836
1098.902,337.1756836
1099.002,337.166088
1099.102,337.1756836
1099.202,337.1756836
1099.302,337.1948746
1099.402,337.1756836
1099.502,337.166088
1099.602,337.1756836
1099.702,337.1756836
1099.802,337.1756836
1099.902,337.166088
1100.002,337.1564924
1100.102,337.166088
1100.202,337.1756836
1100.302,337.1468968
1100.402,337.1852791
1100.502,337.1564924
1100.602,337.1756836
1100.702,337.1756836
1100.802,337.1564924
1100.902,337.1756836
1101.002,337.1948746
1101.102,337.1852791
1101.202,337.1756836
1101.302,337.1564924
1101.402,337.1756836
1101.502,337.1948746
1101.602,337.1756836
1101.702,337.1564924
1101.802,337.1564924
1101.902,337.166088
1102.002,337.1756836
1102.102,337.1564924
1102.202,337.1373012
1102.302,337.1468968
1102.402,337.166088
1102.502,337.1756836
1102.602,337.1564924
1102.702,337.1564924
1102.802,337.166088
1102.902,337.1373012
1103.002,337.1564924
1103.102,337.166088
1103.202,337.1564924
1103.302,337.1468968
1103.402,337.1564924
1103.502,337.1564924
1103.602,337.166088
1103.702,337.1852791
1103.802,337.1468968
1103.902,337.1564924
1104.002,337.1564924
1104.102,337.1277055
1104.202,337.1756836
1104.302,337.1756836
1104.402,337.1468968
1104.502,337.1468968
1104.602,337.1564924
1104.702,337.1468968
1104.802,337.1373012
1104.902,337.1564924
1105.002,337.166088
1105.102,337.1373012
1105.202,337.1373012
1105.302,337.1564924
1105.402,337.1468968
1105.502,337.1468968
1105.602,337.166088
1105.702,337.1277055
1105.802,337.1468968
1105.902,337.1373012
1106.002,337.1277055
1106.102,337.1468968
1106.202,337.1277055
1106.302,337.1564924
1106.402,337.1277055
1106.502,337.1564924
1106.602,337.1373012
1106.702,337.1564924
1106.802,337.1373012
1106.902,337.1468968
1107.002,337.1181098
1107.102,337.1468968
1107.202,337.1564924
1107.302,337.0989183
1107.402,337.1373012
1107.502,337.1085141
1107.602,337.1085141
1107.702,337.1564924
1107.802,337.1277055
1107.902,337.1373012
1108.002,337.1181098
1108.102,337.1277055
1108.202,337.1181098
1108.302,337.1085141
1108.402,337.1277055
1108.502,337.1181098
1108.602,337.1181098
1108.702,337.1181098
1108.802,337.0989183
1108.902,337.1085141
1109.002,337.1085141
1109.102,337.1085141
1109.202,337.1085141
1109.302,337.1181098
1109.402,337.1181098
1109.502,337.0989183
1109.602,337.0989183
1109.702,337.1181098
1109.802,337.0893225
1109.902,337.0989183
1110.002,337.0797267
1110.102,337.0989183
1110.202,337.1085141
1110.302,337.0893225
1110.402,337.0797267
1110.502,337.0797267
1110.602,337.0989183
1110.702,337.0797267
1110.802,337.0701308
1110.902,337.0893225
1111.002,337.0797267
1111.102,337.0797267
1111.202,337.0797267
1111.302,337.0797267
1111.402,337.0701308
1111.502,337.0797267
1111.602,337.0413431
1111.702,337.0413431
1111.802,337.060535
1111.902,337.0413431
1112.002,337.0509391
1112.102,337.0221512
1112.202,337.060535
1112.302,337.0509391
1112.402,337.0701308
1112.502,337.0797267
1112.602,337.0413431
1112.702,337.0509391
1112.802,337.0413431
1112.902,337.0413431
1113.002,337.0317472
1113.102,337.0317472
1113.202,337.0221512
1113.302,337.0509391
1113.402,337.0125552
1113.502,337.060535
1113.602,337.0413431
1113.702,337.0317472
1113.802,337.0317472
1113.902,337.0221512
1114.002,337.0221512
1114.102,337.0125552
1114.202,337.0125552
1114.302,337.0029591
1114.402,336.993363
1114.502,336.993363
1114.602,337.0029591
1114.702,337.0317472
1114.802,337.0029591
1114.902,337.0029591
1115.002,336.9837669
1115.102,336.9837669
1115.202,336.993363
1115.302,336.9837669
1115.402,336.993363
1115.502,336.9741708
1115.602,336.9837669
1115.702,337.0029591
1115.802,336.9741708
1115.902,337.0029591
1116.002,336.9837669
1116.102,336.9549785
1116.202,336.9837669
1116.302,336.9549785
1116.402,336.9645746
1116.502,336.9549785
1116.602,336.9549785
1116.702,336.9645746
1116.802,336.9261897
1116.902,336.9549785
1117.002,336.9549785
1117.102,336.9549785
1117.202,336.9645746
1117.302,336.9549785
1117.402,336.935786
1117.502,336.9165934
1117.602,336.9069971
1117.702,336.9453822
1117.802,336.9453822
1117.902,336.9453822
1118.002,336.935786
1118.102,336.9261897
1118.202,336.9069971
1118.302,336.9069971
1118.402,336.9165934
1118.502,336.9165934
1118.602,336.9261897
1118.702,336.9069971
1118.802,336.8878043
1118.902,336.9165934
1119.002,336.9261897
1119.102,336.9165934
1119.202,336.8878043
1119.302,336.8974007
1119.402,336.9069971
1119.502,336.8686115
1119.602,336.8974007
1119.702,336.8686115
1119.802,336.8974007
1119.902,336.8782079
1120.002,336.8686115
1120.102,336.8878043
1120.202,336.8686115
1120.302,336.8494185
1120.402,336.859015
1120.502,336.8302254
1120.602,336.8494185
1120.702,336.8686115
1120.802,336.8494185
1120.902,336.8686115
1121.002,336.8206288
1121.102,336.859015
1121.202,336.8302254
1121.302,336.8110322
1121.402,336.8302254
1121.502,336.8206288
1121.602,336.8494185
1121.702,336.8206288
1121.802,336.8110322
1121.902,336.8206288
1122.002,336.8014355
1122.102,336.7918389
1122.202,336.8014355
1122.302,336.7822422
1122.402,336.7918389
1122.502,336.7822422
1122.602,336.8014355
1122.702,336.8110322
1122.802,336.8014355
1122.902,336.7918389
1123.002,336.7918389
1123.102,336.7630486
1123.202,336.7822422
1123.302,336.7630486
1123.402,336.7822422
1123.502,336.7918389
1123.602,336.7918389
1123.702,336.7726454
1123.802,336.7726454
1123.902,336.7726454
1124.002,336.7534519
1124.102,336.7726454
1124.202,336.7726454
1124.302,336.7534519
1124.402,336.7534519
1124.502,336.7246613
1124.602,336.7054674
1124.702,336.7342582
1124.802,336.7534519
1124.902,336.7342582
1125.002,336.7246613
1125.102,336.6862735
1125.202,336.6958705
1125.302,336.7150644
1125.402,336.7150644
1125.502,336.7054674
1125.602,336.6958705
1125.702,336.7246613
1125.802,336.6958705
1125.902,336.6766764
1126.002,336.6958705
1126.102,336.6766764
1126.202,336.6958705
1126.302,336.6766764
1126.402,336.6574823
1126.502,336.6958705
1126.602,336.6862735
1126.702,336.6862735
1126.802,336.6766764
1126.902,336.6574823
1127.002,336.6478852
1127.102,336.638288
1127.202,336.6574823
1127.302,336.6670794
1127.402,336.6094964
1127.502,336.638288
1127.602,336.6574823
1127.702,336.5998992
1127.802,336.6574823
1127.902,336.6286909
1128.002,336.638288
1128.102,336.5998992
1128.202,336.6286909
1128.302,336.5998992
1128.402,336.6190937
1128.502,336.6190937
1128.602,336.5998992
1128.702,336.5807045
1128.802,336.5903019
1128.902,336.5903019
1129.002,336.5998992
1129.102,336.5807045
1129.202,336.5903019
1129.302,336.5711072
1129.402,336.5998992
1129.502,336.542315
1129.602,336.5519124
1129.702,336.5615098
1129.802,336.542315
1129.902,336.542315
1130.002,336.5519124
1130.102,336.542315
1130.202,336.5615098
1130.302,336.5615098
1130.402,336.5327175
1130.502,336.5135224
1130.602,336.52312
1130.702,336.5327175
1130.802,336.5327175
1130.902,336.52312
1131.002,336.52312
1131.102,336.52312
1131.202,336.4943273
1131.302,336.5039249
1131.402,336.5039249
1131.502,336.4847297
1131.602,336.5135224
1131.702,336.5039249
1131.802,336.4655343
1131.902,336.475132
1132.002,336.4655343
1132.102,336.4943273
1132.202,336.4847297
1132.302,336.4655343
1132.402,336.4847297
1132.502,336.4847297
1132.602,336.4463389
1132.702,336.4559366
1132.802,336.4463389
1132.902,336.4559366
1133.002,336.4463389
1133.102,336.4463389
1133.202,336.4079476
1133.302,336.4271433
1133.402,336.4271433
1133.502,336.4175455
1133.602,336.4079476
1133.702,336.4175455
1133.802,336.4175455
1133.902,336.3983497
1134.002,336.3983497
1134.102,336.3887518
1134.202,336.3695559
1134.302,336.3887518
1134.402,336.3791539
1134.502,336.3887518
1134.602,336.3887518
1134.702,336.3887518
1134.802,336.3791539
1134.902,336.3599579
1135.002,336.3599579
1135.102,336.3503598
1135.202,336.3599579
1135.302,336.3695559
1135.402,336.3695559
1135.502,336.3695559
1135.602,336.3503598
1135.702,336.3311637
1135.802,336.3599579
1135.902,336.3407618
1136.002,336.3407618
1136.102,336.3407618
1136.202,336.3311637
1136.302,336.3311637
1136.402,336.3215655
1136.502,336.3407618
1136.602,336.3023692
1136.702,336.292771
1136.802,336.3119674
1136.902,336.3023692
1137.002,336.3023692
1137.102,336.3119674
1137.202,336.2735744
1137.302,336.3023692
1137.402,336.2831727
1137.502,336.2735744
1137.602,336.2639761
1137.702,336.2447794
1137.802,336.292771
1137.902,336.2543778
1138.002,336.2543778
1138.102,336.2447794
1138.202,336.2543778
1138.302,336.2639761
1138.402,336.2639761
1138.502,336.235181
1138.602,336.2447794
1138.702,336.2447794
1138.802,336.2255826
1138.902,336.1967871
1139.002,336.2255826
1139.102,336.2159841
1139.202,336.2159841
1139.302,336.2063856
1139.402,336.2255826
1139.502,336.2063856
1139.602,336.1967871
1139.702,336.1679913
1139.802,336.1871885
1139.902,336.1679913
1140.002,336.1775899
1140.102,336.1967871
1140.202,336.1967871
1140.302,336.1583927
1140.402,336.1583927
1140.502,336.148794
1140.602,336.1295965
1140.702,336.148794
1140.802,336.1583927
1140.902,336.1391953
1141.002,336.1391953
1141.102,336.1391953
1141.202,336.1391953
1141.302,336.1199978
1141.402,336.1199978
1141.502,336.1199978
1141.602,336.110399
1141.702,336.1008001
1141.802,336.1008001
1141.902,336.1008001
1142.002,336.1008001
1142.102,336.110399
1142.202,336.110399
1142.302,336.0912013
1142.402,336.0912013
1142.502,336.0816024
1142.602,336.0624045
1142.702,336.0816024
1142.802,336.0720034
1142.902,336.0912013
1143.002,336.0720034
1143.102,336.0528055
1143.202,336.0432065
1143.302,336.0624045
1143.402,336.0336074
1143.502,336.0432065
1143.602,336.0432065
1143.702,336.0432065
1143.802,336.0432065
1143.902,336.0432065
1144.002,336.0048101
1144.102,336.0240083
1144.202,336.0240083
1144.302,336.0048101
1144.402,335.9856117
1144.502,335.9856117
1144.602,336.0048101
1144.702,335.9952109
1144.802,335.9856117
1144.902,336.0144092
1145.002,335.9664132
1145.102,335.9856117
1145.202,335.9952109
1145.302,335.9664132
1145.402,335.9664132
1145.502,335.9568139
1145.602,335.9664132
1145.702,335.9568139
1145.802,335.9184164
1145.902,335.9472146
1146.002,335.9664132
1146.102,335.9568139
1146.202,335.9376152
1146.302,335.9184164
1146.402,335.9568139
1146.502,335.9280158
1146.602,335.9184164
1146.702,335.9088169
1146.802,335.8800184
1146.902,335.9184164
1147.002,335.9088169
1147.102,335.9184164
1147.202,335.8992175
1147.302,335.8896179
1147.402,335.8896179
1147.502,335.8704188
1147.602,335.9088169
1147.702,335.8992175
1147.802,335.8800184
1147.902,335.8704188
1148.002,335.8704188
1148.102,335.8704188
1148.202,335.8704188
1148.302,335.8512196
1148.402,335.8704188
1148.502,335.8512196
1148.602,335.8416199
1148.702,335.8320202
1148.802,335.8416199
1148.902,335.8512196
1149.002,335.8416199
1149.102,335.8128207
1149.202,335.793621
1149.302,335.8224204
1149.402,335.8320202
1149.502,335.8224204
1149.602,335.8032209
1149.702,335.8128207
1149.802,335.7648213
1149.902,335.7744213
1150.002,335.8032209
1150.102,335.793621
1150.202,335.7648213
1150.302,335.7744213
1150.402,335.7552214
1150.502,335.7648213
1150.602,335.7552214
1150.702,335.7840212
1150.802,335.7552214
1150.902,335.7648213
1151.002,335.7360214
1151.102,335.7552214
1151.202,335.7456214
1151.302,335.7360214
1151.402,335.7168212
1151.502,335.7360214
1151.602,335.7360214
1151.702,335.7168212
1151.802,335.7168212
1151.902,335.697621
1152.002,335.7168212
1152.102,335.7072211
1152.202,335.7168212
1152.302,335.6784206
1152.402,335.6880208
1152.502,335.6880208
1152.602,335.6784206
1152.702,335.6880208
1152.802,335.65922
1152.902,335.6784206
1153.002,335.65922
1153.102,335.6496197
1153.202,335.65922
1153.302,335.65922
1153.402,335.65922
1153.502,335.6400194
1153.602,335.6400194
1153.702,335.630419
1153.802,335.6400194
1153.902,335.6496197
1154.002,335.6208186
1154.102,335.6208186
1154.202,335.6112182
1154.302,335.6112182
1154.402,335.6112182
1154.502,335.630419
1154.602,335.6016177
1154.702,335.5824167
1154.802,335.6112182
1154.902,335.6016177
1155.002,335.5824167
1155.102,335.5920172
1155.202,335.5728161
1155.302,335.5824167
1155.402,335.5824167
1155.502,335.5536149
1155.602,335.5536149
1155.702,335.5344135
1155.802,335.5632155
1155.902,335.5632155
1156.002,335.5344135
1156.102,335.5440142
1156.202,335.5440142
1156.302,335.5344135
1156.402,335.5440142
1156.502,335.5056112
1156.602,335.5344135
1156.702,335.5056112
1156.802,335.4960104
1156.902,335.515212
1157.002,335.4960104
1157.102,335.5056112
1157.202,335.4960104
1157.302,335.5056112
1157.402,335.4864095
1157.502,335.4672077
1157.602,335.4768087
1157.702,335.4768087
1157.802,335.5056112
1157.902,335.4672077
1158.002,335.4672077
1158.102,335.4480058
1158.202,335.4768087
1158.302,335.4480058
1158.402,335.4480058
1158.502,335.4384048
1158.602,335.4384048
1158.702,335.4192026
1158.802,335.4480058
1158.902,335.4288037
1159.002,335.4000004
1159.102,335.4096015
1159.202,335.4096015
1159.302,335.4000004
1159.402,335.4096015
1159.502,335.4096015
1159.602,335.3903992
1159.702,335.380798
1159.802,335.4000004
1159.902,335.3903992
1160.002,335.3711967
1160.102,335.3519941
1160.202,335.3615954
1160.302,335.3711967
1160.402,335.3711967
1160.502,335.3711967
1160.602,335.3615954
1160.702,335.3327914
1160.802,335.3711967
1160.902,335.3327914
1161.002,335.3423928
1161.102,335.3423928
1161.202,335.32319
1161.302,335.3327914
1161.402,335.32319
1161.502,335.3135885
1161.602,335.3135885
1161.702,335.3039871
1161.802,335.32319
1161.902,335.2943856
1162.002,335.3135885
1162.102,335.3039871
1162.202,335.3039871
1162.302,335.3135885
1162.402,335.2751824
1162.502,335.2751824
1162.602,335.2751824
1162.702,335.284784
1162.802,335.284784
1162.902,335.2559792
1163.002,335.2655808
1163.102,335.284784
1163.202,335.2271741
1163.302,335.2271741
1163.402,335.2463775
1163.502,335.2367758
1163.602,335.2175723
1163.702,335.1983686
1163.802,335.2175723
1163.902,335.1983686
1164.002,335.2175723
1164.102,335.1983686
1164.202,335.2175723
1164.302,335.1791648
1164.402,335.2079705
1164.502,335.2079705
1164.602,335.1695629
1164.702,335.1695629
1164.802,335.1791648
1164.902,335.1791648
1165.002,335.1791648
1165.102,335.1503589
1165.202,335.1503589
1165.302,335.1407569
1165.402,335.1695629
1165.502,335.1407569
1165.602,335.1311548
1165.702,335.1407569
1165.802,335.1311548
1165.902,335.1119506
1166.002,335.1023484
1166.102,335.1215527
1166.202,335.1215527
1166.302,335.1023484
1166.402,335.1023484
1166.502,335.1023484
1166.602,335.1023484
1166.702,335.0831439
1166.802,335.1023484
1166.902,335.0735417
1167.002,335.0831439
1167.102,335.0735417
1167.202,335.0831439
1167.302,335.0735417
1167.402,335.0639394
1167.502,335.0735417
1167.602,335.0735417
1167.702,335.0735417
1167.802,335.0735417
1167.902,335.0255298
1168.002,335.0447346
1168.102,335.0447346
1168.202,335.0351322
1168.302,335.0447346
1168.402,335.0255298
1168.502,334.9967223
1168.602,335.0159273
1168.702,335.0063248
1168.802,335.0159273
1168.902,334.9871197
1169.002,334.9775171
1169.102,334.9967223
1169.202,334.9871197
1169.302,334.9871197
1169.402,334.9871197
1169.502,334.9871197
1169.602,334.9871197
1169.702,334.9775171
1169.802,334.9967223
1169.902,334.9583118
1170.002,334.9679144
1170.102,334.948709
1170.202,334.9199007
1170.302,334.9199007
1170.402,334.9199007
1170.502,334.8910921
1170.602,334.8814891
1170.702,334.8814891
1170.802,334.8526801
1170.902,334.8526801
1171.002,334.8718861
1171.102,334.843077
1171.202,334.8334739
1171.302,334.8334739
1171.402,334.843077
1171.502,334.843077
1171.602,334.795061
1171.702,334.8046643
1171.802,334.8046643
1171.902,334.7758544
1172.002,334.7854578
1172.102,334.795061
1172.202,334.795061
1172.302,334.7662511
1172.402,334.7758544
1172.502,334.7854578
1172.602,334.7470443
1172.702,334.7758544
1172.802,334.7566477
1172.902,334.7566477
1173.002,334.7374408
1173.102,334.7374408
1173.202,334.7182338
1173.302,334.7278373
1173.402,334.7374408
1173.502,334.7374408
1173.602,334.7182338
1173.702,334.7182338
1173.802,334.7086302
1173.902,334.7086302
1174.002,334.6990266
1174.102,334.7182338
1174.202,334.6798193
1174.302,334.689423
1174.402,334.689423
1174.502,334.6510081
1174.602,334.6798193
1174.702,334.6606119
1174.802,334.689423
1174.902,334.6798193
1175.002,334.6510081
1175.102,334.6510081
1175.202,334.6606119
1175.302,334.6318004
1175.402,334.6510081
1175.502,334.6318004
1175.602,334.6221966
1175.702,334.6510081
1175.802,334.6221966
1175.902,334.6125927
1176.002,334.6221966
1176.102,334.5933847
1176.202,334.5933847
1176.302,334.5933847
1176.402,334.6029887
1176.502,334.5741767
1176.602,334.5933847
1176.702,334.5837807
1176.802,334.5741767
1176.902,334.5549685
1177.002,334.5741767
1177.102,334.5741767
1177.202,334.5549685
1177.302,334.5549685
1177.402,334.5453643
1177.502,334.5357601
1177.602,334.5453643
1177.702,334.5453643
1177.802,334.5453643
1177.902,334.5453643
1178.002,334.5261559
1178.102,334.5165516
1178.202,334.5261559
1178.302,334.5069474
1178.402,334.5069474
1178.502,334.4877387
1178.602,334.4877387
1178.702,334.5069474
1178.802,334.4877387
1178.902,334.4877387
1179.002,334.4877387
1179.102,334.4781343
1179.202,334.4685298
1179.302,334.4685298
1179.402,334.4685298
1179.502,334.4589254
1179.602,334.4589254
1179.702,334.4685298
1179.802,334.4589254
1179.902,334.4493209
1180.002,334.4301117
1180.102,334.4397163
1180.202,334.4205071
1180.302,334.4205071
1180.402,334.4205071
1180.502,334.4301117
1180.602,334.4109025
1180.702,334.4205071
1180.802,334.4205071
1180.902,334.4012978
1181.002,334.3916931
1181.102,334.3916931
1181.202,334.3916931
1181.302,334.3820884
1181.402,334.3820884
1181.502,334.3820884
1181.602,334.3628787
1181.702,334.3532739
1181.802,334.3820884
1181.902,334.3628787
1182.002,334.3724836
1182.102,334.3628787
1182.202,334.3340641
1182.302,334.3532739
1182.402,334.3628787
1182.502,334.3148541
1182.602,334.3148541
1182.702,334.3148541
1182.802,334.3148541
1182.902,334.3148541
1183.002,334.3148541
1183.102,334.2860389
1183.202,334.3148541
1183.302,334.3148541
1183.402,334.295644
1183.502,334.2860389
1183.602,334.295644
1183.702,334.2860389
1183.802,334.2764338
1183.902,334.2860389
1184.002,334.2764338
1184.102,334.2764338
1184.202,334.2764338
1184.302,334.2476181
1184.402,334.2476181
1184.502,334.2572234
1184.602,334.2380129
1184.702,334.2476181
1184.802,334.2188022
1184.902,334.2380129
1185.002,334.2188022
1185.102,334.2188022
1185.202,334.2188022
1185.302,334.1995914
1185.402,334.2091968
1185.502,334.2188022
1185.602,334.2188022
1185.702,334.1803804
1185.802,334.1995914
1185.902,334.1995914
1186.002,334.1899859
1186.102,334.1707749
1186.202,334.1611693
1186.302,334.1803804
1186.402,334.1611693
1186.502,334.1611693
1186.602,334.1515637
1186.702,334.1419581
1186.802,334.1611693
1186.902,334.1515637
1187.002,334.1419581
1187.102,334.1323524
1187.202,334.1227467
1187.302,334.1227467
1187.402,334.1227467
1187.502,334.1035352
1187.602,334.1227467
1187.702,334.113141
1187.802,334.1035352
1187.902,334.0843235
1188.002,334.113141
1188.102,334.1035352
1188.202,334.0651117
1188.302,334.0747176
1188.402,334.0747176
1188.502,334.0747176
1188.602,334.0843235
1188.702,334.0555057
1188.802,334.0458997
1188.902,334.0555057
1189.002,334.0555057
1189.102,334.0458997
1189.202,334.0266876
1189.302,334.0555057
1189.402,334.0266876
1189.502,334.0458997
1189.602,334.0266876
1189.702,334.0074754
1189.802,333.9978692
1189.902,334.0074754
1190.002,333.9978692
1190.102,333.988263
1190.202,334.0074754
1190.302,333.9786567
1190.402,333.9690504
1190.502,333.988263
1190.602,333.9786567
1190.702,333.9594441
1190.802,333.988263
1190.902,333.988263
1191.002,333.9978692
1191.102,333.9690504
1191.202,333.9498377
1191.302,333.9498377
1191.402,333.9402313
1191.502,333.9210184
1191.602,333.9498377
1191.702,333.9306249
1191.802,333.9402313
1191.902,333.9306249
1192.002,333.9402313
1192.102,333.9114119
1192.202,333.9210184
1192.302,333.9210184
1192.402,333.9402313
1192.502,333.9114119
1192.602,333.9018054
1192.702,333.8921988
1192.802,333.9114119
1192.902,333.8825922
1193.002,333.8825922
1193.102,333.8633788
1193.202,333.8729855
1193.302,333.8729855
1193.402,333.8537721
1193.502,333.8537721
1193.602,333.8537721
1193.702,333.8441653
1193.802,333.8537721
1193.902,333.8537721
1194.002,333.8153448
1194.102,333.8441653
1194.202,333.8345585
1194.302,333.8441653
1194.402,333.8153448
1194.502,333.8249517
1194.602,333.8345585
1194.702,333.8249517
1194.802,333.8057379
1194.902,333.8057379
1195.002,333.786524
1195.102,333.796131
1195.202,333.786524
1195.302,333.776917
1195.402,333.786524
1195.502,333.796131
1195.602,333.7673099
1195.702,333.7577028
1195.802,333.776917
1195.902,333.776917
1196.002,333.7384885
1196.102,333.7577028
1196.202,333.7480957
1196.302,333.7288813
1196.402,333.7384885
1196.502,333.7096668
1196.602,333.7384885
1196.702,333.7192741
1196.802,333.7192741
1196.902,333.7096668
1197.002,333.7192741
1197.102,333.7192741
1197.202,333.7000595
1197.302,333.6904521
1197.402,333.7096668
1197.502,333.6904521
1197.602,333.7288813
1197.702,333.6808447
1197.802,333.6616298
1197.902,333.6616298
1198.002,333.6712373
1198.102,333.6808447
1198.202,333.6328072
1198.302,333.6520223
1198.402,333.6424148
1198.502,333.6424148
1198.602,333.6520223
1198.702,333.6231996
1198.802,333.6231996
1198.902,333.6231996
1199.002,333.6328072
1199.102,333.6328072
1199.202,333.6520223
1199.302,333.6231996
1199.402,333.6328072
1199.502,333.613592
1199.602,333.6039843
1199.702,333.5847688
1199.802,333.5847688
1199.902,333.6039843
1200.002,333.5847688
1200.102,333.5655531
1200.202,333.5655531
1200.302,333.575161
1200.402,333.5463374
1200.502,333.5847688
1200.602,333.5847688
1200.702,333.5559453
1200.802,333.5463374
1200.902,333.5559453
1201.002,333.5271214
1201.102,333.5655531
1201.202,333.5367294
1201.302,333.5559453
1201.402,333.5271214
1201.502,333.5271214
1201.602,333.5271214
1201.702,333.5079053
1201.802,333.5079053
1201.902,333.5079053
1202.002,333.4982972
1202.102,333.4694727
1202.202,333.4982972
1202.302,333.4694727
1202.402,333.4694727
1202.502,333.4886891
1202.602,333.4694727
1202.702,333.4886891
1202.802,333.4598645
1202.902,333.4886891
1203.002,333.4598645
1203.102,333.4598645
1203.202,333.4502562
1203.302,333.4598645
1203.402,333.4502562
1203.502,333.4214311
1203.602,333.4310395
1203.702,333.4310395
1203.802,333.4118226
1203.902,333.4406478
1204.002,333.4118226
1204.102,333.4118226
1204.202,333.4118226
1204.302,333.4022142
1204.402,333.4118226
1204.502,333.4118226
1204.602,333.4118226
1204.702,333.4118226
1204.802,333.3733885
1204.902,333.3829971
1205.002,333.3733885
1205.102,333.3733885
1205.202,333.3541712
1205.302,333.3637799
1205.402,333.3541712
1205.502,333.325345
1205.602,333.3733885
1205.702,333.3445625
1205.802,333.325345
1205.902,333.3445625
1206.002,333.325345
1206.102,333.3445625
1206.202,333.3157362
1206.302,333.325345
1206.402,333.325345
1206.502,333.325345
1206.602,333.2965184
1206.702,333.3157362
1206.802,333.2965184
1206.902,333.2965184
1207.002,333.2965184
1207.102,333.3061273
1207.202,333.2965184
1207.302,333.2965184
1207.402,333.2676915
1207.502,333.2484734
1207.602,333.2869095
1207.702,333.2773005
1207.802,333.2484734
1207.902,333.2580825
1208.002,333.2484734
1208.102,333.2388643
1208.202,333.2388643
1208.302,333.2484734
1208.402,333.2196459
1208.502,333.2196459
1208.602,333.2292551
1208.702,333.2004274
1208.802,333.2292551
1208.902,333.2196459
1209.002,333.2100367
1209.102,333.2100367
1209.202,333.2004274
1209.302,333.1812087
1209.402,333.1908181
1209.502,333.2100367
1209.602,333.1715993
1209.702,333.1908181
1209.802,333.1812087
1209.902,333.1619899
1210.002,333.1619899
1210.102,333.1715993
1210.202,333.1715993
1210.302,333.1619899
1210.402,333.1523804
1210.502,333.1523804
1210.602,333.1427709
1210.702,333.1619899
1210.802,333.1427709
1210.902,333.1235518
1211.002,333.1619899
1211.102,333.1043325
1211.202,333.1235518
1211.302,333.1043325
1211.402,333.1043325
1211.502,333.1139422
1211.602,333.1139422
1211.702,333.1139422
1211.802,333.1235518
1211.902,333.1043325
1212.002,333.1043325
1212.102,333.0755033
1212.202,333.0755033
1212.302,333.0851131
1212.402,333.0562836
1212.502,333.0658935
1212.602,333.0851131
1212.702,333.0658935
1212.802,333.0658935
1212.902,333.0370638
1213.002,333.0658935
1213.102,333.0370638
1213.202,333.0274538
1213.302,333.0466737
1213.402,333.0274538
1213.502,333.0082338
1213.602,333.0178438
1213.702,332.9794034
1213.802,332.9986237
1213.902,332.9890136
1214.002,332.9986237
1214.102,332.9890136
1214.202,332.9890136
1214.302,332.9986237
1214.402,332.960183
1214.502,332.9890136
1214.602,332.9697932
1214.702,332.9697932
1214.802,332.9697932
1214.902,332.9697932
1215.002,332.9409624
1215.102,332.960183
1215.202,332.960183
1215.302,332.9409624
1215.402,332.9505727
1215.502,332.931352
1215.602,332.9409624
1215.702,332.931352
1215.802,332.9409624
1215.902,332.9121312
1216.002,332.931352
1216.102,332.8929102
1216.202,332.9217416
1216.302,332.9121312
1216.402,332.8929102
1216.502,332.8640784
1216.602,332.9217416
1216.702,332.8832996
1216.802,332.8832996
1216.902,332.8929102
1217.002,332.8832996
1217.102,332.8640784
1217.202,332.8929102
1217.302,332.8640784
1217.402,332.873689
1217.502,332.873689
1217.602,332.844857
1217.702,332.8544677
1217.802,332.8640784
1217.902,332.8256355
1218.002,332.8544677
1218.102,332.8352463
1218.202,332.844857
1218.302,332.8256355
1218.402,332.8256355
1218.502,332.8064138
1218.602,332.7968029
1218.702,332.8160247
1218.802,332.8256355
1218.902,332.8160247
1219.002,332.8064138
1219.102,332.8064138
1219.202,332.7871919
1219.302,332.7968029
1219.402,332.7871919
1219.502,332.7968029
1219.602,332.777581
1219.702,332.7679699
1219.802,332.7871919
1219.902,332.7679699
1220.002,332.7583589
1220.102,332.7583589
1220.202,332.7487478
1220.302,332.7487478
1220.402,332.7391366
1220.502,332.7391366
1220.602,332.6910803
1220.702,332.7391366
1220.802,332.7199142
1220.902,332.7391366
1221.002,332.7199142
1221.102,332.7199142
1221.202,332.7006916
1221.302,332.7006916
1221.402,332.7103029
1221.502,332.7006916
1221.602,332.662246
1221.702,332.6910803
1221.802,332.6814689
1221.902,332.6814689
1222.002,332.7006916
1222.102,332.6910803
1222.202,332.6814689
1222.302,332.6910803
1222.402,332.662246
1222.502,332.6814689
1222.602,332.662246
1222.702,332.6334114
1222.802,332.6141881
1222.902,332.6814689
1223.002,332.6526345
1223.102,332.6237998
1223.202,332.6237998
1223.302,332.6237998
1223.402,332.6237998
1223.502,332.6045764
1223.602,332.6141881
1223.702,332.5949647
1223.802,332.6237998
1223.902,332.6045764
1224.002,332.6045764
1224.102,332.5949647
1224.202,332.5853529
1224.302,332.5949647
1224.402,332.5757411
1224.502,332.6045764
1224.602,332.5661292
1224.702,332.5853529
1224.802,332.5757411
1224.902,332.5469054
1225.002,332.5469054
1225.102,332.5661292
1225.202,332.5372934
1225.302,332.5469054
1225.402,332.5565173
1225.502,332.5372934
1225.602,332.5180694
1225.702,332.5469054
1225.802,332.4988451
1225.902,332.5565173
1226.002,332.5276814
1226.102,332.4892329
1226.202,332.5084573
1226.302,332.4988451
1226.402,332.4988451
1226.502,332.4988451
1226.602,332.4892329
1226.702,332.4988451
1226.802,332.4892329
1226.902,332.4796207
1227.002,332.4988451
1227.102,332.4892329
1227.202,332.4603962
1227.302,332.4700085
1227.402,332.4507838
1227.502,332.4700085
1227.602,332.4700085
1227.702,332.4411714
1227.802,332.4507838
1227.902,332.4507838
1228.002,332.4411714
1228.102,332.4219466
1228.202,332.4507838
1228.302,332.4507838
1228.402,332.4123341
1228.502,332.4123341
1228.602,332.4123341
1228.702,332.4219466
1228.802,332.3931089
1228.902,332.3931089
1229.002,332.3738836
1229.102,332.4123341
1229.202,332.3834963
1229.302,332.4123341
1229.402,332.3931089
1229.502,332.3931089
1229.602,332.3738836
1229.702,332.3642709
1229.802,332.3546582
1229.902,332.3450454
1230.002,332.3642709
1230.102,332.3546582
1230.202,332.3642709
1230.302,332.3354326
1230.402,332.3258197
1230.502,332.3642709
1230.602,332.3450454
1230.702,332.3354326
1230.802,332.3354326
1230.902,332.3354326
1231.002,332.3258197
1231.102,332.3162068
1231.202,332.3162068
1231.302,332.3354326
1231.402,332.3162068
1231.502,332.2873678
1231.602,332.2681417
1231.702,332.3065939
1231.802,332.2873678
1231.902,332.3065939
1232.002,332.2969809
1232.102,332.2969809
1232.202,332.2873678
1232.302,332.2969809
1232.402,332.2585285
1232.502,332.2681417
1232.602,332.2681417
1232.702,332.2681417
1232.802,332.2489153
1232.902,332.2296888
1233.002,332.2393021
1233.102,332.2489153
1233.202,332.2489153
1233.302,332.2296888
1233.402,332.2200755
1233.502,332.2296888
1233.602,332.2008488
1233.702,332.2296888
1233.802,332.2008488
1233.902,332.2200755
1234.002,332.1912353
1234.102,332.2104622
1234.202,332.2200755
1234.302,332.2008488
1234.402,332.1816218
1234.502,332.1912353
1234.602,332.1816218
1234.702,332.1720083
1234.802,332.1623948
1234.902,332.1623948
1235.002,332.1623948
1235.102,332.1816218
1235.202,332.1623948
1235.302,332.1431675
1235.402,332.1816218
1235.502,332.1431675
1235.602,332.1527812
1235.702,332.1431675
1235.802,332.1239401
1235.902,332.1431675
1236.002,332.1431675
1236.102,332.0950987
1236.202,332.1047126
1236.302,332.1143264
1236.402,332.1143264
1236.502,332.1143264
1236.602,332.1047126
1236.702,332.0950987
1236.802,332.0950987
1236.902,332.0662569
1237.002,332.0854848
1237.102,332.0758709
1237.202,332.0758709
1237.302,332.0662569
1237.402,332.0758709
1237.502,332.0758709
1237.602,332.0662569
1237.702,332.0758709
1237.802,332.0278006
1237.902,332.0566429
1238.002,332.0566429
1238.102,332.0662569
1238.202,332.0181864
1238.302,332.0181864
1238.402,332.0085722
1238.502,332.0278006
1238.602,332.0181864
1238.702,332.0085722
1238.802,332.0278006
1238.902,331.998958
1239.002,331.9893437
1239.102,331.998958
1239.202,332.0181864
1239.302,332.0085722
1239.402,331.9893437
1239.502,332.0085722
1239.602,331.9797293
1239.702,331.9605005
1239.802,331.9797293
1239.902,331.9605005
1240.002,331.9797293
1240.102,331.9605005
1240.202,331.9701149
1240.302,331.9701149
1240.402,331.9412715
1240.502,331.9412715
1240.602,331.9508861
1240.702,331.931657
1240.802,331.9220424
1240.902,331.931657
1241.002,331.931657
1241.102,331.9124278
1241.202,331.9220424
1241.302,331.9220424
1241.402,331.9028131
1241.502,331.9124278
1241.602,331.8931984
1241.702,331.9124278
1241.802,331.9028131
1241.902,331.8739688
1242.002,331.8739688
1242.102,331.8931984
1242.202,331.8835836
1242.302,331.8835836
1242.402,331.8451242
1242.502,331.8739688
1242.602,331.864354
1242.702,331.8739688
1242.802,331.8739688
1242.902,331.8355092
1243.002,331.8739688
1243.102,331.8451242
1243.202,331.8547391
1243.302,331.8258942
1243.402,331.8355092
1243.502,331.8162791
1243.602,331.8355092
1243.702,331.8355092
1243.802,331.8355092
1243.902,331.806664
1244.002,331.7874337
1244.102,331.7874337
1244.202,331.7970489
1244.302,331.7970489
1244.402,331.7970489
1244.502,331.7874337
1244.602,331.7874337
1244.702,331.7874337
1244.802,331.7778185
1244.902,331.7682033
1245.002,331.7682033
1245.102,331.7778185
1245.202,331.7778185
1245.302,331.7682033
1245.402,331.7393572
1245.502,331.758588
1245.602,331.758588
1245.702,331.7393572
1245.802,331.758588
1245.902,331.7105108
1246.002,331.7297418
1246.102,331.7105108
1246.202,331.7201263
1246.302,331.7201263
1246.402,331.7201263
1246.502,331.7105108
1246.602,331.7201263
1246.702,331.6912797
1246.802,331.7008953
1246.902,331.6720483
1247.002,331.7008953
1247.102,331.6912797
1247.202,331.7008953
1247.302,331.681664
1247.402,331.681664
1247.502,331.681664
1247.602,331.6720483
1247.702,331.6624326
1247.802,331.681664
1247.902,331.6624326
1248.002,331.6624326
1248.102,331.6528168
1248.202,331.6624326
1248.302,331.6239693
1248.402,331.6335852
1248.502,331.643201
1248.602,331.643201
1248.702,331.6239693
1248.802,331.6143534
1248.902,331.6239693
1249.002,331.6047374
1249.102,331.6335852
1249.202,331.6143534
1249.302,331.6143534
1249.402,331.5951214
1249.502,331.5855053
1249.602,331.6239693
1249.702,331.5951214
1249.802,331.6047374
1249.902,331.5855053
1250.002,331.5758892
1250.102,331.5855053
1250.202,331.5758892
1250.302,331.5758892
1250.402,331.5470406
1250.502,331.5566568
1250.602,331.566273
1250.702,331.5374243
1250.802,331.527808
1250.902,331.5181917
1251.002,331.5470406
1251.102,331.5374243
1251.202,331.527808
1251.302,331.5085753
1251.402,331.527808
1251.502,331.4893423
1251.602,331.5181917
1251.702,331.5085753
1251.802,331.4989588
1251.902,331.4893423
1252.002,331.4989588
1252.102,331.4989588
1252.202,331.4604926
1252.302,331.5181917
1252.402,331.4797258
1252.502,331.4893423
1252.602,331.4893423
1252.702,331.4604926
1252.802,331.4701092
1252.902,331.4604926
1253.002,331.4508759
1253.102,331.4604926
1253.202,331.4508759
1253.302,331.4508759
1253.402,331.4508759
1253.502,331.4316425
1253.602,331.4124089
1253.702,331.4220257
1253.802,331.4124089
1253.902,331.4316425
1254.002,331.4316425
1254.102,331.4124089
1254.202,331.4124089
1254.302,331.4124089
1254.402,331.3931751
1254.502,331.4124089
1254.602,331.3931751
1254.702,331.3739411
1254.802,331.402792
1254.902,331.3739411
1255.002,331.3739411
1255.102,331.3931751
1255.202,331.3835581
1255.302,331.3835581
1255.402,331.354707
1255.502,331.3450898
1255.602,331.3739411
1255.702,331.3643241
1255.802,331.354707
1255.902,331.3643241
1256.002,331.354707
1256.102,331.3258554
1256.202,331.3354727
1256.302,331.3450898
1256.402,331.3162382
1256.502,331.3354727
1256.602,331.2970035
1256.702,331.3162382
1256.802,331.3450898
1256.902,331.3162382
1257.002,331.3162382
1257.102,331.2970035
1257.202,331.3258554
1257.302,331.3066209
1257.402,331.2970035
1257.502,331.2970035
1257.602,331.2777687
1257.702,331.2873861
1257.802,331.2777687
1257.902,331.2777687
1258.002,331.2681512
1258.102,331.2585337
1258.202,331.2873861
1258.302,331.2681512
1258.402,331.2585337
1258.502,331.2489161
1258.602,331.2392985
1258.702,331.2392985
1258.802,331.2296809
1258.902,331.2392985
1259.002,331.2200632
1259.102,331.2200632
1259.202,331.2200632
1259.302,331.2200632
1259.402,331.2008277
1259.502,331.2200632
1259.602,331.2008277
1259.702,331.2200632
1259.802,331.1912098
1259.902,331.2008277
1260.002,331.1912098
1260.102,331.2104454
1260.202,331.1912098
1260.302,331.181592
1260.402,331.171974
1260.502,331.181592
1260.602,331.171974
1260.702,331.1623561
1260.802,331.1623561
1260.902,331.1527381
1261.002,331.1046474
1261.102,331.2104454
1261.202,331.1046474
1261.302,331.1046474
1261.402,331.1527381
1261.502,331.1431201
1261.602,331.133502
1261.702,331.0373187
1261.802,331.0373187
1261.902,331.3066209
1262.002,330.9122739
1262.102,330.9892254
1262.202,331.0950292
1262.302,331.133502
1262.402,331.0950292
1262.502,331.0373187
1262.602,331.1142657
1262.702,331.1527381
1262.802,331.1046474
1262.902,331.1046474
1263.002,331.0565557
1263.102,331.1046474
1263.202,331.0469372
1263.302,331.0277001
1263.402,331.0277001
1263.502,331.0565557
1263.602,331.0757925
1263.702,331.0469372
1263.802,331.0469372
1263.902,331.0661741
1264.002,331.0661741
1264.102,331.0661741
1264.202,331.0277001
1264.302,331.0373187
1264.402,331.0277001
1264.502,331.0469372
1264.602,331.0277001
1264.702,331.0277001
1264.802,331.0180815
1264.902,331.0084629
1265.002,331.0277001
1265.102,331.0277001
1265.202,331.0854109
1265.302,330.9796066
1265.402,331.0180815
1265.502,330.9892254
1265.602,331.0180815
1265.702,330.9699878
1265.802,330.9988442
1265.902,331.0084629
1266.002,330.941131
1266.102,331.0469372
1266.202,331.0469372
1266.302,331.0854109
1266.402,331.0757925
1266.502,331.0757925
1266.602,331.1431201
1266.702,331.133502
1266.802,331.1623561
1266.902,331.2008277
1267.002,331.1912098
1267.102,331.2200632
1267.202,331.2200632
1267.302,331.2200632
1267.402,331.2585337
1267.502,331.2970035
1267.602,331.2970035
1267.702,331.3258554
1267.802,331.3354727
1267.902,331.3835581
1268.002,331.3739411
1268.102,331.4220257
1268.202,331.4316425
1268.302,331.4412592
1268.402,331.4701092
1268.502,331.4893423
1268.602,331.5085753
1268.702,331.527808
1268.802,331.5374243
1268.902,331.566273
1269.002,331.5951214
1269.102,331.6239693
1269.202,331.6047374
1269.302,331.6720483
1269.402,331.681664
1269.502,331.681664
1269.602,331.7008953
1269.702,331.7201263
1269.802,331.7201263
1269.902,331.7489726
1270.002,331.758588
1270.102,331.7778185
1270.202,331.7874337
1270.302,331.8258942
1270.402,331.8547391
1270.502,331.8355092
1270.602,331.8739688
1270.702,331.8835836
1270.802,331.8931984
1270.902,331.9028131
1271.002,331.9412715
1271.102,331.9508861
1271.202,331.9605005
1271.302,331.9605005
1271.402,331.9701149
1271.502,331.9797293
1271.602,331.998958
1271.702,331.998958
1271.802,332.0470289
1271.902,332.0374148
1272.002,332.0374148
1272.102,332.0374148
1272.202,332.0758709
1272.302,332.1047126
1272.402,332.1047126
1272.502,332.1047126
1272.602,332.0950987
1272.702,332.1239401
1272.802,332.1431675
1272.902,332.1431675
1273.002,332.1623948
1273.102,332.1527812
1273.202,332.1912353
1273.302,332.2104622
1273.402,332.2200755
1273.502,332.2200755
1273.602,332.2008488
1273.702,332.2200755
1273.802,332.2489153
1273.902,332.2200755
1274.002,332.2296888
1274.102,332.2585285
1274.202,332.2585285
1274.302,332.2777548
1274.402,332.2777548
1274.502,332.3065939
1274.602,332.2969809
1274.702,332.2969809
1274.802,332.3065939
1274.902,332.3162068
1275.002,332.3065939
1275.102,332.3258197
1275.202,332.3162068
1275.302,332.3258197
1275.402,332.3546582
1275.502,332.3258197
1275.602,332.3354326
1275.702,332.3546582
1275.802,332.3642709
1275.902,332.3546582
1276.002,332.3738836
1276.102,332.3931089
1276.202,332.3931089
1276.302,332.3834963
1276.402,332.3931089
1276.502,332.3931089
1276.602,332.4027215
1276.702,332.3931089
1276.802,332.4123341
1276.902,332.4027215
1277.002,332.4219466
1277.102,332.4123341
1277.202,332.431559
1277.302,332.431559
1277.402,332.4411714
1277.502,332.431559
1277.602,332.4507838
1277.702,332.4796207
1277.802,332.431559
1277.902,332.4603962
1278.002,332.4700085
1278.102,332.4796207
1278.202,332.4700085
1278.302,332.4507838
1278.402,332.4796207
1278.502,332.4796207
1278.602,332.4507838
1278.702,332.4700085
1278.802,332.4892329
1278.902,332.4700085
1279.002,332.4988451
1279.102,332.4700085
1279.202,332.4700085
1279.302,332.4700085
1279.402,332.4796207
1279.502,332.5084573
1279.602,332.5084573
1279.702,332.4892329
1279.802,332.5084573
1279.902,332.5084573
1280.002,332.4988451
1280.102,332.5084573
1280.202,332.5084573
1280.302,332.5084573
1280.402,332.5276814
1280.502,332.4988451
1280.602,332.5276814
1280.702,332.5084573
1280.802,332.5084573
1280.902,332.5180694
1281.002,332.5276814
1281.102,332.5084573
1281.202,332.4892329
1281.302,332.5180694
1281.402,332.5372934
1281.502,332.5276814
1281.602,332.5276814
1281.702,332.4892329
1281.802,332.5084573
1281.902,332.5276814
1282.002,332.5469054
1282.102,332.5276814
1282.202,332.5180694
1282.302,332.5469054
1282.402,332.5469054
1282.502,332.5469054
1282.602,332.5469054
1282.702,332.5276814
1282.802,332.5180694
1282.902,332.5276814
1283.002,332.5565173
1283.102,332.5469054
1283.202,332.5372934
1283.302,332.5372934
1283.402,332.5469054
1283.502,332.5469054
1283.602,332.5276814
1283.702,332.5372934
1283.802,332.5469054
1283.902,332.5661292
1284.002,332.5469054
1284.102,332.5180694
1284.202,332.5469054
1284.302,332.5469054
1284.402,332.5276814
1284.502,332.5469054
1284.602,332.5469054
1284.702,332.5372934
1284.802,332.5276814
1284.902,332.5565173
1285.002,332.5757411
1285.102,332.5565173
1285.202,332.5565173
1285.302,332.5469054
1285.402,332.5469054
1285.502,332.5565173
1285.602,332.5565173
1285.702,332.5469054
1285.802,332.5372934
1285.902,332.5565173
1286.002,332.5469054
1286.102,332.5276814
1286.202,332.5565173
1286.302,332.5565173
1286.402,332.5469054
1286.502,332.5372934
1286.602,332.5469054
1286.702,332.5372934
1286.802,332.5565173
1286.902,332.5372934
1287.002,332.5180694
1287.102,332.5276814
1287.202,332.5469054
1287.302,332.5757411
1287.402,332.5276814
1287.502,332.5469054
1287.602,332.5372934
1287.702,332.5469054
1287.802,332.5469054
1287.902,332.5469054
1288.002,332.5372934
1288.102,332.5276814
1288.202,332.5565173
1288.302,332.5372934
1288.402,332.5372934
1288.502,332.5180694
1288.602,332.5565173
1288.702,332.5469054
1288.802,332.5180694
1288.902,332.4988451
1289.002,332.5276814
1289.102,332.5469054
1289.202,332.5372934
1289.302,332.5276814
1289.402,332.5372934
1289.502,332.5372934
1289.602,332.5276814
1289.702,332.5372934
1289.802,332.5084573
1289.902,332.5372934
1290.002,332.5469054
1290.102,332.5276814
1290.202,332.5372934
1290.302,332.5276814
1290.402,332.5276814
1290.502,332.5084573
1290.602,332.5276814
1290.702,332.5276814
1290.802,332.5469054
1290.902,332.5372934
1291.002,332.5180694
1291.102,332.5372934
1291.202,332.5180694
1291.302,332.5084573
1291.402,332.5084573
1291.502,332.4988451
1291.602,332.5276814
1291.702,332.5084573
1291.802,332.5084573
1291.902,332.4988451
1292.002,332.5084573
1292.102,332.5084573
1292.202,332.5276814
1292.302,332.5276814
1292.402,332.5084573
1292.502,332.5180694
1292.602,332.5084573
1292.702,332.5084573
1292.802,332.4988451
1292.902,332.5180694
1293.002,332.5084573
1293.102,332.5180694
1293.202,332.5084573
1293.302,332.5084573
1293.402,332.4988451
1293.502,332.5180694
1293.602,332.5084573
1293.702,332.4988451
1293.802,332.4988451
1293.902,332.4892329
1294.002,332.4988451
1294.102,332.4892329
1294.202,332.4892329
1294.302,332.4892329
1294.402,332.4700085
1294.502,332.4892329
1294.602,332.5180694
1294.702,332.5084573
1294.802,332.4892329
1294.902,332.4892329
1295.002,332.4796207
1295.102,332.4796207
1295.202,332.4892329
1295.302,332.4700085
1295.402,332.4796207
1295.502,332.4700085
1295.602,332.4892329
1295.702,332.4603962
1295.802,332.4796207
1295.902,332.4700085
1296.002,332.4700085
1296.102,332.4700085
1296.202,332.4796207
1296.302,332.4796207
1296.402,332.4700085
1296.502,332.4796207
1296.602,332.4700085
1296.702,332.4700085
1296.802,332.4700085
1296.902,332.4507838
1297.002,332.4603962
1297.102,332.4507838
1297.202,332.4603962
1297.302,332.4700085
1297.402,332.4507838
1297.502,332.4507838
1297.602,332.4603962
1297.702,332.4411714
1297.802,332.4411714
1297.902,332.4411714
1298.002,332.431559
1298.102,332.4507838
1298.202,332.431559
1298.302,332.4507838
1298.402,332.4700085
1298.502,332.4603962
1298.602,332.4411714
1298.702,332.431559
1298.802,332.4219466
1298.902,332.431559
1299.002,332.4507838
1299.102,332.4411714
1299.202,332.4507838
1299.302,332.4219466
1299.402,332.431559
1299.502,332.431559
1299.602,332.4219466
1299.702,332.431559
1299.802,332.4123341
1299.902,332.4027215
1300.002,332.4219466
1300.102,332.4123341
1300.202,332.3931089
1300.302,332.4123341
1300.402,332.4123341
1300.502,332.3931089
1300.602,332.4123341
1300.702,332.4027215
1300.802,332.3931089
1300.902,332.4123341
1301.002,332.3931089
1301.102,332.3738836
1301.202,332.3834963
1301.302,332.3931089
1301.402,332.4027215
1301.502,332.3931089
1301.602,332.3546582
1301.702,332.3642709
1301.802,332.3642709
1301.902,332.3738836
1302.002,332.3931089
1302.102,332.3931089
1302.202,332.3642709
1302.302,332.3738836
1302.402,332.3738836
1302.502,332.3642709
1302.602,332.3738836
1302.702,332.3738836
1302.802,332.3738836
1302.902,332.3738836
1303.002,332.3546582
1303.102,332.3738836
1303.202,332.3738836
1303.302,332.3642709
1303.402,332.3738836
1303.502,332.3450454
1303.602,332.3354326
1303.702,332.3546582
1303.802,332.3642709
1303.902,332.3546582
1304.002,332.3546582
1304.102,332.3642709
1304.202,332.3546582
1304.302,332.3642709
1304.402,332.3450454
1304.502,332.3354326
1304.602,332.3354326
1304.702,332.3162068
1304.802,332.3450454
1304.902,332.3546582
1305.002,332.3546582
1305.102,332.3354326
1305.202,332.3546582
1305.302,332.3162068
1305.402,332.3354326
1305.502,332.3162068
1305.602,332.3450454
1305.702,332.3450454
1305.802,332.3546582
1305.902,332.3354326
1306.002,332.3162068
1306.102,332.3258197
1306.202,332.3065939
1306.302,332.3354326
1306.402,332.3258197
1306.502,332.3258197
1306.602,332.3258197
1306.702,332.3546582
1306.802,332.3258197
1306.902,332.3258197
1307.002,332.3450454
1307.102,332.3162068
1307.202,332.3162068
1307.302,332.3162068
1307.402,332.3354326
1307.502,332.3546582
1307.602,332.3354326
1307.702,332.3258197
1307.802,332.3354326
1307.902,332.3162068
1308.002,332.3354326
1308.102,332.3354326
1308.202,332.3258197
1308.302,332.3162068
1308.402,332.3065939
1308.502,332.3065939
1308.602,332.3162068
1308.702,332.3354326
1308.802,332.3354326
1308.902,332.3258197
1309.002,332.3354326
1309.102,332.3354326
1309.202,332.3065939
1309.302,332.3450454
1309.402,332.3546582
1309.502,332.3450454
1309.602,332.3546582
1309.702,332.3354326
1309.802,332.3162068
1309.902,332.3354326
1310.002,332.3162068
1310.102,332.3258197
1310.202,332.3450454
1310.302,332.3354326
1310.402,332.3450454
1310.502,332.3354326
1310.602,332.3546582
1310.702,332.3354326
1310.802,332.3354326
1310.902,332.3354326
1311.002,332.3258197
1311.102,332.3162068
1311.202,332.3162068
1311.302,332.3258197
1311.402,332.3450454
1311.502,332.3354326
1311.602,332.3258197
1311.702,332.3065939
1311.802,332.3258197
1311.902,332.3354326
1312.002,332.3354326
1312.102,332.3162068
1312.202,332.3354326
1312.302,332.3162068
1312.402,332.3162068
1312.502,332.3354326
1312.602,332.3258197
1312.702,332.3065939
1312.802,332.3354326
1312.902,332.3354326
1313.002,332.3354326
1313.102,332.3065939
1313.202,332.2969809
1313.302,332.3258197
1313.402,332.3162068
1313.502,332.3162068
1313.602,332.3258197
1313.702,332.3162068
1313.802,332.3258197
1313.902,332.3162068
1314.002,332.2969809
1314.102,332.3162068
1314.202,332.3065939
1314.302,332.3065939
1314.402,332.3258197
1314.502,332.2969809
1314.602,332.3065939
1314.702,332.2969809
1314.802,332.3162068
1314.902,332.3162068
1315.002,332.2969809
1315.102,332.2969809
1315.202,332.3162068
1315.302,332.2873678
1315.402,332.2873678
1315.502,332.2873678
1315.602,332.2777548
1315.702,332.2777548
1315.802,332.2969809
1315.902,332.2969809
1316.002,332.2969809
1316.102,332.2969809
1316.202,332.3258197
1316.302,332.2969809
1316.402,332.3258197
1316.502,332.2873678
1316.602,332.2873678
1316.702,332.2777548
1316.802,332.2969809
1316.902,332.2969809
1317.002,332.2777548
1317.102,332.2969809
1317.202,332.2969809
1317.302,332.2777548
1317.402,332.2777548
1317.502,332.3065939
1317.602,332.2777548
1317.702,332.2969809
1317.802,332.2777548
1317.902,332.2873678
1318.002,332.2873678
1318.102,332.2585285
1318.202,332.2681417
1318.302,332.2681417
1318.402,332.2585285
1318.502,332.2681417
1318.602,332.2681417
1318.702,332.2681417
1318.802,332.2296888
1318.902,332.2585285
1319.002,332.2777548
1319.102,332.2585285
1319.202,332.2585285
1319.302,332.2681417
1319.402,332.2681417
1319.502,332.2585285
1319.602,332.2585285
1319.702,332.2489153
1319.802,332.2873678
1319.902,332.2489153
1320.002,332.2200755
1320.102,332.2393021
1320.202,332.2489153
1320.302,332.2489153
1320.402,332.2393021
1320.502,332.2393021
1320.602,332.2296888
1320.702,332.2681417
1320.802,332.2393021
1320.902,332.2489153
1321.002,332.2585285
1321.102,332.2489153
1321.202,332.2393021
1321.302,332.2681417
1321.402,332.2489153
1321.502,332.2104622
1321.602,332.2489153
1321.702,332.2296888
1321.802,332.2296888
1321.902,332.2104622
1322.002,332.2489153
1322.102,332.2585285
1322.202,332.2393021
1322.302,332.2585285
1322.402,332.2393021
1322.502,332.2200755
1322.602,332.2200755
1322.702,332.2393021
1322.802,332.2200755
1322.902,332.2393021
1323.002,332.2104622
1323.102,332.2008488
1323.202,332.2104622
1323.302,332.2200755
1323.402,332.2393021
1323.502,332.2008488
1323.602,332.2296888
1323.702,332.2104622
1323.802,332.2296888
1323.902,332.2200755
1324.002,332.2200755
1324.102,332.2200755
1324.202,332.2008488
1324.302,332.2200755
1324.402,332.2489153
1324.502,332.2008488
1324.602,332.2008488
1324.702,332.2200755
1324.802,332.2296888
1324.902,332.2104622
1325.002,332.1912353
1325.102,332.2008488
1325.202,332.2200755
1325.302,332.2008488
1325.402,332.2200755
1325.502,332.1912353
1325.602,332.2008488
1325.702,332.1912353
1325.802,332.1720083
1325.902,332.2008488
1326.002,332.2200755
1326.102,332.1912353
1326.202,332.2008488
1326.302,332.2008488
1326.402,332.1816218
1326.502,332.1912353
1326.602,332.1912353
1326.702,332.1912353
1326.802,332.1816218
1326.902,332.1912353
1327.002,332.1816218
1327.102,332.1912353
1327.202,332.1720083
1327.302,332.1720083
1327.402,332.2008488
1327.502,332.1912353
1327.602,332.1431675
1327.702,332.1816218
1327.802,332.1623948
1327.902,332.1816218
1328.002,332.1816218
1328.102,332.1816218
1328.202,332.1623948
1328.302,332.1527812
1328.402,332.1527812
1328.502,332.1720083
1328.602,332.1720083
1328.702,332.1527812
1328.802,332.1720083
1328.902,332.1816218
1329.002,332.1431675
1329.102,332.1720083
1329.202,332.1527812
1329.302,332.1335538
1329.402,332.1623948
1329.502,332.1816218
1329.602,332.1527812
1329.702,332.1431675
1329.802,332.1431675
1329.902,332.1431675
1330.002,332.1239401
1330.102,332.1623948
1330.202,332.1431675
1330.302,332.1335538
1330.402,332.1527812
1330.502,332.1431675
1330.602,332.1335538
1330.702,332.1623948
1330.802,332.1431675
1330.902,332.1527812
1331.002,332.1239401
1331.102,332.1143264
1331.202,332.1239401
1331.302,332.1431675
1331.402,332.1335538
1331.502,332.1239401
1331.602,332.1239401
1331.702,332.1239401
1331.802,332.1335538
1331.902,332.1431675
1332.002,332.1143264
1332.102,332.1335538
1332.202,332.1335538
1332.302,332.1335538
1332.402,332.1143264
1332.502,332.1143264
1332.602,332.1239401
1332.702,332.1143264
1332.802,332.1527812
1332.902,332.1239401
1333.002,332.1431675
1333.102,332.1143264
1333.202,332.1431675
1333.302,332.1239401
1333.402,332.1047126
1333.502,332.1047126
1333.602,332.1239401
1333.702,332.1047126
1333.802,332.1239401
1333.902,332.1143264
1334.002,332.0854848
1334.102,332.0950987
1334.202,332.0950987
1334.302,332.1143264
1334.402,332.0854848
1334.502,332.1047126
1334.602,332.0758709
1334.702,332.1047126
1334.802,332.0854848
1334.902,332.0950987
1335.002,332.0854848
1335.102,332.0758709
1335.202,332.1047126
1335.302,332.0854848
1335.402,332.1143264
1335.502,332.0854848
1335.602,332.0854848
1335.702,332.0758709
1335.802,332.0854848
1335.902,332.0854848
1336.002,332.1047126
1336.102,332.0470289
1336.202,332.0854848
1336.302,332.0758709
1336.402,332.0470289
1336.502,332.0566429
1336.602,332.0758709
1336.702,332.0854848
1336.802,332.0662569
1336.902,332.0662569
1337.002,332.0758709
1337.102,332.0758709
1337.202,332.0662569
1337.302,332.0662569
1337.402,332.0566429
1337.502,332.0662569
1337.602,332.0854848
1337.702,332.0662569
1337.802,332.0470289
1337.902,332.0758709
1338.002,332.0470289
1338.102,332.0470289
1338.202,332.0181864
1338.302,332.0278006
1338.402,332.0470289
1338.502,332.0566429
1338.602,332.0854848
1338.702,332.0470289
1338.802,332.0470289
1338.902,332.0470289
1339.002,332.0374148
1339.102,332.0278006
1339.202,332.0085722
1339.302,332.0278006
1339.402,332.0181864
1339.502,332.0374148
1339.602,332.0470289
1339.702,332.0470289
1339.802,332.0470289
1339.902,332.0278006
1340.002,332.0278006
1340.102,331.998958
1340.202,332.0278006
1340.302,332.0278006
1340.402,332.0278006
1340.502,332.0374148
1340.602,332.0374148
1340.702,332.0085722
1340.802,331.998958
1340.902,332.0278006
1341.002,332.0181864
1341.102,332.0278006
1341.202,331.998958
1341.302,332.0181864
1341.402,331.998958
1341.502,332.0181864
1341.602,332.0181864
1341.702,332.0085722
1341.802,331.998958
1341.902,332.0085722
1342.002,331.998958
1342.102,331.998958
1342.202,332.0181864
1342.302,331.9893437
1342.402,332.0085722
1342.502,332.0085722
1342.602,332.0085722
1342.702,331.9893437
1342.802,332.0181864
1342.902,332.0085722
1343.002,331.998958
1343.102,331.9893437
1343.202,331.998958
1343.302,331.9893437
1343.402,331.998958
1343.502,332.0085722
1343.602,331.9893437
1343.702,331.9701149
1343.802,331.9797293
1343.902,331.998958
1344.002,331.998958
1344.102,331.9605005
1344.202,331.9701149
1344.302,331.9797293
1344.402,331.9797293
1344.502,331.9701149
1344.602,331.9508861
1344.702,331.9701149
1344.802,331.9701149
1344.902,331.9701149
1345.002,331.9701149
1345.102,331.9701149
1345.202,331.9701149
1345.302,331.9701149
1345.402,331.9701149
1345.502,331.9605005
1345.602,331.9701149
1345.702,331.9605005
1345.802,331.9605005
1345.902,331.9605005
1346.002,331.9412715
1346.102,331.9124278
1346.202,331.9701149
1346.302,331.9605005
1346.402,331.9605005
1346.502,331.931657
1346.602,331.9508861
1346.702,331.931657
1346.802,331.931657
1346.902,331.9508861
1347.002,331.9412715
1347.102,331.931657
1347.202,331.9412715
1347.302,331.931657
1347.402,331.9508861
1347.502,331.9412715
1347.602,331.9220424
1347.702,331.9508861
1347.802,331.931657
1347.902,331.9220424
1348.002,331.931657
1348.102,331.9412715
1348.202,331.9124278
1348.302,331.931657
1348.402,331.931657
1348.502,331.9124278
1348.602,331.9124278
1348.702,331.9028131
1348.802,331.9220424
1348.902,331.9124278
1349.002,331.931657
1349.102,331.8931984
1349.202,331.9124278
1349.302,331.9124278
1349.402,331.9028131
1349.502,331.8931984
1349.602,331.931657
1349.702,331.8931984
1349.802,331.8835836
1349.902,331.9124278
1350.002,331.9028131
1350.102,331.9028131
1350.202,331.8931984
1350.302,331.8931984
1350.402,331.8835836
1350.502,331.8931984
1350.602,331.8931984
1350.702,331.8931984
1350.802,331.864354
1350.902,331.9028131
1351.002,331.8931984
1351.102,331.8739688
1351.202,331.8931984
1351.302,331.864354
1351.402,331.8739688
1351.502,331.864354
1351.602,331.8739688
1351.702,331.8739688
1351.802,331.8835836
1351.902,331.8835836
1352.002,331.8835836
1352.102,331.864354
1352.202,331.8835836
1352.302,331.8739688
1352.402,331.864354
1352.502,331.8547391
1352.602,331.864354
1352.702,331.8547391
1352.802,331.8547391
1352.902,331.8739688
1353.002,331.864354
1353.102,331.8451242
1353.202,331.8739688
1353.302,331.8739688
1353.402,331.8162791
1353.502,331.8547391
1353.602,331.864354
1353.702,331.8162791
1353.802,331.8547391
1353.902,331.8451242
1354.002,331.8355092
1354.102,331.8355092
1354.202,331.8355092
1354.302,331.8355092
1354.402,331.8258942
1354.502,331.8355092
1354.602,331.8355092
1354.702,331.8451242
1354.802,331.8258942
1354.902,331.8258942
1355.002,331.8258942
1355.102,331.8451242
1355.202,331.8355092
1355.302,331.8258942
1355.402,331.8258942
1355.502,331.8258942
1355.602,331.8355092
1355.702,331.8355092
1355.802,331.7970489
1355.902,331.8162791
1356.002,331.806664
1356.102,331.8258942
1356.202,331.8162791
1356.302,331.8162791
1356.402,331.8162791
1356.502,331.806664
1356.602,331.7874337
1356.702,331.8162791
1356.802,331.8162791
1356.902,331.7970489
1357.002,331.806664
1357.102,331.7970489
1357.202,331.7778185
1357.302,331.806664
1357.402,331.758588
1357.502,331.7970489
1357.602,331.7874337
1357.702,331.758588
1357.802,331.806664
1357.902,331.7874337
1358.002,331.7778185
1358.102,331.7970489
1358.202,331.7778185
1358.302,331.7682033
1358.402,331.7682033
1358.502,331.7682033
1358.602,331.7778185
1358.702,331.7970489
1358.802,331.7682033
1358.902,331.7682033
1359.002,331.7489726
1359.102,331.7682033
1359.202,331.7682033
1359.302,331.7682033
1359.402,331.7682033
1359.502,331.7297418
1359.602,331.7489726
1359.702,331.7489726
1359.802,331.7682033
1359.902,331.7297418
1360.002,331.758588
1360.102,331.7489726
1360.202,331.7489726
1360.302,331.7297418
1360.402,331.7682033
1360.502,331.7393572
1360.602,331.7297418
1360.702,331.758588
1360.802,331.7297418
1360.902,331.7393572
1361.002,331.7393572
1361.102,331.7201263
1361.202,331.7297418
1361.302,331.7393572
1361.402,331.7489726
1361.502,331.7393572
1361.602,331.7105108
1361.702,331.7297418
1361.802,331.7393572
1361.902,331.7201263
1362.002,331.7201263
1362.102,331.7201263
1362.202,331.7489726
1362.302,331.7201263
1362.402,331.7008953
1362.502,331.7201263
1362.602,331.7008953
1362.702,331.7201263
1362.802,331.7201263
1362.902,331.7201263
1363.002,331.7201263
1363.102,331.7201263
1363.202,331.7297418
1363.302,331.7105108
1363.402,331.7008953
1363.502,331.7008953
1363.602,331.7201263
1363.702,331.7201263
1363.802,331.7105108
1363.902,331.6912797
1364.002,331.7008953
1364.102,331.7201263
1364.202,331.7105108
1364.302,331.7008953
1364.402,331.7297418
1364.502,331.7393572
1364.602,331.6912797
1364.702,331.6912797
1364.802,331.681664
1364.902,331.6912797
1365.002,331.7008953
1365.102,331.7105108
1365.202,331.6912797
1365.302,331.7008953
1365.402,331.7201263
1365.502,331.7008953
1365.602,331.681664
1365.702,331.6912797
1365.802,331.681664
1365.902,331.6912797
1366.002,331.6720483
1366.102,331.6720483
1366.202,331.681664
1366.302,331.681664
1366.402,331.681664
1366.502,331.6624326
1366.602,331.6720483
1366.702,331.681664
1366.802,331.6528168
1366.902,331.6720483
1367.002,331.6624326
1367.102,331.6528168
1367.202,331.6912797
1367.302,331.643201
1367.402,331.6624326
1367.502,331.643201
1367.602,331.643201
1367.702,331.6528168
1367.802,331.681664
1367.902,331.6239693
1368.002,331.643201
1368.102,331.6528168
1368.202,331.6528168
1368.302,331.6528168
1368.402,331.6143534
1368.502,331.6624326
1368.602,331.643201
1368.702,331.6528168
1368.802,331.643201
1368.902,331.6624326
1369.002,331.681664
1369.102,331.6528168
1369.202,331.643201
1369.302,331.6624326
1369.402,331.6335852
1369.502,331.643201
1369.602,331.6335852
1369.702,331.6335852
1369.802,331.6624326
1369.902,331.6528168
1370.002,331.6335852
1370.102,331.6335852
1370.202,331.6143534
1370.302,331.6335852
1370.402,331.6239693
1370.502,331.643201
1370.602,331.6239693
1370.702,331.643201
1370.802,331.643201
1370.902,331.6047374
1371.002,331.6143534
1371.102,331.5951214
1371.202,331.6239693
1371.302,331.6143534
1371.402,331.6239693
1371.502,331.6143534
1371.602,331.6047374
1371.702,331.643201
1371.802,331.6143534
1371.902,331.6143534
1372.002,331.6143534
1372.102,331.5855053
1372.202,331.6143534
1372.302,331.6143534
1372.402,331.6239693
1372.502,331.6047374
1372.602,331.6047374
1372.702,331.6335852
1372.802,331.6047374
1372.902,331.6047374
1373.002,331.6143534
1373.102,331.6239693
1373.202,331.6143534
1373.302,331.5855053
1373.402,331.643201
1373.502,331.5951214
1373.602,331.5758892
1373.702,331.5951214
1373.802,331.5951214
1373.902,331.5951214
1374.002,331.5855053
1374.102,331.5855053
1374.202,331.5951214
1374.302,331.5855053
1374.402,331.5855053
1374.502,331.5758892
1374.602,331.566273
1374.702,331.5758892
1374.802,331.566273
1374.902,331.5855053
1375.002,331.5758892
1375.102,331.5470406
1375.202,331.5855053
1375.302,331.566273
1375.402,331.566273
1375.502,331.566273
1375.602,331.566273
1375.702,331.566273
1375.802,331.5470406
1375.902,331.566273
1376.002,331.5758892
1376.102,331.5470406
1376.202,331.566273
1376.302,331.5374243
1376.402,331.5566568
1376.502,331.5470406
1376.602,331.566273
1376.702,331.5374243
1376.802,331.5374243
1376.902,331.5470406
1377.002,331.566273
1377.102,331.5085753
1377.202,331.5374243
1377.302,331.5470406
1377.402,331.5181917
1377.502,331.527808
1377.602,331.527808
1377.702,331.5085753
1377.802,331.5181917
1377.902,331.5181917
1378.002,331.527808
1378.102,331.5374243
1378.202,331.527808
1378.302,331.5085753
1378.402,331.5374243
1378.502,331.5374243
1378.602,331.5085753
1378.702,331.5181917
1378.802,331.5085753
1378.902,331.5181917
1379.002,331.5181917
1379.102,331.4893423
1379.202,331.5181917
1379.302,331.4989588
1379.402,331.4989588
1379.502,331.5181917
1379.602,331.4989588
1379.702,331.4893423
1379.802,331.4797258
1379.902,331.4893423
1380.002,331.5085753
1380.102,331.4989588
1380.202,331.4893423
1380.302,331.5085753
1380.402,331.4989588
1380.502,331.4989588
1380.602,331.4989588
1380.702,331.4989588
1380.802,331.4893423
1380.902,331.4989588
1381.002,331.4893423
1381.102,331.4893423
1381.202,331.4797258
1381.302,331.4604926
1381.402,331.4701092
1381.502,331.5085753
1381.602,331.4893423
1381.702,331.4893423
1381.802,331.4893423
1381.902,331.5470406
1382.002,331.4701092
1382.102,331.4797258
1382.202,331.4893423
1382.302,331.4604926
1382.402,331.4412592
1382.502,331.566273
1382.602,331.4797258
1382.702,331.4797258
1382.802,331.4508759
1382.902,331.4604926
1383.002,331.4893423
1383.102,331.4701092
1383.202,331.4604926
1383.302,331.4604926
1383.402,331.4604926
1383.502,331.4508759
1383.602,331.4701092
1383.702,331.4604926
1383.802,331.4508759
1383.902,331.4508759
1384.002,331.4604926
1384.102,331.4412592
1384.202,331.4412592
1384.302,331.4316425
1384.402,331.4893423
1384.502,331.4701092
1384.602,331.4220257
1384.702,331.4508759
1384.802,331.4316425
1384.902,331.4316425
1385.002,331.4220257
1385.102,331.4124089
1385.202,331.402792
1385.302,331.4124089
1385.402,331.4220257
1385.502,331.3931751
1385.602,331.3931751
1385.702,331.4124089
1385.802,331.3931751
1385.902,331.3931751
1386.002,331.3931751
1386.102,331.3835581
1386.202,331.3739411
1386.302,331.3931751
1386.402,331.3643241
1386.502,331.3931751
1386.602,331.3739411
1386.702,331.3739411
1386.802,331.354707
1386.902,331.3643241
1387.002,331.354707
1387.102,331.3739411
1387.202,331.3354727
1387.302,331.354707
1387.402,331.354707
1387.502,331.3354727
1387.602,331.3354727
1387.702,331.354707
1387.802,331.3258554
1387.902,331.3258554
1388.002,331.3162382
1388.102,331.3162382
1388.202,331.3066209
1388.302,331.3066209
1388.402,331.2681512
1388.502,331.2970035
1388.602,331.2873861
1388.702,331.2970035
1388.802,331.2681512
1388.902,331.2970035
1389.002,331.2970035
1389.102,331.2681512
1389.202,331.2681512
1389.302,331.2873861
1389.402,331.2777687
1389.502,331.2585337
1389.602,331.2681512
1389.702,331.2681512
1389.802,331.2489161
1389.902,331.2681512
1390.002,331.2392985
1390.102,331.2681512
1390.202,331.2296809
1390.302,331.2392985
1390.402,331.2585337
1390.502,331.2392985
1390.602,331.2200632
1390.702,331.2392985
1390.802,331.2200632
1390.902,331.2392985
1391.002,331.2200632
1391.102,331.2392985
1391.202,331.2104454
1391.302,331.2104454
1391.402,331.1912098
1391.502,331.2104454
1391.602,331.2104454
1391.702,331.1912098
1391.802,331.2200632
1391.902,331.1912098
1392.002,331.181592
1392.102,331.171974
1392.202,331.181592
1392.302,331.1623561
1392.402,331.171974
1392.502,331.171974
1392.602,331.1527381
1392.702,331.1912098
1392.802,331.171974
1392.902,331.1527381
1393.002,331.1431201
1393.102,331.133502
1393.202,331.1623561
1393.302,331.1431201
1393.402,331.1527381
1393.502,331.1623561
1393.602,331.1431201
1393.702,331.1142657
1393.802,331.1238838
1393.902,331.1623561
1394.002,331.1431201
1394.102,331.1046474
1394.202,331.133502
1394.302,331.0854109
1394.402,331.1046474
1394.502,331.1238838
1394.602,331.1046474
1394.702,331.0854109
1394.802,331.1046474
1394.902,331.1046474
1395.002,331.1238838
1395.102,331.0854109
1395.202,331.1046474
1395.302,331.0854109
1395.402,331.0757925
1395.502,331.0757925
1395.602,331.0854109
1395.702,331.0854109
1395.802,331.0854109
1395.902,331.0854109
1396.002,331.0854109
1396.102,331.0565557
1396.202,331.0469372
1396.302,331.0854109
1396.402,331.0661741
1396.502,331.0469372
1396.602,331.0277001
1396.702,331.0469372
1396.802,331.0469372
1396.902,331.0469372
1397.002,331.0084629
1397.102,331.0469372
1397.202,331.0084629
1397.302,331.0373187
1397.402,331.0084629
1397.502,330.9892254
1397.602,330.9988442
1397.702,330.9892254
1397.802,330.9892254
1397.902,330.9988442
1398.002,330.9699878
1398.102,330.9699878
1398.202,330.9796066
1398.302,330.9796066
1398.402,330.9699878
1398.502,330.95075
1398.602,330.9603689
1398.702,330.941131
1398.802,330.95075
1398.902,330.941131
1399.002,330.9603689
1399.102,330.921893
1399.202,330.921893
1399.302,330.921893
1399.402,330.9026547
1399.502,330.873797
1399.602,330.9026547
1399.702,330.9026547
1399.802,330.873797
1399.902,330.8930355
1400.002,330.8834163
1400.102,330.873797
1400.202,330.8641777
1400.302,330.8545584
1400.402,330.844939
1400.502,330.844939
1400.602,330.8353195
1400.702,330.8160805
1400.802,330.8160805
1400.902,330.8353195
1401.002,330.8257
1401.102,330.8160805
1401.202,330.8257
1401.302,330.8160805
1401.402,330.7872216
1401.502,330.8064609
1401.602,330.7776019
1401.702,330.7872216
1401.802,330.7968413
1401.902,330.7776019
1402.002,330.7968413
1402.102,330.7679821
1402.202,330.7487424
1402.302,330.7583623
1402.402,330.7583623
1402.502,330.7198826
1402.602,330.7583623
1402.702,330.7391225
1402.802,330.7391225
1402.902,330.7295026
1403.002,330.7006425
1403.102,330.7295026
1403.202,330.7295026
1403.302,330.7391225
1403.402,330.7198826
1403.502,330.7295026
1403.602,330.6910224
1403.702,330.7198826
1403.802,330.7198826
1403.902,330.7198826
1404.002,330.7006425
1404.102,330.7006425
1404.202,330.6621618
1404.302,330.6910224
1404.402,330.6814022
1404.502,330.6814022
1404.602,330.6814022
1404.702,330.6621618
1404.802,330.6525415
1404.902,330.6525415
1405.002,330.6429211
1405.102,330.6621618
1405.202,330.6621618
1405.302,330.6333007
1405.402,330.6333007
1405.502,330.6333007
1405.602,330.6140598
1405.702,330.6236803
1405.802,330.5851981
1405.902,330.6333007
1406.002,330.6044393
1406.102,330.6044393
1406.202,330.5948187
1406.302,330.5755774
1406.402,330.5851981
1406.502,330.6044393
1406.602,330.5948187
1406.702,330.5370944
1406.802,330.556336
1406.902,330.5755774
1407.002,330.5659567
1407.102,330.5659567
1407.202,330.5755774
1407.302,330.556336
1407.402,330.5274735
1407.502,330.5274735
1407.602,330.5274735
1407.702,330.5274735
1407.802,330.556336
1407.902,330.5178525
1408.002,330.4986106
1408.102,330.5082316
1408.202,330.5082316
1408.302,330.4986106
1408.402,330.5082316
1408.502,330.4793684
1408.602,330.4889895
1408.702,330.4697472
1408.802,330.4986106
1408.902,330.4697472
1409.002,330.4408835
1409.102,330.4697472
1409.202,330.460126
1409.302,330.460126
1409.402,330.460126
1409.502,330.4408835
1409.602,330.4312621
1409.702,330.4216408
1409.802,330.4505048
1409.902,330.4312621
1410.002,330.4023979
1410.102,330.4120193
1410.202,330.4120193
1410.302,330.4216408
1410.402,330.4216408
1410.502,330.4023979
1410.602,330.3927763
1410.702,330.3927763
1410.802,330.3831548
1410.902,330.4120193
1411.002,330.3735332
1411.102,330.4023979
1411.202,330.3639115
1411.302,330.3639115
1411.402,330.3639115
1411.502,330.3542898
1411.602,330.3446681
1411.702,330.3158025
1411.802,330.3446681
1411.902,330.3158025
1412.002,330.3350463
1412.102,330.3158025
1412.202,330.3061806
1412.302,330.3350463
1412.402,330.3350463
1412.502,330.3158025
1412.602,330.3061806
1412.702,330.3254244
1412.802,330.2869366
1412.902,330.2773145
1413.002,330.2773145
1413.102,330.2773145
1413.202,330.2773145
1413.302,330.2676924
1413.402,330.2484481
1413.502,330.2484481
1413.602,330.2484481
1413.702,330.2484481
1413.802,330.2195812
1413.902,330.2195812
1414.002,330.2195812
1414.102,330.2388258
1414.202,330.2195812
1414.302,330.2292035
1414.402,330.2003364
1414.502,330.2292035
1414.602,330.2003364
1414.702,330.2003364
1414.802,330.1810913
1414.902,330.1810913
1415.002,330.1907139
1415.102,330.1522235
1415.202,330.1618462
1415.302,330.1810913
1415.402,330.1522235
1415.502,330.1426008
1415.602,330.1618462
1415.702,330.1233552
1415.802,330.132978
1415.902,330.1233552
1416.002,330.1137324
1416.102,330.1233552
1416.202,330.1137324
1416.302,330.1041095
1416.402,330.1041095
1416.502,330.1137324
1416.602,330.1137324
1416.702,330.0848635
1416.802,330.0752405
1416.902,330.0848635
1417.002,330.1041095
1417.102,330.0848635
1417.202,330.0752405
1417.302,330.0656174
1417.402,330.0656174
1417.502,330.0656174
1417.602,330.0559943
1417.702,330.0559943
1417.802,330.0271246
1417.902,330.0463711
1418.002,330.0463711
1418.102,330.0463711
1418.202,330.0367479
1418.302,330.0463711
1418.402,330.0367479
1418.502,330.0271246
1418.602,330.0271246
1418.702,330.0175013
1418.802,330.007878
1418.902,330.0271246
1419.002,330.0175013
1419.102,330.0367479
1419.202,329.9982546
1419.302,330.0175013
1419.402,329.9886311
1419.502,330.0175013
1419.602,330.0367479
1419.702,329.9982546
1419.802,329.9886311
1419.902,330.0271246
1420.002,330.007878
1420.102,330.007878
1420.202,329.9886311
1420.302,329.9982546
1420.402,329.9886311
1420.502,329.9982546
1420.602,329.9886311
1420.702,330.007878
1420.802,329.9790076
1420.902,329.9693841
1421.002,329.9693841
1421.102,329.9886311
1421.202,329.9886311
1421.302,329.9597605
1421.402,329.9597605
1421.502,329.9693841
1421.602,329.9405131
1421.702,329.9501368
1421.802,329.9308894
1421.902,329.9597605
1422.002,329.9308894
1422.102,329.9308894
1422.202,329.9501368
1422.302,329.9501368
1422.402,329.9308894
1422.502,329.9212656
1422.602,329.9116418
1422.702,329.9308894
1422.802,329.9116418
1422.902,329.9405131
1423.002,329.9212656
1423.102,329.892394
1423.202,329.892394
1423.302,329.88277
1423.402,329.892394
1423.502,329.873146
1423.602,329.873146
1423.702,329.892394
1423.802,329.873146
1423.902,329.88277
1424.002,329.863522
1424.102,329.88277
1424.202,329.863522
1424.302,329.8538979
1424.402,329.8538979
1424.502,329.8442737
1424.602,329.873146
1424.702,329.8538979
1424.802,329.8538979
1424.902,329.8442737
1425.002,329.8442737
1425.102,329.8346495
1425.202,329.8346495
1425.302,329.8250253
1425.402,329.8346495
1425.502,329.8250253
1425.602,329.815401
1425.702,329.8346495
1425.802,329.7961522
1425.902,329.8250253
1426.002,329.8057766
1426.102,329.8057766
1426.202,329.815401
1426.302,329.7961522
1426.402,329.7769033
1426.502,329.7961522
1426.602,329.7865278
1426.702,329.7865278
1426.802,329.7769033
1426.902,329.7672788
1427.002,329.7769033
1427.102,329.7865278
1427.202,329.7672788
1427.302,329.7672788
1427.402,329.7576542
1427.502,329.7672788
1427.602,329.7384049
1427.702,329.7576542
1427.802,329.7287802
1427.902,329.7576542
1428.002,329.7480296
1428.102,329.7480296
1428.202,329.7576542
1428.302,329.7384049
1428.402,329.7191554
1428.502,329.7191554
1428.602,329.7095306
1428.702,329.7095306
1428.802,329.7191554
1428.902,329.7095306
1429.002,329.7191554
1429.102,329.6999058
1429.202,329.6999058
1429.302,329.6806559
1429.402,329.7095306
1429.502,329.6902809
1429.602,329.6710309
1429.702,329.7095306
1429.802,329.6902809
1429.902,329.6902809
1430.002,329.6902809
1430.102,329.6710309
1430.202,329.6902809
1430.302,329.6614058
1430.402,329.6517808
1430.502,329.6517808
1430.602,329.6421556
1430.702,329.6421556
1430.802,329.6325304
1430.902,329.6421556
1431.002,329.6421556
1431.102,329.6614058
1431.202,329.6421556
1431.302,329.6517808
1431.402,329.6229052
1431.502,329.6421556
1431.602,329.6517808
1431.702,329.6132799
1431.802,329.6229052
1431.902,329.6132799
1432.002,329.6132799
1432.102,329.5940292
1432.202,329.5940292
1432.302,329.5940292
1432.402,329.6132799
1432.502,329.6229052
1432.602,329.5844037
1432.702,329.5844037
1432.802,329.5844037
1432.902,329.6132799
1433.002,329.6036546
1433.102,329.5940292
1433.202,329.6229052
1433.302,329.5844037
1433.402,329.5844037
1433.502,329.5940292
1433.602,329.5844037
1433.702,329.5940292
1433.802,329.5844037
1433.902,329.5747783
1434.002,329.5362759
1434.102,329.5747783
1434.202,329.5555272
1434.302,329.5651527
1434.402,329.5651527
1434.502,329.5747783
1434.602,329.5651527
1434.702,329.5555272
1434.802,329.5362759
1434.902,329.5555272
1435.002,329.5266502
1435.102,329.5266502
1435.202,329.5459016
1435.302,329.5266502
1435.402,329.5266502
1435.502,329.5362759
1435.602,329.5266502
1435.702,329.5266502
1435.802,329.5073986
1435.902,329.5073986
1436.002,329.5073986
1436.102,329.4977727
1436.202,329.5073986
1436.302,329.5073986
1436.402,329.4881468
1436.502,329.4881468
1436.602,329.4785209
1436.702,329.4881468
1436.802,329.4881468
1436.902,329.4881468
1437.002,329.4592688
1437.102,329.4785209
1437.202,329.4592688
1437.302,329.4688949
1437.402,329.4496427
1437.502,329.4303904
1437.602,329.4496427
1437.702,329.4207641
1437.802,329.4303904
1437.902,329.4207641
1438.002,329.4111379
1438.102,329.4111379
1438.202,329.3918851
1438.302,329.4111379
1438.402,329.3726322
1438.502,329.3822587
1438.602,329.3822587
1438.702,329.3918851
1438.802,329.3726322
1438.902,329.3726322
1439.002,329.3533791
1439.102,329.3341258
1439.202,329.3533791
1439.302,329.3341258
1439.402,329.3630057
1439.502,329.3437525
1439.602,329.3148723
1439.702,329.3437525
1439.802,329.3341258
1439.902,329.3244991
1440.002,329.3341258
1440.102,329.3341258
1440.202,329.3148723
1440.302,329.2956186
1440.402,329.3148723
1440.502,329.2763647
1440.602,329.2956186
1440.702,329.2763647
1440.802,329.2571107
1440.902,329.2763647
1441.002,329.2571107
1441.102,329.2859917
1441.202,329.2667377
1441.302,329.2667377
1441.402,329.2378564
1441.502,329.2474836
1441.602,329.2571107
1441.702,329.2282292
1441.802,329.2571107
1441.902,329.2474836
1442.002,329.2186019
1442.102,329.2378564
1442.202,329.2186019
1442.302,329.2282292
1442.402,329.1993473
1442.502,329.1993473
1442.602,329.2186019
1442.702,329.1897199
1442.802,329.2089746
1442.902,329.1800924
1443.002,329.2089746
1443.102,329.2186019
1443.202,329.1608374
1443.302,329.1800924
1443.402,329.1897199
1443.502,329.1608374
1443.602,329.1512098
1443.702,329.1608374
1443.802,329.1704649
1443.902,329.1415822
1444.002,329.1415822
1444.102,329.1512098
1444.202,329.1512098
1444.302,329.1415822
1444.402,329.1415822
1444.502,329.1415822
1444.602,329.1319545
1444.702,329.1223267
1444.802,329.1415822
1444.902,329.1126989
1445.002,329.1030711
1445.102,329.0934432
1445.202,329.1126989
1445.302,329.0934432
1445.402,329.0838153
1445.502,329.1030711
1445.602,329.0741873
1445.702,329.0645593
1445.802,329.045303
1445.902,329.045303
1446.002,329.045303
1446.102,329.0356749
1446.202,329.0549312
1446.302,329.045303
1446.402,329.045303
1446.502,329.0356749
1446.602,329.0164184
1446.702,329.045303
1446.802,329.0260466
1446.902,329.00679
1447.002,329.0260466
1447.102,329.0356749
1447.202,329.0164184
1447.302,328.9971617
1447.402,328.9971617
1447.502,329.00679
1447.602,328.949019
1447.702,328.9875332
1447.802,328.9875332
1447.902,328.9682762
1448.002,328.9682762
1448.102,328.9682762
1448.202,328.9586477
1448.302,328.9586477
1448.402,328.949019
1448.502,328.9393904
1448.602,328.9875332
1448.702,328.9586477
1448.802,328.949019
1448.902,328.9201329
1449.002,328.9201329
1449.102,328.9393904
1449.202,328.949019
1449.302,328.9201329
1449.402,328.9201329
1449.502,328.9105041
1449.602,328.9008752
1449.702,328.8912463
1449.802,328.8912463
1449.902,328.8912463
1450.002,328.8719883
1450.102,328.8912463
1450.202,328.8912463
1450.302,328.8816173
1450.402,328.8912463
1450.502,328.8912463
1450.602,328.8719883
1450.702,328.8623592
1450.802,328.8334717
1450.902,328.8527301
1451.002,328.8527301
1451.102,328.8334717
1451.202,328.8527301
1451.302,328.8431009
1451.402,328.8334717
1451.502,328.8334717
1451.602,328.8142132
1451.702,328.8142132
1451.802,328.8142132
1451.902,328.8045838
1452.002,328.7949544
1452.102,328.7949544
1452.202,328.7949544
1452.302,328.7949544
1452.402,328.7756954
1452.502,328.7660659
1452.602,328.7853249
1452.702,328.7660659
1452.802,328.7660659
1452.902,328.7564362
1453.002,328.7660659
1453.102,328.7564362
1453.202,328.7468066
1453.302,328.7564362
1453.402,328.7275471
1453.502,328.7371769
1453.602,328.7468066
1453.702,328.7275471
1453.802,328.7371769
1453.902,328.7179173
1454.002,328.6890276
1454.102,328.7179173
1454.202,328.6986575
1454.302,328.6986575
1454.402,328.6793976
1454.502,328.6601374
1454.602,328.6697675
1454.702,328.6793976
1454.802,328.6697675
1454.902,328.6697675
1455.002,328.6697675
1455.102,328.6697675
1455.202,328.6601374
1455.302,328.640877
1455.402,328.6601374
1455.502,328.6023557
1455.602,328.6505072
1455.702,328.640877
1455.802,328.6216165
1455.902,328.6216165
1456.002,328.6023557
1456.102,328.6023557
1456.202,328.5927253
1456.302,328.5927253
1456.402,328.6023557
1456.502,328.5830947
1456.602,328.5830947
1456.702,328.5734642
1456.802,328.6023557
1456.902,328.5542029
1457.002,328.5734642
1457.102,328.5927253
1457.202,328.5734642
1457.302,328.5542029
1457.402,328.5445722
1457.502,328.5445722
1457.602,328.5542029
1457.702,328.5445722
1457.802,328.5349415
1457.902,328.5253106
1458.002,328.5253106
1458.102,328.5156798
1458.202,328.5156798
1458.302,328.4964179
1458.402,328.5253106
1458.502,328.5156798
1458.602,328.4964179
1458.702,328.4964179
1458.802,328.5060489
1458.902,328.4867869
1459.002,328.5156798
1459.102,328.4867869
1459.202,328.4964179
1459.302,328.4771558
1459.402,328.4771558
1459.502,328.4675247
1459.602,328.4771558
1459.702,328.4675247
1459.802,328.4675247
1459.902,328.4578936
1460.002,328.4578936
1460.102,328.4482624
1460.202,328.4482624
1460.302,328.4386311
1460.402,328.4578936
1460.502,328.4482624
1460.602,328.4193684
1460.702,328.4386311
1460.802,328.4482624
1460.902,328.4482624
1461.002,328.4289998
1461.102,328.4001055
1461.202,328.4289998
1461.302,328.4289998
1461.402,328.4193684
1461.502,328.4578936
1461.602,328.4193684
1461.702,328.4386311
1461.802,328.409737
1461.902,328.4289998
1462.002,328.4193684
1462.102,328.4193684
1462.202,328.3808425
1462.302,328.390474
1462.402,328.390474
1462.502,328.409737
1462.602,328.3808425
1462.702,328.3712109
1462.802,328.3808425
1462.902,328.4001055
1463.002,328.390474
1463.102,328.390474
1463.202,328.390474
1463.302,328.3712109
1463.402,328.3712109
1463.502,328.3519475
1463.602,328.3712109
1463.702,328.3712109
1463.802,328.3615792
1463.902,328.3615792
1464.002,328.3808425
1464.102,328.3519475
1464.202,328.3519475
1464.302,328.3519475
1464.402,328.3712109
1464.502,328.323052
1464.602,328.3519475
1464.702,328.3519475
1464.802,328.3326839
1464.902,328.3519475
1465.002,328.3519475
1465.102,328.323052
1465.202,328.323052
1465.302,328.3519475
1465.402,328.2748919
1465.502,328.3037881
1465.602,328.3134201
1465.702,328.3134201
1465.802,328.3134201
1465.902,328.3134201
1466.002,328.3326839
1466.102,328.2941561
1466.202,328.2652597
1466.302,328.2941561
1466.402,328.284524
1466.502,328.3037881
1466.602,328.2748919
1466.702,328.284524
1466.802,328.2748919
1466.902,328.2748919
1467.002,328.2941561
1467.102,328.2748919
1467.202,328.2652597
1467.302,328.2748919
1467.402,328.2556275
1467.502,328.2556275
1467.602,328.2556275
1467.702,328.2170981
1467.802,328.2363629
1467.902,328.2363629
1468.002,328.2363629
1468.102,328.2267305
1468.202,328.2363629
1468.302,328.2459952
1468.402,328.2267305
1468.502,328.2363629
1468.602,328.2170981
1468.702,328.2074656
1468.802,328.2267305
1468.902,328.2074656
1469.002,328.1882005
1469.102,328.1978331
1469.202,328.1882005
1469.302,328.1882005
1469.402,328.1882005
1469.502,328.1689352
1469.602,328.1785679
1469.702,328.1785679
1469.802,328.1882005
1469.902,328.1593025
1470.002,328.1400368
1470.102,328.1689352
1470.202,328.1593025
1470.302,328.1593025
1470.402,328.1593025
1470.502,328.1593025
1470.602,328.1400368
1470.702,328.1496697
1470.802,328.1496697
1470.902,328.1400368
1471.002,328.1400368
1471.102,328.1304039
1471.202,328.120771
1471.302,328.120771
1471.402,328.1400368
1471.502,328.111138
1471.602,328.120771
1471.702,328.120771
1471.802,328.0918719
1471.902,328.120771
1472.002,328.101505
1472.102,328.101505
1472.202,328.0918719
1472.302,328.101505
1472.402,328.0918719
1472.502,328.0822387
1472.602,328.0822387
1472.702,328.101505
1472.802,328.0822387
1472.902,328.0726055
1473.002,328.0822387
1473.102,328.0918719
1473.202,328.0822387
1473.302,328.0629723
1473.402,328.0726055
1473.502,328.0726055
1473.602,328.0822387
1473.702,328.0437056
1473.802,328.0437056
1473.902,328.0437056
1474.002,328.053339
1474.102,328.0629723
1474.202,328.0244388
1474.302,328.0437056
1474.402,328.0437056
1474.502,328.0340722
1474.602,328.0148053
1474.702,328.0051717
1474.802,328.053339
1474.902,328.0051717
1475.002,328.0244388
1475.102,327.9859045
1475.202,328.0244388
1475.302,328.0051717
1475.402,327.9859045
1475.502,328.0051717
1475.602,327.9859045
1475.702,328.0051717
1475.802,327.9859045
1475.902,327.966637
1476.002,327.9859045
1476.102,327.9859045
1476.202,327.9570032
1476.302,327.9762707
1476.402,327.966637
1476.502,327.9859045
1476.602,327.966637
1476.702,327.9859045
1476.802,327.9955381
1476.902,327.966637
1477.002,327.9570032
1477.102,327.9377354
1477.202,327.966637
1477.302,327.9570032
1477.402,327.9377354
1477.502,327.966637
1477.602,327.9088333
1477.702,327.9281014
1477.802,327.9088333
1477.902,327.9281014
1478.002,327.9184674
1478.102,327.9281014
1478.202,327.9184674
1478.302,327.9281014
1478.402,327.9281014
1478.502,327.9088333
1478.602,327.9281014
1478.702,327.9088333
1478.802,327.889565
1478.902,327.889565
1479.002,327.889565
1479.102,327.889565
1479.202,327.8991992
1479.302,327.889565
1479.402,327.9088333
1479.502,327.8799308
1479.602,327.9088333
1479.702,327.8799308
1479.802,327.8606622
1479.902,327.889565
1480.002,327.889565
1480.102,327.8606622
1480.202,327.8702965
1480.302,327.8702965
1480.402,327.8799308
1480.502,327.8221243
1480.602,327.8510278
1480.702,327.8510278
1480.802,327.8413934
1480.902,327.8702965
1481.002,327.8510278
1481.102,327.8317589
1481.202,327.8413934
1481.302,327.8124897
1481.402,327.8221243
1481.502,327.8124897
1481.602,327.8124897
1481.702,327.8221243
1481.802,327.8317589
1481.902,327.8028551
1482.002,327.8124897
1482.102,327.8124897
1482.202,327.8221243
1482.302,327.8124897
1482.402,327.7932204
1482.502,327.7932204
1482.602,327.7739508
1482.702,327.8028551
1482.802,327.7932204
1482.902,327.7932204
1483.002,327.7835856
1483.102,327.7835856
1483.202,327.7739508
1483.302,327.7739508
1483.402,327.7546811
1483.502,327.7835856
1483.602,327.7835856
1483.702,327.7739508
1483.802,327.7739508
1483.902,327.7739508
1484.002,327.7739508
1484.102,327.7739508
1484.202,327.764316
1484.302,327.764316
1484.402,327.7546811
1484.502,327.764316
1484.602,327.7450461
1484.702,327.7450461
1484.802,327.764316
1484.902,327.7546811
1485.002,327.7257761
1485.102,327.764316
1485.202,327.7354111
1485.302,327.7546811
1485.402,327.7354111
1485.502,327.7257761
1485.602,327.7161409
1485.702,327.7161409
1485.802,327.7546811
1485.902,327.7354111
1486.002,327.7257761
1486.102,327.7161409
1486.202,327.7257761
1486.302,327.7065058
1486.402,327.6968706
1486.502,327.7161409
1486.602,327.7065058
1486.702,327.7161409
1486.802,327.7161409
1486.902,327.6968706
1487.002,327.7065058
1487.102,327.6776
1487.202,327.6968706
1487.302,327.6968706
1487.402,327.6776
1487.502,327.6776
1487.602,327.6776
1487.702,327.6776
1487.802,327.6776
1487.902,327.6583292
1488.002,327.6583292
1488.102,327.6390582
1488.202,327.6583292
1488.302,327.6390582
1488.402,327.6583292
1488.502,327.6390582
1488.602,327.6583292
1488.702,327.6486937
1488.802,327.6390582
1488.902,327.6294226
1489.002,327.6390582
1489.102,327.6390582
1489.202,327.6197869
1489.302,327.5812439
1489.402,327.6005155
1489.502,327.6101512
1489.602,327.6197869
1489.702,327.6005155
1489.802,327.5908797
1489.902,327.5812439
1490.002,327.5908797
1490.102,327.561972
1490.202,327.571608
1490.302,327.571608
1490.402,327.571608
1490.502,327.5812439
1490.602,327.561972
1490.702,327.5427
1490.802,327.5427
1490.902,327.5330638
1491.002,327.5041552
1491.102,327.5234277
1491.202,327.5427
1491.302,327.552336
1491.402,327.5137915
1491.502,327.5234277
1491.602,327.4945189
1491.702,327.4945189
1491.802,327.4848825
1491.902,327.4848825
1492.002,327.4848825
1492.102,327.4848825
1492.202,327.4656096
1492.302,327.4752461
1492.402,327.4656096
1492.502,327.4366998
1492.602,327.4848825
1492.702,327.4463365
1492.802,327.4559731
1492.902,327.4463365
1493.002,327.4174264
1493.102,327.4366998
1493.202,327.4270631
1493.302,327.4270631
1493.402,327.4270631
1493.502,327.4174264
1493.602,327.4270631
1493.702,327.4077896
1493.802,327.4174264
1493.902,327.4174264
1494.002,327.4077896
1494.102,327.3981528
1494.202,327.3788789
1494.302,327.4077896
1494.402,327.3788789
1494.502,327.4077896
1494.602,327.4077896
1494.702,327.3885158
1494.802,327.3788789
1494.902,327.3885158
1495.002,327.3499677
1495.102,327.3788789
1495.202,327.3692419
1495.302,327.3596048
1495.402,327.3499677
1495.502,327.3499677
1495.602,327.3403305
1495.702,327.3692419
1495.802,327.3306933
1495.902,327.3403305
1496.002,327.3692419
1496.102,327.321056
1496.202,327.3596048
1496.302,327.3403305
1496.402,327.3306933
1496.502,327.3403305
1496.602,327.3306933
1496.702,327.3306933
1496.802,327.3499677
1496.902,327.2921439
1497.002,327.2921439
1497.102,327.2921439
1497.202,327.3017813
1497.302,327.2921439
1497.402,327.2921439
1497.502,327.2825064
1497.602,327.2825064
1497.702,327.321056
1497.802,327.2921439
1497.902,327.2921439
1498.002,327.2728689
1498.102,327.2728689
1498.202,327.2632313
1498.302,327.2343182
1498.402,327.2632313
1498.502,327.2632313
1498.602,327.2535936
1498.702,327.2535936
1498.802,327.2535936
1498.902,327.2343182
1499.002,327.2343182
1499.102,327.2535936
1499.202,327.2246804
1499.302,327.2343182
1499.402,327.2150425
1499.502,327.1957666
1499.602,327.2150425
1499.702,327.2246804
1499.802,327.1764905
1499.902,327.1957666
1500.002,327.2054046
1500.102,327.1957666
1500.202,327.2054046
1500.302,327.1764905
1500.402,327.1572142
1500.502,327.1764905
1500.602,327.1572142
1500.702,327.1572142
1500.802,327.1572142
1500.902,327.1764905
1501.002,327.1379377
1501.102,327.1572142
1501.202,327.1572142
1501.302,327.147576
1501.402,327.1379377
1501.502,327.147576
1501.602,327.147576
1501.702,327.1379377
1501.802,327.147576
1501.902,327.1572142
1502.002,327.1379377
1502.102,327.1282993
1502.202,327.1090225
1502.302,327.0897454
1502.402,327.0897454
1502.502,327.099384
1502.602,327.0801068
1502.702,327.1186609
1502.802,327.0801068
1502.902,327.099384
1503.002,327.0801068
1503.102,327.0801068
1503.202,327.0801068
1503.302,327.0897454
1503.402,327.0801068
1503.502,327.0801068
1503.602,327.099384
1503.702,327.0608294
1503.802,327.0704681
1503.902,327.0801068
1504.002,327.0319129
1504.102,327.0511906
1504.202,327.0415518
1504.302,327.0415518
1504.402,327.0415518
1504.502,327.0415518
1504.602,327.0415518
1504.702,327.0319129
1504.802,327.022274
1504.902,327.0511906
1505.002,327.012635
1505.102,327.012635
1505.202,327.012635
1505.302,327.0029959
1505.402,327.012635
1505.502,327.012635
1505.602,327.022274
1505.702,327.0029959
1505.802,327.0029959
1505.902,327.012635
1506.002,327.0029959
1506.102,326.9837177
1506.202,326.9933568
1506.302,326.9740785
1506.402,326.9740785
1506.502,326.9740785
1506.602,326.9644392
1506.702,326.9451605
1506.802,326.9451605
1506.902,326.9547999
1507.002,326.9451605
1507.102,326.9451605
1507.202,326.9162421
1507.302,326.9451605
1507.402,326.9451605
1507.502,326.9547999
1507.602,326.9258816
1507.702,326.9066025
1507.802,326.9451605
1507.902,326.9258816
1508.002,326.9066025
1508.102,326.8969629
1508.202,326.8873232
1508.302,326.9162421
1508.402,326.8969629
1508.502,326.9066025
1508.602,326.8969629
1508.702,326.8969629
1508.802,326.8873232
1508.902,326.8776834
1509.002,326.8873232
1509.102,326.8776834
1509.202,326.8776834
1509.302,326.8680436
1509.402,326.8776834
1509.502,326.8680436
1509.602,326.8584038
1509.702,326.8680436
1509.802,326.8487639
1509.902,326.8391239
1510.002,326.8487639
1510.102,326.8487639
1510.202,326.8294839
1510.302,326.8294839
1510.402,326.8294839
1510.502,326.8294839
1510.602,326.8198438
1510.702,326.8102037
1510.802,326.8294839
1510.902,326.8198438
1511.002,326.8005635
1511.102,326.7716426
1511.202,326.8005635
1511.302,326.7909232
1511.402,326.7812829
1511.502,326.8102037
1511.602,326.7909232
1511.702,326.7812829
1511.802,326.7812829
1511.902,326.7620022
1512.002,326.7716426
1512.102,326.7909232
1512.202,326.7523617
1512.302,326.7523617
1512.402,326.7330807
1512.502,326.7620022
1512.602,326.7523617
1512.702,326.72344
1512.802,326.72344
1512.902,326.7330807
1513.002,326.7330807
1513.102,326.72344
1513.202,326.7137994
1513.302,326.7041586
1513.402,326.7041586
1513.502,326.7137994
1513.602,326.7137994
1513.702,326.6752361
1513.802,326.7041586
1513.902,326.6752361
1514.002,326.684877
1514.102,326.684877
1514.202,326.684877
1514.302,326.6752361
1514.402,326.6752361
1514.502,326.6655952
1514.602,326.6559542
1514.702,326.6655952
1514.802,326.6559542
1514.902,326.636672
1515.002,326.6559542
1515.102,326.636672
1515.202,326.6463131
1515.302,326.6270308
1515.402,326.6463131
1515.502,326.636672
1515.602,326.6173896
1515.702,326.6270308
1515.802,326.6173896
1515.902,326.6077483
1516.002,326.6173896
1516.102,326.598107
1516.202,326.5884656
1516.302,326.5884656
1516.402,326.6077483
1516.502,326.5884656
1516.602,326.5691826
1516.702,326.5788241
1516.802,326.5498995
1516.902,326.5691826
1517.002,326.5691826
1517.102,326.5306161
1517.202,326.5788241
1517.302,326.5595411
1517.402,326.5691826
1517.502,326.5595411
1517.602,326.5498995
1517.702,326.5402578
1517.802,326.5209743
1517.902,326.5306161
1518.002,326.5306161
1518.102,326.5402578
1518.202,326.5209743
1518.302,326.5209743
1518.402,326.5209743
1518.502,326.5113325
1518.602,326.5209743
1518.702,326.5113325
1518.802,326.5209743
1518.902,326.5209743
1519.002,326.5209743
1519.102,326.5306161
1519.202,326.5016906
1519.302,326.5016906
1519.402,326.5113325
1519.502,326.5016906
1519.602,326.4824067
1519.702,326.4824067
1519.802,326.4920487
1519.902,326.4824067
1520.002,326.4727646
1520.102,326.4920487
1520.202,326.4824067
1520.302,326.4824067
1520.402,326.4920487
1520.502,326.4727646
1520.602,326.4727646
1520.702,326.4824067
1520.802,326.4631225
1520.902,326.4920487
1521.002,326.4727646
1521.102,326.4824067
1521.202,326.4631225
1521.302,326.4534804
1521.402,326.4534804
1521.502,326.4631225
1521.602,326.4438381
1521.702,326.4631225
1521.802,326.4534804
1521.902,326.4727646
1522.002,326.4631225
1522.102,326.4438381
1522.202,326.4727646
1522.302,326.4438381
1522.402,326.4438381
1522.502,326.4534804
1522.602,326.4245535
1522.702,326.4534804
1522.802,326.4245535
1522.902,326.4149112
1523.002,326.4341959
1523.102,326.4341959
1523.202,326.4341959
1523.302,326.4149112
1523.402,326.4149112
1523.502,326.4631225
1523.602,326.4052687
1523.702,326.4341959
1523.802,326.4245535
1523.902,326.4052687
1524.002,326.4052687
1524.102,326.3859837
1524.202,326.4149112
1524.302,326.3859837
1524.402,326.4052687
1524.502,326.4052687
1524.602,326.3666984
1524.702,326.4149112
1524.802,326.3666984
1524.902,326.3666984
1525.002,326.3859837
1525.102,326.3956262
1525.202,326.3859837
1525.302,326.3859837
1525.402,326.3763411
1525.502,326.3763411
1525.602,326.3666984
1525.702,326.3666984
1525.802,326.3666984
1525.902,326.3377701
1526.002,326.3763411
1526.102,326.3474129
1526.202,326.3281272
1526.302,326.3763411
1526.402,326.3666984
1526.502,326.3281272
1526.602,326.3281272
1526.702,326.3184843
1526.802,326.3474129
1526.902,326.3088413
1527.002,326.3184843
1527.102,326.3184843
1527.202,326.3088413
1527.302,326.2895551
1527.402,326.2991982
1527.502,326.3088413
1527.602,326.3088413
1527.702,326.3088413
1527.802,326.2895551
1527.902,326.2991982
1528.002,326.2895551
1528.102,326.2799119
1528.202,326.2799119
1528.302,326.2895551
1528.402,326.2799119
1528.502,326.2895551
1528.602,326.2895551
1528.702,326.2895551
1528.802,326.2509821
1528.902,326.2702687
1529.002,326.2702687
1529.102,326.2509821
1529.202,326.2509821
1529.302,326.2799119
1529.402,326.2509821
1529.502,326.2606255
1529.602,326.2413387
1529.702,326.2509821
1529.802,326.2413387
1529.902,326.2413387
1530.002,326.2606255
1530.102,326.2413387
1530.202,326.2509821
1530.302,326.2509821
1530.402,326.2413387
1530.502,326.2509821
1530.602,326.2220518
1530.702,326.2027646
1530.802,326.2316953
1530.902,326.2220518
1531.002,326.2316953
1531.102,326.2124083
1531.202,326.2124083
1531.302,326.2124083
1531.402,326.2124083
1531.502,326.2220518
1531.602,326.1834773
1531.702,326.193121
1531.802,326.2124083
1531.902,326.193121
1532.002,326.193121
1532.102,326.193121
1532.202,326.193121
1532.302,326.1834773
1532.402,326.1641896
1532.502,326.1738335
1532.602,326.2124083
1532.702,326.1738335
1532.802,326.1738335
1532.902,326.1641896
1533.002,326.1738335
1533.102,326.1738335
1533.202,326.1449018
1533.302,326.1545458
1533.402,326.1545458
1533.502,326.1834773
1533.602,326.1352578
1533.702,326.1738335
1533.802,326.1641896
1533.902,326.1352578
1534.002,326.1449018
1534.102,326.1545458
1534.202,326.1449018
1534.302,326.1352578
1534.402,326.1449018
1534.502,326.1352578
1534.602,326.1159696
1534.702,326.1352578
1534.802,326.1352578
1534.902,326.1256138
1535.002,326.1352578
1535.102,326.1063255
1535.202,326.1159696
1535.302,326.1256138
1535.402,326.0966812
1535.502,326.0966812
1535.602,326.087037
1535.702,326.0966812
1535.802,326.1063255
1535.902,326.1159696
1536.002,326.1063255
1536.102,326.0966812
1536.202,326.1159696
1536.302,326.087037
1536.402,326.0966812
1536.502,326.0966812
1536.602,326.0677482
1536.702,326.0677482
1536.802,326.0773926
1536.902,326.0581038
1537.002,326.0773926
1537.102,326.0581038
1537.202,326.087037
1537.302,326.0677482
1537.402,326.0677482
1537.502,326.0677482
1537.602,326.0677482
1537.702,326.0484593
1537.802,326.0581038
1537.902,326.0677482
1538.002,326.0966812
1538.102,326.0484593
1538.202,326.0388147
1538.302,326.0677482
1538.402,326.0677482
1538.502,326.0484593
1538.602,326.0484593
1538.702,326.0484593
1538.802,326.0581038
1538.902,326.0388147
1539.002,326.0388147
1539.102,326.0195254
1539.202,326.0388147
1539.302,326.0291701
1539.402,326.0098807
1539.502,326.0388147
1539.602,326.0581038
1539.702,326.0195254
1539.802,326.0291701
1539.902,326.0291701
1540.002,326.0002359
1540.102,326.0195254
1540.202,326.0388147
1540.302,326.0291701
1540.402,326.0291701
1540.502,326.0195254
1540.602,326.0291701
1540.702,326.0002359
1540.802,326.0195254
1540.902,326.0291701
1541.002,326.0098807
1541.102,326.0002359
1541.202,325.990591
1541.302,325.9809461
1541.402,325.9809461
1541.502,326.0002359
1541.602,325.990591
1541.702,325.9713012
1541.802,325.9809461
1541.902,325.9616562
1542.002,325.9809461
1542.102,325.9809461
1542.202,325.990591
1542.302,325.9616562
1542.402,325.9520111
1542.502,325.9616562
1542.602,325.9327208
1542.702,325.9713012
1542.802,325.942366
1542.902,325.9327208
1543.002,325.942366
1543.102,325.9230755
1543.202,325.9327208
1543.302,325.9616562
1543.402,325.942366
1543.502,325.9327208
1543.602,325.942366
1543.702,325.942366
1543.802,325.9520111
1543.902,325.9230755
1544.002,325.9230755
1544.102,325.9037849
1544.202,325.9134302
1544.302,325.9037849
1544.402,325.8941395
1544.502,325.9230755
1544.602,325.884494
1544.702,325.8941395
1544.802,325.8748485
1544.902,325.8748485
1545.002,325.8748485
1545.102,325.8652029
1545.202,325.884494
1545.302,325.8555573
1545.402,325.8652029
1545.502,325.8555573
1545.602,325.8459116
1545.702,325.82662
1545.802,325.8362658
1545.902,325.8169741
1546.002,325.82662
1546.102,325.82662
1546.202,325.8459116
1546.302,325.8073282
1546.402,325.8073282
1546.502,325.7976822
1546.602,325.8073282
1546.702,325.8169741
1546.802,325.7976822
1546.902,325.7783901
1547.002,325.7976822
1547.102,325.7687439
1547.202,325.7783901
1547.302,325.7880362
1547.402,325.7687439
1547.502,325.7590977
1547.602,325.7494515
1547.702,325.7687439
1547.802,325.7687439
1547.902,325.7783901
1548.002,325.7494515
1548.102,325.7590977
1548.202,325.7494515
1548.302,325.7494515
1548.402,325.7590977
1548.502,325.7301588
1548.602,325.7494515
1548.702,325.7301588
1548.802,325.7205123
1548.902,325.7108658
1549.002,325.7108658
1549.102,325.7205123
1549.202,325.7108658
1549.302,325.7012193
1549.402,325.7108658
1549.502,325.7108658
1549.602,325.7108658
1549.702,325.7012193
1549.802,325.6915727
1549.902,325.7108658
1550.002,325.681926
1550.102,325.681926
1550.202,325.6722793
1550.302,325.681926
1550.402,325.7108658
1550.502,325.681926
1550.602,325.6722793
1550.702,325.6722793
1550.802,325.6529857
1550.902,325.6529857
1551.002,325.6722793
1551.102,325.6529857
1551.202,325.681926
1551.302,325.6529857
1551.402,325.6433388
1551.502,325.6529857
1551.602,325.6336918
1551.702,325.6433388
1551.802,325.6433388
1551.902,325.6143978
1552.002,325.6336918
1552.102,325.6240448
1552.202,325.6433388
1552.302,325.6143978
1552.402,325.5951035
1552.502,325.6143978
1552.602,325.6047506
1552.702,325.6143978
1552.802,325.5758089
1552.902,325.6047506
1553.002,325.6047506
1553.102,325.5758089
1553.202,325.5758089
1553.302,325.5758089
1553.402,325.5661616
1553.502,325.5854562
1553.602,325.5372192
1553.702,325.5468667
1553.802,325.5468667
1553.902,325.5275716
1554.002,325.5758089
1554.102,325.5661616
1554.202,325.5565142
1554.302,325.5372192
1554.402,325.5179239
1554.502,325.5179239
1554.602,325.5275716
1554.702,325.5372192
1554.802,325.4986285
1554.902,325.5179239
1555.002,325.5179239
1555.102,325.5179239
1555.202,325.5275716
1555.302,325.4889807
1555.402,325.5082762
1555.502,325.5082762
1555.602,325.4986285
1555.702,325.5275716
1555.802,325.4793328
1555.902,325.4793328
1556.002,325.4793328
1556.102,325.4889807
1556.202,325.4503888
1556.302,325.4696849
1556.402,325.4503888
1556.502,325.4600369
1556.602,325.4696849
1556.702,325.4503888
1556.802,325.4600369
1556.902,325.4503888
1557.002,325.4503888
1557.102,325.4503888
1557.202,325.4407407
1557.302,325.4407407
1557.402,325.4310926
1557.502,325.4310926
1557.602,325.4407407
1557.702,325.4214443
1557.802,325.4214443
1557.902,325.4407407
1558.002,325.4310926
1558.102,325.4214443
1558.202,325.4021477
1558.302,325.4021477
1558.402,325.4021477
1558.502,325.4021477
1558.602,325.3924993
1558.702,325.3924993
1558.802,325.4117961
1558.902,325.4021477
1559.002,325.3635538
1559.102,325.3732024
1559.202,325.3828509
1559.302,325.3442565
1559.402,325.3442565
1559.502,325.3635538
1559.602,325.3732024
1559.702,325.324959
1559.802,325.3539052
1559.902,325.3539052
1560.002,325.3442565
1560.102,325.3539052
1560.202,325.3442565
1560.302,325.3153101
1560.402,325.3346078
1560.502,325.324959
1560.602,325.3153101
1560.702,325.324959
1560.802,325.3153101
1560.902,325.3153101
1561.002,325.3056612
1561.102,325.3056612
1561.202,325.2960122
1561.302,325.2863632
1561.402,325.2767141
1561.502,325.2863632
1561.602,325.267065
1561.702,325.267065
1561.802,325.2477665
1561.902,325.2477665
1562.002,325.267065
1562.102,325.2477665
1562.202,325.2477665
1562.302,325.2477665
1562.402,325.2477665
1562.502,325.2284678
1562.602,325.2381172
1562.702,325.2188184
1562.802,325.2381172
1562.902,325.2091689
1563.002,325.2188184
1563.102,325.2091689
1563.202,325.1898697
1563.302,325.18022
1563.402,325.2091689
1563.502,325.2091689
1563.602,325.18022
1563.702,325.1898697
1563.802,325.1898697
1563.902,325.1705703
1564.002,325.1705703
1564.102,325.18022
1564.202,325.1705703
1564.302,325.18022
1564.402,325.1898697
1564.502,325.1609205
1564.602,325.1705703
1564.702,325.1416207
1564.802,325.1416207
1564.902,325.1319708
1565.002,325.1512706
1565.102,325.1609205
1565.202,325.1319708
1565.302,325.1319708
1565.402,325.1512706
1565.502,325.1319708
1565.602,325.1705703
1565.702,325.1512706
1565.802,325.1223208
1565.902,325.18022
1566.002,325.1223208
1566.102,325.1416207
1566.202,325.1416207
1566.302,325.1512706
1566.402,325.1416207
1566.502,325.1416207
1566.602,325.1609205
1566.702,325.1319708
1566.802,325.1609205
1566.902,325.1609205
1567.002,325.1512706
1567.102,325.1416207
1567.202,325.1319708
1567.302,325.1319708
1567.402,325.1223208
1567.502,325.1416207
1567.602,325.1319708
1567.702,325.1223208
1567.802,325.1416207
1567.902,325.1126707
1568.002,325.1223208
1568.102,325.1319708
1568.202,325.1126707
1568.302,325.0933703
1568.402,325.1223208
1568.502,325.1319708
1568.602,325.1126707
1568.702,325.1126707
1568.802,325.1030205
1568.902,325.1223208
1569.002,325.1030205
1569.102,325.1126707
1569.202,325.0933703
1569.302,325.1126707
1569.402,325.1030205
1569.502,325.0740698
1569.602,325.0740698
1569.702,325.0933703
1569.802,325.0837201
1569.902,325.0933703
1570.002,325.0837201
1570.102,325.0933703
1570.202,325.0644194
1570.302,325.0644194
1570.402,325.0644194
1570.502,325.1030205
1570.602,325.0644194
1570.702,325.0644194
1570.802,325.0161666
1570.902,325.0354679
1571.002,325.054769
1571.102,325.0354679
1571.202,325.054769
1571.302,325.0451185
1571.402,325.0354679
1571.502,325.0451185
1571.602,325.0354679
1571.702,325.0065159
1571.802,325.0644194
1571.902,325.0451185
1572.002,325.0451185
1572.102,325.0451185
1572.202,325.0451185
1572.302,325.054769
1572.402,325.0258173
1572.502,325.0354679
1572.602,325.0354679
1572.702,325.0258173
1572.802,325.0354679
1572.902,325.0258173
1573.002,325.0354679
1573.102,325.0161666
1573.202,325.0258173
1573.302,325.0451185
1573.402,324.9968651
1573.502,325.0258173
1573.602,325.0161666
1573.702,324.9968651
1573.802,325.0065159
1573.902,324.9968651
1574.002,324.9968651
1574.102,324.9968651
1574.202,325.0161666
1574.302,324.9968651
1574.402,324.9968651
1574.502,324.9775634
1574.602,324.9775634
1574.702,324.9679124
1574.802,324.9582614
1574.902,324.9582614
1575.002,324.9486103
1575.102,324.9486103
1575.202,324.9775634
1575.302,324.9679124
1575.402,324.9775634
1575.502,324.9679124
1575.602,324.9872143
1575.702,324.9389592
1575.802,324.9775634
1575.902,324.9486103
1576.002,324.9389592
1576.102,324.9486103
1576.202,324.929308
1576.302,324.9582614
1576.402,324.9389592
1576.502,324.9582614
1576.602,324.9389592
1576.702,324.9389592
1576.802,324.9389592
1576.902,324.9486103
1577.002,324.9389592
1577.102,324.9196567
1577.202,324.9196567
1577.302,324.9196567
1577.402,324.929308
1577.502,324.9389592
1577.602,324.929308
1577.702,324.929308
1577.802,324.9196567
1577.902,324.900354
1578.002,324.9389592
1578.102,324.9389592
1578.202,324.929308
1578.302,324.9389592
1578.402,324.9100054
1578.502,324.9100054
1578.602,324.9196567
1578.702,324.900354
1578.802,324.9196567
1578.902,324.9100054
1579.002,324.900354
1579.102,324.9196567
1579.202,324.9100054
1579.302,324.9100054
1579.402,324.900354
1579.502,324.9100054
1579.602,324.8907026
1579.702,324.9196567
1579.802,324.9196567
1579.902,324.8907026
1580.002,324.900354
1580.102,324.900354
1580.202,324.900354
1580.302,324.9100054
1580.402,324.900354
1580.502,324.900354
1580.602,324.900354
1580.702,324.8713995
1580.802,324.8810511
1580.902,324.8907026
1581.002,324.8907026
1581.102,324.8907026
1581.202,324.9100054
1581.302,324.8907026
1581.402,324.8713995
1581.502,324.900354
1581.602,324.8713995
1581.702,324.8520962
1581.802,324.8520962
1581.902,324.8617479
1582.002,324.8424445
1582.102,324.8713995
1582.202,324.8520962
1582.302,324.8520962
1582.402,324.8424445
1582.502,324.8231409
1582.602,324.8424445
1582.702,324.803837
1582.802,324.8327927
1582.902,324.8231409
1583.002,324.803837
1583.102,324.813489
1583.202,324.794185
1583.302,324.7845329
1583.402,324.794185
1583.502,324.7845329
1583.602,324.794185
1583.702,324.7652285
1583.802,324.7652285
1583.902,324.7845329
1584.002,324.7555763
1584.102,324.7652285
1584.202,324.7652285
1584.302,324.7555763
1584.402,324.7555763
1584.502,324.7362715
1584.602,324.7362715
1584.702,324.7266191
1584.802,324.7169666
1584.902,324.7362715
1585.002,324.6976614
1585.102,324.7266191
1585.202,324.707314
1585.302,324.7266191
1585.402,324.7169666
1585.502,324.707314
1585.602,324.707314
1585.702,324.7169666
1585.802,324.6880087
1585.902,324.6880087
1586.002,324.6880087
1586.102,324.6976614
1586.202,324.6976614
1586.302,324.6687032
1586.402,324.6687032
1586.502,324.707314
1586.602,324.6687032
1586.702,324.6880087
1586.802,324.6687032
1586.902,324.678356
1587.002,324.6687032
1587.102,324.6590503
1587.202,324.6687032
1587.302,324.6493974
1587.402,324.6687032
1587.502,324.6493974
1587.602,324.6687032
1587.702,324.6397444
1587.802,324.6397444
1587.902,324.6300914
1588.002,324.6300914
1588.102,324.6107851
1588.202,324.6397444
1588.302,324.6300914
1588.402,324.6300914
1588.502,324.6107851
1588.602,324.6300914
1588.702,324.6011319
1588.802,324.6107851
1588.902,324.5914786
1589.002,324.6011319
1589.102,324.5818253
1589.202,324.5818253
1589.302,324.5625184
1589.402,324.5721719
1589.502,324.5818253
1589.602,324.5721719
1589.702,324.5721719
1589.802,324.5335577
1589.902,324.5432113
1590.002,324.5625184
1590.102,324.5528649
1590.202,324.5528649
1590.302,324.5625184
1590.402,324.5818253
1590.502,324.5528649
1590.602,324.5528649
1590.702,324.523904
1590.802,324.523904
1590.902,324.5335577
1591.002,324.5335577
1591.102,324.5432113
1591.202,324.5142502
1591.302,324.5432113
1591.402,324.523904
1591.502,324.5142502
1591.602,324.4852886
1591.702,324.5045964
1591.802,324.523904
1591.902,324.4756346
1592.002,324.4852886
1592.102,324.4949425
1592.202,324.4659805
1592.302,324.4852886
1592.402,324.4756346
1592.502,324.4756346
1592.602,324.4852886
1592.702,324.4756346
1592.802,324.4466722
1592.902,324.4659805
1593.002,324.4756346
1593.102,324.4466722
1593.202,324.437018
1593.302,324.4563264
1593.402,324.4466722
1593.502,324.4466722
1593.602,324.4177093
1593.702,324.437018
1593.802,324.4080549
1593.902,324.4080549
1594.002,324.4273637
1594.102,324.4080549
1594.202,324.3984004
1594.302,324.4177093
1594.402,324.3887459
1594.502,324.3887459
1594.602,324.4080549
1594.702,324.3790913
1594.802,324.3887459
1594.902,324.4080549
1595.002,324.3597819
1595.102,324.3597819
1595.202,324.3501271
1595.302,324.3790913
1595.402,324.3501271
1595.502,324.3694366
1595.602,324.3501271
1595.702,324.3404723
1595.802,324.3308174
1595.902,324.3404723
1596.002,324.3404723
1596.102,324.3211624
1596.202,324.3211624
1596.302,324.3115074
1596.402,324.3115074
1596.502,324.3018523
1596.602,324.2921972
1596.702,324.3018523
1596.802,324.2921972
1596.902,324.2921972
1597.002,324.3018523
1597.102,324.2921972
1597.202,324.282542
1597.302,324.282542
1597.402,324.2632314
1597.502,324.2921972
1597.602,324.2728867
1597.702,324.2728867
1597.802,324.2632314
1597.902,324.2728867
1598.002,324.2632314
1598.102,324.2921972
1598.202,324.2632314
1598.302,324.2632314
1598.402,324.2439205
1598.502,324.2632314
1598.602,324.253576
1598.702,324.2439205
1598.802,324.282542
1598.902,324.3018523
1599.002,324.2632314
1599.102,324.253576
1599.202,324.2632314
1599.302,324.2632314
1599.402,324.2921972
1599.502,324.2632314
1599.602,324.282542
1599.702,324.2728867
1599.802,324.2632314
1599.902,324.234265
1600.002,324.2439205
1600.102,324.253576
1600.202,324.253576
1600.302,324.2632314
1600.402,324.253576
1600.502,324.2728867
1600.602,324.253576
1600.702,324.2632314
1600.802,324.2632314
1600.902,324.2728867
1601.002,324.2728867
1601.102,324.2632314
1601.202,324.2439205
1601.302,324.253576
1601.402,324.234265
1601.502,324.2439205
1601.602,324.234265
1601.702,324.2439205
1601.802,324.2439205
1601.902,324.253576
1602.002,324.234265
1602.102,324.2149538
1602.202,324.234265
1602.302,324.2246095
1602.402,324.234265
1602.502,324.234265
1602.602,324.234265
1602.702,324.2052981
1602.802,324.2052981
1602.902,324.2052981
1603.002,324.2052981
1603.102,324.1763307
1603.202,324.2052981
1603.302,324.1859866
1603.402,324.1956424
1603.502,324.1859866
1603.602,324.1956424
1603.702,324.1859866
1603.802,324.2052981
1603.902,324.2052981
1604.002,324.1859866
1604.102,324.1859866
1604.202,324.1859866
1604.302,324.1763307
1604.402,324.1763307
1604.502,324.1859866
1604.602,324.1763307
1604.702,324.1763307
1604.802,324.1956424
1604.902,324.1956424
1605.002,324.1570188
1605.102,324.1763307
1605.202,324.1763307
1605.302,324.1763307
1605.402,324.1859866
1605.502,324.1280504
1605.602,324.1666748
1605.702,324.1666748
1605.802,324.1666748
1605.902,324.1473627
1606.002,324.1280504
1606.102,324.1377066
1606.202,324.1280504
1606.302,324.1666748
1606.402,324.1377066
1606.502,324.1183942
1606.602,324.1280504
1606.702,324.1377066
1606.802,324.1087379
1606.902,324.1280504
1607.002,324.1666748
1607.102,324.1280504
1607.202,324.1377066
1607.302,324.1183942
1607.402,324.1183942
1607.502,324.1183942
1607.602,324.0894251
1607.702,324.0990815
1607.802,324.1280504
1607.902,324.0990815
1608.002,324.1087379
1608.102,324.1087379
1608.202,324.1183942
1608.302,324.1087379
1608.402,324.0894251
1608.502,324.1087379
1608.602,324.0894251
1608.702,324.0701121
1608.802,324.0990815
1608.902,324.0990815
1609.002,324.0894251
1609.102,324.0990815
1609.202,324.0894251
1609.302,324.0797686
1609.402,324.0797686
1609.502,324.0894251
1609.602,324.0797686
1609.702,324.0894251
1609.802,324.0701121
1609.902,324.0894251
1610.002,324.0604555
1610.102,324.0701121
1610.202,324.0894251
1610.302,324.0701121
1610.402,324.0701121
1610.502,324.0701121
1610.602,324.0797686
1610.702,324.0701121
1610.802,324.0701121
1610.902,324.0894251
1611.002,324.0604555
1611.102,324.0894251
1611.202,324.0701121
1611.302,324.0604555
1611.402,324.0701121
1611.502,324.0411421
1611.602,324.0604555
1611.702,324.0604555
1611.802,324.0411421
1611.902,324.0411421
1612.002,324.0990815
1612.102,324.0604555
1612.202,324.0701121
1612.302,324.0411421
1612.402,324.0604555
1612.502,324.0507988
1612.602,324.0411421
1612.702,324.0507988
1612.802,324.0507988
1612.902,324.0604555
1613.002,324.0411421
1613.102,324.0507988
1613.202,324.0507988
1613.302,324.0314853
1613.402,324.0218285
1613.502,324.0314853
1613.602,324.0411421
1613.702,324.0314853
1613.802,324.0411421
1613.902,324.0218285
1614.002,324.0411421
1614.102,324.0314853
1614.202,324.0314853
1614.302,324.0121716
1614.402,324.0218285
1614.502,324.0218285
1614.602,324.0218285
1614.702,324.0121716
1614.802,324.0025146
1614.902,323.9928575
1615.002,323.9832005
1615.102,323.9832005
1615.202,324.0025146
1615.302,323.9928575
1615.402,323.9638861
1615.502,323.9735433
1615.602,323.9638861
1615.702,323.9542288
1615.802,323.9638861
1615.902,323.9542288
1616.002,323.9735433
1616.102,323.9542288
1616.202,323.9445715
1616.302,323.9445715
1616.402,323.9349141
1616.502,323.9155991
1616.602,323.9155991
1616.702,323.9155991
1616.802,323.8866261
1616.902,323.9155991
1617.002,323.8962839
1617.102,323.9059415
1617.202,323.8962839
1617.302,323.9155991
1617.402,323.8962839
1617.502,323.8866261
1617.602,323.8962839
1617.702,323.8673105
1617.802,323.8673105
1617.902,323.8769684
1618.002,323.8576527
1618.102,323.8769684
1618.202,323.8479947
1618.302,323.8769684
1618.402,323.8576527
1618.502,323.8479947
1618.602,323.8673105
1618.702,323.8383367
1618.802,323.8576527
1618.902,323.8576527
1619.002,323.8190205
1619.102,323.8576527
1619.202,323.8286786
1619.302,323.8479947
1619.402,323.8576527
1619.502,323.8383367
1619.602,323.799704
1619.702,323.8286786
1619.802,323.8190205
1619.902,323.8190205
1620.002,323.8190205
1620.102,323.8190205
1620.202,323.8190205
1620.302,323.8093623
1620.402,323.8093623
1620.502,323.8286786
1620.602,323.8286786
1620.702,323.799704
1620.802,323.8093623
1620.902,323.799704
1621.002,323.7900457
1621.102,323.799704
1621.202,323.7610703
1621.302,323.8093623
1621.402,323.7803873
1621.502,323.7803873
1621.602,323.7707289
1621.702,323.799704
1621.802,323.7707289
1621.902,323.7610703
1622.002,323.7610703
1622.102,323.7514118
1622.202,323.7610703
1622.302,323.7610703
1622.402,323.7610703
1622.502,323.7514118
1622.602,323.7417531
1622.702,323.7514118
1622.802,323.7417531
1622.902,323.7417531
1623.002,323.703118
1623.102,323.7417531
1623.202,323.7224357
1623.302,323.7224357
1623.402,323.7224357
1623.502,323.7224357
1623.602,323.6934591
1623.702,323.6838001
1623.802,323.6934591
1623.902,323.703118
1624.002,323.6934591
1624.102,323.6838001
1624.202,323.6934591
1624.302,323.6838001
1624.402,323.674141
1624.502,323.674141
1624.602,323.6934591
1624.702,323.6838001
1624.802,323.6838001
1624.902,323.6644819
1625.002,323.674141
1625.102,323.674141
1625.202,323.6644819
1625.302,323.6644819
1625.402,323.6838001
1625.502,323.6451634
1625.602,323.6644819
1625.702,323.6548227
1625.802,323.6644819
1625.902,323.6548227
1626.002,323.6258447
1626.102,323.6355041
1626.202,323.6258447
1626.302,323.6355041
1626.402,323.6355041
1626.502,323.6065258
1626.602,323.6258447
1626.702,323.6258447
1626.802,323.6355041
1626.902,323.6161853
1627.002,323.5968662
1627.102,323.5872066
1627.202,323.6065258
1627.302,323.6065258
1627.402,323.6065258
1627.502,323.6161853
1627.602,323.5872066
1627.702,323.5872066
1627.802,323.5775469
1627.902,323.5678872
1628.002,323.5872066
1628.102,323.6065258
1628.202,323.5775469
1628.302,323.5872066
1628.402,323.5678872
1628.502,323.5678872
1628.602,323.5582274
1628.702,323.5678872
1628.802,323.5389075
1628.902,323.5292476
1629.002,323.5485675
1629.102,323.5389075
1629.202,323.5389075
1629.302,323.5292476
1629.402,323.5195875
1629.502,323.5292476
1629.602,323.5389075
1629.702,323.5099274
1629.802,323.5195875
1629.902,323.5389075
1630.002,323.5195875
1630.102,323.5389075
1630.202,323.5002672
1630.302,323.4809466
1630.402,323.5099274
1630.502,323.4906069
1630.602,323.4906069
1630.702,323.4906069
1630.802,323.4712863
1630.902,323.4712863
1631.002,323.4616258
1631.102,323.4616258
1631.202,323.4809466
1631.302,323.4616258
1631.402,323.4519653
1631.502,323.4616258
1631.602,323.4326441
1631.702,323.4133227
1631.802,323.4326441
1631.902,323.4423048
1632.002,323.4326441
1632.102,323.4229835
1632.202,323.4133227
1632.302,323.4133227
1632.402,323.394001
1632.502,323.4229835
1632.602,323.394001
1632.702,323.394001
1632.802,323.4133227
1632.902,323.4036619
1633.002,323.3843401
1633.102,323.394001
1633.202,323.394001
1633.302,323.3746791
1633.402,323.3746791
1633.502,323.365018
1633.602,323.365018
1633.702,323.3746791
1633.802,323.3746791
1633.902,323.3553569
1634.002,323.3746791
1634.102,323.365018
1634.202,323.3746791
1634.302,323.365018
1634.402,323.3553569
1634.502,323.3746791
1634.602,323.3843401
1634.702,323.3553569
1634.802,323.3553569
1634.902,323.3456957
1635.002,323.3456957
1635.102,323.3167118
1635.202,323.3553569
1635.302,323.3360345
1635.402,323.3263732
1635.502,323.3263732
1635.602,323.3456957
1635.702,323.3263732
1635.802,323.3456957
1635.902,323.3360345
1636.002,323.3263732
1636.102,323.3360345
1636.202,323.3456957
1636.302,323.3263732
1636.402,323.3456957
1636.502,323.3263732
1636.602,323.3263732
1636.702,323.3263732
1636.802,323.3360345
1636.902,323.3746791
1637.002,323.3360345
1637.102,323.3360345
1637.202,323.3167118
1637.302,323.3360345
1637.402,323.3360345
1637.502,323.3263732
1637.602,323.3456957
1637.702,323.3553569
1637.802,323.2973889
1637.902,323.3167118
1638.002,323.3360345
1638.102,323.3167118
1638.202,323.3263732
1638.302,323.3360345
1638.402,323.3167118
1638.502,323.3167118
1638.602,323.3167118
1638.702,323.3263732
1638.802,323.2973889
1638.902,323.3070504
1639.002,323.3167118
1639.102,323.2973889
1639.202,323.3167118
1639.302,323.2877273
1639.402,323.2877273
1639.502,323.2973889
1639.602,323.2973889
1639.702,323.3167118
1639.802,323.2877273
1639.902,323.3167118
1640.002,323.2587422
1640.102,323.2877273
1640.202,323.2780657
1640.302,323.2877273
1640.402,323.268404
1640.502,323.2877273
1640.602,323.2877273
1640.702,323.2973889
1640.802,323.2780657
1640.902,323.2490804
1641.002,323.268404
1641.102,323.2394185
1641.202,323.268404
1641.302,323.2490804
1641.402,323.2587422
1641.502,323.2587422
1641.602,323.2587422
1641.702,323.2490804
1641.802,323.2490804
1641.902,323.2394185
1642.002,323.2490804
1642.102,323.2297566
1642.202,323.2587422
1642.302,323.2394185
1642.402,323.2104325
1642.502,323.2200946
1642.602,323.2490804
1642.702,323.2394185
1642.802,323.2297566
1642.902,323.2297566
1643.002,323.2200946
1643.102,323.2104325
1643.202,323.2104325
1643.302,323.2297566
1643.402,323.2297566
1643.502,323.2200946
1643.602,323.2394185
1643.702,323.2007704
1643.802,323.2007704
1643.902,323.2200946
1644.002,323.181446
1644.102,323.2104325
1644.202,323.2394185
1644.302,323.2200946
1644.402,323.181446
1644.502,323.2104325
1644.602,323.2007704
1644.702,323.2104325
1644.802,323.181446
1644.902,323.2104325
1645.002,323.181446
1645.102,323.2007704
1645.202,323.1911082
1645.302,323.2007704
1645.402,323.1621213
1645.502,323.181446
1645.602,323.1911082
1645.702,323.181446
1645.802,323.1717836
1645.902,323.1717836
1646.002,323.1331337
1646.102,323.1621213
1646.202,323.1717836
1646.302,323.1621213
1646.402,323.1717836
1646.502,323.1717836
1646.602,323.1717836
1646.702,323.1621213
1646.802,323.1427963
1646.902,323.1524588
1647.002,323.1331337
1647.102,323.1621213
1647.202,323.1427963
1647.302,323.1621213
1647.402,323.1331337
1647.502,323.1427963
1647.602,323.1331337
1647.702,323.1331337
1647.802,323.1331337
1647.902,323.1331337
1648.002,323.1331337
1648.102,323.1524588
1648.202,323.1234711
1648.302,323.1234711
1648.402,323.1331337
1648.502,323.1041456
1648.602,323.1331337
1648.702,323.1138084
1648.802,323.1234711
1648.902,323.1234711
1649.002,323.1138084
1649.102,323.1041456
1649.202,323.1041456
1649.302,323.1041456
1649.402,323.0944828
1649.502,323.0944828
1649.602,323.1041456
1649.702,323.0944828
1649.802,323.0944828
1649.902,323.0848199
1650.002,323.1138084
1650.102,323.1138084
1650.202,323.0848199
1650.302,323.0848199
1650.402,323.0848199
1650.502,323.1041456
1650.602,323.0848199
1650.702,323.0944828
1650.802,323.065494
1650.902,323.075157
1651.002,323.065494
1651.102,323.075157
1651.202,323.065494
1651.302,323.065494
1651.402,323.0558309
1651.502,323.0558309
1651.602,323.075157
1651.702,323.075157
1651.802,323.0461677
1651.902,323.0848199
1652.002,323.075157
1652.102,323.065494
1652.202,323.075157
1652.302,323.065494
1652.402,323.0558309
1652.502,323.0558309
1652.602,323.075157
1652.702,323.0461677
1652.802,323.0558309
1652.902,323.0461677
1653.002,323.0461677
1653.102,323.0461677
1653.202,323.065494
1653.302,323.0461677
1653.402,323.065494
1653.502,323.0461677
1653.602,323.0558309
1653.702,323.0461677
1653.802,323.0558309
1653.902,323.0461677
1654.002,323.0461677
1654.102,323.0461677
1654.202,323.0461677
1654.302,323.0365045
1654.402,323.0558309
1654.502,323.0268413
1654.602,323.0461677
1654.702,323.0461677
1654.802,323.0268413
1654.902,323.0558309
1655.002,323.0558309
1655.102,323.0365045
1655.202,323.0365045
1655.302,323.0268413
1655.402,323.0268413
1655.502,323.0365045
1655.602,323.0558309
1655.702,323.0365045
1655.802,323.0268413
1655.902,323.0075145
1656.002,323.0268413
1656.102,323.0075145
1656.202,322.9978511
1656.302,323.0171779
1656.402,323.0171779
1656.502,323.0268413
1656.602,323.0075145
1656.702,322.9978511
1656.802,323.0268413
1656.902,323.0075145
1657.002,322.9881876
1657.102,322.9978511
1657.202,322.9881876
1657.302,322.9688603
1657.402,323.0075145
1657.502,322.9591966
1657.602,322.978524
1657.702,322.9302051
1657.802,322.9688603
1657.902,322.9688603
1658.002,322.9495328
1658.102,322.9688603
1658.202,322.9205411
1658.302,322.9205411
1658.402,322.9108771
1658.502,322.9495328
1658.602,322.9205411
1658.702,322.8915488
1658.802,322.9205411
1658.902,322.9205411
1659.002,322.8915488
1659.102,322.9108771
1659.202,322.9108771
1659.302,322.8915488
1659.402,322.8818846
1659.502,322.8818846
1659.602,322.9108771
1659.702,322.8915488
1659.802,322.8915488
1659.902,322.8818846
1660.002,322.8915488
1660.102,322.8722203
1660.202,322.8818846
1660.302,322.8722203
1660.402,322.8818846
1660.502,322.8528916
1660.602,322.8528916
1660.702,322.862556
1660.802,322.8528916
1660.902,322.862556
1661.002,322.8335625
1661.102,322.8432271
1661.202,322.8528916
1661.302,322.8432271
1661.402,322.8335625
1661.502,322.8335625
1661.602,322.8335625
1661.702,322.8335625
1661.802,322.8238979
1661.902,322.8142333
1662.002,322.8045685
1662.102,322.8142333
1662.202,322.8142333
1662.302,322.8238979
1662.402,322.8238979
1662.502,322.8142333
1662.602,322.8045685
1662.702,322.8045685
1662.802,322.8238979
1662.902,322.8045685
1663.002,322.8142333
1663.102,322.7949037
1663.202,322.7852389
1663.302,322.7755739
1663.402,322.7755739
1663.502,322.7755739
1663.602,322.7852389
1663.702,322.7562439
1663.802,322.765909
1663.902,322.7562439
1664.002,322.7562439
1664.102,322.7755739
1664.202,322.765909
1664.302,322.7369136
1664.402,322.7465788
1664.502,322.7272483
1664.602,322.717583
1664.702,322.7272483
1664.802,322.6982522
1664.902,322.7272483
1665.002,322.7272483
1665.102,322.7562439
1665.202,322.717583
1665.302,322.7369136
1665.402,322.717583
1665.502,322.7079177
1665.602,322.717583
1665.702,322.717583
1665.802,322.6885867
1665.902,322.6885867
1666.002,322.6789212
1666.102,322.6982522
1666.202,322.6885867
1666.302,322.6595898
1666.402,322.6982522
1666.502,322.6982522
1666.602,322.6885867
1666.702,322.6789212
1666.802,322.6789212
1666.902,322.6692555
1667.002,322.6595898
1667.102,322.6595898
1667.202,322.6692555
1667.302,322.6789212
1667.402,322.6402582
1667.502,322.6499241
1667.602,322.6595898
1667.702,322.6305924
1667.802,322.6499241
1667.902,322.6305924
1668.002,322.6402582
1668.102,322.6305924
1668.202,322.6305924
1668.302,322.6402582
1668.402,322.6305924
1668.502,322.6402582
1668.602,322.6402582
1668.702,322.6112604
1668.802,322.6015943
1668.902,322.5919281
1669.002,322.6112604
1669.102,322.6112604
1669.202,322.6305924
1669.302,322.5919281
1669.402,322.6112604
1669.502,322.6015943
1669.602,322.5822619
1669.702,322.5822619
