# ESC Time (s),Voltage (V)
0,1.56482623
0.1,1.543098838
0.2,1.521092382
0.3,1.515829969
0.4,1.508853285
0.5,1.502713804
0.6,1.496095921
0.7,1.490953109
0.8,1.48860097
0.9,1.484933229
1,1.479710684
1.1,1.473371869
1.2,1.469743995
1.3,1.465597852
1.4,1.461013176
1.5,1.456388632
1.6,1.451524889
1.7,1.442913671
1.8,1.442794071
1.9,1.437611394
2,1.450249153
2.1,1.441199401
2.2,1.433544985
2.3,1.427564973
2.4,1.408947204
2.5,1.406754534
2.6,1.401452257
2.7,1.395870914
2.8,1.388336101
2.9,1.381120221
3,1.369399402
3.1,1.361784856
3.2,1.35417031
3.3,1.345678697
3.4,1.336190416
3.5,1.33894122
3.6,1.324908133
3.7,1.333359879
3.8,1.317572656
3.9,1.299592765
4,1.282689278
4.1,1.262755921
4.2,1.242025232
4.3,1.220018811
4.4,1.199168526
4.5,1.183062381
4.6,1.16751437
4.7,1.15268396
4.8,1.138252218
4.9,1.122185944
5,1.104843936
5.1,1.086584996
5.2,1.074624993
5.3,1.089694597
5.4,1.083993662
5.5,1.068166591
5.6,1.053096988
5.7,1.037708452
5.8,1.021522584
5.9,1.006452983
6,0.993177384
6.1,0.980818718
6.2,0.96790192
6.3,0.955463522
6.4,0.946254324
6.5,0.937762726
6.6,0.929629928
6.7,0.921058597
6.8,0.9126866
6.9,0.905789669
7,0.899490738
7.1,0.892474208
7.2,0.884779944
7.3,0.877603947
7.4,0.871225284
7.5,0.865524353
7.6,0.860421423
7.7,0.855159025
7.8,0.850414895
7.9,0.845870097
8,0.8407273
8.1,0.835783836
8.2,0.831757306
8.3,0.827571308
8.4,0.823744111
8.5,0.821391979
8.6,0.818601314
8.7,0.815850516
8.8,0.813418651
8.9,0.811744252
9,0.808754254
9.1,0.806561589
9.2,0.804089857
9.3,0.802654658
9.4,0.801059993
9.5,0.799026794
9.6,0.797312529
9.7,0.79575773
9.8,0.794322531
9.9,0.793325865
10,0.791731199
10.1,0.7905352
10.2,0.789259468
10.3,0.788502002
10.4,0.787306003
10.5,0.78686747
10.6,0.785830937
10.7,0.784555205
10.8,0.783757872
10.9,0.782880806
11,0.782282806
11.1,0.78152534
11.2,0.780728008
11.3,0.779890808
11.4,0.779213076
11.5,0.778495476
11.6,0.77809681
11.7,0.777419077
11.8,0.776621744
11.9,0.777100144
12,0.775744678
12.1,0.775146679
12.2,0.774708146
12.3,0.774389213
12.4,0.774468946
12.5,0.774189879
12.6,0.773631747
12.7,0.773631747
12.8,0.77287428
12.9,0.772595214
13,0.772356014
13.1,0.772435748
13.2,0.772276281
13.3,0.772236414
13.4,0.772037081
13.5,0.771957348
13.6,0.772515481
13.7,0.772196548
13.8,0.771917481
13.9,0.772914147
14,0.772316148
14.1,0.771758015
14.2,0.771558682
14.3,0.771718148
14.4,0.771877615
14.5,0.772037081
14.6,0.772395881
14.7,0.772754681
14.8,0.773272947
14.9,0.77347228
15,0.773791213
15.1,0.774668279
15.2,0.774787879
15.3,0.774787879
15.4,0.774628412
15.5,0.774827746
15.6,0.774429079
15.7,0.774907479
15.8,0.775106812
15.9,0.775266279
16,0.775744678
16.1,0.776262944
16.2,0.776860944
16.3,0.777339344
16.4,0.77809681
16.5,0.778894142
16.6,0.779771208
16.7,0.780528674
16.8,0.781605074
16.9,0.78248214
17,0.783399072
17.1,0.784156538
17.2,0.784754538
17.3,0.785631604
17.4,0.786588403
17.5,0.787186403
17.6,0.787824269
17.7,0.788541868
17.8,0.789498668
17.9,0.790056801
18,0.7910136
18.1,0.791611599
18.2,0.792528532
18.3,0.793565065
18.4,0.794402264
18.5,0.79539893
18.6,0.796196263
18.7,0.797153062
18.8,0.797950395
18.9,0.799066661
19,0.799744394
19.1,0.800461993
19.2,0.801299192
19.3,0.801817459
19.4,0.802614791
19.5,0.803053324
19.6,0.803451991
19.7,0.804010124
19.8,0.804249324
19.9,0.804727723
20,0.80464799
20.1,0.804568257
20.2,0.804727723
20.3,0.804687857
20.4,0.804687857
20.5,0.80464799
20.6,0.804488523
20.7,0.804329057
20.8,0.803810791
20.9,0.803292524
21,0.802814125
21.1,0.802096525
21.2,0.801020126
21.3,0.800103193
21.4,0.799066661
21.5,0.797751062
21.6,0.796435463
21.7,0.79492053
21.8,0.793525198
21.9,0.791890666
22,0.790495334
22.1,0.789020268
22.2,0.787585069
22.3,0.78626947
22.4,0.785711337
22.5,0.784794405
22.6,0.783319339
22.7,0.782083473
22.8,0.779930675
22.9,0.77737921
23,0.774748012
23.1,0.772236414
23.2,0.769047084
23.3,0.766176686
23.4,0.762788022
23.5,0.759279758
23.6,0.756130294
23.7,0.752183498
23.8,0.748356301
23.9,0.744529104
24,0.740941107
24.1,0.735997645
24.2,0.731452849
24.3,0.726908053
24.4,0.722044325
24.5,0.717379929
24.6,0.712396601
24.7,0.707174072
24.8,0.701712344
24.9,0.69633035
25,0.690868622
25.1,0.685008228
25.2,0.679227568
25.3,0.673167841
25.4,0.667187847
25.5,0.66148692
25.6,0.65522786
25.7,0.6495668
25.8,0.643507074
25.9,0.637248014
26,0.630949088
26.1,0.625048829
26.2,0.619108702
26.3,0.614444308
26.4,0.607068984
26.5,0.601088991
26.6,0.595348198
26.7,0.589368206
26.8,0.58354768
26.9,0.57848462
27,0.572305295
27.1,0.566883435
27.2,0.561341976
27.3,0.556079583
27.4,0.550737457
27.5,0.545833863
27.6,0.540890404
27.7,0.53610641
27.8,0.53164135
27.9,0.528093221
28,0.522631496
28.1,0.518046836
28.2,0.514179775
28.3,0.510272847
28.4,0.506605119
28.5,0.503017124
28.6,0.499628462
28.7,0.496518867
28.8,0.494007271
28.9,0.491136875
29,0.488425945
29.1,0.485754883
29.2,0.483402753
29.3,0.481409423
29.4,0.479416092
29.5,0.477622095
29.6,0.475987564
29.7,0.474990899
29.8,0.473037435
29.9,0.471602237
30,0.470765039
30.1,0.46968864
30.2,0.469529174
30.3,0.468213576
30.4,0.467416244
30.5,0.467057444
30.6,0.466977711
30.7,0.466818245
30.8,0.466658778
30.9,0.466738511
31,0.466738511
31.1,0.467495977
31.2,0.467495977
31.3,0.467854776
31.4,0.468213576
31.5,0.468811575
31.6,0.469768373
31.7,0.470246773
31.8,0.470844772
31.9,0.471602237
32,0.472519169
32.1,0.473356368
32.2,0.4743929
32.3,0.475349698
32.4,0.476705163
32.5,0.477701828
32.6,0.478698493
32.7,0.479854625
32.8,0.48097089
32.9,0.482007422
33,0.483043953
33.1,0.484279818
33.2,0.485276483
33.3,0.486592082
33.4,0.487628613
33.5,0.488944211
33.6,0.490180076
33.7,0.491615274
33.8,0.492771406
33.9,0.494087004
34,0.495402602
34.1,0.496518867
34.2,0.497754732
34.3,0.49895073
34.4,0.500186595
34.5,0.50142246
34.6,0.502578591
34.7,0.503894189
34.8,0.505010454
34.9,0.506246319
35,0.507322718
35.1,0.508478849
35.2,0.509555248
35.3,0.510870846
35.4,0.512026978
35.5,0.513183109
35.6,0.514219641
35.7,0.515575106
35.8,0.516611638
35.9,0.51764817
36,0.518644835
36.1,0.5196415
36.2,0.520797632
36.3,0.521834164
36.4,0.522870696
36.5,0.523787628
36.6,0.524744426
36.7,0.525541758
36.8,0.52669789
36.9,0.527574956
37,0.528412154
37.1,0.529368953
37.2,0.530166285
37.3,0.530923751
37.4,0.53164135
37.5,0.532398815
37.6,0.532996815
37.7,0.53363468
37.8,0.534591479
37.9,0.535309078
38,0.536186143
38.1,0.536784143
38.2,0.537621341
38.3,0.538179474
38.4,0.538737607
38.5,0.539335606
38.6,0.539933605
38.7,0.540730937
38.8,0.54128907
38.9,0.541847202
39,0.542365468
39.1,0.542963467
39.2,0.543681066
39.3,0.544438532
39.4,0.544916931
39.5,0.545475064
39.6,0.546192663
39.7,0.546671062
39.8,0.547348795
39.9,0.547946794
40,0.548504927
40.1,0.548983326
40.2,0.549501592
40.3,0.549900258
40.4,0.550378657
40.5,0.55117599
40.6,0.551654389
40.7,0.552212521
40.8,0.552571321
40.9,0.552969987
41,0.55340852
41.1,0.55364772
41.2,0.554086252
41.3,0.554405185
41.4,0.554843718
41.5,0.555082918
41.6,0.555561317
41.7,0.555920116
41.8,0.556278916
41.9,0.556518116
42,0.556837049
42.1,0.557195848
42.2,0.557395181
42.3,0.557634381
42.4,0.557913447
42.5,0.558072914
42.6,0.558192513
42.7,0.557674247
42.8,0.557594514
42.9,0.557634381
43,0.557395181
43.1,0.557195848
43.2,0.556717449
43.3,0.556518116
43.4,0.556518116
43.5,0.556278916
43.6,0.556159316
43.7,0.55576065
43.8,0.555282251
43.9,0.554803851
44,0.554086252
44.1,0.55340852
44.2,0.552491588
44.3,0.551574656
44.4,0.55093679
44.5,0.549979991
44.6,0.549023192
44.7,0.548066394
44.8,0.547189328
44.9,0.54599333
45,0.544757465
45.1,0.5431628
45.2,0.542086402
45.3,0.540970137
45.4,0.539853872
45.5,0.537661208
45.6,0.536385477
45.7,0.534910412
45.8,0.533355614
45.9,0.532040016
46,0.530525085
46.1,0.529010154
46.2,0.527574956
46.3,0.526259357
46.4,0.524545093
46.5,0.522870696
46.6,0.521276031
46.7,0.519482034
46.8,0.517329237
46.9,0.514897374
47,0.513541909
47.1,0.511747911
47.2,0.509316048
47.3,0.507163251
47.4,0.505209788
47.5,0.503256324
47.6,0.501621793
47.7,0.499309529
47.8,0.4968378
47.9,0.495283002
48,0.493768071
48.1,0.492891006
48.2,0.491615274
48.3,0.489980743
48.4,0.488784745
48.5,0.486871148
48.6,0.485396083
48.7,0.484160218
48.8,0.481568889
48.9,0.479416092
49,0.477821428
49.1,0.471602237
49.2,0.487708347
49.3,0.479814758
49.4,0.473834767
49.5,0.467854776
49.6,0.464705315
49.7,0.462233585
49.8,0.458366524
49.9,0.455217062
50,0.452546
50.1,0.449715471
50.2,0.447203875
50.3,0.444293613
50.4,0.441423217
50.5,0.439429887
50.6,0.436998024
50.7,0.435124294
50.8,0.43317083
50.9,0.4309383
51,0.428267238
51.1,0.426552974
51.2,0.424479911
51.3,0.42296498
51.4,0.42061285
51.5,0.419058053
51.6,0.417622855
51.7,0.416028191
51.8,0.414194327
51.9,0.412440197
52,0.410207667
52.1,0.408094737
52.2,0.406978472
52.3,0.405503408
52.4,0.403709411
52.5,0.401995147
52.6,0.401317415
52.7,0.400480216
52.8,0.399563284
52.9,0.397609821
53,0.396573289
53.1,0.391310898
53.2,0.387722904
53.3,0.384613309
53.4,0.382181446
53.5,0.380307716
53.6,0.378473852
53.7,0.377158255
53.8,0.375882523
53.9,0.374845992
54,0.374327726
54.1,0.373291194
54.2,0.371855997
54.3,0.369862667
54.4,0.367630137
54.5,0.365557074
54.6,0.364121876
54.7,0.362567079
54.8,0.360653482
54.9,0.359218285
55,0.358261486
55.1,0.356626956
55.2,0.354912692
55.3,0.353636961
55.4,0.352440963
55.5,0.350846299
55.6,0.349730034
55.7,0.348534036
55.8,0.347577238
55.9,0.345942707
56,0.345025776
56.1,0.343431112
56.2,0.344188577
56.3,0.342554046
56.4,0.340959383
56.5,0.340042451
56.6,0.338966053
56.7,0.337650455
56.8,0.336334857
56.9,0.335457792
57,0.334620593
57.1,0.333823261
57.2,0.332706997
57.3,0.331909665
57.4,0.331351532
57.5,0.3306738
57.6,0.329996068
57.7,0.329477802
57.8,0.328481137
57.9,0.328082471
58,0.327484472
58.1,0.327125673
58.2,0.326766874
58.3,0.325849942
58.4,0.324733677
58.5,0.323697146
58.6,0.322979547
58.7,0.322301815
58.8,0.321384883
58.9,0.320627418
59,0.320149019
59.1,0.319869952
59.2,0.318992887
59.3,0.318036089
59.4,0.31743809
59.5,0.316800224
59.6,0.316002892
59.7,0.315604226
59.8,0.314527828
59.9,0.313650763
60,0.312335166
60.1,0.311378367
60.2,0.310860101
60.3,0.31006277
60.4,0.309345171
60.5,0.308547839
60.6,0.307790374
60.7,0.307072775
60.8,0.306554509
60.9,0.305916644
61,0.305199045
61.1,0.304481446
61.2,0.303684114
61.3,0.303046249
61.4,0.30232865
61.5,0.301571184
61.6,0.301013052
61.7,0.300175854
61.8,0.299537988
61.9,0.299179189
62,0.298541323
62.1,0.297783858
62.2,0.297345325
62.3,0.297145992
62.4,0.30208945
62.5,0.303883447
62.6,0.301690784
62.7,0.299219055
62.8,0.297145992
62.9,0.294076264
63,0.292481601
63.1,0.291963335
63.2,0.290009872
63.3,0.291883602
63.4,0.289491606
63.5,0.286820544
63.6,0.284946814
63.7,0.28347175
63.8,0.282475085
63.9,0.281558153
64,0.280601355
64.1,0.279564824
64.2,0.278727625
64.3,0.27773096
64.4,0.276933628
64.5,0.276455229
64.6,0.281000021
64.7,0.28371095
64.8,0.28135882
64.9,0.279126291
65,0.277292428
65.1,0.275777497
65.2,0.274182833
65.3,0.272667903
65.4,0.271631371
65.5,0.270554973
65.6,0.269797508
65.7,0.268960309
65.8,0.26836231
65.9,0.267564979
66,0.266887246
66.1,0.267844045
66.2,0.275139632
66.3,0.271073239
66.4,0.26884071
66.5,0.267246046
66.6,0.266129781
66.7,0.264814183
66.8,0.263897252
66.9,0.26309992
67,0.262302588
67.1,0.261545123
67.2,0.260907257
67.3,0.260149792
67.4,0.259511926
67.5,0.258834194
67.6,0.261305923
67.7,0.266129781
67.8,0.264096585
67.9,0.261943789
68,0.260548458
68.1,0.259192994
68.2,0.258395662
68.3,0.25747873
68.4,0.256721265
68.5,0.2558442
68.6,0.255007001
68.7,0.254050203
68.8,0.253372471
68.9,0.252854205
69,0.252256206
69.1,0.255923933
69.2,0.260149792
69.3,0.256322599
69.4,0.253691404
69.5,0.252056873
69.6,0.250900742
69.7,0.249704744
69.8,0.248827679
69.9,0.247910747
70,0.247233015
70.1,0.246435684
70.2,0.245678218
70.3,0.245159953
70.4,0.244681553
70.5,0.244043688
70.6,0.243485556
70.7,0.242887557
70.8,0.242409158
70.9,0.241930758
71,0.241492226
71.1,0.241173293
71.2,0.240655027
71.3,0.240256361
71.4,0.239857696
71.5,0.23945903
71.6,0.239179963
71.7,0.239140097
71.8,0.248827679
71.9,0.247631681
72,0.24484102
72.1,0.243286223
72.2,0.242010492
72.3,0.241013827
72.4,0.239977295
72.5,0.23898063
72.6,0.238023832
72.7,0.237545433
72.8,0.236668368
72.9,0.237106901
73,0.236389302
73.1,0.234555439
73.2,0.233558774
73.3,0.232761442
73.4,0.232163443
73.5,0.231605311
73.6,0.231126912
73.7,0.230688379
73.8,0.23020998
73.9,0.229691714
74,0.229133582
74.1,0.22857545
74.2,0.22809705
74.3,0.227618651
74.4,0.227140252
74.5,0.226781453
74.6,0.226143587
74.7,0.230648512
74.8,0.233359441
74.9,0.231007312
75,0.229013982
75.1,0.227658518
75.2,0.226661853
75.3,0.225904388
75.4,0.225226656
75.5,0.22446919
75.6,0.223911058
75.7,0.223313059
75.8,0.222635327
75.9,0.222117061
76,0.221758262
76.1,0.221160263
76.2,0.220721731
76.3,0.220283198
76.4,0.219764932
76.5,0.219286533
76.6,0.218848001
76.7,0.218250002
76.8,0.217811469
76.9,0.217412803
77,0.217253337
77.1,0.217093871
77.2,0.216774938
77.3,0.216376272
77.4,0.216137073
77.5,0.215658673
77.6,0.215220141
77.7,0.214821475
77.8,0.214382942
77.9,0.218887867
78,0.217731736
78.1,0.216695205
78.2,0.21581814
78.3,0.215220141
78.4,0.214542409
78.5,0.21406401
78.6,0.213665344
78.7,0.213226811
78.8,0.212947745
78.9,0.212588946
79,0.212429479
79.1,0.21219028
79.2,0.211990947
79.3,0.211711881
79.4,0.211392948
79.5,0.210994282
79.6,0.210715216
79.7,0.210476016
79.8,0.211592281
79.9,0.200788434
80,0.205612292
80.1,0.207565755
80.2,0.20844282
80.3,0.207127223
80.4,0.210396283
80.5,0.214422809
80.6,0.216535738
80.7,0.22084133
80.8,0.225585455
80.9,0.224668523
81,0.223711725
81.1,0.222475861
81.2,0.225226656
81.3,0.227140252
81.4,0.230369446
81.5,0.231804644
81.6,0.231246511
81.7,0.231206645
81.8,0.23009038
81.9,0.230568779
82,0.228495716
82.1,0.227060519
82.2,0.22494759
82.3,0.224070525
82.4,0.223791458
82.5,0.222396128
82.6,0.222435994
82.7,0.223392792
82.8,0.22283466
82.9,0.22108053
83,0.220801464
83.1,0.220163598
83.2,0.220562264
83.3,0.219884532
83.4,0.218808134
83.5,0.21733307
83.6,0.216535738
83.7,0.216017473
83.8,0.21406401
83.9,0.213426144
84,0.213346411
84.1,0.213426144
84.2,0.213585611
84.3,0.212868012
84.4,0.212110547
84.5,0.21230988
84.6,0.210755082
84.7,0.209678684
84.8,0.208961086
84.9,0.208761753
85,0.208044154
85.1,0.209040819
85.2,0.208123887
85.3,0.207326556
85.4,0.206130558
85.5,0.205014293
85.6,0.204097362
85.7,0.20294123
85.8,0.201705366
85.9,0.2010675
86,0.200509368
86.1,0.199951236
86.2,0.199034304
86.3,0.198117373
86.4,0.198157239
86.5,0.197359907
86.6,0.196921375
86.7,0.19616391
86.8,0.195884843
86.9,0.19592471
87,0.194967912
87.1,0.194529379
87.2,0.19405098
87.3,0.193333382
87.4,0.192815116
87.5,0.192097517
87.6,0.191977917
87.7,0.19042312
87.8,0.189944721
87.9,0.189745388
88,0.188748723
88.1,0.188429791
88.2,0.188150725
88.3,0.18727366
88.4,0.186715527
88.5,0.186675661
88.6,0.186595928
88.7,0.186237128
88.8,0.18528033
88.9,0.185360063
89,0.184722198
89.1,0.184722198
89.2,0.184323532
89.3,0.183765399
89.4,0.183566067
89.5,0.183207267
89.6,0.182569402
89.7,0.182409935
89.8,0.182649135
89.9,0.181851803
90,0.180895005
90.1,0.180057806
90.2,0.179858473
90.3,0.179499674
90.4,0.179300341
90.5,0.178582743
90.6,0.178503009
90.7,0.177705678
90.8,0.177865144
90.9,0.177227278
91,0.176748879
91.1,0.176310347
91.2,0.176429947
91.3,0.175871814
91.4,0.175034616
91.5,0.175034616
91.6,0.174476484
91.7,0.174317017
91.8,0.174077818
91.9,0.174037951
92,0.174117684
92.1,0.173639285
92.2,0.173559552
92.3,0.173599419
92.4,0.173400086
92.5,0.172841953
92.6,0.172562887
92.7,0.172044622
92.8,0.172044622
92.9,0.171645956
93,0.171446623
93.1,0.170848624
93.2,0.170689157
93.3,0.170609424
93.4,0.170689157
93.5,0.170290491
93.6,0.170051292
93.7,0.169612759
93.8,0.169413426
93.9,0.169214094
94,0.168616095
94.1,0.168376895
94.2,0.168297162
94.3,0.167978229
94.4,0.167659296
94.5,0.167420097
94.6,0.166702498
94.7,0.166662632
94.8,0.166303832
94.9,0.166144366
95,0.165546367
95.1,0.165546367
95.2,0.165267301
95.3,0.165705833
95.4,0.165187568
95.5,0.164629436
95.6,0.165347034
95.7,0.164988235
95.8,0.164310503
95.9,0.164190903
96,0.163513171
96.1,0.163513171
96.2,0.163273971
96.3,0.162994905
96.4,0.162636106
96.5,0.16211784
96.6,0.161918507
96.7,0.161599575
96.8,0.161280642
96.9,0.160881976
97,0.160881976
97.1,0.160682643
97.2,0.160682643
97.3,0.160523177
97.4,0.160563043
97.5,0.160323844
97.6,0.159885311
97.7,0.159207579
97.8,0.159606245
97.9,0.159167712
98,0.158888646
98.1,0.158450114
98.2,0.157971715
98.3,0.157732515
98.4,0.157373716
98.5,0.157453449
98.6,0.15709465
98.7,0.156656117
98.8,0.156815584
98.9,0.156656117
99,0.155938519
99.1,0.156097985
99.2,0.155659452
99.3,0.155619586
99.4,0.15522092
99.5,0.154662788
99.6,0.154822254
99.7,0.154423588
99.8,0.153785723
99.9,0.154423588
100,0.154144522
100.1,0.153666123
100.2,0.153546523
100.3,0.153666123
100.4,0.153187724
100.5,0.15334719
100.6,0.152988391
100.7,0.152988391
100.8,0.152669458
100.9,0.152191059
101,0.152549858
101.1,0.151872126
101.2,0.152151192
101.3,0.15171266
101.4,0.15171266
101.5,0.151553194
101.6,0.151393727
101.7,0.150915328
101.8,0.150995061
101.9,0.150596395
102,0.150397062
102.1,0.149799064
102.2,0.149320664
102.3,0.149639597
102.4,0.148802399
102.5,0.149320664
102.6,0.1482044
102.7,0.148603066
102.8,0.148483466
102.9,0.148284133
103,0.148164533
103.1,0.147765867
103.2,0.147885467
103.3,0.147128002
103.4,0.147446935
103.5,0.147566534
103.6,0.147526668
103.7,0.147407068
103.8,0.147088135
103.9,0.146928669
104,0.146928669
104.1,0.146490137
104.2,0.14621107
104.3,0.146131337
104.4,0.146131337
104.5,0.146011737
104.6,0.145812404
104.7,0.145453605
104.8,0.144975206
104.9,0.145573205
105,0.144736007
105.1,0.145334005
105.2,0.144975206
105.3,0.144337341
105.4,0.144098141
105.5,0.14457654
105.6,0.144138008
105.7,0.144297474
105.8,0.143619742
105.9,0.142862277
106,0.143181209
106.1,0.142503477
106.2,0.142862277
106.3,0.142862277
106.4,0.142623077
106.5,0.142144678
106.6,0.14270281
106.7,0.142583211
106.8,0.141706146
106.9,0.141666279
107,0.141546679
107.1,0.14106828
107.2,0.14106828
107.3,0.14106828
107.4,0.141626412
107.5,0.140709481
107.6,0.141267613
107.7,0.140629748
107.8,0.140550014
107.9,0.140829081
108,0.140270948
108.1,0.139872282
108.2,0.139712816
108.3,0.139593216
108.4,0.138875618
108.5,0.139074951
108.6,0.139593216
108.7,0.13919455
108.8,0.138636418
108.9,0.138716151
109,0.138317485
109.1,0.137480287
109.2,0.138357352
109.3,0.13779922
109.4,0.137201221
109.5,0.138397219
109.6,0.137400554
109.7,0.137360687
109.8,0.137001888
109.9,0.137280954
110,0.136682955
110.1,0.136244423
110.2,0.136364022
110.3,0.136842422
110.4,0.136603222
110.5,0.136005223
110.6,0.13568629
110.7,0.135766024
110.8,0.135566691
110.9,0.134968692
111,0.135407224
111.1,0.134370693
111.2,0.136244423
111.3,0.13580589
111.4,0.135447091
111.5,0.135168025
111.6,0.134849092
111.7,0.134729492
111.8,0.13429096
111.9,0.134570026
112,0.13417136
112.1,0.13393216
112.2,0.134131493
112.3,0.133852427
112.4,0.13393216
112.5,0.133653094
112.6,0.133094962
112.7,0.132736163
112.8,0.133374028
112.9,0.133055095
113,0.132656429
113.1,0.13229763
113.2,0.132457097
113.3,0.131978697
113.4,0.131420565
113.5,0.132098297
113.6,0.131540165
113.7,0.131500298
113.8,0.131460432
113.9,0.131261099
114,0.1305435
114.1,0.131061766
114.2,0.1309023
114.3,0.130702967
114.4,0.1306631
114.5,0.1304239
114.6,0.130184701
114.7,0.130065101
114.8,0.129985368
114.9,0.129267769
115,0.129347502
115.1,0.129387369
115.2,0.12902857
115.3,0.128988703
115.4,0.12902857
115.5,0.128829237
115.6,0.12878937
115.7,0.128749504
115.8,0.128629904
115.9,0.128111638
116,0.128031905
116.1,0.127992038
116.2,0.127832572
116.3,0.127234573
116.4,0.127473773
116.5,0.127234573
116.6,0.127194707
116.7,0.127314306
116.8,0.127354173
116.9,0.126756174
117,0.12691564
117.1,0.126955507
117.2,0.126596708
117.3,0.125759509
117.4,0.126477108
117.5,0.126516975
117.6,0.126237908
117.7,0.126397375
117.8,0.125600043
117.9,0.125719643
118,0.125480443
118.1,0.124643245
118.2,0.124842578
118.3,0.125480443
118.4,0.12516151
118.5,0.124722978
118.6,0.124563512
118.7,0.124483778
118.8,0.124483778
118.9,0.123606713
119,0.125201377
119.1,0.124802711
119.2,0.124603378
119.3,0.124443912
119.4,0.124364179
119.5,0.124204712
119.6,0.123726313
119.7,0.124005379
119.8,0.123088448
119.9,0.12340738
120,0.12340738
120.1,0.123128314
120.2,0.122649915
120.3,0.122530315
120.4,0.122649915
120.5,0.122370849
120.6,0.122689782
120.7,0.121414051
120.8,0.123327647
120.9,0.121812717
121,0.121214718
121.1,0.12189245
121.2,0.121613384
121.3,0.120816052
121.4,0.123088448
121.5,0.121533651
121.6,0.121095118
121.7,0.120297786
121.8,0.120895785
121.9,0.120297786
122,0.12013832
122.1,0.122051916
122.2,0.120178187
122.3,0.119899121
122.4,0.120855919
122.5,0.119620054
122.6,0.119500455
122.7,0.120656586
122.8,0.119420721
122.9,0.118583523
123,0.12001872
123.1,0.119779521
123.2,0.119301122
123.3,0.118304457
123.4,0.119141655
123.5,0.119022056
123.6,0.118144991
123.7,0.119261255
123.8,0.117666591
123.9,0.118902456
124,0.118105124
124.1,0.118224724
124.2,0.118105124
124.3,0.117945658
124.4,0.117826058
124.5,0.117028726
124.6,0.116909126
124.7,0.118862589
124.8,0.118344323
124.9,0.116669927
125,0.11651046
125.1,0.116390861
125.2,0.117985524
125.3,0.117706458
125.4,0.117507125
125.5,0.116909126
125.6,0.116709793
125.7,0.116709793
125.8,0.116988859
125.9,0.11674966
126,0.116550327
126.1,0.116470594
126.2,0.116470594
126.3,0.11651046
126.4,0.115952328
126.5,0.115992195
126.6,0.115274596
126.7,0.114836064
126.8,0.114716464
126.9,0.115673262
127,0.11511513
127.1,0.115314463
127.2,0.115832728
127.3,0.115673262
127.4,0.115434062
127.5,0.11499553
127.6,0.11499553
127.7,0.113919132
127.8,0.115354329
127.9,0.11511513
128,0.114636731
128.1,0.114198198
128.2,0.11487593
128.3,0.113560333
128.4,0.115075263
128.5,0.11487593
128.6,0.11487593
128.7,0.11499553
128.8,0.114955663
128.9,0.114796197
129,0.11475633
129.1,0.114716464
129.2,0.114556997
129.3,0.114238065
129.4,0.113560333
129.5,0.113480599
129.6,0.114038732
129.7,0.113719799
129.8,0.113640066
129.9,0.113480599
130,0.113440733
130.1,0.113679932
130.2,0.113560333
130.3,0.113480599
130.4,0.113440733
130.5,0.113201533
130.6,0.112962334
130.7,0.112882601
130.8,0.112922467
130.9,0.1130022
131,0.112962334
131.1,0.112683268
131.2,0.112802867
131.3,0.112523801
131.4,0.112444068
131.5,0.112483935
131.6,0.112483935
131.7,0.112244735
131.8,0.112284602
131.9,0.111846069
132,0.111806203
132.1,0.112125135
132.2,0.111726469
132.3,0.111846069
132.4,0.112125135
132.5,0.111646736
132.6,0.111925802
132.7,0.111168337
132.8,0.111806203
132.9,0.111407537
133,0.111447403
133.1,0.11124807
133.2,0.111447403
133.3,0.111208204
133.4,0.110969004
133.5,0.11124807
133.6,0.111287937
133.7,0.110809538
133.8,0.110969004
133.9,0.111208204
134,0.111287937
134.1,0.110371005
134.2,0.11148727
134.3,0.111567003
134.4,0.11124807
134.5,0.111287937
134.6,0.111208204
134.7,0.111128471
134.8,0.110929138
134.9,0.110929138
135,0.110889271
135.1,0.10997234
135.2,0.110410872
135.3,0.110410872
135.4,0.110331139
135.5,0.110450739
135.6,0.110091939
135.7,0.110012206
135.8,0.110052073
135.9,0.110012206
136,0.110251406
136.1,0.109773007
136.2,0.10985274
136.3,0.110570338
136.4,0.110410872
136.5,0.110052073
136.6,0.110052073
136.7,0.109932473
136.8,0.10961354
136.9,0.10949394
137,0.109573674
137.1,0.109454074
137.2,0.109294607
137.3,0.10961354
137.4,0.109214874
137.5,0.109135141
137.6,0.109214874
137.7,0.108497276
137.8,0.108975675
137.9,0.109294607
138,0.108696609
138.1,0.109254741
138.2,0.109135141
138.3,0.108895942
138.4,0.108497276
138.5,0.108696609
138.6,0.108776342
138.7,0.108696609
138.8,0.108178343
138.9,0.108337809
139,0.108138476
139.1,0.108297943
139.2,0.108058743
139.3,0.108696609
139.4,0.107620211
139.5,0.108258076
139.6,0.107141812
139.7,0.10773981
139.8,0.107381011
139.9,0.107221545
140,0.107580344
140.1,0.106623546
140.2,0.107181678
140.3,0.107221545
140.4,0.106304613
140.5,0.106264747
140.6,0.107460744
140.7,0.107062078
140.8,0.108178343
140.9,0.107381011
141,0.106982345
141.1,0.106743146
141.2,0.106583679
141.3,0.105746481
141.4,0.105706614
141.5,0.107301278
141.6,0.107101945
141.7,0.106902612
141.8,0.106783012
141.9,0.106663413
142,0.105587015
142.1,0.105228215
142.2,0.105228215
142.3,0.106982345
142.4,0.105866081
142.5,0.10598568
142.6,0.105706614
142.7,0.104909283
142.8,0.105547148
142.9,0.10470995
143,0.105188349
143.1,0.10459035
143.2,0.10447075
143.3,0.105587015
143.4,0.10459035
143.5,0.105148482
143.6,0.104749816
143.7,0.104550483
143.8,0.104550483
143.9,0.10447075
144,0.104430883
144.1,0.104311284
144.2,0.106304613
144.3,0.10598568
144.4,0.105866081
144.5,0.105706614
144.6,0.105587015
144.7,0.105507281
144.8,0.105427548
144.9,0.105188349
145,0.104869416
145.1,0.10447075
145.2,0.10435115
145.3,0.104550483
145.4,0.104829549
145.5,0.104550483
145.6,0.10435115
145.7,0.104510617
145.8,0.104151817
145.9,0.104032218
146,0.103992351
146.1,0.104072084
146.2,0.103952484
146.3,0.103593685
146.4,0.10295582
146.5,0.102876086
146.6,0.103952484
146.7,0.103075419
146.8,0.10283622
146.9,0.103872751
147,0.103274752
147.1,0.102437554
147.2,0.102397687
147.3,0.102278088
147.4,0.103394352
147.5,0.103274752
147.6,0.103753151
147.7,0.103274752
147.8,0.103474085
147.9,0.103394352
148,0.103234886
148.1,0.103155153
148.2,0.102876086
148.3,0.102915953
148.4,0.102876086
148.5,0.102437554
148.6,0.10283622
148.7,0.101759822
148.8,0.101520622
148.9,0.102158488
149,0.102158488
149.1,0.102078755
149.2,0.102238221
149.3,0.102437554
149.4,0.102317954
149.5,0.102278088
149.6,0.101640222
149.7,0.102078755
149.8,0.102118621
149.9,0.101879422
150,0.101759822
150.1,0.101401023
150.2,0.100603691
150.3,0.101281423
150.4,0.102517287
150.5,0.101719955
150.6,0.101161823
150.7,0.10120169
150.8,0.101560489
150.9,0.101440889
151,0.101401023
151.1,0.101401023
151.2,0.101281423
151.3,0.101281423
151.4,0.10120169
151.5,0.101161823
151.6,0.10108209
151.7,0.101161823
151.8,0.10108209
151.9,0.101002357
152,0.100882757
152.1,0.100882757
152.2,0.100763157
152.3,0.100364491
152.4,0.100563824
152.5,0.100404358
152.6,0.100284758
152.7,0.100284758
152.8,0.100364491
152.9,0.100125292
153,0.100324625
153.1,0.100125292
153.2,0.099686759
153.3,0.099965825
153.4,0.100085425
153.5,0.099965825
153.6,0.100005692
153.7,0.099726626
153.8,0.099567159
153.9,0.099886092
154,0.099925959
154.1,0.099487426
154.2,0.099288093
154.3,0.099168494
154.4,0.09932796
154.5,0.099168494
154.6,0.09932796
154.7,0.098809694
154.8,0.098889427
154.9,0.098729961
155,0.098690094
155.1,0.098929294
155.2,0.098929294
155.3,0.098650228
155.4,0.098570495
155.5,0.099128627
155.6,0.09908876
155.7,0.098411028
155.8,0.098929294
155.9,0.098929294
156,0.098849561
156.1,0.098769828
156.2,0.098769828
156.3,0.098769828
156.4,0.098610361
156.5,0.098490762
156.6,0.098610361
156.7,0.098570495
156.8,0.098450895
156.9,0.098171829
157,0.097733296
157.1,0.097414364
157.2,0.097653563
157.3,0.097494097
157.4,0.097414364
157.5,0.097414364
157.6,0.096975831
157.7,0.096816365
157.8,0.098211695
157.9,0.098171829
158,0.098171829
158.1,0.098052229
158.2,0.09781303
158.3,0.097852896
158.4,0.09781303
158.5,0.097852896
158.6,0.09781303
158.7,0.096497432
158.8,0.096417699
158.9,0.096337966
159,0.096298099
159.1,0.098131962
159.2,0.097733296
159.3,0.097613697
159.4,0.09745423
159.5,0.09745423
159.6,0.09733463
159.7,0.097175164
159.8,0.097254897
159.9,0.0959393
160,0.0958197
160.1,0.097494097
160.2,0.097215031
160.3,0.097095431
160.4,0.097015698
160.5,0.096935965
160.6,0.096935965
160.7,0.096975831
160.8,0.097055564
160.9,0.097055564
161,0.096975831
161.1,0.096896098
161.2,0.096896098
161.3,0.096856231
161.4,0.096736632
161.5,0.096617032
161.6,0.096617032
161.7,0.096577165
161.8,0.096577165
161.9,0.096537299
162,0.096457565
162.1,0.096377832
162.2,0.095500767
162.3,0.095221701
162.4,0.095062235
162.5,0.095022368
162.6,0.0959393
162.7,0.094982502
162.8,0.096696765
162.9,0.096337966
163,0.096337966
163.1,0.096218366
163.2,0.096138633
163.3,0.096178499
163.4,0.096098766
163.5,0.096019033
163.6,0.0959393
163.7,0.095979166
163.8,0.0959393
163.9,0.095899433
164,0.0958197
164.1,0.095779833
164.2,0.095779833
164.3,0.095739967
164.4,0.095620367
164.5,0.095500767
164.6,0.095421034
164.7,0.095301434
164.8,0.095301434
164.9,0.095102101
165,0.095221701
165.1,0.095221701
165.2,0.094703435
165.3,0.094543969
165.4,0.093906104
165.5,0.095460901
165.6,0.095102101
165.7,0.094942635
165.8,0.094862902
165.9,0.094543969
166,0.094025703
166.1,0.09394597
166.2,0.09394597
166.3,0.093826371
166.4,0.093427705
166.5,0.093387838
166.6,0.093347971
166.7,0.093188505
166.8,0.093746637
166.9,0.093587171
167,0.093866237
167.1,0.093627038
167.2,0.093587171
167.3,0.093467571
167.4,0.093427705
167.5,0.093387838
167.6,0.094543969
167.7,0.094264903
167.8,0.09418517
167.9,0.094145303
168,0.093985837
168.1,0.093427705
168.2,0.093148638
168.3,0.092630373
168.4,0.09255064
168.5,0.09255064
168.6,0.092470906
168.7,0.09243104
168.8,0.092351307
168.9,0.093906104
169,0.093746637
169.1,0.093627038
169.2,0.093627038
169.3,0.093507438
169.4,0.093467571
169.5,0.093387838
169.6,0.093427705
169.7,0.093387838
169.8,0.092949306
169.9,0.092710106
170,0.092829706
170.1,0.092630373
170.2,0.092710106
170.3,0.09255064
170.4,0.09255064
170.5,0.092470906
170.6,0.091952641
170.7,0.091713441
170.8,0.091633708
170.9,0.091593841
171,0.091593841
171.1,0.091434375
171.2,0.091514108
171.3,0.091434375
171.4,0.091434375
171.5,0.091314775
171.6,0.091314775
171.7,0.091195176
171.8,0.091195176
171.9,0.091115442
172,0.091195176
172.1,0.091155309
172.2,0.091075576
172.3,0.091115442
172.4,0.091035709
172.5,0.090955976
172.6,0.090876243
172.7,0.090836376
172.8,0.090836376
172.9,0.093308105
173,0.092749973
173.1,0.092470906
173.2,0.092351307
173.3,0.09231144
173.4,0.09219184
173.5,0.09219184
173.6,0.092112107
173.7,0.092072241
173.8,0.092072241
173.9,0.091992507
174,0.091952641
174.1,0.091952641
174.2,0.091872908
174.3,0.091793174
174.4,0.091753308
174.5,0.091673575
174.6,0.091753308
174.7,0.091673575
174.8,0.091633708
174.9,0.091553975
175,0.091553975
175.1,0.091514108
175.2,0.091474242
175.3,0.091394509
175.4,0.091354642
175.5,0.091314775
175.6,0.091314775
175.7,0.091195176
175.8,0.091155309
175.9,0.091195176
176,0.091195176
176.1,0.091195176
176.2,0.090995843
176.3,0.091075576
176.4,0.091075576
176.5,0.090955976
176.6,0.090995843
176.7,0.090876243
176.8,0.090876243
176.9,0.090876243
177,0.09079651
177.1,0.090836376
177.2,0.090756643
177.3,0.09067691
177.4,0.09067691
177.5,0.090637043
177.6,0.090597177
177.7,0.090517444
177.8,0.090517444
177.9,0.090517444
178,0.09043771
178.1,0.090397844
178.2,0.090397844
178.3,0.090318111
178.4,0.090238377
178.5,0.090238377
178.6,0.090039044
178.7,0.090078911
178.8,0.090039044
178.9,0.089959311
179,0.089919445
179.1,0.089959311
179.2,0.089959311
179.3,0.089799845
179.4,0.089879578
179.5,0.089799845
179.6,0.089680245
179.7,0.089720112
179.8,0.089600512
179.9,0.089680245
180,0.089560645
180.1,0.089441046
180.2,0.089361312
180.3,0.089361312
180.4,0.089321446
180.5,0.089082246
180.6,0.089122113
180.7,0.089082246
180.8,0.08904238
180.9,0.08904238
181,0.08904238
181.1,0.088165315
181.2,0.088045715
181.3,0.088045715
181.4,0.089281579
181.5,0.08904238
181.6,0.08904238
181.7,0.088603847
181.8,0.088723447
181.9,0.088882913
182,0.088603847
182.1,0.088723447
182.2,0.088404514
182.3,0.088643714
182.4,0.088524114
182.5,0.088524114
182.6,0.088005848
182.7,0.088284915
182.8,0.088364648
182.9,0.088245048
183,0.088165315
183.1,0.087886249
183.2,0.087886249
183.3,0.087686916
183.4,0.08716865
183.5,0.087766649
183.6,0.087607182
183.7,0.087607182
183.8,0.087009184
183.9,0.08692945
184,0.086889584
184.1,0.086809851
184.2,0.086769984
184.3,0.086730117
184.4,0.086690251
184.5,0.086650384
184.6,0.086610518
184.7,0.086490918
184.8,0.086490918
184.9,0.086451051
185,0.086451051
185.1,0.086451051
185.2,0.086371318
185.3,0.086411185
185.4,0.086291585
185.5,0.086331452
185.6,0.086171985
185.7,0.086171985
185.8,0.086092252
185.9,0.086092252
186,0.086092252
186.1,0.086052385
186.2,0.086012519
186.3,0.085932786
186.4,0.085932786
186.5,0.085972652
186.6,0.085892919
186.7,0.085853053
186.8,0.085853053
186.9,0.085773319
187,0.085693586
187.1,0.085613853
187.2,0.085613853
187.3,0.085613853
187.4,0.085494253
187.5,0.085573986
187.6,0.08553412
187.7,0.08553412
187.8,0.085494253
187.9,0.085454387
188,0.08541452
188.1,0.085374653
188.2,0.085374653
188.3,0.08529492
188.4,0.08529492
188.5,0.08517532
188.6,0.08517532
188.7,0.085135454
188.8,0.085095587
188.9,0.088723447
189,0.087328116
189.1,0.087088917
189.2,0.086849717
189.3,0.086809851
189.4,0.086650384
189.5,0.086570651
189.6,0.086570651
189.7,0.086610518
189.8,0.086530785
189.9,0.086490918
190,0.086331452
190.1,0.086490918
190.2,0.086371318
190.3,0.086291585
190.4,0.086291585
190.5,0.086331452
190.6,0.086211852
190.7,0.086171985
190.8,0.086171985
190.9,0.086171985
191,0.086132119
191.1,0.086092252
191.2,0.086052385
191.3,0.086012519
191.4,0.086012519
191.5,0.085932786
191.6,0.085932786
191.7,0.085773319
191.8,0.085813186
191.9,0.085733453
192,0.085773319
192.1,0.085693586
192.2,0.085613853
192.3,0.085573986
192.4,0.085573986
192.5,0.085573986
192.6,0.08553412
192.7,0.085454387
192.8,0.085454387
192.9,0.085454387
193,0.085374653
193.1,0.085374653
193.2,0.085255054
193.3,0.085255054
193.4,0.085215187
193.5,0.085255054
193.6,0.08517532
193.7,0.085135454
193.8,0.085135454
193.9,0.085135454
194,0.085055721
194.1,0.084975988
194.2,0.085015854
194.3,0.084856388
194.4,0.084936121
194.5,0.084856388
194.6,0.084896254
194.7,0.084736788
194.8,0.084696921
194.9,0.084657055
195,0.084577322
195.1,0.084696921
195.2,0.084657055
195.3,0.084577322
195.4,0.084537455
195.5,0.084577322
195.6,0.084617188
195.7,0.084457722
195.8,0.084417855
195.9,0.084338122
196,0.084377989
196.1,0.084338122
196.2,0.084298256
196.3,0.084338122
196.4,0.084218522
196.5,0.084258389
196.6,0.084258389
196.7,0.084218522
196.8,0.084098923
196.9,0.084098923
197,0.084138789
197.1,0.084059056
197.2,0.084059056
197.3,0.084019189
197.4,0.083979323
197.5,0.084019189
197.6,0.084019189
197.7,0.083979323
197.8,0.08389959
197.9,0.083859723
198,0.083859723
198.1,0.083859723
198.2,0.083859723
198.3,0.08377999
198.4,0.083700257
198.5,0.083700257
198.6,0.08366039
198.7,0.08366039
198.8,0.08366039
198.9,0.08354079
199,0.083580657
199.1,0.083421191
199.2,0.083461057
199.3,0.083461057
199.4,0.083461057
199.5,0.083421191
199.6,0.083421191
199.7,0.083381324
199.8,0.083301591
199.9,0.083301591
200,0.083221858
200.1,0.083221858
200.2,0.083261724
200.3,0.083261724
200.4,0.083142124
200.5,0.083142124
200.6,0.083102258
200.7,0.083102258
200.8,0.083062391
200.9,0.083022525
201,0.083062391
201.1,0.082982658
201.2,0.082982658
201.3,0.082982658
201.4,0.082902925
201.5,0.082902925
201.6,0.082863058
201.7,0.082902925
201.8,0.082823192
201.9,0.082863058
202,0.082902925
202.1,0.082823192
202.2,0.082743459
202.3,0.082743459
202.4,0.082703592
202.5,0.082663725
202.6,0.082703592
202.7,0.082583992
202.8,0.082583992
202.9,0.082663725
203,0.082583992
203.1,0.082583992
203.2,0.082583992
203.3,0.082464392
203.4,0.082424526
203.5,0.082504259
203.6,0.082384659
203.7,0.082504259
203.8,0.082384659
203.9,0.082424526
204,0.082384659
204.1,0.082384659
204.2,0.082424526
204.3,0.082384659
204.4,0.082265059
204.5,0.082265059
204.6,0.082225193
204.7,0.082225193
204.8,0.082265059
204.9,0.082225193
205,0.082304926
205.1,0.082225193
205.2,0.082185326
205.3,0.082185326
205.4,0.082225193
205.5,0.082065726
205.6,0.082105593
205.7,0.082105593
205.8,0.082065726
205.9,0.08202586
206,0.082105593
206.1,0.081946127
206.2,0.082065726
206.3,0.081946127
206.4,0.081946127
206.5,0.081826527
206.6,0.081866394
206.7,0.081866394
206.8,0.08190626
206.9,0.081866394
207,0.08178666
207.1,0.081706927
207.2,0.081746794
207.3,0.081746794
207.4,0.081746794
207.5,0.081826527
207.6,0.081746794
207.7,0.08178666
207.8,0.081667061
207.9,0.081706927
208,0.081706927
208.1,0.081706927
208.2,0.081667061
208.3,0.081706927
208.4,0.081667061
208.5,0.081627194
208.6,0.081627194
208.7,0.081547461
208.8,0.081507594
208.9,0.081467728
209,0.081547461
209.1,0.081427861
209.2,0.081547461
209.3,0.081547461
209.4,0.081507594
209.5,0.081547461
209.6,0.081507594
209.7,0.081387994
209.8,0.081427861
209.9,0.081308261
210,0.081348128
210.1,0.081348128
210.2,0.081228528
210.3,0.081268395
210.4,0.081228528
210.5,0.081148795
210.6,0.081108928
210.7,0.081148795
210.8,0.081069062
210.9,0.081069062
211,0.081029195
211.1,0.081108928
211.2,0.080989329
211.3,0.081069062
211.4,0.080989329
211.5,0.080949462
211.6,0.080949462
211.7,0.080949462
211.8,0.080989329
211.9,0.080829862
212,0.080909595
212.1,0.080909595
212.2,0.080750129
212.3,0.080750129
212.4,0.080670396
212.5,0.080630529
212.6,0.080670396
212.7,0.080670396
212.8,0.080670396
212.9,0.080630529
213,0.080670396
213.1,0.080630529
213.2,0.080550796
213.3,0.080550796
213.4,0.080630529
213.5,0.080550796
213.6,0.080550796
213.7,0.080510929
213.8,0.080471063
213.9,0.080510929
214,0.080471063
214.1,0.080351463
214.2,0.080431196
214.3,0.080431196
214.4,0.080431196
214.5,0.080351463
214.6,0.080311597
214.7,0.08027173
214.8,0.080351463
214.9,0.08027173
215,0.08015213
215.1,0.080231863
215.2,0.08027173
215.3,0.08015213
215.4,0.08015213
215.5,0.080112264
215.6,0.080112264
215.7,0.08015213
215.8,0.080072397
215.9,0.08003253
216,0.080072397
216.1,0.08003253
216.2,0.079952797
216.3,0.08003253
216.4,0.079952797
216.5,0.08003253
216.6,0.079952797
216.7,0.079912931
216.8,0.079952797
216.9,0.079952797
217,0.079952797
217.1,0.079873064
217.2,0.079952797
217.3,0.079912931
217.4,0.079833197
217.5,0.079873064
217.6,0.079873064
217.7,0.079833197
217.8,0.079753464
217.9,0.079793331
218,0.079713598
218.1,0.079793331
218.2,0.079793331
218.3,0.079793331
218.4,0.079713598
218.5,0.079673731
218.6,0.079633864
218.7,0.079633864
218.8,0.079633864
218.9,0.079713598
219,0.079673731
219.1,0.079633864
219.2,0.079593998
219.3,0.079514265
219.4,0.079474398
219.5,0.079554131
219.6,0.079514265
219.7,0.079474398
219.8,0.079514265
219.9,0.079394665
220,0.079474398
220.1,0.079394665
220.2,0.079394665
220.3,0.079474398
220.4,0.079394665
220.5,0.079314932
220.6,0.079314932
220.7,0.079195332
220.8,0.079235199
220.9,0.079195332
221,0.079235199
221.1,0.079235199
221.2,0.079075732
221.3,0.079115599
221.4,0.079155465
221.5,0.079035866
221.6,0.079075732
221.7,0.079075732
221.8,0.078995999
221.9,0.078995999
222,0.078956132
222.1,0.078956132
222.2,0.078876399
222.3,0.078956132
222.4,0.078876399
222.5,0.078796666
222.6,0.078876399
222.7,0.078836533
222.8,0.078836533
222.9,0.0787568
223,0.0787568
223.1,0.0787568
223.2,0.078796666
223.3,0.078677066
223.4,0.078716933
223.5,0.078677066
223.6,0.078677066
223.7,0.0786372
223.8,0.078557467
223.9,0.078557467
224,0.078557467
224.1,0.0785176
224.2,0.078477733
224.3,0.078477733
224.4,0.078398
224.5,0.078437867
224.6,0.078477733
224.7,0.078437867
224.8,0.078318267
224.9,0.078358134
225,0.078238534
225.1,0.0782784
225.2,0.078358134
225.3,0.078358134
225.4,0.078238534
225.5,0.078238534
225.6,0.078158801
225.7,0.0782784
225.8,0.078198667
225.9,0.078198667
226,0.078158801
226.1,0.078198667
226.2,0.078198667
226.3,0.078118934
226.4,0.078118934
226.5,0.078118934
226.6,0.078158801
226.7,0.078079067
226.8,0.077919601
226.9,0.078039201
227,0.078039201
227.1,0.077959468
227.2,0.077999334
227.3,0.077959468
227.4,0.077959468
227.5,0.077879735
227.6,0.077879735
227.7,0.077959468
227.8,0.077959468
227.9,0.077959468
228,0.077919601
228.1,0.077800001
228.2,0.077800001
228.3,0.077879735
228.4,0.077800001
228.5,0.077839868
228.6,0.077800001
228.7,0.077839868
228.8,0.077680402
228.9,0.077600668
229,0.077640535
229.1,0.077600668
229.2,0.077720268
229.3,0.077680402
229.4,0.077600668
229.5,0.077600668
229.6,0.077680402
229.7,0.077600668
229.8,0.077600668
229.9,0.077520935
230,0.077520935
230.1,0.077481069
230.2,0.077520935
230.3,0.077481069
230.4,0.077481069
230.5,0.077441202
230.6,0.077481069
230.7,0.077401335
230.8,0.077361469
230.9,0.077361469
231,0.077281736
231.1,0.077321602
231.2,0.077321602
231.3,0.077281736
231.4,0.077241869
231.5,0.077241869
231.6,0.077281736
231.7,0.077202003
231.8,0.077122269
231.9,0.077082403
232,0.077162136
232.1,0.077082403
232.2,0.077082403
232.3,0.077122269
232.4,0.077122269
232.5,0.076922936
232.6,0.076962803
232.7,0.076962803
232.8,0.076922936
232.9,0.076922936
233,0.076962803
233.1,0.076803337
233.2,0.076803337
233.3,0.076803337
233.4,0.07688307
233.5,0.076803337
233.6,0.076803337
233.7,0.07676347
233.8,0.076803337
233.9,0.07664387
234,0.076723603
234.1,0.07676347
234.2,0.07664387
234.3,0.07664387
234.4,0.076683737
234.5,0.076604004
234.6,0.07664387
234.7,0.07664387
234.8,0.076484404
234.9,0.076564137
235,0.076604004
235.1,0.076484404
235.2,0.076444537
235.3,0.076404671
235.4,0.076404671
235.5,0.076324938
235.6,0.076364804
235.7,0.076324938
235.8,0.076324938
235.9,0.076324938
236,0.076285071
236.1,0.076245204
236.2,0.076285071
236.3,0.076205338
236.4,0.076205338
236.5,0.076125605
236.6,0.076165471
236.7,0.076125605
236.8,0.076125605
236.9,0.076085738
237,0.076045871
237.1,0.076006005
237.2,0.076045871
237.3,0.075966138
237.4,0.075886405
237.5,0.075966138
237.6,0.075966138
237.7,0.075926272
237.8,0.075846538
237.9,0.075806672
238,0.075806672
238.1,0.075886405
238.2,0.075766805
238.3,0.075766805
238.4,0.075726939
238.5,0.075806672
238.6,0.075687072
238.7,0.075647206
238.8,0.075647206
238.9,0.075647206
239,0.075647206
239.1,0.075607339
239.2,0.075567472
239.3,0.075567472
239.4,0.075487739
239.5,0.075487739
239.6,0.075527606
239.7,0.075487739
239.8,0.075487739
239.9,0.075487739
240,0.075368139
240.1,0.075408006
240.2,0.075368139
240.3,0.075328273
240.4,0.07524854
240.5,0.075288406
240.6,0.07524854
240.7,0.07524854
240.8,0.075168806
240.9,0.075168806
241,0.07524854
241.1,0.075089073
241.2,0.075049207
241.3,0.075089073
241.4,0.075089073
241.5,0.075049207
241.6,0.07500934
241.7,0.07500934
241.8,0.074929607
241.9,0.074929607
242,0.074969473
242.1,0.074849874
242.2,0.074849874
242.3,0.074849874
242.4,0.074849874
242.5,0.074770141
242.6,0.074770141
242.7,0.074730274
242.8,0.074690407
242.9,0.074690407
243,0.074610674
243.1,0.074650541
243.2,0.074610674
243.3,0.074690407
243.4,0.074570808
243.5,0.074610674
243.6,0.074530941
243.7,0.074570808
243.8,0.074491074
243.9,0.074491074
244,0.074451208
244.1,0.074491074
244.2,0.074451208
244.3,0.074371475
244.4,0.074371475
244.5,0.074331608
244.6,0.074291741
244.7,0.074331608
244.8,0.074251875
244.9,0.074172142
245,0.074291741
245.1,0.074212008
245.2,0.074132275
245.3,0.074212008
245.4,0.074132275
245.5,0.074092409
245.6,0.074092409
245.7,0.074092409
245.8,0.074052542
245.9,0.074052542
246,0.073972809
246.1,0.074012675
246.2,0.073893076
246.3,0.073972809
246.4,0.074012675
246.5,0.073853209
246.6,0.073893076
246.7,0.073773476
246.8,0.073773476
246.9,0.073733609
247,0.073733609
247.1,0.073693743
247.2,0.073733609
247.3,0.073653876
247.4,0.073733609
247.5,0.073574143
247.6,0.073574143
247.7,0.073454543
247.8,0.073534276
247.9,0.07349441
248,0.073454543
248.1,0.073414676
248.2,0.073414676
248.3,0.073454543
248.4,0.07337481
248.5,0.073334943
248.6,0.073334943
248.7,0.073334943
248.8,0.07337481
248.9,0.07325521
249,0.07325521
249.1,0.073215344
249.2,0.073175477
249.3,0.07313561
249.4,0.073095744
249.5,0.073055877
249.6,0.07313561
249.7,0.073016011
249.8,0.072976144
249.9,0.073016011
250,0.072936277
250.1,0.072856544
250.2,0.072896411
250.3,0.072816678
250.4,0.072856544
250.5,0.072856544
250.6,0.072816678
250.7,0.072816678
250.8,0.072776811
250.9,0.072856544
251,0.072776811
251.1,0.072697078
251.2,0.072776811
251.3,0.072697078
251.4,0.072736944
251.5,0.072657211
251.6,0.072657211
251.7,0.072617345
251.8,0.072617345
251.9,0.072577478
252,0.072617345
252.1,0.072617345
252.2,0.072497745
252.3,0.072457878
252.4,0.072537612
252.5,0.072577478
252.6,0.072457878
252.7,0.072457878
252.8,0.072457878
252.9,0.072457878
253,0.072457878
253.1,0.072457878
253.2,0.072537612
253.3,0.072378145
253.4,0.072457878
253.5,0.072378145
253.6,0.072338279
253.7,0.072378145
253.8,0.072298412
253.9,0.072298412
254,0.072258545
254.1,0.072298412
254.2,0.072218679
254.3,0.072138946
254.4,0.072218679
254.5,0.072178812
254.6,0.072138946
254.7,0.072138946
254.8,0.072099079
254.9,0.072138946
255,0.072138946
255.1,0.072059212
255.2,0.072019346
255.3,0.071979479
255.4,0.071939613
255.5,0.071979479
255.6,0.071939613
255.7,0.071939613
255.8,0.071979479
255.9,0.071899746
256,0.071899746
256.1,0.071820013
256.2,0.071820013
256.3,0.071859879
256.4,0.071780146
256.5,0.071820013
256.6,0.071820013
256.7,0.071780146
256.8,0.071820013
256.9,0.07174028
257,0.071660547
257.1,0.071700413
257.2,0.071700413
257.3,0.071660547
257.4,0.071660547
257.5,0.071660547
257.6,0.07162068
257.7,0.071540947
257.8,0.07162068
257.9,0.071660547
258,0.071540947
258.1,0.071540947
258.2,0.07150108
258.3,0.07150108
258.4,0.071461214
258.5,0.071421347
258.6,0.07150108
258.7,0.07150108
258.8,0.071341614
258.9,0.07138148
259,0.071341614
259.1,0.071341614
259.2,0.071341614
259.3,0.071261881
259.4,0.071341614
259.5,0.071182147
259.6,0.071261881
259.7,0.071261881
259.8,0.071182147
259.9,0.071182147
260,0.071102414
260.1,0.071102414
260.2,0.071102414
260.3,0.071142281
260.4,0.071182147
260.5,0.071062548
260.6,0.071022681
260.7,0.071102414
260.8,0.071102414
260.9,0.071062548
261,0.070982815
261.1,0.071022681
261.2,0.071022681
261.3,0.070982815
261.4,0.070942948
261.5,0.070903081
261.6,0.070863215
261.7,0.070903081
261.8,0.070783482
261.9,0.070863215
262,0.070823348
262.1,0.070783482
262.2,0.070743615
262.3,0.070823348
262.4,0.070823348
262.5,0.070783482
262.6,0.070743615
262.7,0.070624015
262.8,0.070743615
262.9,0.070624015
263,0.070624015
263.1,0.070584149
263.2,0.070663882
263.3,0.070703748
263.4,0.070544282
263.5,0.070584149
263.6,0.070544282
263.7,0.070544282
263.8,0.070424682
263.9,0.070504415
264,0.070504415
264.1,0.070424682
264.2,0.070464549
264.3,0.070464549
264.4,0.070464549
264.5,0.070424682
264.6,0.070424682
264.7,0.070384816
264.8,0.070424682
264.9,0.070464549
265,0.070384816
265.1,0.070265216
265.2,0.070424682
265.3,0.070384816
265.4,0.070384816
265.5,0.070305082
265.6,0.070305082
265.7,0.070265216
265.8,0.070305082
265.9,0.070265216
266,0.070225349
266.1,0.070185483
266.2,0.070265216
266.3,0.070185483
266.4,0.070145616
266.5,0.070185483
266.6,0.070145616
266.7,0.070225349
266.8,0.070145616
266.9,0.070145616
267,0.07010575
267.1,0.07010575
267.2,0.070026016
267.3,0.07010575
267.4,0.070026016
267.5,0.06998615
267.6,0.070026016
267.7,0.069946283
267.8,0.069946283
267.9,0.069906417
268,0.069906417
268.1,0.069946283
268.2,0.069906417
268.3,0.06998615
268.4,0.069826683
268.5,0.06986655
268.6,0.069786817
268.7,0.06986655
268.8,0.069826683
268.9,0.069826683
269,0.069786817
269.1,0.069707084
269.2,0.06974695
269.3,0.069667217
269.4,0.06974695
269.5,0.06962735
269.6,0.06974695
269.7,0.069667217
269.8,0.069667217
269.9,0.069667217
270,0.069587484
270.1,0.069667217
270.2,0.06962735
270.3,0.069547617
270.4,0.069547617
270.5,0.069507751
270.6,0.069507751
270.7,0.069547617
270.8,0.069507751
270.9,0.069428018
271,0.069388151
271.1,0.069428018
271.2,0.069428018
271.3,0.069467884
271.4,0.069348284
271.5,0.069388151
271.6,0.069348284
271.7,0.069348284
271.8,0.069308418
271.9,0.069268551
272,0.069268551
272.1,0.069228685
272.2,0.069228685
272.3,0.069268551
272.4,0.069148951
272.5,0.069148951
272.6,0.069188818
272.7,0.069188818
272.8,0.069188818
272.9,0.069148951
273,0.069188818
273.1,0.069069218
273.2,0.069148951
273.3,0.069109085
273.4,0.069069218
273.5,0.069029352
273.6,0.069029352
273.7,0.069148951
273.8,0.069029352
273.9,0.068989485
274,0.068949618
274.1,0.069029352
274.2,0.068949618
274.3,0.068989485
274.4,0.068949618
274.5,0.068909752
274.6,0.068909752
274.7,0.068909752
274.8,0.068869885
274.9,0.068869885
275,0.068830019
275.1,0.068830019
275.2,0.068869885
275.3,0.068830019
275.4,0.068750285
275.5,0.068710419
275.6,0.068750285
275.7,0.068670552
275.8,0.068830019
275.9,0.068710419
276,0.068750285
276.1,0.068670552
276.2,0.068750285
276.3,0.068710419
276.4,0.068670552
276.5,0.068670552
276.6,0.068630686
276.7,0.068670552
276.8,0.068630686
276.9,0.068630686
277,0.068590819
277.1,0.068550953
277.2,0.068550953
277.3,0.068590819
277.4,0.068550953
277.5,0.068471219
277.6,0.068471219
277.7,0.068550953
277.8,0.068511086
277.9,0.068511086
278,0.068431353
278.1,0.068431353
278.2,0.068511086
278.3,0.068471219
278.4,0.068431353
278.5,0.068431353
278.6,0.068311753
278.7,0.068391486
278.8,0.068391486
278.9,0.06835162
279,0.06835162
279.1,0.06835162
279.2,0.068311753
279.3,0.068271886
279.4,0.06823202
279.5,0.068311753
279.6,0.068152287
279.7,0.068152287
279.8,0.06811242
279.9,0.068192153
280,0.068152287
280.1,0.06811242
280.2,0.06811242
280.3,0.068152287
280.4,0.068192153
280.5,0.06811242
280.6,0.068032687
280.7,0.06811242
280.8,0.068072553
280.9,0.06799282
281,0.068032687
281.1,0.068072553
281.2,0.068032687
281.3,0.068072553
281.4,0.067952954
281.5,0.06799282
281.6,0.067952954
281.7,0.067913087
281.8,0.068072553
281.9,0.067913087
282,0.067913087
282.1,0.067913087
282.2,0.067873221
282.3,0.067833354
282.4,0.067833354
282.5,0.067793487
282.6,0.067793487
282.7,0.067753621
282.8,0.067713754
282.9,0.067793487
283,0.067673888
283.1,0.067673888
283.2,0.067634021
283.3,0.067673888
283.4,0.067713754
283.5,0.067634021
283.6,0.067554288
283.7,0.067594154
283.8,0.067554288
283.9,0.067514421
284,0.067554288
284.1,0.067554288
284.2,0.067554288
284.3,0.067434688
284.4,0.067434688
284.5,0.067514421
284.6,0.067394821
284.7,0.067434688
284.8,0.067394821
284.9,0.067354955
285,0.067315088
285.1,0.067275222
285.2,0.067315088
285.3,0.067315088
285.4,0.067275222
285.5,0.067195488
285.6,0.067155622
285.7,0.067195488
285.8,0.067075889
285.9,0.067115755
286,0.067075889
286.1,0.067115755
286.2,0.067075889
286.3,0.067036022
286.4,0.066956289
286.5,0.067075889
286.6,0.066916422
286.7,0.066956289
286.8,0.066836689
286.9,0.066916422
287,0.066876556
287.1,0.066796823
287.2,0.066756956
287.3,0.066916422
287.4,0.066717089
287.5,0.066637356
287.6,0.066677223
287.7,0.066717089
287.8,0.06659749
287.9,0.06659749
288,0.066557623
288.1,0.066557623
288.2,0.066557623
288.3,0.066517756
288.4,0.06647789
288.5,0.06647789
288.6,0.06647789
288.7,0.066438023
288.8,0.066438023
288.9,0.066398157
289,0.066398157
289.1,0.066318424
289.2,0.066278557
289.3,0.06635829
289.4,0.066198824
289.5,0.066158957
289.6,0.066158957
289.7,0.066119091
289.8,0.066158957
289.9,0.066158957
290,0.066079224
290.1,0.066079224
290.2,0.065999491
290.3,0.065999491
290.4,0.065959624
290.5,0.065919758
290.6,0.065999491
290.7,0.065919758
290.8,0.065959624
290.9,0.065840024
291,0.065760291
291.1,0.065800158
291.2,0.065760291
291.3,0.065760291
291.4,0.065720425
291.5,0.065760291
291.6,0.065680558
291.7,0.065640691
291.8,0.065640691
291.9,0.065560958
292,0.065600825
292.1,0.065600825
292.2,0.065481225
292.3,0.065481225
292.4,0.065521092
292.5,0.065481225
292.6,0.065441359
292.7,0.065441359
292.8,0.065321759
292.9,0.065401492
293,0.065361625
293.1,0.065321759
293.2,0.065321759
293.3,0.065202159
293.4,0.065162292
293.5,0.065162292
293.6,0.065202159
293.7,0.065122426
293.8,0.065082559
293.9,0.065082559
294,0.065042693
294.1,0.065002826
294.2,0.064962959
294.3,0.064962959
294.4,0.06484336
294.5,0.064883226
294.6,0.06484336
294.7,0.06484336
294.8,0.064803493
294.9,0.064803493
295,0.064803493
295.1,0.06472376
295.2,0.06472376
295.3,0.064683893
295.4,0.064644027
295.5,0.06460416
295.6,0.064644027
295.7,0.064564294
295.8,0.064564294
295.9,0.06448456
296,0.06448456
296.1,0.064444694
296.2,0.064404827
296.3,0.064325094
296.4,0.064404827
296.5,0.064364961
296.6,0.064285227
296.7,0.064325094
296.8,0.064285227
296.9,0.064285227
297,0.064205494
297.1,0.064165628
297.2,0.064245361
297.3,0.064165628
297.4,0.064085894
297.5,0.064006161
297.6,0.064085894
297.7,0.064046028
297.8,0.063926428
297.9,0.064085894
298,0.063886562
298.1,0.063846695
298.2,0.063966295
298.3,0.063846695
298.4,0.063886562
298.5,0.063886562
298.6,0.063766962
298.7,0.063766962
298.8,0.063727095
298.9,0.063766962
299,0.063687229
299.1,0.063607495
299.2,0.063647362
299.3,0.063687229
299.4,0.063567629
299.5,0.063647362
299.6,0.063527762
299.7,0.063607495
299.8,0.063567629
299.9,0.063527762
300,0.063448029
300.1,0.063487896
300.2,0.063448029
300.3,0.063408162
300.4,0.063368296
300.5,0.063368296
300.6,0.063368296
300.7,0.063368296
300.8,0.063328429
300.9,0.063368296
301,0.063248696
301.1,0.063288563
301.2,0.063288563
301.3,0.06320883
301.4,0.06320883
301.5,0.06320883
301.6,0.063129096
301.7,0.063049363
301.8,0.063049363
301.9,0.063009497
302,0.063049363
302.1,0.063009497
302.2,0.063009497
302.3,0.06296963
302.4,0.062889897
302.5,0.062889897
302.6,0.063009497
302.7,0.06285003
302.8,0.062889897
302.9,0.062810164
303,0.062770297
303.1,0.062810164
303.2,0.06273043
303.3,0.062810164
303.4,0.062690564
303.5,0.06273043
303.6,0.062650697
303.7,0.062690564
303.8,0.062650697
303.9,0.062610831
304,0.062491231
304.1,0.062610831
304.2,0.062491231
304.3,0.062570964
304.4,0.062491231
304.5,0.062491231
304.6,0.062371631
304.7,0.062451364
304.8,0.062411498
304.9,0.062371631
305,0.062252031
305.1,0.062411498
305.2,0.062291898
305.3,0.062172298
305.4,0.062252031
305.5,0.062172298
305.6,0.062172298
305.7,0.062172298
305.8,0.062092565
305.9,0.062172298
306,0.062092565
306.1,0.062052698
306.2,0.061972965
306.3,0.062052698
306.4,0.062012832
306.5,0.061972965
306.6,0.061933099
306.7,0.061933099
306.8,0.061893232
306.9,0.061813499
307,0.061853365
307.1,0.061733766
307.2,0.061813499
307.3,0.061853365
307.4,0.061733766
307.5,0.061654033
307.6,0.061733766
307.7,0.061733766
307.8,0.061614166
307.9,0.061614166
308,0.061614166
308.1,0.061654033
308.2,0.061574299
308.3,0.0614547
308.4,0.061414833
308.5,0.061494566
308.6,0.0614547
308.7,0.061374966
308.8,0.061374966
308.9,0.0614547
309,0.061295233
309.1,0.061295233
309.2,0.061295233
309.3,0.061255367
309.4,0.061255367
309.5,0.061295233
309.6,0.061175633
309.7,0.061135767
309.8,0.061175633
309.9,0.061016167
310,0.061056034
310.1,0.061016167
310.2,0.060976301
310.3,0.060936434
310.4,0.060976301
310.5,0.060936434
310.6,0.060896567
310.7,0.060896567
310.8,0.060896567
310.9,0.060856701
311,0.060816834
311.1,0.060896567
311.2,0.060776968
311.3,0.060816834
311.4,0.060697234
311.5,0.060657368
311.6,0.060697234
311.7,0.060657368
311.8,0.060617501
311.9,0.060537768
312,0.060617501
312.1,0.060577635
312.2,0.060497901
312.3,0.060497901
312.4,0.060458035
312.5,0.060378302
312.6,0.060378302
312.7,0.060378302
312.8,0.060458035
312.9,0.060298568
313,0.060338435
313.1,0.060338435
313.2,0.060298568
313.3,0.060218835
313.4,0.060258702
313.5,0.060218835
313.6,0.060178969
313.7,0.060139102
313.8,0.060139102
313.9,0.060019502
314,0.060059369
314.1,0.059979636
314.2,0.060019502
314.3,0.059979636
314.4,0.059939769
314.5,0.059979636
314.6,0.059979636
314.7,0.059860036
314.8,0.059899903
314.9,0.059780303
315,0.059820169
315.1,0.05970057
315.2,0.059740436
315.3,0.05970057
315.4,0.059620836
315.5,0.059620836
315.6,0.059620836
315.7,0.05958097
315.8,0.059541103
315.9,0.059541103
316,0.059541103
316.1,0.05958097
316.2,0.05946137
316.3,0.059421504
316.4,0.05946137
316.5,0.059421504
316.6,0.05934177
316.7,0.059421504
316.8,0.059301904
316.9,0.059262037
317,0.059301904
317.1,0.059262037
317.2,0.059182304
317.3,0.059142437
317.4,0.059102571
317.5,0.059102571
317.6,0.059022838
317.7,0.059062704
317.8,0.059102571
317.9,0.059022838
318,0.058943104
318.1,0.058903238
318.2,0.058863371
318.3,0.058863371
318.4,0.058903238
318.5,0.058863371
318.6,0.058863371
318.7,0.058823505
318.8,0.058743771
318.9,0.058703905
319,0.058743771
319.1,0.058624172
319.2,0.058584305
319.3,0.058664038
319.4,0.058624172
319.5,0.058584305
319.6,0.058504572
319.7,0.058544439
319.8,0.058464705
319.9,0.058345106
320,0.058424839
320.1,0.058424839
320.2,0.058424839
320.3,0.058345106
320.4,0.058305239
320.5,0.058345106
320.6,0.058305239
320.7,0.058145773
320.8,0.058265372
320.9,0.058265372
321,0.058145773
321.1,0.058185639
321.2,0.058185639
321.3,0.058145773
321.4,0.058066039
321.5,0.058105906
321.6,0.058026173
321.7,0.058105906
321.8,0.057906573
321.9,0.058026173
322,0.057986306
322.1,0.057906573
322.2,0.05794644
322.3,0.05782684
322.4,0.057866707
322.5,0.057786973
322.6,0.057866707
322.7,0.057786973
322.8,0.057786973
322.9,0.057786973
323,0.05770724
323.1,0.05770724
323.2,0.057667374
323.3,0.057627507
323.4,0.057667374
323.5,0.05758764
323.6,0.057507907
323.7,0.057547774
323.8,0.05758764
323.9,0.057428174
324,0.057507907
324.1,0.057507907
324.2,0.057468041
324.3,0.057348441
324.4,0.057348441
324.5,0.057348441
324.6,0.057308574
324.7,0.057348441
324.8,0.057188974
324.9,0.057188974
325,0.057228841
325.1,0.057188974
325.2,0.057149108
325.3,0.057149108
325.4,0.057149108
325.5,0.057069375
325.6,0.057069375
325.7,0.057069375
325.802,0.057029508
325.902,0.056949775
326.002,0.056870042
326.102,0.056989642
326.202,0.056909908
326.302,0.056909908
326.402,0.056909908
326.502,0.056830175
326.602,0.056830175
326.702,0.056750442
326.802,0.056830175
326.902,0.056710575
327.002,0.05607271
327.102,0.05595311
327.202,0.05595311
327.302,0.055992977
327.402,0.055913244
327.502,0.055873377
327.602,0.055873377
327.702,0.05583351
327.802,0.055793644
327.902,0.05583351
328.002,0.055793644
328.102,0.055713911
328.202,0.055713911
328.302,0.055713911
328.402,0.055634177
328.502,0.055713911
328.602,0.055594311
328.702,0.055594311
328.802,0.055554444
328.902,0.055634177
329.002,0.055554444
329.102,0.055474711
329.202,0.055514578
329.302,0.055434845
329.402,0.055394978
329.502,0.055474711
329.602,0.055394978
329.702,0.055394978
329.802,0.055394978
329.902,0.055394978
330.002,0.055235512
330.102,0.055275378
330.202,0.055195645
330.302,0.055155778
330.402,0.055195645
330.502,0.055155778
330.602,0.055195645
330.702,0.055076045
330.802,0.055076045
330.902,0.055155778
331.002,0.054996312
331.102,0.054996312
331.202,0.055036179
331.302,0.055076045
331.402,0.054996312
331.502,0.054956445
331.602,0.054916579
331.702,0.054876712
331.802,0.054996312
331.902,0.054796979
332.002,0.054836846
332.102,0.054836846
332.202,0.054796979
332.302,0.054757113
332.402,0.054717246
332.502,0.054717246
332.602,0.054796979
332.702,0.054677379
332.802,0.054637513
332.902,0.054597646
333.002,0.054597646
333.102,0.054597646
333.202,0.054517913
333.302,0.05455778
333.402,0.054597646
333.502,0.054478046
333.602,0.054517913
333.702,0.05443818
333.802,0.054478046
333.902,0.054358447
334.002,0.054478046
334.102,0.054358447
334.202,0.054358447
334.302,0.054358447
334.402,0.054358447
334.502,0.054238847
334.602,0.054278713
334.702,0.054238847
334.802,0.054119247
334.902,0.05419898
335.002,0.054159114
335.102,0.054159114
335.202,0.054159114
335.302,0.054119247
335.402,0.054039514
335.502,0.054039514
335.602,0.054159114
335.702,0.053999647
335.802,0.053959781
335.902,0.053999647
336.002,0.053999647
336.102,0.053880048
336.202,0.053999647
336.302,0.053880048
336.402,0.053840181
336.502,0.053800314
336.602,0.053840181
336.702,0.053840181
336.802,0.053800314
336.902,0.053800314
337.002,0.053800314
337.102,0.053760448
337.202,0.053720581
337.302,0.053680715
337.402,0.053640848
337.502,0.053680715
337.602,0.053680715
337.702,0.053640848
337.802,0.053561115
337.902,0.053640848
338.002,0.053561115
338.102,0.053561115
338.202,0.053481382
338.302,0.053481382
338.402,0.053481382
338.502,0.053401648
338.602,0.053441515
338.702,0.053481382
338.802,0.053401648
338.902,0.053361782
339.002,0.053321915
339.102,0.053361782
339.202,0.053282049
339.302,0.053282049
339.402,0.053242182
339.502,0.053242182
339.602,0.053282049
339.702,0.053202316
339.802,0.053202316
339.902,0.053082716
340.002,0.053122582
340.102,0.053082716
340.202,0.053082716
340.302,0.053042849
340.402,0.053122582
340.502,0.053042849
340.602,0.053042849
340.702,0.053042849
340.802,0.053002983
340.902,0.052963116
341.002,0.053042849
341.102,0.052883383
341.202,0.053002983
341.302,0.052883383
341.402,0.05280365
341.502,0.052843516
341.602,0.052763783
341.702,0.05280365
341.802,0.052763783
341.902,0.05268405
342.002,0.052763783
342.102,0.052763783
342.202,0.052604317
342.302,0.052723916
342.402,0.05268405
342.502,0.052604317
342.602,0.05256445
342.702,0.052524584
342.802,0.052604317
342.902,0.05256445
343.002,0.052524584
343.102,0.05244485
343.202,0.052484717
343.302,0.05244485
343.402,0.052404984
343.502,0.052404984
343.602,0.052365117
343.702,0.052365117
343.802,0.052285384
343.902,0.052245517
344.002,0.052365117
344.102,0.052285384
344.202,0.052245517
344.302,0.052245517
344.402,0.052245517
344.502,0.052245517
344.602,0.052205651
344.702,0.052125918
344.802,0.052125918
344.902,0.052125918
345.002,0.052086051
345.102,0.052125918
345.202,0.051966451
345.302,0.052046184
345.402,0.052046184
345.502,0.051926585
345.602,0.052006318
345.702,0.051846851
345.802,0.051966451
345.902,0.051806985
346.002,0.051886718
346.102,0.051886718
346.202,0.051886718
346.302,0.051846851
346.402,0.051806985
346.502,0.051767118
346.602,0.051727252
346.702,0.051727252
346.802,0.051687385
346.902,0.051687385
347.002,0.051687385
347.102,0.051687385
347.202,0.051647519
347.302,0.051647519
347.402,0.051567785
347.502,0.051567785
347.602,0.051607652
347.702,0.051488052
347.802,0.051527919
347.902,0.051448186
348.002,0.051448186
348.102,0.051408319
348.202,0.051488052
348.302,0.051368452
348.402,0.051448186
348.502,0.051408319
348.602,0.051328586
348.702,0.051328586
348.802,0.051368452
348.902,0.051328586
349.002,0.051288719
349.102,0.051248853
349.202,0.051208986
349.302,0.051208986
349.402,0.051129253
349.502,0.051129253
349.602,0.05104952
349.702,0.051089386
349.802,0.051089386
349.902,0.05104952
350.002,0.05104952
350.102,0.051009653
350.202,0.051009653
350.302,0.050969787
350.402,0.05092992
350.502,0.050850187
350.602,0.050850187
350.702,0.05092992
350.802,0.050890053
350.902,0.050890053
351.002,0.050770454
351.102,0.05081032
351.202,0.050770454
351.302,0.05081032
351.402,0.050730587
351.502,0.050730587
351.602,0.05069072
351.702,0.050730587
351.802,0.05069072
351.902,0.050610987
352.002,0.050610987
352.102,0.050610987
352.202,0.050610987
352.302,0.050491387
352.402,0.050491387
352.502,0.050491387
352.602,0.050411654
352.702,0.050451521
352.802,0.050331921
352.902,0.050411654
353.002,0.050331921
353.102,0.050371788
353.202,0.050331921
353.302,0.050331921
353.402,0.050331921
353.502,0.050292054
353.602,0.050252188
353.702,0.050212321
353.802,0.050292054
353.902,0.050212321
354.002,0.050092722
354.102,0.050172455
354.202,0.050172455
354.302,0.050132588
354.402,0.050052855
354.502,0.050012988
354.602,0.050092722
354.702,0.050012988
354.802,0.050012988
354.902,0.049973122
355.002,0.050012988
355.102,0.049933255
355.202,0.049933255
355.302,0.049973122
355.402,0.049893389
355.502,0.049853522
355.602,0.049853522
355.702,0.049773789
355.802,0.049694056
355.902,0.049813655
356.002,0.049733922
356.102,0.049733922
356.202,0.049694056
356.302,0.049733922
356.402,0.049614322
356.502,0.049614322
356.602,0.049654189
356.702,0.049614322
356.802,0.049574456
356.902,0.049574456
357.002,0.049494723
357.102,0.049534589
357.202,0.049534589
357.302,0.04941499
357.402,0.049494723
357.502,0.04941499
357.602,0.049375123
357.702,0.049335256
357.802,0.049335256
357.902,0.04941499
358.002,0.049375123
358.102,0.04929539
358.202,0.049255523
358.302,0.049215657
358.402,0.049255523
358.502,0.049255523
358.602,0.049215657
358.702,0.04917579
358.802,0.04917579
358.902,0.049096057
359.002,0.049135923
359.102,0.049096057
359.202,0.04905619
359.302,0.049016324
359.402,0.048976457
359.502,0.04905619
359.602,0.04905619
359.702,0.04893659
359.802,0.048856857
359.902,0.048896724
360.002,0.048896724
360.102,0.048856857
360.202,0.04893659
360.302,0.048856857
360.402,0.048816991
360.502,0.048816991
360.602,0.048777124
360.702,0.048777124
360.802,0.048777124
360.902,0.048737258
361.002,0.048697391
361.102,0.048737258
361.202,0.048737258
361.302,0.048617658
361.402,0.048657524
361.502,0.048577791
361.602,0.048617658
361.702,0.048697391
361.802,0.048577791
361.902,0.048577791
362.002,0.048498058
362.102,0.048537925
362.202,0.048498058
362.302,0.048458191
362.402,0.048418325
362.502,0.048418325
362.602,0.048378458
362.702,0.048418325
362.802,0.048338592
362.902,0.048378458
363.002,0.048378458
363.102,0.048298725
363.202,0.048258858
363.302,0.048218992
363.402,0.048258858
363.502,0.048099392
363.602,0.048139259
363.702,0.048059525
363.802,0.048099392
363.902,0.048139259
364.002,0.047979792
364.102,0.048099392
364.202,0.047979792
364.302,0.048019659
364.402,0.048019659
364.502,0.047979792
364.602,0.047900059
364.702,0.047939926
364.802,0.047900059
364.902,0.047900059
365.002,0.047860193
365.102,0.047900059
365.202,0.047780459
365.302,0.047740593
365.402,0.047740593
365.502,0.047780459
365.602,0.047700726
365.702,0.047740593
365.802,0.047700726
365.902,0.04766086
366.002,0.047700726
366.102,0.047620993
366.202,0.047620993
366.302,0.047581126
366.402,0.04766086
366.502,0.04754126
366.602,0.047620993
366.702,0.047501393
366.802,0.047461527
366.902,0.047501393
367.002,0.04742166
367.102,0.047501393
367.202,0.047341927
367.302,0.04730206
367.402,0.04742166
367.502,0.047381793
367.602,0.047341927
367.702,0.047341927
367.802,0.047381793
367.902,0.047341927
368.002,0.047142594
368.102,0.04730206
368.202,0.047262194
368.302,0.047222327
368.402,0.047182461
368.502,0.047222327
368.602,0.047102727
368.702,0.047102727
368.802,0.047142594
368.902,0.047062861
369.002,0.047102727
369.102,0.047022994
369.202,0.047102727
369.302,0.046943261
369.402,0.047062861
369.502,0.046983128
369.602,0.046943261
369.702,0.046943261
369.802,0.047022994
369.902,0.046863528
370.002,0.046863528
370.102,0.046863528
370.202,0.046783795
370.302,0.046783795
370.402,0.046743928
370.502,0.046783795
370.602,0.046783795
370.702,0.046783795
370.802,0.046743928
370.902,0.046743928
371.002,0.046704061
371.102,0.046624328
371.202,0.046624328
371.302,0.046504728
371.402,0.046584462
371.502,0.046584462
371.602,0.046544595
371.702,0.046544595
371.802,0.046504728
371.902,0.046584462
372.002,0.046504728
372.102,0.046385129
372.202,0.046385129
372.302,0.046464862
372.402,0.046305396
372.502,0.046345262
372.602,0.046385129
372.702,0.046345262
372.802,0.046225662
372.902,0.046305396
373.002,0.046265529
373.102,0.046305396
373.202,0.046185796
373.302,0.046185796
373.402,0.046225662
373.502,0.046145929
373.602,0.046106063
373.702,0.046066196
373.802,0.046066196
373.902,0.046106063
374.002,0.046026329
374.102,0.046066196
374.202,0.046066196
374.302,0.045946596
374.402,0.045986463
374.502,0.046026329
374.602,0.045986463
374.702,0.045866863
374.802,0.045946596
374.902,0.045866863
375.002,0.045866863
375.102,0.045866863
375.202,0.04578713
375.302,0.045826996
375.402,0.045826996
375.502,0.045747263
375.602,0.04578713
375.702,0.045627664
375.802,0.045747263
375.902,0.045627664
376.002,0.04566753
376.102,0.045627664
376.202,0.045587797
376.302,0.04554793
376.402,0.045587797
376.502,0.045587797
376.602,0.04554793
376.702,0.045508064
376.802,0.045508064
376.902,0.045468197
377.002,0.045428331
377.102,0.045428331
377.202,0.045468197
377.302,0.045388464
377.402,0.045308731
377.502,0.045348597
377.602,0.045268864
377.702,0.045308731
377.802,0.045268864
377.902,0.045268864
378.002,0.045268864
378.102,0.045189131
378.202,0.045189131
378.302,0.045189131
378.402,0.045189131
378.502,0.045109398
378.602,0.045228998
378.702,0.045109398
378.802,0.045109398
378.902,0.045029665
379.002,0.045109398
379.102,0.045029665
379.202,0.044910065
379.302,0.044949931
379.402,0.044989798
379.502,0.045029665
379.602,0.044830332
379.702,0.044910065
379.802,0.044910065
379.902,0.044790465
380.002,0.044870198
380.102,0.044949931
380.202,0.044750599
380.302,0.044830332
380.402,0.044750599
380.502,0.044710732
380.602,0.044750599
380.702,0.044710732
380.802,0.044710732
380.902,0.044750599
381.002,0.044670865
381.102,0.044551266
381.202,0.044591132
381.302,0.044630999
381.402,0.044591132
381.502,0.044551266
381.602,0.044551266
381.702,0.044511399
381.802,0.044431666
381.902,0.044431666
382.002,0.044471532
382.102,0.044431666
382.202,0.044471532
382.302,0.044391799
382.402,0.044431666
382.502,0.044351933
382.602,0.044312066
382.702,0.044272199
382.802,0.044232333
382.902,0.044272199
383.002,0.044312066
383.102,0.044272199
383.202,0.044192466
383.302,0.044232333
383.402,0.044232333
383.502,0.0441526
383.602,0.0441526
383.702,0.044072867
383.802,0.0441526
383.902,0.044072867
384.002,0.044072867
384.102,0.043993133
384.202,0.044072867
384.302,0.044033
384.402,0.043953267
384.502,0.043873534
384.602,0.043993133
384.702,0.043833667
384.802,0.043873534
384.902,0.043873534
385.002,0.0439134
385.102,0.043873534
385.202,0.0437938
385.302,0.043833667
385.402,0.043833667
385.502,0.043753934
385.602,0.043674201
385.702,0.043753934
385.802,0.043674201
385.902,0.043674201
386.002,0.043674201
386.102,0.043714067
386.202,0.043674201
386.302,0.043634334
386.402,0.043554601
386.502,0.043594467
386.602,0.043514734
386.702,0.043514734
386.802,0.043514734
386.902,0.043514734
387.002,0.043514734
387.102,0.043435001
387.202,0.043355268
387.302,0.043474868
387.402,0.043355268
387.502,0.043395135
387.602,0.043395135
387.702,0.043355268
387.802,0.043355268
387.902,0.043395135
388.002,0.043275535
388.102,0.043275535
388.202,0.043275535
388.302,0.043235668
388.402,0.043275535
388.502,0.043155935
388.602,0.043155935
388.702,0.043235668
388.802,0.043155935
388.902,0.043076202
389.002,0.043155935
389.102,0.043116068
389.202,0.043116068
389.302,0.043116068
389.402,0.043036335
389.502,0.042996469
389.602,0.042916735
389.702,0.042996469
389.802,0.042956602
389.902,0.042916735
390.002,0.042916735
390.102,0.042876869
390.202,0.042916735
390.302,0.042837002
390.402,0.042876869
390.502,0.042876869
390.602,0.042837002
390.702,0.042876869
390.802,0.042797136
390.902,0.042797136
391.002,0.042797136
391.102,0.042677536
391.202,0.042797136
391.302,0.042637669
391.402,0.042677536
391.502,0.042597803
391.602,0.042597803
391.702,0.042597803
391.802,0.042597803
391.902,0.042597803
392.002,0.042557936
392.102,0.042557936
392.202,0.042597803
392.302,0.042597803
392.402,0.042597803
392.502,0.042478203
392.602,0.042438336
392.702,0.042438336
392.802,0.042358603
392.902,0.042478203
393.002,0.042478203
393.102,0.042358603
393.202,0.042318737
393.302,0.042318737
393.402,0.042358603
393.502,0.042318737
393.602,0.042358603
393.702,0.042239003
393.802,0.042239003
393.902,0.042239003
394.002,0.042239003
394.102,0.04215927
394.202,0.04215927
394.302,0.042079537
394.402,0.042119404
394.502,0.04215927
394.602,0.042079537
394.702,0.042079537
394.802,0.042079537
394.902,0.042079537
395.002,0.041959937
395.102,0.041959937
395.202,0.041999804
395.302,0.041920071
395.402,0.041880204
395.502,0.041920071
395.602,0.041880204
395.702,0.041840338
395.802,0.041840338
395.902,0.041840338
396.002,0.041880204
396.102,0.041840338
396.202,0.041840338
396.302,0.041800471
396.402,0.041760604
396.502,0.041800471
396.602,0.041720738
396.702,0.041720738
396.802,0.041680871
396.902,0.041680871
397.002,0.041680871
397.102,0.041561271
397.202,0.041601138
397.302,0.041601138
397.402,0.041561271
397.502,0.041601138
397.602,0.041601138
397.702,0.041521405
397.802,0.041561271
397.902,0.041521405
398.002,0.041441672
398.102,0.041521405
398.202,0.041481538
398.302,0.041401805
398.402,0.041401805
398.502,0.041441672
398.602,0.041441672
398.702,0.041401805
398.802,0.041361938
398.902,0.041282205
399.002,0.041322072
399.102,0.041361938
399.202,0.041282205
399.302,0.041242339
399.402,0.041282205
399.502,0.041282205
399.602,0.041282205
399.702,0.041242339
399.802,0.041202472
399.902,0.041202472
400.002,0.041202472
400.102,0.041082872
400.202,0.041162605
400.302,0.041162605
400.402,0.041082872
400.502,0.041082872
400.602,0.041162605
400.702,0.041003139
400.802,0.040923406
400.902,0.041003139
401.002,0.040963273
401.102,0.040923406
401.202,0.040843673
401.302,0.040963273
401.402,0.040843673
401.502,0.040923406
401.602,0.040843673
401.702,0.040963273
401.802,0.040843673
401.902,0.040883539
402.002,0.040883539
402.102,0.040724073
402.202,0.04076394
402.302,0.040843673
402.402,0.04076394
402.502,0.040684206
402.602,0.040724073
402.702,0.040684206
402.802,0.04064434
402.902,0.04064434
403.002,0.04064434
403.102,0.040724073
403.202,0.040564607
403.302,0.040604473
403.402,0.04064434
403.502,0.040604473
403.602,0.040564607
403.702,0.040484873
403.802,0.040564607
403.902,0.040484873
404.002,0.040484873
404.102,0.04040514
404.202,0.040445007
404.302,0.040484873
404.402,0.040365274
404.502,0.04040514
404.602,0.040445007
404.702,0.040365274
404.802,0.040365274
404.902,0.040285541
405.002,0.040285541
405.102,0.040245674
405.202,0.040245674
405.302,0.040245674
405.402,0.040245674
405.502,0.040205807
405.602,0.040205807
405.702,0.040126074
405.802,0.040285541
405.902,0.040205807
406.002,0.040046341
406.102,0.040126074
406.202,0.040126074
406.302,0.040126074
406.402,0.040086208
406.502,0.040006474
406.602,0.040006474
406.702,0.040086208
406.802,0.039966608
406.902,0.040006474
407.002,0.040006474
407.102,0.039926741
407.202,0.039926741
407.302,0.039926741
407.402,0.039966608
407.502,0.039847008
407.602,0.039966608
407.702,0.039847008
407.802,0.039926741
407.902,0.039807141
408.002,0.039807141
408.102,0.039767275
408.202,0.039767275
408.302,0.039847008
408.402,0.039727408
408.502,0.039727408
408.602,0.039727408
408.702,0.039647675
408.802,0.039647675
408.902,0.039647675
409.002,0.039647675
409.102,0.039567942
409.202,0.039567942
409.302,0.039647675
409.402,0.039567942
409.502,0.039488209
409.602,0.039607809
409.702,0.039488209
409.802,0.039528075
409.902,0.039448342
410.002,0.039567942
410.102,0.039488209
410.202,0.039408476
410.302,0.039368609
410.402,0.039448342
410.502,0.039328742
410.602,0.039408476
410.702,0.039328742
410.802,0.039368609
410.902,0.039328742
411.002,0.039328742
411.102,0.039288876
411.202,0.039288876
411.302,0.039288876
411.402,0.039328742
411.502,0.039209143
411.602,0.039249009
411.702,0.039089543
411.802,0.039209143
411.902,0.039169276
412.002,0.039169276
412.102,0.039129409
412.202,0.039129409
412.302,0.039129409
412.402,0.039049676
412.502,0.039089543
412.602,0.03900981
412.702,0.038969943
412.802,0.038930076
412.902,0.039089543
413.002,0.03900981
413.102,0.038930076
413.202,0.038969943
413.302,0.038930076
413.402,0.038930076
413.502,0.03889021
413.602,0.038930076
413.702,0.03889021
413.802,0.038850343
413.902,0.038850343
414.002,0.038850343
414.102,0.038850343
414.202,0.03877061
414.302,0.03877061
414.402,0.03877061
414.502,0.03877061
414.602,0.038730744
414.702,0.038690877
414.802,0.038690877
414.902,0.03865101
415.002,0.038690877
415.102,0.03865101
415.202,0.038611144
415.302,0.038611144
415.402,0.03865101
415.502,0.038611144
415.602,0.038611144
415.702,0.038571277
415.802,0.038531411
415.902,0.038531411
416.002,0.038491544
416.102,0.038491544
416.202,0.038451677
416.302,0.038451677
416.402,0.038332078
416.502,0.038411811
416.602,0.038411811
416.702,0.038371944
416.802,0.038371944
416.902,0.038371944
417.002,0.038292211
417.102,0.038371944
417.202,0.038332078
417.302,0.038332078
417.402,0.038212478
417.502,0.038172611
417.602,0.038212478
417.702,0.038292211
417.802,0.038212478
417.902,0.038212478
418.002,0.038092878
418.102,0.038292211
418.202,0.038092878
418.302,0.038172611
418.402,0.038013145
418.502,0.038132745
418.602,0.038092878
418.702,0.038132745
418.802,0.038013145
418.902,0.038053012
419.002,0.038013145
419.102,0.037973278
419.202,0.037973278
419.302,0.037933412
419.402,0.037893545
419.502,0.037933412
419.602,0.037893545
419.702,0.037933412
419.802,0.037933412
419.902,0.037813812
420.002,0.037773945
420.102,0.037893545
420.202,0.037853679
420.302,0.037813812
420.402,0.037773945
420.502,0.037773945
420.602,0.037773945
420.702,0.037694212
420.802,0.037734079
420.902,0.037694212
421.002,0.037694212
421.102,0.037734079
421.202,0.037694212
421.302,0.037614479
421.402,0.037654346
421.502,0.037694212
421.602,0.037574612
421.702,0.037614479
421.802,0.037614479
421.902,0.037614479
422.002,0.037534746
422.102,0.037455013
422.202,0.037574612
422.302,0.037494879
422.402,0.037614479
422.502,0.037494879
422.602,0.037494879
422.702,0.037494879
422.802,0.037494879
422.902,0.037415146
423.002,0.037415146
423.102,0.037375279
423.202,0.037415146
423.302,0.037375279
423.402,0.037375279
423.502,0.037375279
423.602,0.037375279
423.702,0.037335413
423.802,0.03725568
423.902,0.03725568
424.002,0.037295546
424.102,0.03725568
424.202,0.037295546
424.302,0.03725568
424.402,0.037175947
424.502,0.03725568
424.602,0.037096213
424.702,0.03725568
424.802,0.037175947
424.902,0.037215813
425.002,0.037056347
425.102,0.037096213
425.202,0.03701648
425.302,0.037096213
425.402,0.037056347
425.502,0.03701648
425.602,0.037056347
425.702,0.036976614
425.802,0.03701648
425.902,0.036976614
426.002,0.036976614
426.102,0.036976614
426.202,0.036976614
426.302,0.036936747
426.402,0.036936747
426.502,0.036936747
426.602,0.036976614
426.702,0.036777281
426.802,0.036817147
426.902,0.036857014
427.002,0.036817147
427.102,0.036817147
427.202,0.036857014
427.302,0.036777281
427.402,0.036817147
427.502,0.036697547
427.602,0.036737414
427.702,0.036737414
427.802,0.036737414
427.902,0.036697547
428.002,0.036617814
428.102,0.036657681
428.202,0.036657681
428.302,0.036657681
428.402,0.036657681
428.502,0.036538081
428.602,0.036538081
428.702,0.036538081
428.802,0.036577948
428.902,0.036538081
429.002,0.036498215
429.102,0.036617814
429.202,0.036498215
429.302,0.036577948
429.402,0.036458348
429.502,0.036458348
429.602,0.036577948
429.702,0.036418481
429.802,0.036378615
429.902,0.036418481
430.002,0.036458348
430.102,0.036418481
430.202,0.036378615
430.302,0.036298882
430.402,0.036298882
430.502,0.036338748
430.602,0.036338748
430.702,0.036298882
430.802,0.036259015
430.902,0.036259015
431.002,0.036179282
431.102,0.036219148
431.202,0.036259015
431.302,0.036179282
431.402,0.036179282
431.502,0.036099549
431.602,0.036179282
431.702,0.036099549
431.802,0.036099549
431.902,0.036099549
432.002,0.036139415
432.102,0.036099549
432.202,0.036099549
432.302,0.036099549
432.402,0.036059682
432.502,0.036059682
432.602,0.035979949
432.702,0.036019815
432.802,0.035940082
432.902,0.035979949
433.002,0.035979949
433.102,0.035940082
433.202,0.035979949
433.302,0.035979949
433.402,0.035940082
433.502,0.035860349
433.602,0.035900216
433.702,0.035900216
433.802,0.035900216
433.902,0.035860349
434.002,0.035820483
434.102,0.035780616
434.202,0.035780616
434.302,0.035740749
434.402,0.035780616
434.502,0.035740749
434.602,0.035700883
434.702,0.035780616
434.802,0.035700883
434.902,0.035700883
435.002,0.035700883
435.102,0.035661016
435.202,0.03562115
435.302,0.035661016
435.402,0.035700883
435.502,0.03562115
435.602,0.03562115
435.702,0.035581283
435.802,0.035541416
435.902,0.03562115
436.002,0.035541416
436.102,0.035581283
436.202,0.035541416
436.302,0.035541416
436.402,0.035541416
436.502,0.035461683
436.602,0.035421817
436.702,0.03550155
436.802,0.035421817
436.902,0.03538195
437.002,0.03550155
437.102,0.03538195
437.202,0.035461683
437.302,0.035342083
437.402,0.035302217
437.502,0.03538195
437.602,0.035342083
437.702,0.035302217
437.802,0.03538195
437.902,0.03526235
438.002,0.035302217
438.102,0.035302217
438.202,0.035222484
438.302,0.035302217
438.402,0.035182617
438.502,0.03526235
438.602,0.035222484
438.702,0.035222484
438.802,0.03526235
438.902,0.035182617
439.002,0.03514275
439.102,0.035182617
439.202,0.03514275
439.302,0.035063017
439.402,0.03514275
439.502,0.035023151
439.602,0.03514275
439.702,0.035023151
439.802,0.034943418
439.902,0.035063017
440.002,0.034983284
440.102,0.035063017
440.202,0.035023151
440.302,0.034983284
440.402,0.035023151
440.502,0.034983284
440.602,0.034903551
440.702,0.034983284
440.802,0.034983284
440.902,0.034943418
441.002,0.034943418
441.102,0.034943418
441.202,0.034943418
441.302,0.034903551
441.402,0.034903551
441.502,0.034823818
441.602,0.034823818
441.702,0.034783951
441.802,0.034903551
441.902,0.034823818
442.002,0.034823818
442.102,0.034744085
442.202,0.034823818
442.302,0.034783951
442.402,0.034823818
442.502,0.034783951
442.602,0.034783951
442.702,0.034744085
442.802,0.034664351
442.902,0.034624485
443.002,0.034664351
443.102,0.034664351
443.202,0.034624485
443.302,0.034664351
443.402,0.034584618
443.502,0.034624485
443.602,0.034544752
443.702,0.034624485
443.802,0.034504885
443.902,0.034544752
444.002,0.034465018
444.102,0.034504885
444.202,0.034504885
444.302,0.034504885
444.402,0.034504885
444.502,0.034385285
444.602,0.034465018
444.702,0.034385285
444.802,0.034465018
444.902,0.034425152
445.002,0.034385285
445.102,0.034425152
445.202,0.034465018
445.302,0.034465018
445.402,0.034345419
445.502,0.034425152
445.602,0.034305552
445.702,0.034385285
445.802,0.034265686
445.902,0.034305552
446.002,0.034225819
446.102,0.034265686
446.202,0.034305552
446.302,0.034225819
446.402,0.034265686
446.502,0.034185952
446.602,0.034225819
446.702,0.034225819
446.802,0.034185952
446.902,0.034185952
447.002,0.034185952
447.102,0.034146086
447.202,0.034106219
447.302,0.034146086
447.402,0.034146086
447.502,0.034106219
447.602,0.034146086
447.702,0.034146086
447.802,0.034106219
447.902,0.034066353
448.002,0.034026486
448.102,0.034106219
448.202,0.033986619
448.302,0.033986619
448.402,0.034026486
448.502,0.033986619
448.602,0.033986619
448.702,0.034026486
448.802,0.033906886
448.902,0.033946753
449.002,0.033946753
449.102,0.033906886
449.202,0.033906886
449.302,0.033986619
449.402,0.033827153
449.502,0.03386702
449.602,0.033827153
449.702,0.03386702
449.802,0.033946753
449.902,0.033787286
450.002,0.033787286
450.102,0.033827153
450.202,0.033827153
450.302,0.03374742
450.402,0.033787286
450.502,0.03374742
450.602,0.033707553
450.702,0.033787286
450.802,0.03374742
450.902,0.033707553
451.002,0.033707553
451.102,0.033707553
451.202,0.033707553
451.302,0.033667687
451.402,0.03362782
451.502,0.033587953
451.602,0.03362782
451.702,0.03350822
451.802,0.033707553
451.902,0.033587953
452.002,0.033667687
452.102,0.033548087
452.202,0.033548087
452.302,0.033428487
452.402,0.033548087
452.502,0.033548087
452.602,0.03350822
452.702,0.033548087
452.802,0.033468354
452.902,0.033468354
453.002,0.033468354
453.102,0.033468354
453.202,0.033468354
453.302,0.033348754
453.402,0.033388621
453.502,0.033468354
453.602,0.033348754
453.702,0.033348754
453.802,0.033388621
453.902,0.033269021
454.002,0.033428487
454.102,0.033428487
454.202,0.033348754
454.302,0.033428487
454.402,0.033308887
454.502,0.033348754
454.602,0.033189288
454.702,0.033229154
454.802,0.033269021
454.902,0.033308887
455.002,0.033189288
455.102,0.033189288
455.202,0.033229154
455.302,0.033269021
455.402,0.033189288
455.502,0.033149421
455.602,0.033149421
455.702,0.033109554
455.802,0.033189288
455.902,0.033109554
456.002,0.033189288
456.102,0.033109554
456.202,0.033029821
456.302,0.033069688
456.402,0.032989955
456.502,0.032989955
456.602,0.033109554
456.702,0.033029821
456.802,0.033069688
456.902,0.033029821
457.002,0.032989955
457.102,0.032910221
457.202,0.032950088
457.302,0.032950088
457.402,0.032950088
457.502,0.032910221
457.602,0.032989955
457.702,0.032950088
457.802,0.032910221
457.902,0.032830488
458.002,0.032910221
458.102,0.032950088
458.202,0.032830488
458.302,0.032830488
458.402,0.032830488
458.502,0.032830488
458.602,0.032910221
458.702,0.032830488
458.802,0.032790622
458.902,0.032790622
459.002,0.032830488
459.102,0.032750755
459.202,0.032790622
459.302,0.032790622
459.402,0.032750755
459.502,0.032591289
459.602,0.032710889
459.702,0.032671022
459.802,0.032631155
459.902,0.032591289
460.002,0.032671022
460.102,0.032591289
460.202,0.032671022
460.302,0.032631155
460.402,0.032671022
460.502,0.032671022
460.602,0.032591289
460.702,0.032631155
460.802,0.032551422
460.902,0.032551422
461.002,0.032551422
461.102,0.032631155
461.202,0.032511556
461.302,0.032471689
461.402,0.032511556
461.502,0.032511556
461.602,0.032511556
461.702,0.032511556
461.802,0.032431822
461.902,0.032471689
462.002,0.032391956
462.102,0.032431822
462.202,0.032391956
462.302,0.032431822
462.402,0.032352089
462.502,0.032352089
462.602,0.032352089
462.702,0.032352089
462.802,0.032312223
462.902,0.032272356
463.002,0.032312223
463.102,0.032352089
463.202,0.032312223
463.302,0.032272356
463.402,0.032312223
463.502,0.032312223
463.602,0.032312223
463.702,0.032192623
463.802,0.032232489
463.902,0.032232489
464.002,0.032232489
464.102,0.032192623
464.202,0.032192623
464.302,0.03211289
464.402,0.032152756
464.502,0.032192623
464.602,0.03211289
464.702,0.032152756
464.802,0.03211289
464.902,0.03211289
465.002,0.032192623
465.102,0.032033157
465.202,0.03211289
465.302,0.03199329
465.402,0.032152756
465.502,0.032033157
465.602,0.03211289
465.702,0.032033157
465.802,0.03199329
465.902,0.031953423
466.002,0.03199329
466.102,0.031953423
466.202,0.03199329
466.302,0.031953423
466.402,0.032033157
466.502,0.032033157
466.602,0.03199329
466.702,0.031913557
466.802,0.031913557
466.902,0.031953423
467.002,0.03187369
467.102,0.03187369
467.202,0.031833824
467.302,0.03187369
467.402,0.03187369
467.502,0.03187369
467.602,0.031793957
467.702,0.031793957
467.802,0.031793957
467.902,0.03187369
468.002,0.03175409
468.102,0.031793957
468.202,0.031793957
468.302,0.031714224
468.402,0.031714224
468.502,0.031714224
468.602,0.03175409
468.702,0.031793957
468.802,0.031674357
468.902,0.031674357
469.002,0.031634491
469.102,0.031674357
469.202,0.031674357
469.302,0.031674357
469.402,0.031634491
469.502,0.031554757
469.602,0.031554757
469.702,0.031594624
469.802,0.031554757
469.902,0.031634491
470.002,0.031554757
470.102,0.031594624
470.202,0.031554757
470.302,0.031554757
470.402,0.031554757
470.502,0.031514891
470.602,0.031554757
470.702,0.031514891
470.802,0.031475024
470.902,0.031514891
471.002,0.031435158
471.102,0.031514891
471.202,0.031475024
471.302,0.031435158
471.402,0.031475024
471.502,0.031514891
471.602,0.031395291
471.702,0.031355424
471.802,0.031435158
471.902,0.031395291
472.002,0.031435158
472.102,0.031355424
472.202,0.031395291
472.302,0.031395291
472.402,0.031395291
472.502,0.031235825
472.602,0.031315558
472.702,0.031315558
472.802,0.031275691
472.902,0.031315558
473.002,0.031315558
473.102,0.031275691
473.202,0.031275691
473.302,0.031235825
473.402,0.031275691
473.502,0.031235825
473.602,0.031235825
473.702,0.031195958
473.802,0.031156092
473.902,0.031156092
474.002,0.031195958
474.102,0.031116225
474.202,0.031235825
474.302,0.031156092
474.402,0.031116225
474.502,0.031156092
474.602,0.031036492
474.702,0.031076358
474.802,0.031076358
474.902,0.031076358
475.002,0.031116225
475.102,0.031156092
475.202,0.031036492
475.302,0.031036492
475.402,0.030996625
475.502,0.031076358
475.602,0.030996625
475.702,0.031036492
475.802,0.030956759
475.902,0.030916892
476.002,0.030877025
476.102,0.030996625
476.202,0.030956759
476.302,0.030916892
476.402,0.030956759
476.502,0.030996625
476.602,0.030877025
476.702,0.030996625
476.802,0.030956759
476.902,0.030956759
477.002,0.030877025
477.102,0.030837159
477.202,0.030877025
477.302,0.030837159
477.402,0.030837159
477.502,0.030877025
477.602,0.030757426
477.702,0.030916892
477.802,0.030797292
477.902,0.030757426
478.002,0.030837159
478.102,0.030797292
478.202,0.030837159
478.302,0.030757426
478.402,0.030797292
478.502,0.030797292
478.602,0.030757426
478.702,0.030797292
478.802,0.030717559
478.902,0.030677692
479.002,0.030717559
479.102,0.030717559
479.202,0.030677692
479.302,0.030717559
479.402,0.030677692
479.502,0.030637826
479.602,0.030677692
479.702,0.030637826
479.802,0.030637826
479.902,0.030637826
480.002,0.030558093
480.102,0.030637826
480.202,0.030637826
480.302,0.030597959
480.402,0.030597959
480.502,0.030637826
480.602,0.030597959
480.702,0.030597959
480.802,0.030558093
480.902,0.030558093
481.002,0.030518226
481.102,0.030518226
481.202,0.030558093
481.302,0.030558093
481.402,0.030438493
481.502,0.030518226
481.602,0.030518226
481.702,0.030438493
481.802,0.03047836
481.902,0.030398626
482.002,0.03047836
482.102,0.030518226
482.202,0.03047836
482.302,0.03047836
482.402,0.03047836
482.502,0.030438493
482.602,0.030398626
482.702,0.030398626
482.802,0.030318893
482.902,0.030318893
483.002,0.030398626
483.102,0.030318893
483.202,0.030438493
483.302,0.03035876
483.402,0.03035876
483.502,0.030279027
483.602,0.030318893
483.702,0.030318893
483.802,0.030279027
483.902,0.03035876
484.002,0.030279027
484.102,0.030279027
484.202,0.030279027
484.302,0.03023916
484.402,0.030279027
484.502,0.03023916
484.602,0.03023916
484.702,0.03023916
484.802,0.03023916
484.902,0.030279027
485.002,0.030199293
485.102,0.030199293
485.202,0.03011956
485.302,0.03023916
485.402,0.03023916
485.502,0.030199293
485.602,0.03011956
485.702,0.030199293
485.802,0.030199293
485.902,0.03011956
486.002,0.03011956
486.102,0.03011956
486.202,0.030159427
486.302,0.03011956
486.402,0.03011956
486.502,0.030079694
486.602,0.030039827
486.702,0.03011956
486.802,0.030039827
486.902,0.030039827
487.002,0.03011956
487.102,0.03011956
487.202,0.030159427
487.302,0.030079694
487.402,0.030039827
487.502,0.02999996
487.602,0.030079694
487.702,0.030039827
487.802,0.029960094
487.902,0.02999996
488.002,0.02999996
488.102,0.02999996
488.202,0.029960094
488.302,0.029920227
488.402,0.029920227
488.502,0.029920227
488.602,0.029920227
488.702,0.02999996
488.802,0.029920227
488.902,0.029880361
489.002,0.029880361
489.102,0.029840494
489.202,0.029920227
489.302,0.029880361
489.402,0.029880361
489.502,0.029960094
489.602,0.029920227
489.702,0.029920227
489.802,0.029880361
489.902,0.029880361
490.002,0.029880361
490.102,0.029920227
490.202,0.029880361
490.302,0.029880361
490.402,0.029800627
490.502,0.029800627
490.602,0.029800627
490.702,0.029800627
490.802,0.029800627
490.902,0.029720894
491.002,0.029720894
491.102,0.029720894
491.202,0.029760761
491.302,0.029760761
491.402,0.029760761
491.502,0.029720894
491.602,0.029800627
491.702,0.029601295
491.802,0.029601295
491.902,0.029681028
492.002,0.029681028
492.102,0.029641161
492.202,0.029760761
492.302,0.029720894
492.402,0.029681028
492.502,0.029641161
492.602,0.029641161
492.702,0.029681028
492.802,0.029641161
492.902,0.029601295
493.002,0.029681028
493.102,0.029561428
493.202,0.029521561
493.302,0.029561428
493.402,0.029561428
493.502,0.029561428
493.602,0.029561428
493.702,0.029521561
493.802,0.029561428
493.902,0.029481695
494.002,0.029481695
494.102,0.029521561
494.202,0.029481695
494.302,0.029481695
494.402,0.029521561
494.502,0.029601295
494.602,0.029481695
494.702,0.029481695
494.802,0.029481695
494.902,0.029521561
495.002,0.029401962
495.102,0.029441828
495.202,0.029401962
495.302,0.029401962
495.402,0.029401962
495.502,0.029322228
495.602,0.029481695
495.702,0.029362095
495.802,0.029401962
495.902,0.029401962
496.002,0.029441828
496.102,0.029322228
496.202,0.029401962
496.302,0.029322228
496.402,0.029282362
496.502,0.029322228
496.602,0.029322228
496.702,0.029362095
496.802,0.029322228
496.902,0.029322228
497.002,0.029282362
497.102,0.029322228
497.202,0.029322228
497.302,0.029242495
497.402,0.029282362
497.502,0.029242495
497.602,0.029282362
497.702,0.029322228
497.802,0.029322228
497.902,0.029242495
498.002,0.029242495
498.102,0.029122895
498.202,0.029202629
498.302,0.029162762
498.402,0.029282362
498.502,0.029202629
498.602,0.029202629
498.702,0.029083029
498.802,0.029202629
498.902,0.029202629
499.002,0.029122895
499.102,0.029202629
499.202,0.029083029
499.302,0.029043162
499.402,0.029122895
499.502,0.029083029
499.602,0.029122895
499.702,0.029083029
499.802,0.029122895
499.902,0.029122895
500.002,0.029083029
500.102,0.029083029
500.202,0.029043162
500.302,0.029083029
500.402,0.029083029
500.502,0.029043162
500.602,0.029083029
500.702,0.029003296
500.802,0.029003296
500.902,0.028963429
501.002,0.029043162
501.102,0.028963429
501.202,0.029003296
501.302,0.029003296
501.402,0.029003296
501.502,0.028923563
501.602,0.028963429
501.702,0.028963429
501.802,0.028923563
501.902,0.028883696
502.002,0.028883696
502.102,0.028923563
502.202,0.028963429
502.302,0.028843829
502.402,0.028923563
502.502,0.028923563
502.602,0.028843829
502.702,0.028923563
502.802,0.028923563
502.902,0.028803963
503.002,0.028883696
503.102,0.028883696
503.202,0.028843829
503.302,0.028843829
503.402,0.028843829
503.502,0.028843829
503.602,0.028803963
503.702,0.028803963
503.802,0.028843829
503.902,0.028803963
504.002,0.02872423
504.102,0.028803963
504.202,0.02872423
504.302,0.028843829
504.402,0.028764096
504.502,0.028803963
504.602,0.028684363
504.702,0.028684363
504.802,0.02872423
504.902,0.02872423
505.002,0.028644496
505.102,0.02872423
505.202,0.028644496
505.302,0.02872423
505.402,0.028644496
505.502,0.028644496
505.602,0.028644496
505.702,0.02872423
505.802,0.028644496
505.902,0.02860463
506.002,0.028644496
506.102,0.028684363
506.202,0.02860463
506.302,0.028644496
506.402,0.028644496
506.502,0.02860463
506.602,0.02860463
506.702,0.028524897
506.802,0.028564763
506.902,0.02848503
507.002,0.028564763
507.102,0.028524897
507.202,0.028524897
507.302,0.028524897
507.402,0.028524897
507.502,0.028564763
507.602,0.028524897
507.702,0.028524897
507.802,0.02848503
507.902,0.028445163
508.002,0.028445163
508.102,0.028445163
508.202,0.02848503
508.302,0.02848503
508.402,0.028445163
508.502,0.02836543
508.602,0.028405297
508.702,0.028445163
508.802,0.028445163
508.902,0.028405297
509.002,0.02848503
509.102,0.02836543
509.202,0.028445163
509.302,0.028405297
509.402,0.02836543
509.502,0.028405297
509.602,0.028325564
509.702,0.028445163
509.802,0.02836543
509.902,0.02836543
510.002,0.02836543
510.102,0.028325564
510.202,0.02836543
510.302,0.028285697
510.402,0.02836543
510.502,0.028285697
510.602,0.028325564
510.702,0.02836543
510.802,0.028325564
510.902,0.028325564
511.002,0.028285697
511.102,0.028285697
511.202,0.028285697
511.302,0.028285697
511.402,0.028285697
511.502,0.028245831
511.602,0.028285697
511.702,0.028245831
511.802,0.028166097
511.902,0.028245831
512.002,0.028205964
512.102,0.028245831
512.202,0.028166097
512.302,0.028205964
512.402,0.028245831
512.502,0.028126231
512.602,0.028205964
512.702,0.028166097
512.802,0.028245831
512.902,0.028166097
513.002,0.028205964
513.102,0.028126231
513.202,0.028166097
513.302,0.028166097
513.402,0.028086364
513.502,0.028205964
513.602,0.028086364
513.702,0.028166097
513.802,0.028205964
513.902,0.028126231
514.002,0.028126231
514.102,0.028166097
514.202,0.028166097
514.302,0.028126231
514.402,0.028046498
514.502,0.028126231
514.602,0.028046498
514.702,0.028086364
514.802,0.028086364
514.902,0.028006631
515.002,0.028006631
515.102,0.028086364
515.202,0.028166097
515.302,0.028006631
515.402,0.028046498
515.502,0.028046498
515.602,0.027966764
515.702,0.028006631
515.802,0.027926898
515.902,0.027887031
516.002,0.027966764
516.102,0.028046498
516.202,0.027966764
516.302,0.027926898
516.402,0.027926898
516.502,0.028006631
516.602,0.027887031
516.702,0.027926898
516.802,0.027847165
516.902,0.027847165
517.002,0.028006631
517.102,0.027926898
517.202,0.027847165
517.302,0.027887031
517.402,0.027887031
517.502,0.027847165
517.602,0.027847165
517.702,0.027926898
517.802,0.027887031
517.902,0.027847165
518.002,0.027887031
518.102,0.027847165
518.202,0.027807298
518.302,0.027847165
518.402,0.027807298
518.502,0.027767431
518.602,0.027807298
518.702,0.027807298
518.802,0.027727565
518.902,0.027727565
519.002,0.027727565
519.102,0.027727565
519.202,0.027727565
519.302,0.027767431
519.402,0.027727565
519.502,0.027767431
519.602,0.027727565
519.702,0.027687698
519.802,0.027727565
519.902,0.027687698
520.002,0.027767431
520.102,0.027687698
520.202,0.027647832
520.302,0.027687698
520.402,0.027687698
520.502,0.027687698
520.602,0.027607965
520.702,0.027767431
520.802,0.027647832
520.902,0.027687698
521.002,0.027647832
521.102,0.027568098
521.202,0.027607965
521.302,0.027647832
521.402,0.027647832
521.502,0.027568098
521.602,0.027568098
521.702,0.027568098
521.802,0.027607965
521.902,0.027607965
522.002,0.027568098
522.102,0.027568098
522.202,0.027568098
522.302,0.027528232
522.402,0.027568098
522.502,0.027568098
522.602,0.027568098
522.702,0.027568098
522.802,0.027528232
522.902,0.027488365
523.002,0.027488365
523.102,0.027528232
523.202,0.027528232
523.302,0.027568098
523.402,0.027528232
523.502,0.027528232
523.602,0.027488365
523.702,0.027448499
523.802,0.027488365
523.902,0.027448499
524.002,0.027448499
524.102,0.027408632
524.202,0.027448499
524.302,0.027448499
524.402,0.027408632
524.502,0.027448499
524.602,0.027368766
524.702,0.027368766
524.802,0.027328899
524.902,0.027328899
525.002,0.027448499
525.102,0.027368766
525.202,0.027328899
525.302,0.027368766
525.402,0.027408632
525.502,0.027488365
525.602,0.027289032
525.702,0.027328899
525.802,0.027289032
525.902,0.027328899
526.002,0.027328899
526.102,0.027328899
526.202,0.027328899
526.302,0.027328899
526.402,0.027289032
526.502,0.027328899
526.602,0.027368766
526.702,0.027249166
526.802,0.027289032
526.902,0.027209299
527.002,0.027249166
527.102,0.027249166
527.202,0.027328899
527.302,0.027089699
527.402,0.027209299
527.502,0.027249166
527.602,0.027169433
527.702,0.027209299
527.802,0.027169433
527.902,0.027169433
528.002,0.027129566
528.102,0.027129566
528.202,0.027249166
528.302,0.027209299
528.402,0.027129566
528.502,0.027089699
528.602,0.027169433
528.702,0.027209299
528.802,0.027169433
528.902,0.027049833
529.002,0.027089699
529.102,0.027129566
529.202,0.027129566
529.302,0.027089699
529.402,0.027049833
529.502,0.027089699
529.602,0.027129566
529.702,0.027049833
529.802,0.027009966
529.902,0.027049833
530.002,0.027089699
530.102,0.027049833
530.202,0.027089699
530.302,0.027129566
530.402,0.027009966
530.502,0.027009966
530.602,0.027049833
530.702,0.027089699
530.802,0.027049833
530.902,0.027009966
531.002,0.027129566
531.102,0.027089699
531.202,0.027009966
531.302,0.027009966
531.402,0.027009966
531.502,0.0269701
531.602,0.027009966
531.702,0.026890366
531.802,0.0269701
531.902,0.0269701
532.002,0.026930233
532.102,0.026890366
532.202,0.026930233
532.302,0.026890366
532.402,0.0269701
532.502,0.026890366
532.602,0.0268505
532.702,0.026890366
532.802,0.026810633
532.902,0.026890366
533.002,0.0268505
533.102,0.0268505
533.202,0.026930233
533.302,0.026890366
533.402,0.0268505
533.502,0.0268505
533.602,0.026810633
533.702,0.026810633
533.802,0.026810633
533.902,0.026810633
534.002,0.026810633
534.102,0.026770767
534.202,0.026810633
534.302,0.026770767
534.402,0.0267309
534.502,0.0267309
534.602,0.026770767
534.702,0.026770767
534.802,0.026770767
534.902,0.026770767
535.002,0.026691034
535.102,0.0267309
535.202,0.0267309
535.302,0.0267309
535.402,0.026770767
535.502,0.026810633
535.602,0.0267309
535.702,0.0266113
535.802,0.026691034
535.902,0.026691034
536.002,0.026691034
536.102,0.0266113
536.202,0.026651167
536.302,0.0267309
536.402,0.026651167
536.502,0.026651167
536.602,0.026571434
536.702,0.026571434
536.802,0.026651167
536.902,0.026651167
537.002,0.026651167
537.102,0.0266113
537.202,0.026571434
537.302,0.026571434
537.402,0.026571434
537.502,0.026531567
537.602,0.026531567
537.702,0.026571434
537.802,0.026571434
537.902,0.026491701
538.002,0.026571434
538.102,0.026491701
538.202,0.026491701
538.302,0.026531567
538.402,0.026531567
538.502,0.026531567
538.602,0.026491701
538.702,0.026451834
538.802,0.026451834
538.902,0.026411967
539.002,0.026411967
539.102,0.026451834
539.202,0.026411967
539.302,0.026451834
539.402,0.026372101
539.502,0.026451834
539.602,0.026372101
539.702,0.026411967
539.802,0.026292368
539.902,0.026372101
540.002,0.026372101
540.102,0.026372101
540.202,0.026372101
540.302,0.026372101
540.402,0.026372101
540.502,0.026372101
540.602,0.026411967
540.702,0.026332234
540.802,0.026292368
540.902,0.026411967
541.002,0.026292368
541.102,0.026292368
541.202,0.026332234
541.302,0.026372101
541.402,0.026332234
541.502,0.026332234
541.602,0.026252501
541.702,0.026372101
541.802,0.026252501
541.902,0.026252501
542.002,0.026372101
542.102,0.026252501
542.202,0.026212634
542.302,0.026212634
542.402,0.026252501
542.502,0.026212634
542.602,0.026252501
542.702,0.026252501
542.802,0.026172768
542.902,0.026132901
543.002,0.026212634
543.102,0.026252501
543.202,0.026212634
543.302,0.026132901
543.402,0.026132901
543.502,0.026132901
543.602,0.026172768
543.702,0.026212634
543.802,0.026132901
543.902,0.026093035
544.002,0.026132901
544.102,0.026212634
544.202,0.025973435
544.302,0.026132901
544.402,0.026093035
544.502,0.026013302
544.602,0.026172768
544.702,0.026172768
544.802,0.026132901
544.902,0.026053168
545.002,0.026132901
545.102,0.026093035
545.202,0.026053168
545.302,0.026013302
545.402,0.026053168
545.502,0.026053168
545.602,0.026053168
545.702,0.026132901
545.802,0.026053168
545.902,0.025973435
546.002,0.026053168
546.102,0.026013302
546.202,0.026172768
546.302,0.026013302
546.402,0.026053168
546.502,0.026013302
546.602,0.026013302
546.702,0.029242495
546.802,0.028524897
546.902,0.028325564
547.002,0.028205964
547.102,0.028205964
547.202,0.028086364
547.302,0.028046498
547.402,0.027966764
547.502,0.027966764
547.602,0.028046498
547.702,0.027926898
547.802,0.027847165
547.902,0.027847165
548.002,0.027847165
548.102,0.027807298
548.202,0.027727565
548.302,0.027687698
548.402,0.027727565
548.502,0.027727565
548.602,0.027807298
548.702,0.027767431
548.802,0.027687698
548.902,0.027647832
549.002,0.027727565
549.102,0.027607965
549.202,0.027727565
549.302,0.027607965
549.402,0.027568098
549.502,0.027528232
549.602,0.027528232
549.702,0.027568098
549.802,0.027528232
549.902,0.027607965
550.002,0.027528232
550.102,0.027568098
550.202,0.027528232
550.302,0.027528232
550.402,0.027488365
550.502,0.027448499
550.602,0.027528232
550.702,0.027488365
550.802,0.027488365
550.902,0.027448499
551.002,0.027448499
551.102,0.027408632
551.202,0.027328899
551.302,0.027448499
551.402,0.027368766
551.502,0.027408632
551.602,0.027368766
551.702,0.027289032
551.802,0.027368766
551.902,0.027289032
552.002,0.027368766
552.102,0.027289032
552.202,0.027328899
552.302,0.027289032
552.402,0.027328899
552.502,0.027289032
552.602,0.027328899
552.702,0.027328899
552.802,0.027209299
552.902,0.027249166
553.002,0.027249166
553.102,0.027129566
553.202,0.027289032
553.302,0.027209299
553.402,0.027249166
553.502,0.027169433
553.602,0.027209299
553.702,0.027169433
553.802,0.027089699
553.902,0.027049833
554.002,0.027129566
554.102,0.027049833
554.202,0.027129566
554.302,0.027129566
554.402,0.027089699
554.502,0.027089699
554.602,0.027089699
554.702,0.027129566
554.802,0.027009966
554.902,0.027089699
555.002,0.0269701
555.102,0.027009966
555.202,0.027009966
555.302,0.027009966
555.402,0.027049833
555.502,0.0269701
555.602,0.026930233
555.702,0.026930233
555.802,0.026930233
555.902,0.027009966
556.002,0.0269701
556.102,0.0269701
556.202,0.026930233
556.302,0.026890366
556.402,0.027049833
556.502,0.026890366
556.602,0.026890366
556.702,0.026890366
556.802,0.026890366
556.902,0.026890366
557.002,0.026890366
557.102,0.026930233
557.202,0.026810633
557.302,0.026770767
557.402,0.0268505
557.502,0.026810633
557.602,0.026810633
557.702,0.026810633
557.802,0.026770767
557.902,0.026770767
558.002,0.0268505
558.102,0.0268505
558.202,0.0267309
558.302,0.0267309
558.402,0.026770767
558.502,0.026770767
558.602,0.026810633
558.702,0.0267309
558.802,0.0267309
558.902,0.026770767
559.002,0.026691034
559.102,0.026691034
559.202,0.0267309
559.302,0.026691034
559.402,0.0267309
559.502,0.0266113
559.602,0.026691034
559.702,0.0266113
559.802,0.0267309
559.902,0.0266113
560.002,0.026651167
560.102,0.0266113
560.202,0.0266113
560.302,0.026571434
560.402,0.0266113
560.502,0.0266113
560.602,0.026571434
560.702,0.026531567
560.802,0.026651167
560.902,0.026451834
561.002,0.026531567
561.102,0.026491701
561.202,0.0266113
561.302,0.026571434
561.402,0.026531567
561.502,0.026531567
561.602,0.026491701
561.702,0.026491701
561.802,0.026451834
561.902,0.026491701
562.002,0.026491701
562.102,0.026451834
562.202,0.026372101
562.302,0.026451834
562.402,0.026451834
562.502,0.026491701
562.602,0.026411967
562.702,0.026451834
562.802,0.026411967
562.902,0.026411967
563.002,0.026411967
563.102,0.026372101
563.202,0.026411967
563.302,0.026411967
563.402,0.026372101
563.502,0.026451834
563.602,0.026372101
563.702,0.026411967
563.802,0.026292368
563.902,0.026411967
564.002,0.026372101
564.102,0.026372101
564.202,0.026372101
564.302,0.026372101
564.402,0.026252501
564.502,0.026411967
564.602,0.026292368
564.702,0.026292368
564.802,0.026292368
564.902,0.026372101
565.002,0.026332234
565.102,0.026252501
565.202,0.026252501
565.302,0.026252501
565.402,0.026212634
565.502,0.026292368
565.602,0.026292368
565.702,0.026252501
565.802,0.026252501
565.902,0.026292368
566.002,0.026212634
566.102,0.026172768
566.202,0.026212634
566.302,0.026212634
566.402,0.026212634
566.502,0.026212634
566.602,0.026212634
566.702,0.026172768
566.802,0.026093035
566.902,0.026172768
567.002,0.026132901
567.102,0.026132901
567.202,0.026172768
567.302,0.026132901
567.402,0.026093035
567.502,0.026172768
567.602,0.026172768
567.702,0.026172768
567.802,0.026172768
567.902,0.026212634
568.002,0.026093035
568.102,0.026132901
568.202,0.026172768
568.302,0.026132901
568.402,0.026132901
568.502,0.026093035
568.602,0.026132901
568.702,0.026093035
568.802,0.025973435
568.902,0.026053168
569.002,0.026053168
569.102,0.026053168
569.202,0.026053168
569.302,0.025973435
569.402,0.026093035
569.502,0.026013302
569.602,0.026093035
569.702,0.026053168
569.802,0.026053168
569.902,0.026132901
570.002,0.026053168
570.102,0.026053168
570.202,0.026013302
570.302,0.026013302
570.402,0.025973435
570.502,0.025973435
570.602,0.025973435
570.702,0.025933568
570.802,0.026013302
570.902,0.025973435
571.002,0.025893702
571.102,0.025973435
571.202,0.025973435
571.302,0.025973435
571.402,0.026013302
571.502,0.025933568
571.602,0.025933568
571.702,0.026053168
571.802,0.025853835
571.902,0.025973435
572.002,0.025933568
572.102,0.025933568
572.202,0.025933568
572.302,0.025933568
572.402,0.025973435
572.502,0.025853835
572.602,0.026013302
572.702,0.025853835
572.802,0.025893702
572.902,0.025933568
573.002,0.025813969
573.102,0.025853835
573.202,0.025853835
573.302,0.025853835
573.402,0.025853835
573.502,0.025893702
573.602,0.025933568
573.702,0.025933568
573.802,0.025853835
573.902,0.025813969
574.002,0.025813969
574.102,0.025853835
574.202,0.025853835
574.302,0.025893702
574.402,0.025893702
574.502,0.025813969
574.602,0.025813969
574.702,0.025774102
574.802,0.025813969
574.902,0.025813969
575.002,0.025774102
575.102,0.025853835
575.202,0.025813969
575.302,0.025813969
575.402,0.025813969
575.502,0.025774102
575.602,0.025813969
575.702,0.025813969
575.802,0.025734235
575.902,0.025813969
576.002,0.025774102
576.102,0.025734235
576.202,0.025734235
576.302,0.025734235
576.402,0.025774102
576.502,0.025774102
576.602,0.025734235
576.702,0.025694369
576.802,0.025774102
576.902,0.025694369
577.002,0.025694369
577.102,0.025734235
577.202,0.025654502
577.302,0.025694369
577.402,0.025654502
577.502,0.025734235
577.602,0.025654502
577.702,0.025694369
577.802,0.025654502
577.902,0.025614636
578.002,0.025614636
578.102,0.025654502
578.202,0.025654502
578.302,0.025614636
578.402,0.025694369
578.502,0.025614636
578.602,0.025654502
578.702,0.025574769
578.802,0.025654502
578.902,0.025694369
579.002,0.025614636
579.102,0.025614636
579.202,0.025654502
579.302,0.025694369
579.402,0.025614636
579.502,0.025614636
579.602,0.025654502
579.702,0.025574769
579.802,0.025495036
579.902,0.025574769
580.002,0.025574769
580.102,0.025614636
580.202,0.025495036
580.302,0.025534902
580.402,0.025534902
580.502,0.025534902
580.602,0.025534902
580.702,0.025534902
580.802,0.025574769
580.902,0.025495036
581.002,0.025614636
581.102,0.025534902
581.202,0.025534902
581.302,0.025534902
581.402,0.025495036
581.502,0.025455169
581.602,0.025574769
581.702,0.025534902
581.802,0.025455169
581.902,0.025534902
582.002,0.025495036
582.102,0.025455169
582.202,0.025495036
582.302,0.025534902
582.402,0.025495036
582.502,0.025495036
582.602,0.025495036
582.702,0.025415303
582.802,0.025455169
582.902,0.025495036
583.002,0.025495036
583.102,0.025495036
583.202,0.025415303
583.302,0.025495036
583.402,0.025455169
583.502,0.025415303
583.602,0.025415303
583.702,0.025455169
583.802,0.025415303
583.902,0.025455169
584.002,0.025415303
584.102,0.025415303
584.202,0.025455169
584.302,0.025415303
584.402,0.025415303
584.502,0.025455169
584.602,0.025375436
584.702,0.025415303
584.802,0.025415303
584.902,0.025455169
585.002,0.025335569
585.102,0.025415303
585.202,0.025455169
585.302,0.025455169
585.402,0.025335569
585.502,0.025335569
585.602,0.025415303
585.702,0.025415303
585.802,0.025335569
585.902,0.025295703
586.002,0.025335569
586.102,0.025335569
586.202,0.025295703
586.302,0.025335569
586.402,0.025335569
586.502,0.025295703
586.602,0.025375436
586.702,0.025255836
586.802,0.025295703
586.902,0.025335569
587.002,0.025255836
587.102,0.02521597
587.202,0.025255836
587.302,0.025295703
587.402,0.025295703
587.502,0.025255836
587.602,0.025295703
587.702,0.025255836
587.802,0.02521597
587.902,0.025176103
588.002,0.025255836
588.102,0.025255836
588.202,0.025295703
588.302,0.025176103
588.402,0.025255836
588.502,0.025335569
588.602,0.025255836
588.702,0.02521597
588.802,0.02521597
588.902,0.025176103
589.002,0.025255836
589.102,0.025176103
589.202,0.02521597
589.302,0.025136237
589.402,0.025255836
589.502,0.025176103
589.602,0.02521597
589.702,0.025136237
589.802,0.025255836
589.902,0.025136237
590.002,0.025255836
590.102,0.025176103
590.202,0.02509637
590.302,0.025176103
590.402,0.025176103
590.502,0.025136237
590.602,0.02521597
590.702,0.02521597
590.802,0.025136237
590.902,0.025136237
591.002,0.02509637
591.102,0.025136237
591.202,0.025176103
591.302,0.025016637
591.402,0.02509637
591.502,0.02509637
591.602,0.02509637
591.702,0.025176103
591.802,0.025016637
591.902,0.02497677
592.002,0.02509637
592.102,0.02509637
592.202,0.025056503
592.302,0.025056503
592.402,0.025056503
592.502,0.02509637
592.602,0.025056503
592.702,0.025056503
592.802,0.02497677
592.902,0.02509637
593.002,0.02509637
593.102,0.02509637
593.202,0.025056503
593.302,0.025016637
593.402,0.025056503
593.502,0.025016637
593.602,0.025016637
593.702,0.02497677
593.802,0.025016637
593.902,0.025016637
594.002,0.025016637
594.102,0.025016637
594.202,0.024936904
594.302,0.02509637
594.402,0.025016637
594.502,0.02497677
594.602,0.024936904
594.702,0.024936904
594.802,0.02497677
594.902,0.024897037
595.002,0.024936904
595.102,0.02497677
595.202,0.02497677
595.302,0.024936904
595.402,0.024936904
595.502,0.02497677
595.602,0.024897037
595.702,0.025016637
595.802,0.024897037
595.902,0.02485717
596.002,0.02485717
596.102,0.02485717
596.202,0.024936904
596.302,0.02485717
596.402,0.024817304
596.502,0.024777437
596.602,0.02485717
596.702,0.024936904
596.802,0.02485717
596.902,0.02485717
597.002,0.024936904
597.102,0.02485717
597.202,0.02485717
597.302,0.024897037
597.402,0.02485717
597.502,0.02485717
597.602,0.024817304
597.702,0.024817304
597.802,0.02485717
597.902,0.024777437
598.002,0.024817304
598.102,0.024817304
598.202,0.024737571
598.302,0.024817304
598.402,0.024777437
598.502,0.024817304
598.602,0.02485717
598.702,0.024777437
598.802,0.024777437
598.902,0.024817304
599.002,0.02485717
599.102,0.024817304
599.202,0.024777437
599.302,0.024777437
599.402,0.024777437
599.502,0.024817304
599.602,0.024737571
599.702,0.024737571
599.802,0.024777437
599.902,0.024777437
600.002,0.024697704
600.102,0.024737571
600.202,0.024737571
600.302,0.024737571
600.402,0.024777437
600.502,0.024697704
600.602,0.024777437
600.702,0.024657837
600.802,0.024697704
600.902,0.024737571
601.002,0.024737571
601.102,0.024737571
601.202,0.024697704
601.302,0.024737571
601.402,0.024697704
601.502,0.024777437
601.602,0.024777437
601.702,0.024697704
601.802,0.024697704
601.902,0.024737571
602.002,0.024657837
602.102,0.024777437
602.202,0.024617971
602.302,0.024737571
602.402,0.024578104
602.502,0.024697704
602.602,0.024697704
602.702,0.024697704
602.802,0.024737571
602.902,0.024737571
603.002,0.024657837
603.102,0.024657837
603.202,0.024697704
603.302,0.024657837
603.402,0.024697704
603.502,0.024697704
603.602,0.024737571
603.702,0.024657837
603.802,0.024657837
603.902,0.024617971
604.002,0.024657837
604.102,0.024538238
604.202,0.024657837
604.302,0.024657837
604.402,0.024657837
604.502,0.024578104
604.602,0.024657837
604.702,0.024617971
604.802,0.024617971
604.902,0.024617971
605.002,0.024657837
605.102,0.024617971
605.202,0.024578104
605.302,0.024657837
605.402,0.024578104
605.502,0.024617971
605.602,0.024617971
605.702,0.024617971
605.802,0.024617971
605.902,0.024578104
606.002,0.024657837
606.102,0.024578104
606.202,0.024578104
606.302,0.024538238
606.402,0.024578104
606.502,0.024578104
606.602,0.024617971
606.702,0.024538238
606.802,0.024578104
606.902,0.024617971
607.002,0.024538238
607.102,0.024578104
607.202,0.024498371
607.302,0.024578104
607.402,0.024617971
607.502,0.024538238
607.602,0.024578104
607.702,0.024538238
607.802,0.024538238
607.902,0.024538238
608.002,0.024538238
608.102,0.024458505
608.202,0.024538238
608.302,0.024617971
608.402,0.024538238
608.502,0.024538238
608.602,0.024498371
608.702,0.024617971
608.802,0.024578104
608.902,0.024498371
609.002,0.024498371
609.102,0.024498371
609.202,0.024378771
609.302,0.024498371
609.402,0.024538238
609.502,0.024378771
609.602,0.024378771
609.702,0.024538238
609.802,0.024498371
609.902,0.024418638
610.002,0.024458505
610.102,0.024538238
610.202,0.024498371
610.302,0.024538238
610.402,0.024578104
610.502,0.024538238
610.602,0.024458505
610.702,0.024338905
610.802,0.024418638
610.902,0.024338905
611.002,0.024418638
611.102,0.024458505
611.202,0.024458505
611.302,0.024418638
611.402,0.024538238
611.502,0.024378771
611.602,0.024498371
611.702,0.024458505
611.802,0.024458505
611.902,0.024418638
612.002,0.024498371
612.102,0.024378771
612.202,0.024418638
612.302,0.024378771
612.402,0.024458505
612.502,0.024378771
612.602,0.024458505
612.702,0.024418638
612.802,0.024418638
612.902,0.024418638
613.002,0.024378771
613.102,0.024378771
613.202,0.024378771
613.302,0.024418638
613.402,0.024458505
613.502,0.024378771
613.602,0.024418638
613.702,0.024299038
613.802,0.024378771
613.902,0.024299038
614.002,0.024418638
614.102,0.024378771
614.202,0.024338905
614.302,0.024378771
614.402,0.024338905
614.502,0.024338905
614.602,0.024418638
614.702,0.024418638
614.802,0.024338905
614.902,0.024378771
615.002,0.024458505
615.102,0.024338905
615.202,0.024378771
615.302,0.024378771
615.402,0.024338905
615.502,0.024418638
615.602,0.024458505
615.702,0.024338905
615.802,0.024299038
615.902,0.024378771
616.002,0.024259172
616.102,0.024338905
616.202,0.024378771
616.302,0.024299038
616.402,0.024338905
616.502,0.024378771
616.602,0.024418638
616.702,0.024378771
616.802,0.024378771
616.902,0.024378771
617.002,0.024299038
617.102,0.024299038
617.202,0.024299038
617.302,0.024338905
617.402,0.024299038
617.502,0.024338905
617.602,0.024338905
617.702,0.024378771
617.802,0.024299038
617.902,0.024299038
618.002,0.024299038
618.102,0.024299038
618.202,0.024299038
618.302,0.024259172
618.402,0.024338905
618.502,0.024259172
618.602,0.024259172
618.702,0.024338905
618.802,0.024259172
618.902,0.024259172
619.002,0.024259172
619.102,0.024259172
619.202,0.024299038
619.302,0.024259172
619.402,0.024338905
619.502,0.024299038
619.602,0.024299038
619.702,0.024259172
619.802,0.024299038
619.902,0.024259172
620.002,0.024259172
620.102,0.024259172
620.202,0.024299038
620.302,0.024179438
620.402,0.024299038
620.502,0.024299038
620.602,0.024338905
620.702,0.024259172
620.802,0.024338905
620.902,0.024299038
621.002,0.024219305
621.102,0.024299038
621.202,0.024338905
621.302,0.024259172
621.402,0.024259172
621.502,0.024219305
621.602,0.024219305
621.702,0.024219305
621.802,0.024219305
621.902,0.024179438
622.002,0.024219305
622.102,0.024259172
622.202,0.024219305
622.302,0.024179438
622.402,0.024219305
622.502,0.024179438
622.602,0.024219305
622.702,0.024179438
622.802,0.024179438
622.902,0.024219305
623.002,0.024099705
623.102,0.024219305
623.202,0.024219305
623.302,0.024179438
623.402,0.024139572
623.502,0.024259172
623.602,0.024179438
623.702,0.024179438
623.802,0.024179438
623.902,0.024179438
624.002,0.024219305
624.102,0.024139572
624.202,0.024179438
624.302,0.024139572
624.402,0.024139572
624.502,0.024219305
624.602,0.024139572
624.702,0.024139572
624.802,0.024099705
624.902,0.024179438
625.002,0.024139572
625.102,0.024139572
625.202,0.024219305
625.302,0.024179438
625.402,0.024139572
625.502,0.024139572
625.602,0.024099705
625.702,0.024099705
625.802,0.024179438
625.902,0.024099705
626.002,0.024179438
626.102,0.024099705
626.202,0.024059839
626.302,0.024059839
626.402,0.024099705
626.502,0.024099705
626.602,0.024139572
626.702,0.024139572
626.802,0.024179438
626.902,0.024019972
627.002,0.024059839
627.102,0.024139572
627.202,0.024099705
627.302,0.024099705
627.402,0.023980105
627.502,0.024059839
627.602,0.024139572
627.702,0.024059839
627.802,0.024139572
627.902,0.024139572
628.002,0.024059839
628.102,0.024059839
628.202,0.024059839
628.302,0.024179438
628.402,0.024099705
628.502,0.024059839
628.602,0.024099705
628.702,0.024019972
628.802,0.024099705
628.902,0.024099705
629.002,0.024059839
629.102,0.024019972
629.202,0.024019972
629.302,0.024019972
629.402,0.023980105
629.502,0.024139572
629.602,0.024019972
629.702,0.023980105
629.802,0.024059839
629.902,0.023980105
630.002,0.023980105
630.102,0.023980105
630.202,0.024019972
630.302,0.024019972
630.402,0.024059839
630.502,0.023980105
630.602,0.024019972
630.702,0.024019972
630.802,0.023980105
630.902,0.023980105
631.002,0.024019972
631.102,0.023980105
631.202,0.023980105
631.302,0.024019972
631.402,0.024019972
631.502,0.023980105
631.602,0.024019972
631.702,0.024059839
631.802,0.023980105
631.902,0.024059839
632.002,0.023980105
632.102,0.024019972
632.202,0.023900372
632.302,0.023980105
632.402,0.024019972
632.502,0.023980105
632.602,0.023980105
632.702,0.024019972
632.802,0.024019972
632.902,0.024019972
633.002,0.024019972
633.102,0.023900372
633.202,0.023980105
633.302,0.023900372
633.402,0.023980105
633.502,0.024019972
633.602,0.023900372
633.702,0.023980105
633.802,0.024019972
633.902,0.024019972
634.002,0.024019972
634.102,0.023980105
634.202,0.023860506
634.302,0.023980105
634.402,0.024019972
634.502,0.023940239
634.602,0.023980105
634.702,0.024019972
634.802,0.023980105
634.902,0.023980105
635.002,0.024059839
635.102,0.023980105
635.202,0.023980105
635.302,0.023980105
635.402,0.023940239
635.502,0.023940239
635.602,0.024019972
635.702,0.023980105
635.802,0.023900372
635.902,0.023940239
636.002,0.023900372
636.102,0.023940239
636.202,0.023980105
636.302,0.023940239
636.402,0.024019972
636.502,0.023980105
636.602,0.023980105
636.702,0.023940239
636.802,0.023860506
636.902,0.023980105
637.002,0.023900372
637.102,0.023860506
637.202,0.023900372
637.302,0.023940239
637.402,0.023900372
637.502,0.023980105
637.602,0.023980105
637.702,0.023860506
637.802,0.023900372
637.902,0.023860506
638.002,0.023980105
638.102,0.023940239
638.202,0.023940239
638.302,0.023980105
638.402,0.023900372
638.502,0.023900372
638.602,0.023860506
638.702,0.023860506
638.802,0.023860506
638.902,0.023900372
639.002,0.023780772
639.102,0.023900372
639.202,0.023900372
639.302,0.023860506
639.402,0.023900372
639.502,0.023860506
639.602,0.023820639
639.702,0.023900372
639.802,0.023820639
639.902,0.023860506
640.002,0.023900372
640.102,0.023860506
640.202,0.023860506
640.302,0.023820639
640.402,0.023860506
640.502,0.023900372
640.602,0.023860506
640.702,0.023860506
640.802,0.023780772
640.902,0.023900372
641.002,0.023820639
641.102,0.023820639
641.202,0.023860506
641.302,0.023860506
641.402,0.023860506
641.502,0.023900372
641.602,0.023860506
641.702,0.023860506
641.802,0.023900372
641.902,0.023900372
642.002,0.023900372
642.102,0.023820639
642.202,0.023820639
642.302,0.023780772
642.402,0.023740906
642.502,0.023820639
642.602,0.023900372
642.702,0.023820639
642.802,0.023860506
642.902,0.023780772
643.002,0.023820639
643.102,0.023860506
643.202,0.023860506
643.302,0.023820639
643.402,0.023820639
643.502,0.023820639
643.602,0.023860506
643.702,0.023820639
643.802,0.023780772
643.902,0.023820639
644.002,0.023780772
644.102,0.023860506
644.202,0.023860506
644.302,0.023780772
644.402,0.023740906
644.502,0.023780772
644.602,0.023860506
644.702,0.023780772
644.802,0.023860506
644.902,0.023740906
645.002,0.023740906
645.102,0.023780772
645.202,0.023780772
645.302,0.023820639
645.402,0.023820639
645.502,0.023820639
645.602,0.023820639
645.702,0.023860506
645.802,0.023780772
645.902,0.023780772
646.002,0.023780772
646.102,0.023780772
646.202,0.023740906
646.302,0.023820639
646.402,0.023780772
646.502,0.023860506
646.602,0.023820639
646.702,0.023740906
646.802,0.023820639
646.902,0.023780772
647.002,0.023820639
647.102,0.023740906
647.202,0.023820639
647.302,0.023780772
647.402,0.023780772
647.502,0.023820639
647.602,0.023740906
647.702,0.023740906
647.802,0.023780772
647.902,0.023740906
648.002,0.023820639
648.102,0.023740906
648.202,0.023740906
648.302,0.023780772
648.402,0.023740906
648.502,0.023740906
648.602,0.023740906
648.702,0.023701039
648.802,0.023780772
648.902,0.023740906
649.002,0.023701039
649.102,0.023740906
649.202,0.023740906
649.302,0.023780772
649.402,0.023740906
649.502,0.023780772
649.602,0.023780772
649.702,0.023701039
649.802,0.023820639
649.902,0.023701039
650.002,0.023701039
650.102,0.023740906
650.202,0.023780772
650.302,0.023780772
650.402,0.023701039
650.502,0.023701039
650.602,0.023740906
650.702,0.023740906
650.802,0.023780772
650.902,0.023740906
651.002,0.023780772
651.102,0.023740906
651.202,0.023701039
651.302,0.023701039
651.402,0.023701039
651.502,0.023740906
651.602,0.023740906
651.702,0.023740906
651.802,0.023740906
651.902,0.023740906
652.002,0.02358144
652.102,0.023661173
652.202,0.023701039
652.302,0.023740906
652.402,0.023661173
652.502,0.023701039
652.602,0.023661173
652.702,0.023661173
652.802,0.023740906
652.902,0.023740906
653.002,0.023621306
653.102,0.023701039
653.202,0.023740906
653.302,0.023740906
653.402,0.023661173
653.502,0.023701039
653.602,0.023661173
653.702,0.023661173
653.802,0.023701039
653.902,0.023621306
654.002,0.023661173
654.102,0.023661173
654.202,0.023621306
654.302,0.023661173
654.402,0.02358144
654.502,0.023661173
654.602,0.023740906
654.702,0.02358144
654.802,0.023701039
654.902,0.023621306
655.002,0.023740906
655.102,0.023661173
655.202,0.023661173
655.302,0.023661173
655.402,0.023621306
655.502,0.023621306
655.602,0.023621306
655.702,0.023621306
655.802,0.023621306
655.902,0.023621306
656.002,0.023621306
656.102,0.023661173
656.202,0.023661173
656.302,0.023621306
656.402,0.023661173
656.502,0.023541573
656.602,0.023621306
656.702,0.023541573
656.802,0.02358144
656.902,0.02346184
657.002,0.02358144
657.102,0.02358144
657.202,0.023621306
657.302,0.023621306
657.402,0.02358144
657.502,0.023541573
657.602,0.023541573
657.702,0.023501706
657.802,0.023621306
657.902,0.023541573
658.002,0.023501706
658.102,0.02358144
658.202,0.023621306
658.302,0.02358144
658.402,0.023661173
658.502,0.023661173
658.602,0.023621306
658.702,0.023541573
658.802,0.023541573
658.902,0.023541573
659.002,0.023501706
659.102,0.02358144
659.202,0.02358144
659.302,0.02346184
659.402,0.02358144
659.502,0.023621306
659.602,0.02358144
659.702,0.02346184
659.802,0.023541573
659.902,0.02346184
660.002,0.023501706
660.102,0.02358144
660.202,0.023541573
660.302,0.023501706
660.402,0.023501706
660.502,0.023501706
660.602,0.02346184
660.702,0.023501706
660.802,0.023501706
660.902,0.023541573
661.002,0.023501706
661.102,0.023541573
661.202,0.023541573
661.302,0.02346184
661.402,0.023501706
661.502,0.02346184
661.602,0.02346184
661.702,0.023501706
661.802,0.023501706
661.902,0.02346184
662.002,0.023501706
662.102,0.02346184
662.202,0.023501706
662.302,0.023501706
662.402,0.023501706
662.502,0.023501706
662.602,0.02346184
662.702,0.02346184
662.802,0.02346184
662.902,0.023541573
663.002,0.023421973
663.102,0.023421973
663.202,0.023421973
663.302,0.023541573
663.402,0.023421973
663.502,0.023501706
663.602,0.02346184
663.702,0.023541573
663.802,0.023421973
663.902,0.02346184
664.002,0.02346184
664.102,0.02346184
664.202,0.023421973
664.302,0.023421973
664.402,0.02346184
664.502,0.023421973
664.602,0.023501706
664.702,0.023421973
664.802,0.023382107
664.902,0.02346184
665.002,0.023541573
665.102,0.02346184
665.202,0.02346184
665.302,0.023501706
665.402,0.02346184
665.502,0.023421973
665.602,0.023421973
665.702,0.02346184
665.802,0.023421973
665.902,0.023382107
666.002,0.023421973
666.102,0.02346184
666.202,0.023382107
666.302,0.023421973
666.402,0.023421973
666.502,0.023421973
666.602,0.023421973
666.702,0.023421973
666.802,0.023501706
666.902,0.023382107
667.002,0.023421973
667.102,0.02334224
667.202,0.023421973
667.302,0.023382107
667.402,0.023382107
667.502,0.02346184
667.602,0.02346184
667.702,0.023382107
667.802,0.023421973
667.902,0.023382107
668.002,0.023382107
668.102,0.02334224
668.202,0.023421973
668.302,0.023421973
668.402,0.02334224
668.502,0.023421973
668.602,0.02334224
668.702,0.023421973
668.802,0.023421973
668.902,0.023382107
669.002,0.023421973
669.102,0.023421973
669.202,0.02334224
669.302,0.02334224
669.402,0.023382107
669.502,0.023382107
669.602,0.023302373
669.702,0.02334224
669.802,0.02334224
669.902,0.023382107
670.002,0.023421973
670.102,0.02346184
670.202,0.023421973
670.302,0.023382107
670.402,0.02334224
670.502,0.023302373
670.602,0.02334224
670.702,0.02334224
670.802,0.023382107
670.902,0.02334224
671.002,0.02334224
671.102,0.023421973
671.202,0.02334224
671.302,0.02334224
671.402,0.023421973
671.502,0.02334224
671.602,0.023302373
671.702,0.02334224
671.802,0.023382107
671.902,0.023421973
672.002,0.02334224
672.102,0.02334224
672.202,0.02334224
672.302,0.023382107
672.402,0.023302373
672.502,0.023382107
672.602,0.02334224
672.702,0.02334224
672.802,0.023262507
672.902,0.02334224
673.002,0.02334224
673.102,0.023302373
673.202,0.023382107
673.302,0.023302373
673.402,0.02334224
673.502,0.02334224
673.602,0.023302373
673.702,0.02334224
673.802,0.023382107
673.902,0.02334224
674.002,0.02334224
674.102,0.023421973
674.202,0.023302373
674.302,0.023302373
674.402,0.023262507
674.502,0.02334224
674.602,0.02334224
674.702,0.02334224
674.802,0.02334224
674.902,0.023262507
675.002,0.023302373
675.102,0.023382107
675.202,0.02334224
675.302,0.023302373
675.402,0.023382107
675.502,0.023262507
675.602,0.023382107
675.702,0.02334224
675.802,0.023302373
675.902,0.023302373
676.002,0.02334224
676.102,0.02322264
676.202,0.02334224
676.302,0.02334224
676.402,0.023302373
676.502,0.023262507
676.602,0.02322264
676.702,0.023262507
676.802,0.023262507
676.902,0.023302373
677.002,0.023302373
677.102,0.023302373
677.202,0.023302373
677.302,0.023302373
677.402,0.023302373
677.502,0.023182774
677.602,0.023262507
677.702,0.023302373
677.802,0.023262507
677.902,0.023302373
678.002,0.023262507
678.102,0.023262507
678.202,0.023302373
678.302,0.023302373
678.402,0.023302373
678.502,0.023262507
678.602,0.023302373
678.702,0.023262507
678.802,0.02334224
678.902,0.023262507
679.002,0.023262507
679.102,0.02322264
679.202,0.023262507
679.302,0.02322264
679.402,0.023302373
679.502,0.023302373
679.602,0.02334224
679.702,0.023302373
679.802,0.023262507
679.902,0.023262507
680.002,0.02322264
680.102,0.023302373
680.202,0.02322264
680.302,0.023182774
680.402,0.023182774
680.502,0.02322264
680.602,0.02322264
680.702,0.02322264
680.802,0.02322264
680.902,0.02322264
681.002,0.023142907
681.102,0.023262507
681.202,0.02322264
681.302,0.02322264
681.402,0.023182774
681.502,0.023182774
681.602,0.023182774
681.702,0.02322264
681.802,0.023262507
681.902,0.023182774
682.002,0.02322264
682.102,0.023182774
682.202,0.02322264
682.302,0.023142907
682.402,0.02322264
682.502,0.023182774
682.602,0.02322264
682.702,0.02322264
682.802,0.023142907
682.902,0.02322264
683.002,0.02322264
683.102,0.023142907
683.202,0.023182774
683.302,0.023182774
683.402,0.023182774
683.502,0.023142907
683.602,0.023182774
683.702,0.023142907
683.802,0.023182774
683.902,0.023182774
684.002,0.023262507
684.102,0.02310304
684.202,0.023182774
684.302,0.02310304
684.402,0.023142907
684.502,0.023142907
684.602,0.023182774
684.702,0.02310304
684.802,0.023142907
684.902,0.023142907
685.002,0.023142907
685.102,0.023142907
685.202,0.02310304
685.302,0.02310304
685.402,0.02310304
685.502,0.023142907
685.602,0.023142907
685.702,0.02310304
685.802,0.023142907
685.902,0.023063174
686.002,0.02310304
686.102,0.023142907
686.202,0.023142907
686.302,0.023063174
686.402,0.023063174
686.502,0.02310304
686.602,0.023023307
686.702,0.02310304
686.802,0.02310304
686.902,0.023063174
687.002,0.023023307
687.102,0.023142907
687.202,0.02310304
687.302,0.023063174
687.402,0.02310304
687.502,0.023023307
687.602,0.023063174
687.702,0.02310304
687.802,0.023063174
687.902,0.023063174
688.002,0.02310304
688.102,0.022983441
688.202,0.023063174
688.302,0.02310304
688.402,0.023063174
688.502,0.023023307
688.602,0.02310304
688.702,0.023023307
688.802,0.02310304
688.902,0.023023307
689.002,0.023063174
689.102,0.023023307
689.202,0.023023307
689.302,0.023023307
689.402,0.023023307
689.502,0.023023307
689.602,0.023023307
689.702,0.023023307
689.802,0.022983441
689.902,0.022903708
690.002,0.022943574
690.102,0.023063174
690.202,0.023023307
690.302,0.023023307
690.402,0.023023307
690.502,0.022983441
690.602,0.022943574
690.702,0.022943574
690.802,0.023023307
690.902,0.022943574
691.002,0.022943574
691.102,0.023063174
691.202,0.022983441
691.302,0.022943574
691.402,0.022943574
691.502,0.022863841
691.602,0.023023307
691.702,0.022943574
691.802,0.022823974
691.902,0.022903708
692.002,0.022983441
692.102,0.022983441
692.202,0.022903708
692.302,0.022943574
692.402,0.022943574
692.502,0.022983441
692.602,0.022943574
692.702,0.023023307
692.802,0.022863841
692.902,0.022983441
693.002,0.022903708
693.102,0.022943574
693.202,0.022943574
693.302,0.022943574
693.402,0.022943574
693.502,0.022983441
693.602,0.022903708
693.702,0.022903708
693.802,0.022903708
693.902,0.022863841
694.002,0.022943574
694.102,0.022903708
694.202,0.022903708
694.302,0.022903708
694.402,0.022823974
694.502,0.022903708
694.602,0.022983441
694.702,0.022863841
694.802,0.022903708
694.902,0.022823974
695.002,0.022983441
695.102,0.022943574
695.202,0.022943574
695.302,0.022903708
695.402,0.022983441
695.502,0.022823974
695.602,0.022863841
695.702,0.022863841
695.802,0.022983441
695.902,0.022784108
696.002,0.022863841
696.102,0.022863841
696.202,0.022863841
696.302,0.022943574
696.402,0.022823974
696.502,0.022863841
696.602,0.022903708
696.702,0.022863841
696.802,0.022863841
696.902,0.022863841
697.002,0.022863841
697.102,0.022784108
697.202,0.022744241
697.302,0.022903708
697.402,0.022823974
697.502,0.022823974
697.602,0.022863841
697.702,0.022863841
697.802,0.022823974
697.902,0.022823974
698.002,0.022823974
698.102,0.022863841
698.202,0.022823974
698.302,0.022744241
698.402,0.022863841
698.502,0.022863841
698.602,0.022863841
698.702,0.022744241
698.802,0.022823974
698.902,0.022784108
699.002,0.022863841
699.102,0.022704375
699.202,0.022784108
699.302,0.022863841
699.402,0.022784108
699.502,0.022784108
699.602,0.022823974
699.702,0.022744241
699.802,0.022744241
699.902,0.022784108
700.002,0.022744241
700.102,0.022744241
700.202,0.022784108
700.302,0.022784108
700.402,0.022784108
700.502,0.022704375
700.602,0.022704375
700.702,0.022744241
700.802,0.022784108
700.902,0.022744241
701.002,0.022784108
701.102,0.022823974
701.202,0.022744241
701.302,0.022744241
701.402,0.022704375
701.502,0.022744241
701.602,0.022784108
701.702,0.022744241
701.802,0.022744241
701.902,0.022744241
702.002,0.022744241
702.102,0.022784108
702.202,0.022744241
702.302,0.022784108
702.402,0.022744241
702.502,0.022823974
702.602,0.022744241
702.702,0.022784108
702.802,0.022784108
702.902,0.022744241
703.002,0.022624641
703.102,0.022784108
703.202,0.022784108
703.302,0.022704375
703.402,0.022784108
703.502,0.022704375
703.602,0.022744241
703.702,0.022704375
703.802,0.022704375
703.902,0.022624641
704.002,0.022664508
704.102,0.022704375
704.202,0.022784108
704.302,0.022704375
704.402,0.022704375
704.502,0.022704375
704.602,0.022704375
704.702,0.022744241
704.802,0.022664508
704.902,0.022624641
705.002,0.022664508
705.102,0.022704375
705.202,0.022584775
705.302,0.022664508
705.402,0.022704375
705.502,0.022704375
705.602,0.022624641
705.702,0.022744241
705.802,0.022624641
705.902,0.022704375
706.002,0.022624641
706.102,0.022664508
706.202,0.022704375
706.302,0.022664508
706.402,0.022624641
706.502,0.022624641
706.602,0.022664508
706.702,0.022624641
706.802,0.022624641
706.902,0.022704375
707.002,0.022664508
707.102,0.022624641
707.202,0.022624641
707.302,0.022624641
707.402,0.022624641
707.502,0.022704375
707.602,0.022624641
707.702,0.022664508
707.802,0.022544908
707.902,0.022624641
708.002,0.022584775
708.102,0.022664508
708.202,0.022624641
708.302,0.022584775
708.402,0.022584775
708.502,0.022544908
708.602,0.022584775
708.702,0.022664508
708.802,0.022584775
708.902,0.022544908
709.002,0.022544908
709.102,0.022664508
709.202,0.022505042
709.302,0.022584775
709.402,0.022624641
709.502,0.022544908
709.602,0.022544908
709.702,0.022544908
709.802,0.022584775
709.902,0.022624641
710.002,0.022584775
710.102,0.022624641
710.202,0.022624641
710.302,0.022664508
710.402,0.022584775
710.502,0.022544908
710.602,0.022584775
710.702,0.022544908
710.802,0.022544908
710.902,0.022624641
711.002,0.022544908
711.102,0.022584775
711.202,0.022544908
711.302,0.022584775
711.402,0.022544908
711.502,0.022584775
711.602,0.022465175
711.702,0.022544908
711.802,0.022505042
711.902,0.022544908
712.002,0.022505042
712.102,0.022465175
712.202,0.022544908
712.302,0.022465175
712.402,0.022505042
712.502,0.022544908
712.602,0.022465175
712.702,0.022505042
712.802,0.022544908
712.902,0.022465175
713.002,0.022505042
713.102,0.022544908
713.202,0.022465175
713.302,0.022505042
713.402,0.022465175
713.502,0.022505042
713.602,0.022544908
713.702,0.022505042
713.802,0.022544908
713.902,0.022505042
714.002,0.022465175
714.102,0.022505042
714.202,0.022465175
714.302,0.022465175
714.402,0.022505042
714.502,0.022465175
714.602,0.022465175
714.702,0.022465175
714.802,0.022505042
714.902,0.022505042
715.002,0.022465175
715.102,0.022465175
715.202,0.022505042
715.302,0.022385442
715.402,0.022505042
715.502,0.022505042
715.602,0.022465175
715.702,0.022465175
715.802,0.022385442
715.902,0.022465175
716.002,0.022425308
716.102,0.022544908
716.202,0.022425308
716.302,0.022465175
716.402,0.022385442
716.502,0.022465175
716.602,0.022425308
716.702,0.022465175
716.802,0.022385442
716.902,0.022505042
717.002,0.022425308
717.102,0.022465175
717.202,0.022505042
717.302,0.022465175
717.402,0.022465175
717.502,0.022385442
717.602,0.022465175
717.702,0.022425308
717.802,0.022465175
717.902,0.022385442
718.002,0.022425308
718.102,0.022465175
718.202,0.022345575
718.302,0.022385442
718.402,0.022465175
718.502,0.022385442
718.602,0.022385442
718.702,0.022385442
718.802,0.022345575
718.902,0.022385442
719.002,0.022425308
719.102,0.022385442
719.202,0.022345575
719.302,0.022385442
719.402,0.022425308
719.502,0.022465175
719.602,0.022425308
719.702,0.022425308
719.802,0.022425308
719.902,0.022345575
720.002,0.022385442
720.102,0.022345575
720.202,0.022385442
720.302,0.022345575
720.402,0.022345575
720.502,0.022345575
720.602,0.022265842
720.702,0.022305709
720.802,0.022345575
720.902,0.022265842
721.002,0.022385442
721.102,0.022425308
721.202,0.022385442
721.302,0.022345575
721.402,0.022425308
721.502,0.022345575
721.602,0.022345575
721.702,0.022225976
721.802,0.022345575
721.902,0.022385442
722.002,0.022345575
722.102,0.022345575
722.202,0.022305709
722.302,0.022305709
722.402,0.022345575
722.502,0.022345575
722.602,0.022345575
722.702,0.022305709
722.802,0.022305709
722.902,0.022385442
723.002,0.022345575
723.102,0.022265842
723.202,0.022345575
723.302,0.022345575
723.402,0.022305709
723.502,0.022345575
723.602,0.022345575
723.702,0.022305709
723.802,0.022265842
723.902,0.022345575
724.002,0.022305709
724.102,0.022345575
724.202,0.022385442
724.302,0.022305709
724.402,0.022305709
724.502,0.022265842
724.602,0.022305709
724.702,0.022305709
724.802,0.022265842
724.902,0.022265842
725.002,0.022265842
725.102,0.022345575
725.202,0.022265842
725.302,0.022305709
725.402,0.022265842
725.502,0.022305709
725.602,0.022265842
725.702,0.022345575
725.802,0.022225976
725.902,0.022265842
726.002,0.022305709
726.102,0.022225976
726.202,0.022225976
726.302,0.022265842
726.402,0.022265842
726.502,0.022225976
726.602,0.022265842
726.702,0.022265842
726.802,0.022305709
726.902,0.022265842
727.002,0.022225976
727.102,0.022305709
727.202,0.022265842
727.302,0.022265842
727.402,0.022265842
727.502,0.022265842
727.602,0.022265842
727.702,0.022225976
727.802,0.022225976
727.902,0.022265842
728.002,0.022305709
728.102,0.022265842
728.202,0.022265842
728.302,0.022225976
728.402,0.022265842
728.502,0.022265842
728.602,0.022225976
728.702,0.022186109
728.802,0.022225976
728.902,0.022265842
729.002,0.022265842
729.102,0.022305709
729.202,0.022186109
729.302,0.022146242
729.402,0.022225976
729.502,0.022186109
729.602,0.022265842
729.702,0.022225976
729.802,0.022186109
729.902,0.022186109
730.002,0.022186109
730.102,0.022225976
730.202,0.022186109
730.302,0.022265842
730.402,0.022146242
730.502,0.022225976
730.602,0.022225976
730.702,0.022186109
730.802,0.022186109
730.902,0.022146242
731.002,0.022186109
731.102,0.022146242
731.202,0.022225976
731.302,0.022146242
731.402,0.022146242
731.502,0.022225976
731.602,0.022146242
731.702,0.022186109
731.802,0.022225976
731.902,0.022146242
732.002,0.022186109
732.102,0.022186109
732.202,0.022265842
732.302,0.022225976
732.402,0.022186109
732.502,0.022146242
732.602,0.022225976
732.702,0.022225976
732.802,0.022146242
732.902,0.022186109
733.002,0.022225976
733.102,0.022225976
733.202,0.022186109
733.302,0.022186109
733.402,0.022186109
733.502,0.022186109
733.602,0.022106376
733.702,0.022186109
733.802,0.022225976
733.902,0.022106376
734.002,0.022146242
734.102,0.022106376
734.202,0.022106376
734.302,0.022225976
734.402,0.022106376
734.502,0.022146242
734.602,0.022186109
734.702,0.022146242
734.802,0.022146242
734.902,0.022146242
735.002,0.022066509
735.102,0.022106376
735.202,0.022225976
735.302,0.022186109
735.402,0.022146242
735.502,0.022146242
735.602,0.022225976
735.702,0.022146242
735.802,0.022146242
735.902,0.022106376
736.002,0.022146242
736.102,0.022146242
736.202,0.022146242
736.302,0.022186109
736.402,0.022146242
736.502,0.022106376
736.602,0.022066509
736.702,0.022146242
736.802,0.022106376
736.902,0.022106376
737.002,0.022106376
737.102,0.022106376
737.202,0.022106376
737.302,0.022106376
737.402,0.022066509
737.502,0.022106376
737.602,0.022066509
737.702,0.022106376
737.802,0.022106376
737.902,0.022106376
738.002,0.022106376
738.102,0.022106376
738.202,0.022026643
738.302,0.022106376
738.402,0.022106376
738.502,0.022026643
738.602,0.022106376
738.702,0.022146242
738.802,0.022026643
738.902,0.022146242
739.002,0.022106376
739.102,0.022026643
739.202,0.022106376
739.302,0.022106376
739.402,0.022106376
739.502,0.022106376
739.602,0.021986776
739.702,0.022066509
739.802,0.022106376
739.902,0.022106376
740.002,0.022066509
740.102,0.022066509
740.202,0.022146242
740.302,0.022066509
740.402,0.022026643
740.502,0.022106376
740.602,0.022026643
740.702,0.022026643
740.802,0.022026643
740.902,0.022026643
741.002,0.022106376
741.102,0.022066509
741.202,0.022146242
741.302,0.022106376
741.402,0.022066509
741.502,0.021986776
741.602,0.021986776
741.702,0.022106376
741.802,0.022066509
741.902,0.022066509
742.002,0.022146242
742.102,0.022026643
742.202,0.022066509
742.302,0.022026643
742.402,0.022066509
742.502,0.022026643
742.602,0.022106376
742.702,0.022026643
742.802,0.022066509
742.902,0.022066509
743.002,0.022026643
743.102,0.022066509
743.202,0.021986776
743.302,0.021986776
743.402,0.022026643
743.502,0.021986776
743.602,0.022066509
743.702,0.022106376
743.802,0.021946909
743.902,0.022106376
744.002,0.021946909
744.102,0.021986776
744.202,0.022026643
744.302,0.021946909
744.402,0.022066509
744.502,0.021946909
744.602,0.022026643
744.702,0.022106376
744.802,0.022026643
744.902,0.022026643
745.002,0.021986776
745.102,0.021986776
745.202,0.021986776
745.302,0.021986776
745.402,0.021946909
745.502,0.022026643
745.602,0.021986776
745.702,0.021986776
745.802,0.021986776
745.902,0.021946909
746.002,0.021946909
746.102,0.021946909
746.202,0.021986776
746.302,0.021986776
746.402,0.021986776
746.502,0.021986776
746.602,0.021986776
746.702,0.022026643
746.802,0.021986776
746.902,0.021986776
747.002,0.021946909
747.102,0.021907043
747.202,0.021986776
747.302,0.021986776
747.402,0.021946909
747.502,0.021946909
747.602,0.021986776
747.702,0.021986776
747.802,0.021907043
747.902,0.021986776
748.002,0.021946909
748.102,0.021986776
748.202,0.021907043
748.302,0.021986776
748.402,0.021946909
748.502,0.021907043
748.602,0.021946909
748.702,0.021867176
748.802,0.021986776
748.902,0.021907043
749.002,0.021986776
749.102,0.021907043
749.202,0.021946909
749.302,0.021946909
749.402,0.021907043
749.502,0.021946909
749.602,0.021946909
749.702,0.021907043
749.802,0.021946909
749.902,0.021946909
750.002,0.021907043
750.102,0.02182731
750.202,0.021946909
750.302,0.02182731
750.402,0.021907043
750.502,0.02182731
750.602,0.021907043
750.702,0.021946909
750.802,0.021907043
750.902,0.021907043
751.002,0.021867176
751.102,0.021907043
751.202,0.021907043
751.302,0.021867176
751.402,0.021907043
751.502,0.02182731
751.602,0.021907043
751.702,0.021907043
751.802,0.021907043
751.902,0.02182731
752.002,0.021907043
752.102,0.021946909
752.202,0.021946909
752.302,0.021986776
752.402,0.021946909
752.502,0.021867176
752.602,0.021946909
752.702,0.021867176
752.802,0.021907043
752.902,0.021867176
753.002,0.021907043
753.102,0.021867176
753.202,0.021946909
753.302,0.021946909
753.402,0.02182731
753.502,0.021867176
753.602,0.021907043
753.702,0.021867176
753.802,0.02182731
753.902,0.021867176
754.002,0.021907043
754.102,0.021867176
754.202,0.021867176
754.302,0.02182731
754.402,0.021867176
754.502,0.021907043
754.602,0.021907043
754.702,0.02182731
754.802,0.021867176
754.902,0.021787443
755.002,0.021867176
755.102,0.021867176
755.202,0.02182731
755.302,0.021907043
755.402,0.021867176
755.502,0.021907043
755.602,0.02182731
755.702,0.02182731
755.802,0.02182731
755.902,0.02182731
756.002,0.021787443
756.102,0.021747576
756.202,0.02182731
756.302,0.021867176
756.402,0.02182731
756.502,0.021867176
756.602,0.021907043
756.702,0.02182731
756.802,0.021867176
756.902,0.02182731
757.002,0.021787443
757.102,0.021787443
757.202,0.021787443
757.302,0.02182731
757.402,0.021867176
757.502,0.021867176
757.602,0.02182731
757.702,0.021787443
757.802,0.021747576
757.902,0.02182731
758.002,0.02182731
758.102,0.021747576
758.202,0.021787443
758.302,0.02170771
758.402,0.021787443
758.502,0.021787443
758.602,0.021787443
758.702,0.02182731
758.802,0.02182731
758.902,0.021747576
759.002,0.021787443
759.102,0.02182731
759.202,0.021787443
759.302,0.02182731
759.402,0.021787443
759.502,0.021787443
759.602,0.02170771
759.702,0.02182731
759.802,0.021747576
759.902,0.02182731
760.002,0.021907043
760.102,0.021747576
760.202,0.02182731
760.302,0.021747576
760.402,0.021747576
760.502,0.021747576
760.602,0.021747576
760.702,0.02170771
760.802,0.02182731
760.902,0.02182731
761.002,0.021787443
761.102,0.021787443
761.202,0.021787443
761.302,0.021787443
761.402,0.021747576
761.502,0.021787443
761.602,0.021667843
761.702,0.021747576
761.802,0.021747576
761.902,0.021747576
762.002,0.02170771
762.102,0.021747576
762.202,0.021787443
762.302,0.021747576
762.402,0.021787443
762.502,0.021747576
762.602,0.02170771
762.702,0.021627977
762.802,0.02170771
762.902,0.02170771
763.002,0.021747576
763.102,0.021667843
763.202,0.021747576
763.302,0.021667843
763.402,0.021667843
763.502,0.021747576
763.602,0.021667843
763.702,0.021667843
763.802,0.021667843
763.902,0.021667843
764.002,0.021747576
764.102,0.021667843
764.202,0.02170771
764.302,0.021667843
764.402,0.021627977
764.502,0.021747576
764.602,0.02170771
764.702,0.021627977
764.802,0.02158811
764.902,0.021667843
765.002,0.021667843
765.102,0.021627977
765.202,0.02158811
765.302,0.021667843
765.402,0.021548243
765.502,0.021667843
765.602,0.021667843
765.702,0.02170771
765.802,0.02158811
765.902,0.021627977
766.002,0.021548243
766.102,0.021548243
766.202,0.02158811
766.302,0.021548243
766.402,0.02158811
766.502,0.021667843
766.602,0.021548243
766.702,0.02158811
766.802,0.021667843
766.902,0.021667843
767.002,0.021627977
767.102,0.02158811
767.202,0.021667843
767.302,0.021627977
767.402,0.021667843
767.502,0.021627977
767.602,0.02158811
767.702,0.02158811
767.802,0.02158811
767.902,0.02158811
768.002,0.021548243
768.102,0.021548243
768.202,0.02158811
768.302,0.021508377
768.402,0.02158811
768.502,0.02158811
768.602,0.02158811
768.702,0.02158811
768.802,0.02158811
768.902,0.021548243
769.002,0.021508377
769.102,0.02158811
769.202,0.02158811
769.302,0.021508377
769.402,0.02158811
769.502,0.021548243
769.602,0.02158811
769.702,0.021548243
769.802,0.02146851
769.902,0.021508377
770.002,0.02158811
770.102,0.021627977
770.202,0.021508377
770.302,0.021508377
770.402,0.021548243
770.502,0.021548243
770.602,0.021548243
770.702,0.02158811
770.802,0.021548243
770.902,0.021508377
771.002,0.021428644
771.102,0.021548243
771.202,0.021508377
771.302,0.021548243
771.402,0.021508377
771.502,0.02146851
771.602,0.021548243
771.702,0.021548243
771.802,0.02146851
771.902,0.021428644
772.002,0.02146851
772.102,0.021508377
772.202,0.021508377
772.302,0.021428644
772.402,0.021428644
772.502,0.021508377
772.602,0.021428644
772.702,0.021428644
772.802,0.021428644
772.902,0.021508377
773.002,0.021508377
773.102,0.02146851
773.202,0.021428644
773.302,0.021508377
773.402,0.021508377
773.502,0.021548243
773.602,0.021508377
773.702,0.021548243
773.802,0.021548243
773.902,0.02146851
774.002,0.021388777
774.102,0.02146851
774.202,0.02146851
774.302,0.021388777
774.402,0.021428644
774.502,0.02146851
774.602,0.02146851
774.702,0.02146851
774.802,0.021388777
774.902,0.021508377
775.002,0.02158811
775.102,0.021428644
775.202,0.021348911
775.302,0.02146851
775.402,0.02146851
775.502,0.021388777
775.602,0.02146851
775.702,0.021388777
775.802,0.02146851
775.902,0.02146851
776.002,0.021428644
776.102,0.021428644
776.202,0.021428644
776.302,0.021428644
776.402,0.02146851
776.502,0.021428644
776.602,0.021428644
776.702,0.021309044
776.802,0.021269177
776.902,0.021388777
777.002,0.02146851
777.102,0.021388777
777.202,0.021348911
777.302,0.021428644
777.402,0.021428644
777.502,0.021428644
777.602,0.02146851
777.702,0.021309044
777.802,0.021428644
777.902,0.02146851
778.002,0.021388777
778.102,0.02146851
778.202,0.021388777
778.302,0.021428644
778.402,0.021348911
778.502,0.021428644
778.602,0.021309044
778.702,0.021388777
778.802,0.021348911
778.902,0.021348911
779.002,0.021348911
779.102,0.021388777
779.202,0.021309044
779.302,0.021388777
779.402,0.021388777
779.502,0.021388777
779.602,0.021348911
779.702,0.021428644
779.802,0.021388777
779.902,0.021388777
780.002,0.021388777
780.102,0.021388777
780.202,0.021309044
780.302,0.021428644
780.402,0.021348911
780.502,0.021428644
780.602,0.021388777
780.702,0.021309044
780.802,0.021348911
780.902,0.021348911
781.002,0.021309044
781.102,0.021348911
781.202,0.021428644
781.302,0.021348911
781.402,0.021428644
781.502,0.021348911
781.602,0.021309044
781.702,0.021309044
781.802,0.021348911
781.902,0.021309044
782.002,0.021348911
782.102,0.021348911
782.202,0.021348911
782.302,0.021309044
782.402,0.021348911
782.502,0.021348911
782.602,0.021269177
782.702,0.021348911
782.802,0.021348911
782.902,0.021388777
783.002,0.021309044
783.102,0.021388777
783.202,0.021309044
783.302,0.021348911
783.402,0.021269177
783.502,0.021348911
783.602,0.021229311
783.702,0.021348911
783.802,0.021269177
783.902,0.021269177
784.002,0.021269177
784.102,0.021348911
784.202,0.021269177
784.302,0.021309044
784.402,0.021309044
784.502,0.021309044
784.602,0.021309044
784.702,0.021229311
784.802,0.021269177
784.902,0.021269177
785.002,0.021309044
785.102,0.021309044
785.202,0.021348911
785.302,0.021269177
785.402,0.021269177
785.502,0.021269177
785.602,0.021269177
785.702,0.021229311
785.802,0.021229311
785.902,0.021269177
786.002,0.021269177
786.102,0.021269177
786.202,0.021269177
786.302,0.021189444
786.402,0.021269177
786.502,0.021309044
786.602,0.021189444
786.702,0.021269177
786.802,0.021189444
786.902,0.021189444
787.002,0.021269177
787.102,0.021189444
787.202,0.021269177
787.302,0.021269177
787.402,0.021189444
787.502,0.021269177
787.602,0.021309044
787.702,0.021189444
787.802,0.021269177
787.902,0.021229311
788.002,0.021229311
788.102,0.021189444
788.202,0.021269177
788.302,0.021189444
788.402,0.021189444
788.502,0.021109711
788.602,0.021229311
788.702,0.021149578
788.802,0.021189444
788.902,0.021189444
789.002,0.021189444
789.102,0.021149578
789.202,0.021189444
789.302,0.021269177
789.402,0.021149578
789.502,0.021189444
789.602,0.021149578
789.702,0.021149578
789.802,0.021229311
789.902,0.021189444
790.002,0.021149578
790.102,0.021069844
790.202,0.021189444
790.302,0.021109711
790.402,0.021149578
790.502,0.021189444
790.602,0.021189444
790.702,0.021229311
790.802,0.021189444
790.902,0.021109711
791.002,0.021189444
791.102,0.021149578
791.202,0.021109711
791.302,0.021149578
791.402,0.021189444
791.502,0.021149578
791.602,0.021149578
791.702,0.021189444
791.802,0.021149578
791.902,0.021149578
792.002,0.021109711
792.102,0.021109711
792.202,0.021109711
792.302,0.021149578
792.402,0.021149578
792.502,0.021189444
792.602,0.021149578
792.702,0.021149578
792.802,0.021149578
792.902,0.021189444
793.002,0.021149578
793.102,0.021109711
793.202,0.021109711
793.302,0.021149578
793.402,0.021149578
793.502,0.021189444
793.602,0.021189444
793.702,0.021149578
793.802,0.021029978
793.902,0.021149578
794.002,0.021189444
794.102,0.021109711
794.202,0.021029978
794.302,0.021149578
794.402,0.021109711
794.502,0.021109711
794.602,0.021109711
794.702,0.021029978
794.802,0.021149578
794.902,0.021109711
795.002,0.021109711
795.102,0.021069844
795.202,0.021189444
795.302,0.021069844
795.402,0.021109711
795.502,0.021069844
795.602,0.021149578
795.702,0.021149578
795.802,0.021109711
795.902,0.021109711
796.002,0.021109711
796.102,0.021109711
796.202,0.021109711
796.302,0.021109711
796.402,0.021109711
796.502,0.021149578
796.602,0.021029978
796.702,0.021109711
796.802,0.021069844
796.902,0.021069844
797.002,0.021109711
797.102,0.021109711
797.202,0.021109711
797.302,0.021029978
797.402,0.021149578
797.502,0.021069844
797.602,0.021109711
797.702,0.020990111
797.802,0.021109711
797.902,0.021029978
798.002,0.021069844
798.102,0.021069844
798.202,0.021069844
798.302,0.021029978
798.402,0.021069844
798.502,0.021069844
798.602,0.021109711
798.702,0.021109711
798.802,0.021109711
798.902,0.021029978
799.002,0.021109711
799.102,0.021069844
799.202,0.021109711
799.302,0.021029978
799.402,0.021109711
799.502,0.021069844
799.602,0.021069844
799.702,0.021069844
799.802,0.020990111
799.902,0.021109711
800.002,0.020990111
800.102,0.021029978
800.202,0.021029978
800.302,0.021029978
800.402,0.021029978
800.502,0.021029978
800.602,0.021029978
800.702,0.021029978
800.802,0.021029978
800.902,0.021109711
801.002,0.021109711
801.102,0.021029978
801.202,0.021029978
801.302,0.021069844
801.402,0.021149578
801.502,0.021069844
801.602,0.021109711
801.702,0.021029978
801.802,0.021029978
801.902,0.021109711
802.002,0.020990111
802.102,0.021069844
802.202,0.021029978
802.302,0.021069844
802.402,0.021069844
802.502,0.020990111
802.602,0.021029978
802.702,0.021069844
802.802,0.021029978
802.902,0.021029978
803.002,0.021029978
803.102,0.020990111
803.202,0.021029978
803.302,0.021029978
803.402,0.020990111
803.502,0.020990111
803.602,0.020950245
803.702,0.021109711
803.802,0.020990111
803.902,0.021029978
804.002,0.021029978
804.102,0.020990111
804.202,0.020910378
804.302,0.020990111
804.402,0.021029978
804.502,0.020950245
804.602,0.020990111
804.702,0.021029978
804.802,0.020950245
804.902,0.020990111
805.002,0.020950245
805.102,0.021029978
805.202,0.020950245
805.302,0.020990111
805.402,0.020990111
805.502,0.020990111
805.602,0.021069844
805.702,0.020950245
805.802,0.020950245
805.902,0.020950245
806.002,0.020950245
806.102,0.020910378
806.202,0.020950245
806.302,0.020950245
806.402,0.020990111
806.502,0.020910378
806.602,0.020910378
806.702,0.020910378
806.802,0.020990111
806.902,0.020870511
807.002,0.020990111
807.102,0.020990111
807.202,0.020990111
807.302,0.020990111
807.402,0.020950245
807.502,0.020950245
807.602,0.020910378
807.702,0.020990111
807.802,0.020950245
807.902,0.020910378
808.002,0.020990111
808.102,0.020950245
808.202,0.020990111
808.302,0.020910378
808.402,0.020990111
808.502,0.020950245
808.602,0.020950245
808.702,0.020990111
808.802,0.020950245
808.902,0.020950245
809.002,0.020950245
809.102,0.020870511
809.202,0.020830645
809.302,0.020950245
809.402,0.020950245
809.502,0.020950245
809.602,0.020870511
809.702,0.020990111
809.802,0.020910378
809.902,0.020870511
810.002,0.020910378
810.102,0.020870511
810.202,0.020870511
810.302,0.020910378
810.402,0.020910378
810.502,0.020870511
810.602,0.020910378
810.702,0.020950245
810.802,0.020910378
810.902,0.020830645
811.002,0.020910378
811.102,0.020910378
811.202,0.020870511
811.302,0.020910378
811.402,0.020910378
811.502,0.020910378
811.602,0.020870511
811.702,0.020910378
811.802,0.020910378
811.902,0.020910378
812.002,0.020990111
812.102,0.020950245
812.202,0.020830645
812.302,0.020870511
812.402,0.020870511
812.502,0.020950245
812.602,0.020870511
812.702,0.020870511
812.802,0.020870511
812.902,0.020870511
813.002,0.020870511
813.102,0.020870511
813.202,0.020950245
813.302,0.020830645
813.402,0.020910378
813.502,0.020870511
813.602,0.020910378
813.702,0.020870511
813.802,0.020830645
813.902,0.020830645
814.002,0.020790778
814.102,0.020830645
814.202,0.020910378
814.302,0.020870511
814.402,0.020830645
814.502,0.020870511
814.602,0.020830645
814.702,0.020790778
814.802,0.020870511
814.902,0.020830645
815.002,0.020830645
815.102,0.020790778
815.202,0.020830645
815.302,0.020790778
815.402,0.020790778
815.502,0.020830645
815.602,0.020790778
815.702,0.020870511
815.802,0.020790778
815.902,0.020830645
816.002,0.020750912
816.102,0.020790778
816.202,0.020750912
816.302,0.020830645
816.402,0.020750912
816.502,0.020790778
816.602,0.020790778
816.702,0.020790778
816.802,0.020790778
816.902,0.020830645
817.002,0.020790778
817.102,0.020750912
817.202,0.020790778
817.302,0.020830645
817.402,0.020790778
817.502,0.020790778
817.602,0.020790778
817.702,0.020750912
817.802,0.020830645
817.902,0.020870511
818.002,0.020790778
818.102,0.020790778
818.202,0.020790778
818.302,0.020750912
818.402,0.020750912
818.502,0.020790778
818.602,0.020790778
818.702,0.020790778
818.802,0.020711045
818.902,0.020830645
819.002,0.020750912
819.102,0.020750912
819.202,0.020870511
819.302,0.020790778
819.402,0.020790778
819.502,0.020750912
819.602,0.020790778
819.702,0.020790778
819.802,0.020790778
819.902,0.020790778
820.002,0.020790778
820.102,0.020711045
820.202,0.020790778
820.302,0.020711045
820.402,0.020711045
820.502,0.020790778
820.602,0.020750912
820.702,0.020790778
820.802,0.020790778
820.902,0.020790778
821.002,0.020830645
821.102,0.020750912
821.202,0.020711045
821.302,0.020790778
821.402,0.020711045
821.502,0.020750912
821.602,0.020711045
821.702,0.020790778
821.802,0.020750912
821.902,0.020750912
822.002,0.020711045
822.102,0.020671179
822.202,0.020750912
822.302,0.020790778
822.402,0.020750912
822.502,0.020790778
822.602,0.020790778
822.702,0.020671179
822.802,0.020671179
822.902,0.020750912
823.002,0.020750912
823.102,0.020790778
823.202,0.020671179
823.302,0.020750912
823.402,0.020671179
823.502,0.020631312
823.602,0.020671179
823.702,0.020711045
823.802,0.020830645
823.902,0.020591445
824.002,0.020750912
824.102,0.020711045
824.202,0.020711045
824.302,0.020631312
824.402,0.020671179
824.502,0.020711045
824.602,0.020631312
824.702,0.020750912
824.802,0.020750912
824.902,0.020750912
825.002,0.020750912
825.102,0.020711045
825.202,0.020750912
825.302,0.020711045
825.402,0.020750912
825.502,0.020750912
825.602,0.020711045
825.702,0.020671179
825.802,0.020711045
825.902,0.020711045
826.002,0.020671179
826.102,0.020591445
826.202,0.020671179
826.302,0.020671179
826.402,0.020711045
826.502,0.020671179
826.602,0.020631312
826.702,0.020750912
826.802,0.020671179
826.902,0.020591445
827.002,0.020671179
827.102,0.020750912
827.202,0.020711045
827.302,0.020631312
827.402,0.020671179
827.502,0.020671179
827.602,0.020671179
827.702,0.020671179
827.802,0.020671179
827.902,0.020671179
828.002,0.020551579
828.102,0.020671179
828.202,0.020671179
828.302,0.020591445
828.402,0.020631312
828.502,0.020631312
828.602,0.020711045
828.702,0.020671179
828.802,0.020671179
828.902,0.020631312
829.002,0.020671179
829.102,0.020591445
829.202,0.020671179
829.302,0.020591445
829.402,0.020671179
829.502,0.020711045
829.602,0.020591445
829.702,0.020551579
829.802,0.020750912
829.902,0.020631312
830.002,0.020671179
830.102,0.020591445
830.202,0.020631312
830.302,0.020631312
830.402,0.020631312
830.502,0.020631312
830.602,0.020631312
830.702,0.020551579
830.802,0.020591445
830.902,0.020631312
831.002,0.020631312
831.102,0.020631312
831.202,0.020591445
831.302,0.020631312
831.402,0.020671179
831.502,0.020711045
831.602,0.020631312
831.702,0.020631312
831.802,0.020591445
831.902,0.020591445
832.002,0.020671179
832.102,0.020711045
832.202,0.020631312
832.302,0.020671179
832.402,0.020591445
832.502,0.020631312
832.602,0.020631312
832.702,0.020551579
832.802,0.020591445
832.902,0.020591445
833.002,0.020591445
833.102,0.020591445
833.202,0.020671179
833.302,0.020631312
833.402,0.020631312
833.502,0.020631312
833.602,0.020591445
833.702,0.020551579
833.802,0.020631312
833.902,0.020591445
834.002,0.020631312
834.102,0.020591445
834.202,0.020631312
834.302,0.020591445
834.402,0.020551579
834.502,0.020631312
834.602,0.020591445
834.702,0.020551579
834.802,0.020511712
834.902,0.020631312
835.002,0.020631312
835.102,0.020551579
835.202,0.020671179
835.302,0.020631312
835.402,0.020591445
835.502,0.020551579
835.602,0.020551579
835.702,0.020591445
835.802,0.020551579
835.902,0.020551579
836.002,0.020591445
836.102,0.020511712
836.202,0.020551579
836.302,0.020591445
836.402,0.020551579
836.502,0.020511712
836.602,0.020591445
836.702,0.020551579
836.802,0.020631312
836.902,0.020551579
837.002,0.020591445
837.102,0.020591445
837.202,0.020511712
837.302,0.020591445
837.402,0.020551579
837.502,0.020471846
837.602,0.020551579
837.702,0.020511712
837.802,0.020551579
837.902,0.020551579
838.002,0.020551579
838.102,0.020551579
838.202,0.020551579
838.302,0.020551579
838.402,0.020551579
838.502,0.020551579
838.602,0.020551579
838.702,0.020511712
838.802,0.020591445
838.902,0.020591445
839.002,0.020591445
839.102,0.020591445
839.202,0.020471846
839.302,0.020551579
839.402,0.020471846
839.502,0.020591445
839.602,0.020551579
839.702,0.020551579
839.802,0.020511712
839.902,0.020551579
840.002,0.020511712
840.102,0.020591445
840.202,0.020591445
840.302,0.020511712
840.402,0.020511712
840.502,0.020511712
840.602,0.020471846
840.702,0.020551579
840.802,0.020551579
840.902,0.020551579
841.002,0.020551579
841.102,0.020551579
841.202,0.020511712
841.302,0.020471846
841.402,0.020551579
841.502,0.020551579
841.602,0.020431979
841.702,0.020511712
841.802,0.020471846
841.902,0.020511712
842.002,0.020511712
842.102,0.020511712
842.202,0.020431979
842.302,0.020471846
842.402,0.020551579
842.502,0.020471846
842.602,0.020431979
842.702,0.020471846
842.802,0.020431979
842.902,0.020511712
843.002,0.020511712
843.102,0.020352246
843.202,0.020471846
843.302,0.020471846
843.402,0.020471846
843.502,0.020431979
843.602,0.020471846
843.702,0.020431979
843.802,0.020471846
843.902,0.020431979
844.002,0.020471846
844.102,0.020511712
844.202,0.020431979
844.302,0.020392112
844.402,0.020511712
844.502,0.020392112
844.602,0.020431979
844.702,0.020471846
844.802,0.020511712
844.902,0.020471846
845.002,0.020431979
845.102,0.020511712
845.202,0.020431979
845.302,0.020431979
845.402,0.020431979
845.502,0.020471846
845.602,0.020431979
845.702,0.020471846
845.802,0.020511712
845.902,0.020471846
846.002,0.020392112
846.102,0.020431979
846.202,0.020431979
846.302,0.020392112
846.402,0.020392112
846.502,0.020471846
846.602,0.020511712
846.702,0.020431979
846.802,0.020431979
846.902,0.020431979
847.002,0.020511712
847.102,0.020392112
847.202,0.020431979
847.302,0.020392112
847.402,0.020392112
847.502,0.020392112
847.602,0.020471846
847.702,0.020431979
847.802,0.020471846
847.902,0.020392112
848.002,0.020431979
848.102,0.020392112
848.202,0.020471846
848.302,0.020431979
848.402,0.020431979
848.502,0.020471846
848.602,0.020392112
848.702,0.020431979
848.802,0.020431979
848.902,0.020392112
849.002,0.020431979
849.102,0.020431979
849.202,0.020392112
849.302,0.020431979
849.402,0.020431979
849.502,0.020392112
849.602,0.020392112
849.702,0.020392112
849.802,0.020352246
849.902,0.020352246
850.002,0.020352246
850.102,0.020392112
850.202,0.020392112
850.302,0.020352246
850.402,0.020431979
850.502,0.020392112
850.602,0.020431979
850.702,0.020431979
850.802,0.020352246
850.902,0.020352246
851.002,0.020431979
851.102,0.020392112
851.202,0.020272513
851.302,0.020392112
851.402,0.020352246
851.502,0.020352246
851.602,0.020352246
851.702,0.020312379
851.802,0.020431979
851.902,0.020352246
852.002,0.020392112
852.102,0.020352246
852.202,0.020352246
852.302,0.020431979
852.402,0.020352246
852.502,0.020392112
852.602,0.020392112
852.702,0.020392112
852.802,0.020352246
852.902,0.020272513
853.002,0.020352246
853.102,0.020392112
853.202,0.020352246
853.302,0.020392112
853.402,0.020352246
853.502,0.020272513
853.602,0.020431979
853.702,0.020352246
853.802,0.020312379
853.902,0.020312379
854.002,0.020312379
854.102,0.020431979
854.202,0.020312379
854.302,0.020392112
854.402,0.020392112
854.502,0.020312379
854.602,0.020272513
854.702,0.020392112
854.802,0.020272513
854.902,0.020352246
855.002,0.020352246
855.102,0.020272513
855.202,0.020352246
855.302,0.020272513
855.402,0.020272513
855.502,0.020352246
855.602,0.020312379
855.702,0.020352246
855.802,0.020352246
855.902,0.020272513
856.002,0.020232646
856.102,0.020272513
856.202,0.020352246
856.302,0.020232646
856.402,0.020352246
856.502,0.020272513
856.602,0.020312379
856.702,0.020272513
856.802,0.020232646
856.902,0.020272513
857.002,0.020272513
857.102,0.020352246
857.202,0.020352246
857.302,0.020272513
857.402,0.020312379
857.502,0.020232646
857.602,0.020272513
857.702,0.020232646
857.802,0.020352246
857.902,0.020232646
858.002,0.020192779
858.102,0.020272513
858.202,0.020272513
858.302,0.020272513
858.402,0.020312379
858.502,0.020272513
858.602,0.020352246
858.702,0.020312379
858.802,0.020272513
858.902,0.020232646
859.002,0.020392112
859.102,0.020272513
859.202,0.020352246
859.302,0.020232646
859.402,0.020232646
859.502,0.020232646
859.602,0.020192779
859.702,0.020232646
859.802,0.020312379
859.902,0.020232646
860.002,0.020272513
860.102,0.020352246
860.202,0.020192779
860.302,0.020232646
860.402,0.020272513
860.502,0.020272513
860.602,0.020272513
860.702,0.020192779
860.802,0.020192779
860.902,0.020272513
861.002,0.020232646
861.102,0.020152913
861.202,0.020352246
861.302,0.020192779
861.402,0.020232646
861.502,0.020192779
861.602,0.020232646
861.702,0.020192779
861.802,0.020192779
861.902,0.020232646
862.002,0.020192779
862.102,0.020272513
862.202,0.020232646
862.302,0.020152913
862.402,0.020192779
862.502,0.020272513
862.602,0.020272513
862.702,0.020312379
862.802,0.020232646
862.902,0.020232646
863.002,0.020192779
863.102,0.020192779
863.202,0.020192779
863.302,0.020192779
863.402,0.020192779
863.502,0.020192779
863.602,0.020192779
863.702,0.020192779
863.802,0.020192779
863.902,0.020192779
864.002,0.020152913
864.102,0.020232646
864.202,0.020113046
864.302,0.020152913
864.402,0.020192779
864.502,0.020113046
864.602,0.020152913
864.702,0.020152913
864.802,0.020113046
864.902,0.020152913
865.002,0.02007318
865.102,0.020152913
865.202,0.020152913
865.302,0.020152913
865.402,0.020152913
865.502,0.020152913
865.602,0.020113046
865.702,0.020192779
865.802,0.020192779
865.902,0.020192779
866.002,0.020192779
866.102,0.020192779
866.202,0.020192779
866.302,0.020113046
866.402,0.020192779
866.502,0.020113046
866.602,0.020192779
866.702,0.020152913
866.802,0.020152913
866.902,0.020113046
867.002,0.020113046
867.102,0.020232646
867.202,0.020152913
867.302,0.020192779
867.402,0.020113046
867.502,0.02007318
867.602,0.020152913
867.702,0.020152913
867.802,0.020232646
867.902,0.020113046
868.002,0.020113046
868.102,0.020113046
868.202,0.020152913
868.302,0.020192779
868.402,0.020192779
868.502,0.02007318
868.602,0.020192779
868.702,0.020152913
868.802,0.020152913
868.902,0.020113046
869.002,0.020232646
869.102,0.020152913
869.202,0.020152913
869.302,0.020152913
869.402,0.020113046
869.502,0.020192779
869.602,0.020113046
869.702,0.020113046
869.802,0.020192779
869.902,0.020192779
870.002,0.020152913
870.102,0.020113046
870.202,0.020152913
870.302,0.020192779
870.402,0.020152913
870.502,0.02007318
870.602,0.020113046
870.702,0.020152913
870.802,0.020152913
870.902,0.020192779
871.002,0.020113046
871.102,0.020152913
871.202,0.020113046
871.302,0.020113046
871.402,0.02007318
871.502,0.02007318
871.602,0.02007318
871.702,0.020113046
871.802,0.02007318
871.902,0.020113046
872.002,0.020033313
872.102,0.020152913
872.202,0.02007318
872.302,0.020113046
872.402,0.020113046
872.502,0.020152913
872.602,0.02007318
872.702,0.020113046
872.802,0.02007318
872.902,0.02007318
873.002,0.02007318
873.102,0.02007318
873.202,0.020152913
873.302,0.020152913
873.402,0.020033313
873.502,0.020113046
873.602,0.020033313
873.702,0.020152913
873.802,0.020033313
873.902,0.02007318
874.002,0.020033313
874.102,0.020113046
874.202,0.02007318
874.302,0.02007318
874.402,0.02007318
874.502,0.02007318
874.602,0.02007318
874.702,0.02007318
874.802,0.019993447
874.902,0.020033313
875.002,0.019993447
875.102,0.020033313
875.202,0.020033313
875.302,0.020113046
875.402,0.020033313
875.502,0.01995358
875.602,0.020152913
875.702,0.02007318
875.802,0.020033313
875.902,0.02007318
876.002,0.01995358
876.102,0.02007318
876.202,0.01995358
876.302,0.020033313
876.402,0.02007318
876.502,0.02007318
876.602,0.020033313
876.702,0.020033313
876.802,0.020033313
876.902,0.020033313
877.002,0.019993447
877.102,0.02007318
877.202,0.020033313
877.302,0.019993447
877.402,0.020033313
877.502,0.02007318
877.602,0.019993447
877.702,0.020033313
877.802,0.020033313
877.902,0.019993447
878.002,0.01995358
878.102,0.019993447
878.202,0.019993447
878.302,0.019873847
878.402,0.019993447
878.502,0.019993447
878.602,0.019993447
878.702,0.020033313
878.802,0.020033313
878.902,0.019993447
879.002,0.019913713
879.102,0.02007318
879.202,0.019993447
879.302,0.019993447
879.402,0.020033313
879.502,0.01995358
879.602,0.019993447
879.702,0.020033313
879.802,0.019993447
879.902,0.019993447
880.002,0.019993447
880.102,0.019993447
880.202,0.020033313
880.302,0.019993447
880.402,0.019993447
880.502,0.01995358
880.602,0.020033313
880.702,0.01995358
880.802,0.01995358
880.902,0.020033313
881.002,0.019993447
881.102,0.02007318
881.202,0.020033313
881.302,0.019913713
881.402,0.019993447
881.502,0.020033313
881.602,0.019913713
881.702,0.019873847
881.802,0.019993447
881.902,0.019993447
882.002,0.019913713
882.102,0.019913713
882.202,0.019993447
882.302,0.01995358
882.402,0.01995358
882.502,0.020033313
882.602,0.019913713
882.702,0.019993447
882.802,0.019993447
882.902,0.019913713
883.002,0.01995358
883.102,0.019913713
883.202,0.01995358
883.302,0.01995358
883.402,0.01995358
883.502,0.019913713
883.602,0.019913713
883.702,0.01995358
883.802,0.019913713
883.902,0.01995358
884.002,0.019993447
884.102,0.02007318
884.202,0.019993447
884.302,0.019993447
884.402,0.019993447
884.502,0.020033313
884.602,0.01995358
884.702,0.019873847
884.802,0.01995358
884.902,0.019993447
885.002,0.01995358
885.102,0.01995358
885.202,0.019993447
885.302,0.019993447
885.402,0.019993447
885.502,0.019913713
885.602,0.019913713
885.702,0.01995358
885.802,0.01995358
885.902,0.019913713
886.002,0.01995358
886.102,0.019913713
886.202,0.01983398
886.302,0.019873847
886.402,0.020033313
886.502,0.01995358
886.602,0.019993447
886.702,0.01995358
886.802,0.019913713
886.902,0.019913713
887.002,0.019913713
887.102,0.019913713
887.202,0.01995358
887.302,0.019913713
887.402,0.019873847
887.502,0.019913713
887.602,0.019993447
887.702,0.019913713
887.802,0.019913713
887.902,0.019873847
888.002,0.019873847
888.102,0.01983398
888.202,0.019993447
888.302,0.019913713
888.402,0.019913713
888.502,0.019913713
888.602,0.019873847
888.702,0.019913713
888.802,0.019913713
888.902,0.01983398
889.002,0.019913713
889.102,0.019794114
889.202,0.019913713
889.302,0.019873847
889.402,0.019873847
889.502,0.019794114
889.602,0.019913713
889.702,0.019913713
889.802,0.01983398
889.902,0.019873847
890.002,0.019873847
890.102,0.019873847
890.202,0.019873847
890.302,0.019913713
890.402,0.019794114
890.502,0.019913713
890.602,0.01983398
890.702,0.019913713
890.802,0.019873847
890.902,0.01983398
891.002,0.01983398
891.102,0.019913713
891.202,0.01983398
891.302,0.019873847
891.402,0.019873847
891.502,0.019873847
891.602,0.019913713
891.702,0.01983398
891.802,0.019754247
891.902,0.01983398
892.002,0.01983398
892.102,0.01983398
892.202,0.019913713
892.302,0.019913713
892.402,0.01983398
892.502,0.01983398
892.602,0.01983398
892.702,0.019873847
892.802,0.019873847
892.902,0.01983398
893.002,0.01983398
893.102,0.01983398
893.202,0.01983398
893.302,0.01983398
893.402,0.019794114
893.502,0.01983398
893.602,0.01983398
893.702,0.019913713
893.802,0.01983398
893.902,0.01983398
894.002,0.019794114
894.102,0.019873847
894.202,0.019913713
894.302,0.019873847
894.402,0.019754247
894.502,0.01983398
894.602,0.019873847
894.702,0.01983398
894.802,0.01983398
894.902,0.01983398
895.002,0.019794114
895.102,0.019873847
895.202,0.019794114
895.302,0.01983398
895.402,0.01983398
895.502,0.019794114
895.602,0.01983398
895.702,0.01983398
895.802,0.01983398
895.902,0.019873847
896.002,0.01983398
896.102,0.019794114
896.202,0.019754247
896.302,0.019754247
896.402,0.01983398
896.502,0.019754247
896.602,0.019794114
896.702,0.019794114
896.802,0.01983398
896.902,0.01971438
897.002,0.01983398
897.102,0.01983398
897.202,0.01983398
897.302,0.019794114
897.402,0.019873847
897.502,0.019794114
897.602,0.019754247
897.702,0.01983398
897.802,0.019794114
897.902,0.01983398
898.002,0.019754247
898.102,0.019754247
898.202,0.01983398
898.302,0.01983398
898.402,0.019873847
898.502,0.019794114
898.602,0.019794114
898.702,0.019794114
898.802,0.019794114
898.902,0.01983398
899.002,0.01983398
899.102,0.019754247
899.202,0.019794114
899.302,0.019873847
899.402,0.019873847
899.502,0.01983398
899.602,0.01983398
899.702,0.019754247
899.802,0.019873847
899.902,0.01971438
900.002,0.019674514
900.102,0.019794114
900.202,0.019794114
900.302,0.019754247
900.402,0.01983398
900.502,0.019794114
900.602,0.019754247
900.702,0.01983398
900.802,0.019754247
900.902,0.01971438
901.002,0.019754247
901.102,0.01971438
901.202,0.019754247
901.302,0.019794114
901.402,0.01971438
901.502,0.019754247
901.602,0.01983398
901.702,0.019754247
901.802,0.01971438
901.902,0.019754247
902.002,0.019754247
902.102,0.019754247
902.202,0.01971438
902.302,0.019754247
902.402,0.019794114
902.502,0.019754247
902.602,0.019754247
902.702,0.019754247
902.802,0.01983398
902.902,0.019754247
903.002,0.019674514
903.102,0.01971438
903.202,0.01971438
903.302,0.01971438
903.402,0.01971438
903.502,0.019754247
903.602,0.019754247
903.702,0.019754247
903.802,0.01971438
903.902,0.019754247
904.002,0.019794114
904.102,0.019634647
904.202,0.019634647
904.302,0.019754247
904.402,0.019754247
904.502,0.01971438
904.602,0.019794114
904.702,0.019754247
904.802,0.019754247
904.902,0.01971438
905.002,0.01971438
905.102,0.01971438
905.202,0.01971438
905.302,0.019754247
905.402,0.01971438
905.502,0.019754247
905.602,0.019754247
905.702,0.019674514
905.802,0.01971438
905.902,0.019754247
906.002,0.019674514
906.102,0.01971438
906.202,0.019674514
906.302,0.019674514
906.402,0.019634647
906.502,0.019754247
906.602,0.01971438
906.702,0.019634647
906.802,0.01971438
906.902,0.01971438
907.002,0.019754247
907.102,0.01971438
907.202,0.019634647
907.302,0.019634647
907.402,0.01971438
907.502,0.019754247
907.602,0.019634647
907.702,0.01971438
907.802,0.01971438
907.902,0.01971438
908.002,0.019634647
908.102,0.019674514
908.202,0.019674514
908.302,0.01971438
908.402,0.019674514
908.502,0.019594781
908.602,0.019674514
908.702,0.019674514
908.802,0.01971438
908.902,0.01971438
909.002,0.01971438
909.102,0.019674514
909.202,0.01971438
909.302,0.019594781
909.402,0.019674514
909.502,0.01971438
909.602,0.01971438
909.702,0.019754247
909.802,0.019634647
909.902,0.019674514
910.002,0.019674514
910.102,0.019594781
910.202,0.01971438
910.302,0.019634647
910.402,0.019674514
910.502,0.019674514
910.602,0.019674514
910.702,0.019674514
910.802,0.019674514
910.902,0.019674514
911.002,0.01971438
911.102,0.019754247
911.202,0.019754247
911.302,0.019674514
911.402,0.019674514
911.502,0.01971438
911.602,0.019674514
911.702,0.019674514
911.802,0.019634647
911.902,0.019634647
912.002,0.019594781
912.102,0.019634647
912.202,0.019674514
912.302,0.019634647
912.402,0.019594781
912.502,0.019674514
912.602,0.019634647
912.702,0.019674514
912.802,0.019674514
912.902,0.019674514
913.002,0.019674514
913.102,0.019674514
913.202,0.019634647
913.302,0.019674514
913.402,0.019674514
913.502,0.019674514
913.602,0.019674514
913.702,0.019634647
913.802,0.019634647
913.902,0.019674514
914.002,0.019634647
914.102,0.019674514
914.202,0.019674514
914.302,0.019674514
914.402,0.019674514
914.502,0.019674514
914.602,0.019634647
914.702,0.019594781
914.802,0.019594781
914.902,0.019634647
915.002,0.019674514
915.102,0.019634647
915.202,0.019674514
915.302,0.019554914
915.402,0.019674514
915.502,0.019594781
915.602,0.019674514
915.702,0.019594781
915.802,0.019634647
915.902,0.019674514
916.002,0.019594781
916.102,0.019674514
916.202,0.019674514
916.302,0.019594781
916.402,0.019554914
916.502,0.019554914
916.602,0.019554914
916.702,0.019594781
916.802,0.019634647
916.902,0.019594781
917.002,0.019674514
917.102,0.019674514
917.202,0.019594781
917.302,0.019594781
917.402,0.019594781
917.502,0.019594781
917.602,0.019515047
917.702,0.019594781
917.802,0.019594781
917.902,0.019594781
918.002,0.019594781
918.102,0.019515047
918.202,0.019554914
918.302,0.019554914
918.402,0.019515047
918.502,0.019554914
918.602,0.019515047
918.702,0.019594781
918.802,0.019594781
918.902,0.019634647
919.002,0.019594781
919.102,0.019634647
919.202,0.019554914
919.302,0.019594781
919.402,0.019355581
919.502,0.019355581
919.602,0.019355581
919.702,0.019315714
919.802,0.019235981
919.902,0.019355581
920.002,0.019355581
920.102,0.019275848
920.202,0.019315714
920.302,0.019275848
920.402,0.019235981
920.502,0.019235981
920.602,0.019355581
920.702,0.019355581
920.802,0.019315714
920.902,0.019395448
921.002,0.019355581
921.102,0.019275848
921.202,0.019275848
921.302,0.019196115
921.402,0.019315714
921.502,0.019315714
921.602,0.019315714
921.702,0.019235981
921.802,0.019275848
921.902,0.019235981
922.002,0.019275848
922.102,0.019275848
922.202,0.019315714
922.302,0.019235981
922.402,0.019235981
922.502,0.019275848
922.602,0.019275848
922.702,0.019315714
922.802,0.019235981
922.902,0.019275848
923.002,0.019275848
923.102,0.019275848
923.202,0.019315714
923.302,0.019196115
923.402,0.019235981
923.502,0.019275848
923.602,0.019235981
923.702,0.019156248
923.802,0.019275848
923.902,0.019275848
924.002,0.019235981
924.102,0.019275848
924.202,0.019275848
924.302,0.019235981
924.402,0.019275848
924.502,0.019275848
924.602,0.019196115
924.702,0.019196115
924.802,0.019275848
924.902,0.019156248
925.002,0.019275848
925.102,0.019275848
925.202,0.019315714
925.302,0.019275848
925.402,0.019196115
925.502,0.019196115
925.602,0.019196115
925.702,0.019235981
925.802,0.019275848
925.902,0.019196115
926.002,0.019275848
926.102,0.019156248
926.202,0.019156248
926.302,0.019275848
926.402,0.019235981
926.502,0.019235981
926.602,0.019196115
926.702,0.019235981
926.802,0.019196115
926.902,0.019315714
927.002,0.019235981
927.102,0.019196115
927.202,0.019196115
927.302,0.019235981
927.402,0.019275848
927.502,0.019156248
927.602,0.019235981
927.702,0.019235981
927.802,0.019235981
927.902,0.019196115
928.002,0.019156248
928.102,0.019196115
928.202,0.019196115
928.302,0.019196115
928.402,0.019235981
928.502,0.019196115
928.602,0.019235981
928.702,0.019156248
928.802,0.019235981
928.902,0.019275848
929.002,0.019196115
929.102,0.019275848
929.202,0.019196115
929.302,0.019275848
929.402,0.019196115
929.502,0.019235981
929.602,0.019235981
929.702,0.019275848
929.802,0.019196115
929.902,0.019275848
930.002,0.019235981
930.102,0.019196115
930.202,0.019196115
930.302,0.019156248
930.402,0.019156248
930.502,0.019156248
930.602,0.019156248
930.702,0.019196115
930.802,0.019116382
930.902,0.019235981
931.002,0.019196115
931.102,0.019156248
931.202,0.019036648
931.302,0.019235981
931.402,0.019196115
931.502,0.019156248
931.602,0.019116382
931.702,0.019116382
931.802,0.019156248
931.902,0.019116382
932.002,0.019196115
932.102,0.019235981
932.202,0.019196115
932.302,0.019235981
932.402,0.019156248
932.502,0.019196115
932.602,0.019196115
932.702,0.019196115
932.802,0.019196115
932.902,0.019196115
933.002,0.019196115
933.102,0.019116382
933.202,0.019116382
933.302,0.019196115
933.402,0.019116382
933.502,0.019235981
933.602,0.019196115
933.702,0.019235981
933.802,0.019156248
933.902,0.019116382
934.002,0.019196115
934.102,0.019116382
934.202,0.019116382
934.302,0.019116382
934.402,0.019196115
934.502,0.019235981
934.602,0.019156248
934.702,0.019116382
934.802,0.019076515
934.902,0.019156248
935.002,0.019235981
935.102,0.019196115
935.202,0.019196115
935.302,0.019235981
935.402,0.019196115
935.502,0.019196115
935.602,0.019196115
935.702,0.019156248
935.802,0.019196115
935.902,0.019315714
936.002,0.019156248
936.102,0.019196115
936.202,0.019116382
936.302,0.019116382
936.402,0.019156248
936.502,0.019156248
936.602,0.019116382
936.702,0.019156248
936.802,0.019156248
936.902,0.019235981
937.002,0.019156248
937.102,0.019196115
937.202,0.019116382
937.302,0.019156248
937.402,0.019196115
937.502,0.019156248
937.602,0.019196115
937.702,0.019196115
937.802,0.019076515
937.902,0.019116382
938.002,0.019116382
938.102,0.019156248
938.202,0.019116382
938.302,0.019235981
938.402,0.019156248
938.502,0.019116382
938.602,0.019156248
938.702,0.019076515
938.802,0.019196115
938.902,0.019036648
939.002,0.019036648
939.102,0.019156248
939.202,0.019076515
939.302,0.019156248
939.402,0.019196115
939.502,0.019196115
939.602,0.019076515
939.702,0.019116382
939.802,0.019116382
939.902,0.019156248
940.002,0.019116382
940.102,0.019116382
940.202,0.019156248
940.302,0.019076515
940.402,0.019116382
940.502,0.019116382
940.602,0.019156248
940.702,0.019116382
940.802,0.019076515
940.902,0.019156248
941.002,0.019076515
941.102,0.019116382
941.202,0.019156248
941.302,0.019116382
941.402,0.019076515
941.502,0.019116382
941.602,0.019036648
941.702,0.019196115
941.802,0.019076515
941.902,0.019116382
942.002,0.019036648
942.102,0.019156248
942.202,0.019036648
942.302,0.019076515
942.402,0.019076515
942.502,0.019156248
942.602,0.019116382
942.702,0.019116382
942.802,0.019116382
942.902,0.019116382
943.002,0.019156248
943.102,0.019076515
943.202,0.019116382
943.302,0.019116382
943.402,0.019036648
943.502,0.019156248
943.602,0.019076515
943.702,0.019076515
943.802,0.019036648
943.902,0.019156248
944.002,0.019196115
944.102,0.019116382
944.202,0.019116382
944.302,0.019116382
944.402,0.019116382
944.502,0.019235981
944.602,0.019076515
944.702,0.019116382
944.802,0.019156248
944.902,0.019116382
945.002,0.019076515
945.102,0.019076515
945.202,0.019076515
945.302,0.019076515
945.402,0.019196115
945.502,0.019036648
945.602,0.019116382
945.702,0.019116382
945.802,0.019076515
945.902,0.019036648
946.002,0.018996782
946.102,0.019116382
946.202,0.019076515
946.302,0.019156248
946.402,0.018956915
946.502,0.019116382
946.602,0.019116382
946.702,0.019036648
946.802,0.019036648
946.902,0.019076515
947.002,0.019116382
947.102,0.019116382
947.202,0.019076515
947.302,0.019116382
947.402,0.019076515
947.502,0.019116382
947.602,0.019036648
947.702,0.019036648
947.802,0.019076515
947.902,0.018956915
948.002,0.019116382
948.102,0.019076515
948.202,0.019076515
948.302,0.019036648
948.402,0.019076515
948.502,0.019076515
948.602,0.019196115
948.702,0.019036648
948.802,0.019116382
948.902,0.019036648
949.002,0.019116382
949.102,0.019076515
949.202,0.019116382
949.302,0.019036648
949.402,0.019116382
949.502,0.019156248
949.602,0.019036648
949.702,0.019036648
949.802,0.019116382
949.902,0.019076515
950.002,0.019036648
950.102,0.019036648
950.202,0.019076515
950.302,0.019076515
950.402,0.019076515
950.502,0.019116382
950.602,0.019036648
950.702,0.019036648
950.802,0.019036648
950.902,0.019116382
951.002,0.019036648
951.102,0.018996782
951.202,0.019076515
951.302,0.019076515
951.402,0.019036648
951.502,0.019116382
951.602,0.019116382
951.702,0.019036648
951.802,0.019076515
951.902,0.019116382
952.002,0.019116382
952.102,0.019036648
952.202,0.019076515
952.302,0.018996782
952.402,0.019036648
952.502,0.019036648
952.602,0.019076515
952.702,0.019076515
952.802,0.019036648
952.902,0.019076515
953.002,0.019076515
953.102,0.019036648
953.202,0.019036648
953.302,0.019036648
953.402,0.018996782
953.502,0.018956915
953.602,0.018996782
953.702,0.019036648
953.802,0.019076515
953.902,0.019076515
954.002,0.019036648
954.102,0.019116382
954.202,0.019116382
954.302,0.018996782
954.402,0.019036648
954.502,0.018956915
954.602,0.019076515
954.702,0.018956915
954.802,0.019076515
954.902,0.019036648
955.002,0.018956915
955.102,0.018956915
955.202,0.018956915
955.302,0.018996782
955.402,0.019036648
955.502,0.019036648
955.602,0.018996782
955.702,0.018917049
955.802,0.018956915
955.902,0.019076515
956.002,0.018996782
956.102,0.018956915
956.202,0.018996782
956.302,0.019036648
956.402,0.018996782
956.502,0.019036648
956.602,0.019036648
956.702,0.019036648
956.802,0.018996782
956.902,0.018996782
957.002,0.019036648
957.102,0.019036648
957.202,0.019076515
957.302,0.018917049
957.402,0.018996782
957.502,0.018996782
957.602,0.019036648
957.702,0.019036648
957.802,0.018996782
957.902,0.018996782
958.002,0.019036648
958.102,0.018956915
958.202,0.019036648
958.302,0.018996782
958.402,0.018996782
958.502,0.018996782
958.602,0.018956915
958.702,0.018996782
958.802,0.018956915
958.902,0.018996782
959.002,0.019036648
959.102,0.019076515
959.202,0.018917049
959.302,0.018956915
959.402,0.019036648
959.502,0.018996782
959.602,0.018956915
959.702,0.018917049
959.802,0.018956915
959.902,0.018956915
960.002,0.018996782
960.102,0.018956915
960.202,0.018996782
960.302,0.018956915
960.402,0.018996782
960.502,0.018996782
960.602,0.018996782
960.702,0.019036648
960.802,0.018956915
960.902,0.018996782
961.002,0.019036648
961.102,0.018917049
961.202,0.018917049
961.302,0.018956915
961.402,0.018956915
961.502,0.018996782
961.602,0.018996782
961.702,0.018917049
961.802,0.018877182
961.902,0.018956915
962.002,0.018917049
962.102,0.018877182
962.202,0.018917049
962.302,0.018956915
962.402,0.018877182
962.502,0.018877182
962.602,0.018917049
962.702,0.018956915
962.802,0.018956915
962.902,0.018956915
963.002,0.018877182
963.102,0.018956915
963.202,0.018917049
963.302,0.018956915
963.402,0.018956915
963.502,0.018996782
963.602,0.018956915
963.702,0.018917049
963.802,0.018996782
963.902,0.018996782
964.002,0.018877182
964.102,0.018996782
964.202,0.018956915
964.302,0.018956915
964.402,0.018877182
964.502,0.018917049
964.602,0.018996782
964.702,0.018956915
964.802,0.018956915
964.902,0.018996782
965.002,0.018837315
965.102,0.018917049
965.202,0.018956915
965.302,0.018956915
965.402,0.018956915
965.502,0.018797449
965.602,0.018956915
965.702,0.018877182
965.802,0.018956915
965.902,0.018877182
966.002,0.018877182
966.102,0.018956915
966.202,0.018917049
966.302,0.018917049
966.402,0.018877182
966.502,0.018917049
966.602,0.018917049
966.702,0.018917049
966.802,0.018956915
966.902,0.018877182
967.002,0.018877182
967.102,0.018956915
967.202,0.018917049
967.302,0.018877182
967.402,0.018917049
967.502,0.018877182
967.602,0.018837315
967.702,0.018956915
967.802,0.018877182
967.902,0.018996782
968.002,0.018956915
968.102,0.018956915
968.202,0.018956915
968.302,0.018877182
968.402,0.018877182
968.502,0.018877182
968.602,0.018837315
968.702,0.018837315
968.802,0.018917049
968.902,0.018917049
969.002,0.018917049
969.102,0.018917049
969.202,0.018917049
969.302,0.018877182
969.402,0.018877182
969.502,0.018917049
969.602,0.018877182
969.702,0.018837315
969.802,0.018877182
969.902,0.018917049
970.002,0.018837315
970.102,0.018837315
970.202,0.018877182
970.302,0.018877182
970.402,0.018877182
970.502,0.018877182
970.602,0.018877182
970.702,0.018917049
970.802,0.018837315
970.902,0.018837315
971.002,0.018837315
971.102,0.018837315
971.202,0.018837315
971.302,0.018877182
971.402,0.018917049
971.502,0.018877182
971.602,0.018877182
971.702,0.018797449
971.802,0.018877182
971.902,0.018956915
972.002,0.018797449
972.102,0.018837315
972.202,0.018797449
972.302,0.018877182
972.402,0.018837315
972.502,0.018917049
972.602,0.018877182
972.702,0.018837315
972.802,0.018797449
972.902,0.018877182
973.002,0.018837315
973.102,0.018757582
973.202,0.018837315
973.302,0.018877182
973.402,0.018917049
973.502,0.018837315
973.602,0.018757582
973.702,0.018917049
973.802,0.018877182
973.902,0.018837315
974.002,0.018917049
974.102,0.018877182
974.202,0.018797449
974.302,0.018797449
974.402,0.018837315
974.502,0.018877182
974.602,0.018837315
974.702,0.018797449
974.802,0.018837315
974.902,0.018757582
975.002,0.018917049
975.102,0.018797449
975.202,0.018917049
975.302,0.018877182
975.402,0.018797449
975.502,0.018797449
975.602,0.018877182
975.702,0.018797449
975.802,0.018837315
975.902,0.018837315
976.002,0.018837315
976.102,0.018837315
976.202,0.018837315
976.302,0.018917049
976.402,0.018837315
976.502,0.018797449
976.602,0.018837315
976.702,0.018837315
976.802,0.018877182
976.902,0.018797449
977.002,0.018917049
977.102,0.018757582
977.202,0.018837315
977.302,0.018877182
977.402,0.018877182
977.502,0.018837315
977.602,0.018797449
977.702,0.018797449
977.802,0.018837315
977.902,0.018837315
978.002,0.018797449
978.102,0.018837315
978.202,0.018797449
978.302,0.018757582
978.402,0.018837315
978.502,0.018797449
978.602,0.018757582
978.702,0.018757582
978.802,0.018837315
978.902,0.018877182
979.002,0.018717716
979.102,0.018837315
979.202,0.018797449
979.302,0.018797449
979.402,0.018877182
979.502,0.018877182
979.602,0.018877182
979.702,0.018837315
979.802,0.018837315
979.902,0.018797449
980.002,0.018757582
980.102,0.018797449
980.202,0.018757582
980.302,0.018797449
980.402,0.018837315
980.502,0.018757582
980.602,0.018797449
980.702,0.018797449
980.802,0.018797449
980.902,0.018797449
981.002,0.018717716
981.102,0.018797449
981.202,0.018797449
981.302,0.018717716
981.402,0.018797449
981.502,0.018877182
981.602,0.018757582
981.702,0.018797449
981.802,0.018797449
981.902,0.018837315
982.002,0.018837315
982.102,0.018797449
982.202,0.018757582
982.302,0.018797449
982.402,0.018837315
982.502,0.018757582
982.602,0.018797449
982.702,0.018757582
982.802,0.018837315
982.902,0.018757582
983.002,0.018797449
983.102,0.018837315
983.202,0.018757582
983.302,0.018717716
983.402,0.018717716
983.502,0.018757582
983.602,0.018837315
983.702,0.018757582
983.802,0.018757582
983.902,0.018717716
984.002,0.018757582
984.102,0.018797449
984.202,0.018757582
984.302,0.018797449
984.402,0.018797449
984.502,0.018757582
984.602,0.018757582
984.702,0.018797449
984.802,0.018797449
984.902,0.018797449
985.002,0.018717716
985.102,0.018797449
985.202,0.018717716
985.302,0.018717716
985.402,0.018717716
985.502,0.018837315
985.602,0.018717716
985.702,0.018757582
985.802,0.018797449
985.902,0.018837315
986.002,0.018837315
986.102,0.018757582
986.202,0.018757582
986.302,0.018757582
986.402,0.018797449
986.502,0.018757582
986.602,0.018797449
986.702,0.018717716
986.802,0.018757582
986.902,0.018757582
987.002,0.018717716
987.102,0.018717716
987.202,0.018797449
987.302,0.018677849
987.402,0.018717716
987.502,0.018717716
987.602,0.018757582
987.702,0.018717716
987.802,0.018677849
987.902,0.018717716
988.002,0.018717716
988.102,0.018677849
988.202,0.018757582
988.302,0.018757582
988.402,0.018717716
988.502,0.018717716
988.602,0.018717716
988.702,0.018717716
988.802,0.018717716
988.902,0.018677849
989.002,0.018837315
989.102,0.018677849
989.202,0.018717716
989.302,0.018717716
989.402,0.018757582
989.502,0.018717716
989.602,0.018717716
989.702,0.018757582
989.802,0.018797449
989.902,0.018717716
990.002,0.018717716
990.102,0.018717716
990.202,0.018717716
990.302,0.018757582
990.402,0.018717716
990.502,0.018717716
990.602,0.020431979
990.702,0.020152913
990.802,0.020113046
990.902,0.020033313
991.002,0.019913713
991.102,0.019794114
991.202,0.019754247
991.302,0.019754247
991.402,0.019754247
991.502,0.019674514
991.602,0.019754247
991.702,0.019754247
991.802,0.019674514
991.902,0.019674514
992.002,0.019634647
992.102,0.019594781
992.202,0.019594781
992.302,0.019594781
992.402,0.019634647
992.502,0.019554914
992.602,0.019515047
992.702,0.019515047
992.802,0.019554914
992.902,0.019554914
993.002,0.019435314
993.102,0.019515047
993.202,0.019435314
993.302,0.019515047
993.402,0.019475181
993.502,0.019435314
993.602,0.019515047
993.702,0.019395448
993.802,0.019395448
993.902,0.019355581
994.002,0.019355581
994.102,0.019435314
994.202,0.019435314
994.302,0.019435314
994.402,0.019315714
994.502,0.019395448
994.602,0.019435314
994.702,0.019355581
994.802,0.019355581
994.902,0.019355581
995.002,0.019235981
995.102,0.019275848
995.202,0.019275848
995.302,0.019355581
995.402,0.019315714
995.502,0.019355581
995.602,0.019355581
995.702,0.019275848
995.802,0.019355581
995.902,0.019315714
996.002,0.019275848
996.102,0.019275848
996.202,0.019275848
996.302,0.019235981
996.402,0.019315714
996.502,0.019275848
996.602,0.019275848
996.702,0.019315714
996.802,0.019315714
996.902,0.019235981
997.002,0.019355581
997.102,0.019275848
997.202,0.019235981
997.302,0.019235981
997.402,0.019196115
997.502,0.019315714
997.602,0.019196115
997.702,0.019196115
997.802,0.019275848
997.902,0.019196115
998.002,0.019156248
998.102,0.019235981
998.202,0.019196115
998.302,0.019156248
998.402,0.019076515
998.502,0.019196115
998.602,0.019196115
998.702,0.019196115
998.802,0.019235981
998.902,0.019275848
999.002,0.019116382
999.102,0.019116382
999.202,0.019235981
999.302,0.019156248
999.402,0.019116382
999.502,0.019116382
999.602,0.019116382
999.702,0.019156248
999.802,0.019156248
999.902,0.019116382
1000.002,0.019196115
1000.102,0.019196115
1000.202,0.019235981
1000.302,0.019076515
1000.402,0.019156248
1000.502,0.019156248
1000.602,0.019116382
1000.702,0.019156248
1000.802,0.019116382
1000.902,0.019116382
1001.002,0.019116382
1001.102,0.019116382
1001.202,0.019116382
1001.302,0.019076515
1001.402,0.019156248
1001.502,0.019116382
1001.602,0.019116382
1001.702,0.019156248
1001.802,0.019076515
1001.902,0.019076515
1002.002,0.019116382
1002.102,0.019076515
1002.202,0.019076515
1002.302,0.019116382
1002.402,0.019156248
1002.502,0.019076515
1002.602,0.019036648
1002.702,0.019196115
1002.802,0.019116382
1002.902,0.019116382
1003.002,0.019036648
1003.102,0.019036648
1003.202,0.019116382
1003.302,0.019036648
1003.402,0.018996782
1003.502,0.019076515
1003.602,0.019036648
1003.702,0.019036648
1003.802,0.019076515
1003.902,0.019116382
1004.002,0.019076515
1004.102,0.019076515
1004.202,0.018996782
1004.302,0.019036648
1004.402,0.019036648
1004.502,0.019156248
1004.602,0.018996782
1004.702,0.019036648
1004.802,0.019076515
1004.902,0.019036648
1005.002,0.018996782
1005.102,0.019076515
1005.202,0.019036648
1005.302,0.019076515
1005.402,0.019036648
1005.502,0.018917049
1005.602,0.019116382
1005.702,0.018956915
1005.802,0.019076515
1005.902,0.019036648
1006.002,0.019036648
1006.102,0.019116382
1006.202,0.019116382
1006.302,0.019076515
1006.402,0.018996782
1006.502,0.018996782
1006.602,0.018956915
1006.702,0.019036648
1006.802,0.018956915
1006.902,0.018917049
1007.002,0.018956915
1007.102,0.019036648
1007.202,0.019036648
1007.302,0.018996782
1007.402,0.018996782
1007.502,0.018956915
1007.602,0.019036648
1007.702,0.018996782
1007.802,0.018996782
1007.902,0.018956915
1008.002,0.019036648
1008.102,0.019036648
1008.202,0.018996782
1008.302,0.018956915
1008.402,0.019036648
1008.502,0.018996782
1008.602,0.018956915
1008.702,0.018956915
1008.802,0.018996782
1008.902,0.018996782
1009.002,0.018956915
1009.102,0.018956915
1009.202,0.018996782
1009.302,0.019036648
1009.402,0.018996782
1009.502,0.018917049
1009.602,0.019076515
1009.702,0.018996782
1009.802,0.018956915
1009.902,0.018956915
1010.002,0.018956915
1010.102,0.019036648
1010.202,0.018917049
1010.302,0.018917049
1010.402,0.018996782
1010.502,0.018837315
1010.602,0.019036648
1010.702,0.018956915
1010.802,0.018996782
1010.902,0.018956915
1011.002,0.018917049
1011.102,0.018996782
1011.202,0.018956915
1011.302,0.018996782
1011.402,0.018877182
1011.502,0.018917049
1011.602,0.018996782
1011.702,0.018956915
1011.802,0.018877182
1011.902,0.018877182
1012.002,0.018956915
1012.102,0.018996782
1012.202,0.018956915
1012.302,0.018956915
1012.402,0.018917049
1012.502,0.018917049
1012.602,0.018837315
1012.702,0.018917049
1012.802,0.018917049
1012.902,0.018917049
1013.002,0.018956915
1013.102,0.018877182
1013.202,0.018917049
1013.302,0.018877182
1013.402,0.018956915
1013.502,0.018917049
1013.602,0.018877182
1013.702,0.018877182
1013.802,0.018877182
1013.902,0.018917049
1014.002,0.018837315
1014.102,0.018956915
1014.202,0.018917049
1014.302,0.018877182
1014.402,0.018877182
1014.502,0.018877182
1014.602,0.018956915
1014.702,0.018917049
1014.802,0.018956915
1014.902,0.018877182
1015.002,0.018757582
1015.102,0.018837315
1015.202,0.018797449
1015.302,0.018877182
1015.402,0.018837315
1015.502,0.018877182
1015.602,0.018917049
1015.702,0.018877182
1015.802,0.018877182
1015.902,0.018877182
1016.002,0.018877182
1016.102,0.018837315
1016.202,0.018877182
1016.302,0.018837315
1016.402,0.018917049
1016.502,0.018917049
1016.602,0.018837315
1016.702,0.018877182
1016.802,0.018877182
1016.902,0.018877182
1017.002,0.018837315
1017.102,0.018797449
1017.202,0.018877182
1017.302,0.018917049
1017.402,0.018877182
1017.502,0.018797449
1017.602,0.018877182
1017.702,0.018917049
1017.802,0.018917049
1017.902,0.018797449
1018.002,0.018917049
1018.102,0.018837315
1018.202,0.018877182
1018.302,0.018917049
1018.402,0.018757582
1018.502,0.018877182
1018.602,0.018797449
1018.702,0.018837315
1018.802,0.018877182
1018.902,0.018877182
1019.002,0.018837315
1019.102,0.018797449
1019.202,0.018797449
1019.302,0.018797449
1019.402,0.018837315
1019.502,0.018877182
1019.602,0.018797449
1019.702,0.018877182
1019.802,0.018797449
1019.902,0.018797449
1020.002,0.018837315
1020.102,0.018797449
1020.202,0.018797449
1020.302,0.018837315
1020.402,0.018837315
1020.502,0.018757582
1020.602,0.018797449
1020.702,0.018837315
1020.802,0.018837315
1020.902,0.018797449
1021.002,0.018717716
1021.102,0.018797449
1021.202,0.018797449
1021.302,0.018837315
1021.402,0.018797449
1021.502,0.018797449
1021.602,0.018837315
1021.702,0.018797449
1021.802,0.018877182
1021.902,0.018797449
1022.002,0.018877182
1022.102,0.018757582
1022.202,0.018877182
1022.302,0.018797449
1022.402,0.018797449
1022.502,0.018797449
1022.602,0.018877182
1022.702,0.018797449
1022.802,0.018757582
1022.902,0.018757582
1023.002,0.018797449
1023.102,0.018757582
1023.202,0.018757582
1023.302,0.018797449
1023.402,0.018757582
1023.502,0.018797449
1023.602,0.018797449
1023.702,0.018797449
1023.802,0.018757582
1023.902,0.018797449
1024.002,0.018757582
1024.102,0.018757582
1024.202,0.018717716
1024.302,0.018877182
1024.402,0.018797449
1024.502,0.018717716
1024.602,0.018717716
1024.702,0.018757582
1024.802,0.018797449
1024.902,0.018757582
1025.002,0.018797449
1025.102,0.018797449
1025.202,0.018677849
1025.302,0.018837315
1025.402,0.018757582
1025.502,0.018717716
1025.602,0.018757582
1025.702,0.018837315
1025.802,0.018717716
1025.902,0.018837315
1026.002,0.018717716
1026.102,0.018797449
1026.202,0.018717716
1026.302,0.018797449
1026.402,0.018717716
1026.502,0.018757582
1026.602,0.018757582
1026.702,0.018717716
1026.802,0.018757582
1026.902,0.018757582
1027.002,0.018757582
1027.102,0.018717716
1027.202,0.018717716
1027.302,0.018837315
1027.402,0.018717716
1027.502,0.018837315
1027.602,0.018717716
1027.702,0.018757582
1027.802,0.018717716
1027.902,0.018757582
1028.002,0.018717716
1028.102,0.018757582
1028.202,0.018797449
1028.302,0.018757582
1028.402,0.018717716
1028.502,0.018797449
1028.602,0.018757582
1028.702,0.018677849
1028.802,0.018717716
1028.902,0.018717716
1029.002,0.018797449
1029.102,0.018677849
1029.202,0.018797449
1029.302,0.018757582
1029.402,0.018797449
1029.502,0.018797449
1029.602,0.018717716
1029.702,0.018677849
1029.802,0.018717716
1029.902,0.018717716
1030.002,0.018637982
1030.102,0.018637982
1030.202,0.018717716
1030.302,0.018717716
1030.402,0.018757582
1030.502,0.018797449
1030.602,0.018757582
1030.702,0.018797449
1030.802,0.018717716
1030.902,0.018717716
1031.002,0.018757582
1031.102,0.018717716
1031.202,0.018717716
1031.302,0.018757582
1031.402,0.018797449
1031.502,0.018797449
1031.602,0.018637982
1031.702,0.018757582
1031.802,0.018637982
1031.902,0.018717716
1032.002,0.018717716
1032.102,0.018757582
1032.202,0.018717716
1032.302,0.018717716
1032.402,0.018757582
1032.502,0.018677849
1032.602,0.018757582
1032.702,0.018757582
1032.802,0.018717716
1032.902,0.018757582
1033.002,0.018717716
1033.102,0.018797449
1033.202,0.018757582
1033.302,0.018677849
1033.402,0.018757582
1033.502,0.018797449
1033.602,0.018717716
1033.702,0.018757582
1033.802,0.018677849
1033.902,0.018717716
1034.002,0.018717716
1034.102,0.018757582
1034.202,0.018757582
1034.302,0.018757582
1034.402,0.018757582
1034.502,0.018717716
1034.602,0.018757582
1034.702,0.018757582
1034.802,0.018717716
1034.902,0.018757582
1035.002,0.018717716
1035.102,0.018717716
1035.202,0.018677849
1035.302,0.018677849
1035.402,0.018717716
1035.502,0.018717716
1035.602,0.018717716
1035.702,0.018677849
1035.802,0.018717716
1035.902,0.018757582
1036.002,0.018757582
1036.102,0.018637982
1036.202,0.018598116
1036.302,0.018717716
1036.402,0.018717716
1036.502,0.018677849
1036.602,0.018637982
1036.702,0.018637982
1036.802,0.018717716
1036.902,0.018797449
1037.002,0.018717716
1037.102,0.018797449
1037.202,0.018717716
1037.302,0.018717716
1037.402,0.018717716
1037.502,0.018797449
1037.602,0.018637982
1037.702,0.018677849
1037.802,0.018677849
1037.902,0.018677849
1038.002,0.018757582
1038.102,0.018717716
1038.202,0.018637982
1038.302,0.018677849
1038.402,0.018637982
1038.502,0.018637982
1038.602,0.018598116
1038.702,0.018717716
1038.802,0.018677849
1038.902,0.018637982
1039.002,0.018677849
1039.102,0.018637982
1039.202,0.018637982
1039.302,0.018757582
1039.402,0.018717716
1039.502,0.018717716
1039.602,0.018717716
1039.702,0.018677849
1039.802,0.018637982
1039.902,0.018757582
1040.002,0.018677849
1040.102,0.018717716
1040.202,0.018677849
1040.302,0.018717716
1040.402,0.018717716
1040.502,0.018677849
1040.602,0.018637982
1040.702,0.018637982
1040.802,0.018598116
1040.902,0.018677849
1041.002,0.018677849
1041.102,0.018677849
1041.202,0.018677849
1041.302,0.018637982
1041.402,0.018677849
1041.502,0.018717716
1041.602,0.018717716
1041.702,0.018717716
1041.802,0.018717716
1041.902,0.018637982
1042.002,0.018637982
1042.102,0.018637982
1042.202,0.018717716
1042.302,0.018717716
1042.402,0.018677849
1042.502,0.018598116
1042.602,0.018677849
1042.702,0.018717716
1042.802,0.018717716
1042.902,0.018637982
1043.002,0.018637982
1043.102,0.018717716
1043.202,0.018677849
1043.302,0.018637982
1043.402,0.018717716
1043.502,0.018598116
1043.602,0.018677849
1043.702,0.018717716
1043.802,0.018717716
1043.902,0.018717716
1044.002,0.018717716
1044.102,0.018677849
1044.202,0.018598116
1044.302,0.018677849
1044.402,0.018757582
1044.502,0.018677849
1044.602,0.018637982
1044.702,0.018637982
1044.802,0.018637982
1044.902,0.018637982
1045.002,0.018637982
1045.102,0.018637982
1045.202,0.018637982
1045.302,0.018677849
1045.402,0.018637982
1045.502,0.018677849
1045.602,0.018717716
1045.702,0.018677849
1045.802,0.018637982
1045.902,0.018637982
1046.002,0.018637982
1046.102,0.018637982
1046.202,0.018717716
1046.302,0.018558249
1046.402,0.018677849
1046.502,0.018637982
1046.602,0.018637982
1046.702,0.018637982
1046.802,0.018677849
1046.902,0.018677849
1047.002,0.018677849
1047.102,0.018637982
1047.202,0.018677849
1047.302,0.018558249
1047.402,0.018717716
1047.502,0.018637982
1047.602,0.018598116
1047.702,0.018637982
1047.802,0.018677849
1047.902,0.018637982
1048.002,0.018598116
1048.102,0.018598116
1048.202,0.018677849
1048.302,0.018598116
1048.402,0.018598116
1048.502,0.018637982
1048.602,0.018518383
1048.702,0.018637982
1048.802,0.018637982
1048.902,0.018637982
1049.002,0.018637982
1049.102,0.018637982
1049.202,0.018677849
1049.302,0.018637982
1049.402,0.018598116
1049.502,0.018598116
1049.602,0.018717716
1049.702,0.018637982
1049.802,0.018637982
1049.902,0.018558249
1050.002,0.018677849
1050.102,0.018637982
1050.202,0.018598116
1050.302,0.018598116
1050.402,0.018637982
1050.502,0.018637982
1050.602,0.018637982
1050.702,0.018637982
1050.802,0.018558249
1050.902,0.018598116
1051.002,0.018637982
1051.102,0.018598116
1051.202,0.018637982
1051.302,0.018637982
1051.402,0.018677849
1051.502,0.018637982
1051.602,0.018637982
1051.702,0.018677849
1051.802,0.018637982
1051.902,0.018598116
1052.002,0.018598116
1052.102,0.018518383
1052.202,0.018637982
1052.302,0.018637982
1052.402,0.018598116
1052.502,0.018598116
1052.602,0.018637982
1052.702,0.018598116
1052.802,0.018558249
1052.902,0.018637982
1053.002,0.018637982
1053.102,0.018598116
1053.202,0.018598116
1053.302,0.018598116
1053.402,0.018598116
1053.502,0.018637982
1053.602,0.018558249
1053.702,0.018637982
1053.802,0.018637982
1053.902,0.018598116
1054.002,0.018598116
1054.102,0.018598116
1054.202,0.018478516
1054.302,0.018598116
1054.402,0.018558249
1054.502,0.018598116
1054.602,0.018558249
1054.702,0.018558249
1054.802,0.018598116
1054.902,0.018598116
1055.002,0.018558249
1055.102,0.018677849
1055.202,0.018598116
1055.302,0.018598116
1055.402,0.018558249
1055.502,0.018637982
1055.602,0.018518383
1055.702,0.018558249
1055.802,0.018637982
1055.902,0.018558249
1056.002,0.018598116
1056.102,0.018598116
1056.202,0.018558249
1056.302,0.018598116
1056.402,0.018598116
1056.502,0.018558249
1056.602,0.018558249
1056.702,0.018598116
1056.802,0.018598116
1056.902,0.018598116
1057.002,0.018598116
1057.102,0.018558249
1057.202,0.018478516
1057.302,0.018518383
1057.402,0.018558249
1057.502,0.018558249
1057.602,0.300415053
1057.702,0.330633934
1057.802,0.351125365
1057.902,0.367749737
1058.002,0.382261179
1058.102,0.395417158
1058.202,0.407696071
1058.302,0.419337119
1058.402,0.430380168
1058.502,0.441104284
1058.602,0.451429735
1058.702,0.461515986
1058.802,0.471363038
1058.902,0.481010757
1059.002,0.490499009
1059.102,0.499787929
1059.202,0.508877516
1059.302,0.517847503
1059.402,0.52681749
1059.502,0.535468544
1059.602,0.544159466
1059.702,0.552651054
1059.802,0.56106291
1059.902,0.569355165
1060.002,0.577527821
1060.102,0.585541011
1060.202,0.593474467
1060.302,0.601407924
1060.402,0.609181914
1060.502,0.616796438
1060.602,0.624331229
1060.702,0.631786287
1060.802,0.639281212
1060.902,0.646536937
1061.002,0.653712929
1061.102,0.660849054
1061.202,0.66786558
1061.302,0.674921972
1061.402,0.681739165
1061.502,0.688436758
1061.602,0.695253951
1061.702,0.701752211
1061.802,0.708370071
1061.902,0.714948065
1062.002,0.721326725
1062.102,0.727705386
1062.202,0.734004314
1062.302,0.740223508
1062.402,0.746362969
1062.502,0.752422697
1062.602,0.758482426
1062.702,0.764502287
1062.802,0.770442416
1062.902,0.776262944
1063.002,0.782083473
1063.102,0.787824269
1063.202,0.793604931
1063.302,0.799265994
1063.402,0.804927057
1063.502,0.810428653
1063.602,0.815930249
1063.702,0.821391979
1063.802,0.826893575
1063.902,0.832315439
1064.002,0.837617702
1064.102,0.842919966
1064.202,0.848262096
1064.302,0.85344476
1064.402,0.858707157
1064.502,0.863770221
1064.602,0.868913018
1064.702,0.874015949
1064.802,0.879039147
1064.902,0.884062344
1065.002,0.889125409
1065.102,0.894068874
1065.202,0.899012338
1065.302,0.903915936
1065.402,0.908739801
1065.502,0.913683266
1065.602,0.918347665
1065.702,0.923251263
1065.802,0.927995395
1065.902,0.93258006
1066.002,0.937403926
1066.102,0.942068325
1066.202,0.946732723
1066.302,0.951317389
1066.402,0.955902055
1066.502,0.960526587
1066.602,0.965071387
1066.702,0.969616186
1066.802,0.974121119
1066.902,0.978626052
1067.002,0.983170851
1067.102,0.987596051
1067.202,0.99202125
1067.302,0.996406584
1067.402,1.000911517
1067.502,1.005217117
1067.602,1.009682183
1067.702,1.013987784
1067.802,1.01833325
1067.902,1.022638851
1068.002,1.026904584
1068.102,1.031250051
1068.202,1.035515785
1068.302,1.039781519
1068.402,1.044047253
1068.502,1.04827312
1068.602,1.052538854
1068.702,1.056684988
1068.802,1.060990589
1068.902,1.065136724
1069.002,1.069362591
1069.102,1.073468859
1069.202,1.07765486
1069.302,1.081800995
1069.402,1.085907263
1069.502,1.090093264
1069.602,1.094279265
1069.702,1.098385534
1069.802,1.102372202
1069.902,1.106637937
1070.002,1.110704338
1070.102,1.11465114
1070.202,1.118717542
1070.302,1.122863677
1070.402,1.126850346
1070.502,1.130956615
1070.602,1.13498315
1070.702,1.139129286
1070.802,1.143115954
1070.902,1.147222223
1071.002,1.151208892
1071.102,1.155275295
1071.202,1.159182231
1071.302,1.1632885
1071.402,1.167315036
1071.502,1.171261839
1071.602,1.175407975
1071.702,1.179394644
1071.802,1.183421181
1071.902,1.187367984
1072.002,1.191434387
1072.102,1.195341323
1072.202,1.199327993
1072.302,1.203274796
1072.402,1.2072216
1072.502,1.211248137
1072.602,1.21519494
1072.702,1.219221477
1072.802,1.223208147
1072.902,1.227154951
1073.002,1.231221355
1073.102,1.235247892
1073.202,1.239274429
1073.302,1.243181367
1073.402,1.247247771
1073.502,1.251154708
1073.602,1.255141379
1073.702,1.25912805
1073.802,1.263114721
1073.902,1.267061526
1074.002,1.271088064
1074.102,1.275074735
1074.202,1.27902154
1074.302,1.283008211
1074.402,1.287114483
1074.502,1.291220755
1074.602,1.295207426
1074.702,1.299273832
1074.802,1.30318077
1074.902,1.307406642
1075.002,1.311473048
1075.102,1.315499587
1075.202,1.319845059
1075.302,1.323911465
1075.402,1.327858271
1075.502,1.331924677
1075.602,1.335831616
1075.702,1.339898022
1075.802,1.343844828
1075.902,1.347751767
1076.002,1.351539106
1076.102,1.355685246
1076.202,1.359632052
1076.302,1.363419392
1076.402,1.367445932
1076.502,1.371472472
1076.602,1.375379412
1076.702,1.379326218
1076.802,1.383392625
1076.902,1.387219832
1077.002,1.390887572
1077.102,1.394674912
1077.202,1.398661586
1077.302,1.402488793
1077.402,1.4064356
1077.502,1.410382407
1077.602,1.414209614
1077.702,1.418036822
1077.802,1.421744429
1077.902,1.425571636
1078.002,1.429438711
1078.102,1.433345652
1078.202,1.451046488
1078.302,1.457744102
1078.402,1.462488245
1078.502,1.466913455
1078.602,1.471418398
1078.702,1.475803741
1078.802,1.480109351
1078.902,1.484534561
1079.002,1.488880038
1079.102,1.493066047
1079.202,1.497491258
1079.302,1.501836735
1079.402,1.506062612
1079.502,1.510408089
1079.602,1.514753566
1079.702,1.518979443
1079.802,1.523245187
1079.902,1.527550798
1080.002,1.531816542
1080.102,1.536122153
1080.202,1.540387898
1080.302,1.544733376
1080.402,1.548959254
1080.502,1.553304732
1080.602,1.557450876
1080.702,1.561876088
1080.802,1.566022233
1080.902,1.570367712
1081.002,1.574673324
1081.102,1.578978936
1081.202,1.583125081
1081.302,1.58747056
1081.402,1.591736306
1081.502,1.596002052
1081.602,1.600347531
1081.702,1.604653144
1081.802,1.608839157
1081.902,1.613065036
1082.002,1.61737065
1082.102,1.621676263
1082.202,1.62594201
1082.302,1.63028749
1082.402,1.63463297
1082.502,1.638898717
1082.602,1.643204331
1082.702,1.647549812
1082.802,1.651815559
1082.902,1.656200907
1083.002,1.660347054
1083.102,1.664732402
1083.202,1.669197484
1083.302,1.673463232
1083.402,1.677768847
1083.502,1.682233929
1083.602,1.68645981
1083.702,1.690924893
1083.802,1.695230508
1083.902,1.699615857
1084.002,1.703961339
1084.102,1.708466289
1084.202,1.712732038
1084.302,1.717236988
1084.402,1.721702072
1084.502,1.726087421
1084.602,1.730512638
1084.702,1.734977722
1084.802,1.739402939
1084.902,1.743987623
1085.002,1.748492574
1085.102,1.752838058
1085.202,1.75746261
1085.302,1.761887827
1085.402,1.766472512
1085.502,1.771017331
1085.602,1.775562149
1085.702,1.780226569
1085.802,1.784811254
1085.902,1.789356073
1086.002,1.793980626
1086.102,1.798684913
1086.202,1.803309466
1086.302,1.808013753
1086.402,1.81271804
1086.502,1.817422327
1086.602,1.822206348
1086.702,1.82710997
1086.802,1.831774391
1086.902,1.836638146
1087.002,1.841501902
1087.102,1.846445391
1087.202,1.851309147
1087.302,1.856252636
1087.402,1.861235993
1087.502,1.86621935
1087.602,1.871242574
1087.702,1.876504999
1087.802,1.881488356
1087.902,1.886671048
1088.002,1.891813874
1088.102,1.8970763
1088.202,1.902298859
1088.302,1.907680886
1088.402,1.912983179
1088.502,1.918444941
1088.602,1.923866835
1088.702,1.92928873
1088.802,1.934830225
1088.902,1.940411588
1089.002,1.945953084
1089.102,1.951654048
1089.202,1.957394879
1089.302,1.963175577
1089.402,1.968916408
1089.502,1.974816707
1089.602,1.980637273
1089.702,1.986537573
1089.802,1.99259734
1089.902,1.998696975
1090.002,2.004756743
1090.102,2.010856379
1090.202,2.017075615
1090.302,2.023294852
1090.402,2.029514088
1090.502,2.035813059
1090.602,2.042191765
1090.702,2.04857047
1090.802,2.054909309
1090.902,2.061327882
1091.002,2.067866056
1091.102,2.07440423
1091.202,2.080862671
1091.302,2.08748058
1091.402,2.094058623
1091.502,2.100517065
1091.602,2.107254575
1091.702,2.113832619
1091.802,2.120410663
1091.902,2.12694884
1092.002,2.133367417
1092.102,2.140065062
1092.202,2.146722841
1092.302,2.153380621
1092.402,2.159878933
1092.502,2.166496846
1092.602,2.173035026
1092.702,2.179533339
1092.802,2.186071519
1092.902,2.192569833
1093.002,2.199108014
1093.102,2.205606328
1093.202,2.212064776
1093.302,2.218363757
1093.402,2.224782338
1093.502,2.231081319
1093.602,2.237460035
1093.702,2.243759017
1093.802,2.250137733
1093.902,2.256356981
1094.002,2.262496496
1094.102,2.268636011
1094.202,2.274775527
1094.302,2.280875175
1094.402,2.287014692
1094.502,2.292875139
1094.602,2.298855188
1094.702,2.304835237
1094.802,2.310536218
1094.902,2.316516267
1095.002,2.322296983
1095.102,2.32791823
1095.202,2.333738813
1095.302,2.33924046
1095.402,2.344901575
1095.502,2.350283621
1095.602,2.355865003
1095.702,2.361446385
1095.802,2.366668964
1095.902,2.372051012
1096.002,2.377393192
1096.102,2.382575905
1096.202,2.387918087
1096.302,2.392981199
1096.402,2.39820378
1096.502,2.403266892
1096.602,2.408330005
1096.702,2.413432986
1096.802,2.418416365
1096.902,2.423240277
1097.002,2.428143923
1097.102,2.432967835
1097.202,2.43775188
1097.302,2.442496058
1097.402,2.447240236
1097.502,2.451944548
1097.602,2.456489392
1097.702,2.460994369
1097.802,2.46557908
1097.902,2.469964456
1098.002,2.474469433
1098.102,2.478894677
1098.202,2.483240186
1098.302,2.487625563
1098.402,2.491891339
1098.502,2.496037514
1098.602,2.500263423
1098.702,2.504329864
1098.802,2.508356438
1098.902,2.512502613
1099.002,2.516569054
1099.102,2.520555762
1099.202,2.524422868
1099.302,2.528409576
1099.402,2.532276683
1099.502,2.536183656
1099.602,2.539891295
1099.702,2.543638801
1099.802,2.547426174
1099.902,2.551093946
1100.002,2.554761718
1100.102,2.55842949
1100.202,2.561977661
1100.302,2.565605567
1100.402,2.568994269
1100.502,2.572462707
1100.602,2.576010878
1100.702,2.579399582
1100.802,2.582788285
1100.902,2.586137121
1101.002,2.589485958
1101.102,2.592715193
1101.202,2.595984296
1101.302,2.599253398
1101.402,2.6024029
1101.502,2.605592268
1101.602,2.608701903
1101.702,2.611811537
1101.802,2.614921172
1101.902,2.617911206
1102.002,2.620980973
1102.102,2.62393114
1102.202,2.626921174
1102.302,2.629751739
1102.402,2.63278164
1102.502,2.635572338
1102.602,2.638482638
1102.702,2.641273337
1102.802,2.644103903
1102.902,2.646894601
1103.002,2.649645433
1103.102,2.652236796
1103.202,2.655027495
1103.302,2.65773846
1103.402,2.660449425
1103.502,2.663000921
1103.602,2.665552418
1103.702,2.668183648
1103.802,2.670735145
1103.902,2.673286642
1104.002,2.675798271
1104.102,2.678309901
1104.202,2.680781663
1104.302,2.683213559
1104.402,2.68556572
1104.502,2.688037483
1104.602,2.690389644
1104.702,2.692662071
1104.802,2.695133834
1104.902,2.697485996
1105.002,2.699838158
1105.102,2.701951116
1105.202,2.704343145
1105.302,2.706535838
1105.402,2.708728532
1105.502,2.710961092
1105.602,2.713153785
1105.702,2.715266745
1105.802,2.717459438
1105.902,2.719612264
1106.002,2.721844825
1106.102,2.723838183
1106.202,2.725991009
1106.302,2.727984367
1106.402,2.730097327
1106.502,2.732210286
1106.602,2.734163777
1106.702,2.736077401
1106.802,2.738110626
1106.902,2.740103984
1107.002,2.741977741
1107.102,2.743971099
1107.202,2.745844856
1107.302,2.74775848
1107.402,2.749632237
1107.502,2.751545861
1107.602,2.753459485
1107.702,2.755253507
1107.802,2.757087397
1107.902,2.758841553
1108.002,2.76071531
1108.102,2.762389731
1108.202,2.764263488
1108.302,2.766017644
1108.402,2.7677718
1108.502,2.769525955
1108.602,2.771240244
1108.702,2.772954533
1108.802,2.774628954
1108.902,2.77638311
1109.002,2.778017664
1109.102,2.779692086
1109.202,2.781366507
1109.302,2.783080796
1109.402,2.784555882
1109.502,2.786190436
1109.602,2.787785124
1109.702,2.789379811
1109.802,2.791014366
1109.902,2.792609053
1110.002,2.794243608
1110.102,2.795678826
1110.202,2.797193779
1110.302,2.798708733
1110.402,2.800104084
1110.502,2.801698772
1110.602,2.803173858
1110.702,2.804648944
1110.802,2.806163897
1110.902,2.807519382
1111.002,2.809114069
1111.102,2.810549288
1111.202,2.812024374
1111.302,2.813419726
1111.402,2.814775211
1111.502,2.816170563
1111.602,2.817565915
1111.702,2.819041001
1111.802,2.820436353
1111.902,2.821791837
1112.002,2.823107455
1112.102,2.82446294
1112.202,2.825818425
1112.302,2.827134042
1112.402,2.828489527
1112.502,2.829765277
1112.602,2.831041028
1112.702,2.83243638
1112.802,2.833672263
1112.902,2.834868279
1113.002,2.836183897
1113.102,2.83741978
1113.202,2.838735398
1113.302,2.839891547
1113.402,2.841207165
1113.502,2.842522783
1113.602,2.843678932
1113.702,2.844874948
1113.802,2.846110832
1113.902,2.847346715
1114.002,2.848542731
1114.102,2.849659013
1114.202,2.850894897
1114.302,2.85213078
1114.402,2.853286929
1114.502,2.854363344
1114.602,2.855559361
1114.702,2.856755377
1114.802,2.857911526
1114.902,2.858987941
1115.002,2.86014409
1115.102,2.861140771
1115.202,2.862376654
1115.302,2.863532803
1115.402,2.864609218
1115.502,2.865765368
1115.602,2.866722181
1115.702,2.867918197
1115.802,2.869034479
1115.902,2.869991293
1116.002,2.871187309
1116.102,2.87218399
1116.202,2.873300272
1116.302,2.874257085
1116.402,2.8753335
1116.502,2.876409915
1116.602,2.877406596
1116.702,2.878363409
1116.802,2.879439824
1116.902,2.880436505
1117.002,2.88151292
1117.102,2.882549468
1117.202,2.883466414
1117.302,2.884582696
1117.402,2.885419908
1117.502,2.886496323
1117.602,2.887453136
1117.702,2.88840995
1117.802,2.889406631
1117.902,2.890363444
1118.002,2.891360125
1118.102,2.892316938
1118.202,2.893273752
1118.302,2.894230565
1118.402,2.895147512
1118.502,2.896104325
1118.602,2.897021271
1118.702,2.89789835
1118.802,2.898855164
1118.902,2.899652509
1119.002,2.900609322
1119.102,2.90164587
1119.202,2.902562817
1119.302,2.903400029
1119.402,2.904396709
1119.502,2.905233921
1119.602,2.906111001
1119.702,2.906948212
1119.802,2.907905026
1119.902,2.908782105
1120.002,2.90957945
1120.102,2.910536264
1120.202,2.911293741
1120.302,2.91217082
1120.402,2.9130479
1120.502,2.913924979
1120.602,2.914722324
1120.702,2.915479801
1120.802,2.916476482
1120.902,2.917313694
1121.002,2.918111039
1121.102,2.918908384
1121.202,2.919745596
1121.302,2.920622675
1121.402,2.92142002
1121.502,2.922257232
1121.602,2.923054577
1121.702,2.923812055
1121.802,2.924649267
1121.902,2.925446612
1122.002,2.926283824
1122.102,2.927001434
1122.202,2.927798779
1122.302,2.928635991
1122.402,2.929433336
1122.502,2.930190814
1122.602,2.930948291
1122.702,2.931785504
1122.802,2.932542981
1122.902,2.933220725
1123.002,2.934097804
1123.102,2.934815414
1123.202,2.935533025
1123.302,2.936410104
1123.402,2.93704798
1123.502,2.937845325
1123.602,2.93864267
1123.702,2.939360281
1123.802,2.940117759
1123.902,2.940755635
1124.002,2.941672581
1124.102,2.942230723
1124.202,2.943067935
1124.302,2.943705811
1124.402,2.944543023
1124.502,2.9451809
1124.602,2.94589851
1124.702,2.946655988
1124.802,2.947333731
1124.902,2.948051342
1125.002,2.948768952
1125.102,2.949486563
1125.202,2.950044704
1125.302,2.950881917
1125.402,2.951599527
1125.502,2.952237403
1125.602,2.952915147
1125.702,2.95359289
1125.802,2.954270634
1125.902,2.954988244
1126.002,2.95562612
1126.102,2.956343731
1126.202,2.956981607
1126.302,2.957739085
1126.402,2.958376961
1126.502,2.959014837
1126.602,2.959692581
1126.702,2.960330457
1126.802,2.960968333
1126.902,2.961646076
1127.002,2.96232382
1127.102,2.963001563
1127.202,2.963599572
1127.302,2.964277316
1127.402,2.964875324
1127.502,2.965592935
1127.602,2.966190944
1127.702,2.966749086
1127.802,2.967426829
1127.902,2.968104573
1128.002,2.968742449
1128.102,2.969380325
1128.202,2.970097936
1128.302,2.97061621
1128.402,2.971293954
1128.502,2.971891963
1128.602,2.972489972
1128.702,2.973127848
1128.802,2.973725857
1128.902,2.974283999
1129.002,2.974961742
1129.102,2.975480017
1129.202,2.976197627
1129.302,2.976755769
1129.402,2.977353778
1129.502,2.977991655
1129.602,2.978509929
1129.702,2.97922754
1129.802,2.979785682
1129.902,2.980423558
1130.002,2.980901965
1130.102,2.981539841
1130.202,2.982097983
1130.302,2.982775727
1130.402,2.983294001
1130.502,2.98389201
1130.602,2.984450152
1130.702,2.985008294
1130.802,2.985606303
1130.902,2.986164445
1131.002,2.986802321
1131.102,2.987280728
1131.202,2.98783887
1131.302,2.988476746
1131.402,2.989074756
1131.502,2.98959303
1131.602,2.990111305
1131.702,2.990669446
1131.802,2.991187721
1131.902,2.99178573
1132.002,2.992343872
1132.102,2.992862147
1132.202,2.993380421
1132.302,2.993938563
1132.402,2.994536572
1132.502,2.995094714
1132.602,2.995652856
1132.702,2.996210998
1132.802,2.99676914
1132.902,2.997247547
1133.002,2.997765821
1133.102,2.998284096
1133.202,2.998802371
1133.302,2.999360513
1133.402,2.999958522
1133.502,3.000476796
1133.602,3.000915336
1133.702,3.001433611
1133.802,3.001991753
1133.902,3.002549895
1134.002,3.002988435
1134.102,3.003626311
1134.202,3.004104719
1134.302,3.004543259
1134.402,3.005101401
1134.502,3.005619675
1134.602,3.006177817
1134.702,3.006616357
1134.802,3.007134632
1134.902,3.007533305
1135.002,3.008211049
1135.102,3.008649589
1135.202,3.009207731
1135.302,3.009686138
1135.402,3.010204413
1135.502,3.010642953
1135.602,3.011161227
1135.702,3.011679502
1135.802,3.012157909
1135.902,3.012636317
1136.002,3.013194459
1136.102,3.013672866
1136.202,3.014191141
1136.302,3.014589814
1136.402,3.015147956
1136.502,3.015626363
1136.602,3.016104771
1136.702,3.016543311
1136.802,3.017061585
1136.902,3.017659595
1137.002,3.018058268
1137.102,3.01845694
1137.202,3.018935348
1137.302,3.01949349
1137.402,3.019892163
1137.502,3.020410437
1137.602,3.020848978
1137.702,3.021327385
1137.802,3.021805793
1137.902,3.022204465
1138.002,3.02272274
1138.102,3.02316128
1138.202,3.023639688
1138.302,3.024038361
1138.402,3.024596503
1138.502,3.02507491
1138.602,3.025393848
1138.702,3.025872256
1138.802,3.026350663
1138.902,3.026908805
1139.002,3.027267611
1139.102,3.027746019
1139.202,3.028224426
1139.302,3.028662966
1139.402,3.029101506
1139.502,3.029579914
1139.602,3.030018454
1139.702,3.03037726
1139.802,3.030855667
1139.902,3.031334075
1140.002,3.031812482
1140.102,3.032171288
1140.202,3.032649695
1140.302,3.033048368
1140.402,3.033447041
1140.502,3.033885582
1140.602,3.034363989
1140.702,3.034802529
1140.802,3.035241069
1140.902,3.03567961
1141.002,3.036078283
1141.102,3.03655669
1141.202,3.036875629
1141.302,3.037354036
1141.402,3.037792576
1141.502,3.038270984
1141.602,3.03862979
1141.702,3.039108197
1141.802,3.039546737
1141.902,3.039905543
1142.002,3.040344083
1142.102,3.040782624
1142.202,3.041181296
1142.302,3.041619837
1142.402,3.042058377
1142.502,3.042496917
1142.602,3.042855723
1142.702,3.043294263
1142.802,3.043653069
1142.902,3.044131476
1143.002,3.044450415
1143.102,3.044849088
1143.202,3.045327495
1143.302,3.045726168
1143.402,3.046124841
1143.502,3.046523514
1143.602,3.046922187
1143.702,3.047241126
1143.802,3.047719533
1143.902,3.048118206
1144.002,3.048516879
1144.102,3.048915552
1144.202,3.049234491
1144.302,3.049712898
1144.402,3.050151439
1144.502,3.050550112
1144.602,3.05086905
1144.702,3.05130759
1144.802,3.051706263
1144.902,3.052065069
1145.002,3.052463742
1145.102,3.052862415
1145.202,3.053261088
1145.302,3.053619894
1145.402,3.0539787
1145.502,3.05441724
1145.602,3.054815913
1145.702,3.055174719
1145.802,3.055533524
1145.902,3.055932197
1146.002,3.056330871
1146.102,3.056649809
1146.202,3.057088349
1146.302,3.057447155
1146.402,3.057885695
1146.502,3.058204634
1146.602,3.058603307
1146.702,3.058922245
1146.802,3.059320918
1146.902,3.059679724
1147.002,3.060078397
1147.102,3.060437203
1147.202,3.060875743
1147.302,3.061274416
1147.402,3.061593355
1147.502,3.061952161
1147.602,3.062350834
1147.702,3.062629905
1147.802,3.063028578
1147.902,3.063387384
1148.002,3.063706322
1148.102,3.064144862
1148.202,3.064503668
1148.302,3.064902341
1148.402,3.06522128
1148.502,3.065540218
1148.602,3.065899024
1148.702,3.06625783
1148.802,3.066616635
1148.902,3.067015309
1149.002,3.067374114
1149.102,3.067772787
1149.202,3.068091726
1149.302,3.068450532
1149.402,3.06876947
1149.502,3.069168143
1149.602,3.069566816
1149.702,3.06980602
1149.802,3.070124959
1149.902,3.070483764
1150.002,3.07084257
1150.102,3.071121641
1150.202,3.071480447
1150.302,3.07187912
1150.402,3.072198059
1150.502,3.072596732
1150.602,3.07291567
1150.702,3.073234609
1150.802,3.073553547
1150.902,3.073992088
1151.002,3.074271159
1151.102,3.074669832
1151.202,3.074948903
1151.302,3.075307709
1151.402,3.075666515
1151.502,3.075945586
1151.602,3.076304392
1151.702,3.076663198
1151.802,3.076982136
1151.902,3.077301075
1152.002,3.077699748
1152.102,3.078018686
1152.202,3.07825789
1152.302,3.078696431
1152.402,3.078935635
1152.502,3.079254573
1152.602,3.079653246
1152.702,3.080051919
1152.802,3.080330991
1152.902,3.080649929
1153.002,3.081008735
1153.102,3.081327674
1153.202,3.081686479
1153.302,3.081965551
1153.402,3.082244622
1153.502,3.082643295
1153.602,3.082922366
1153.702,3.083201437
1153.802,3.083560243
1153.902,3.083879182
1154.002,3.084237988
1154.102,3.084437324
1154.202,3.08479613
1154.302,3.085115069
1154.402,3.085473874
1154.502,3.08583268
1154.602,3.086151619
1154.702,3.086390823
1154.802,3.086749629
1154.902,3.0870287
1155.002,3.087387506
1155.102,3.087666577
1155.202,3.087945648
1155.302,3.088304454
1155.402,3.088543658
1155.502,3.088862597
1155.602,3.089181535
1155.702,3.089500474
1155.802,3.089779545
1155.902,3.090257953
1156.002,3.090457289
1156.102,3.090736361
1156.202,3.091055299
1156.302,3.09133437
1156.402,3.091653309
1156.502,3.091972247
1156.602,3.092211451
1156.702,3.092610125
1156.802,3.092849329
1156.902,3.093248002
1157.002,3.093487206
1157.102,3.093766277
1157.202,3.094125083
1157.302,3.094364287
1157.402,3.094643358
1157.502,3.094922429
1157.602,3.095241368
1157.702,3.095560306
1157.802,3.09579951
1157.902,3.096198184
1158.002,3.096437387
1158.102,3.096716459
1158.202,3.09699553
1158.302,3.097394203
1158.402,3.09759354
1158.502,3.09803208
1158.602,3.098311152
1158.702,3.098510488
1158.802,3.098829427
1158.902,3.099108498
1159.002,3.099347702
1159.102,3.099706508
1159.202,3.099985579
1159.302,3.100304518
1159.402,3.100583589
1159.502,3.100743058
1159.602,3.101101864
1159.702,3.101420803
1159.802,3.101660007
1159.902,3.102018813
1160.002,3.102258017
1160.102,3.102576955
1160.202,3.102895894
1160.302,3.103135098
1160.402,3.103414169
1160.502,3.10369324
1160.602,3.103932444
1160.702,3.104171648
1160.802,3.104490587
1160.902,3.104809526
1161.002,3.105168332
1161.102,3.105447403
1161.202,3.105766341
1161.302,3.105925811
1161.402,3.106244749
1161.502,3.106444086
1161.602,3.106763025
1161.702,3.107042096
1161.802,3.1072813
1161.902,3.107440769
1162.002,3.107919177
1162.102,3.108158381
1162.202,3.108397585
1162.302,3.108596922
1162.402,3.109035462
1162.502,3.109314534
1162.602,3.10951387
1162.702,3.109792942
1162.802,3.110032146
1162.902,3.11027135
1163.002,3.110510553
1163.102,3.110869359
1163.202,3.111108563
1163.302,3.111387635
1163.402,3.111626839
1163.502,3.11190591
1163.602,3.112224849
1163.702,3.112464053
1163.802,3.112663389
1163.902,3.113022195
1164.002,3.113261399
1164.102,3.113540471
1164.202,3.113660073
1164.302,3.113979011
1164.402,3.114258083
1164.502,3.114537154
1164.602,3.114856092
1164.702,3.115055429
1164.802,3.1153345
1164.902,3.115573704
1165.002,3.115972378
1165.102,3.11609198
1165.202,3.116371051
1165.302,3.116610255
1165.402,3.116769724
1165.502,3.117168398
1165.602,3.117407602
1165.702,3.117646806
1165.802,3.11788601
1165.902,3.118165081
1166.002,3.11848402
1166.102,3.118683356
1166.202,3.118962428
1166.302,3.119161764
1166.402,3.119560438
1166.502,3.119759774
1166.602,3.119998978
1166.702,3.120158448
1166.802,3.120517254
1166.902,3.12071659
1167.002,3.120995662
1167.102,3.1213146
1167.202,3.121513937
1167.302,3.121793008
1167.402,3.121992345
1167.502,3.122271416
1167.602,3.122470753
1167.702,3.122749824
1167.802,3.122909294
1167.902,3.123148498
1168.002,3.123427569
1168.102,3.123706641
1168.202,3.12386611
1168.302,3.124224916
1168.402,3.124424253
1168.502,3.124783059
1168.602,3.124982395
1168.702,3.125181732
1168.802,3.125500671
1168.902,3.125620273
1169.002,3.125859477
1169.102,3.126218283
1169.202,3.126377752
1169.302,3.126656823
1169.402,3.126935895
1169.502,3.127135231
1169.602,3.127334568
1169.702,3.127573772
1169.802,3.127852844
1169.902,3.128131915
1170.002,3.128331252
1170.102,3.12865019
1170.202,3.128889394
1170.302,3.129088731
1170.402,3.129327935
1170.502,3.129607006
1170.602,3.12984621
1170.702,3.130125282
1170.802,3.130324618
1170.902,3.130563823
1171.002,3.130763159
1171.102,3.131082098
1171.202,3.131281435
1171.302,3.131440904
1171.402,3.131759843
1171.502,3.131919312
1171.602,3.132198383
1171.702,3.132477455
1171.802,3.132676791
1171.902,3.132915996
1172.002,3.133195067
1172.102,3.133434271
1172.202,3.133553873
1172.302,3.133793077
1172.402,3.134032281
1172.502,3.134271485
1172.602,3.134470822
1172.702,3.134869495
1172.802,3.134989097
1172.902,3.135228301
1173.002,3.135427638
1173.102,3.135666842
1173.202,3.135906046
1173.302,3.13614525
1173.402,3.136224985
1173.502,3.136583791
1173.602,3.136783128
1173.702,3.136982464
1173.802,3.137261536
1173.902,3.137460872
1174.002,3.137779811
1174.102,3.137939281
1174.202,3.138218352
1174.302,3.138497423
1174.402,3.138537291
1174.502,3.138856229
1174.602,3.139135301
1174.702,3.139334637
1174.802,3.139494107
1174.902,3.139733311
1175.002,3.139932648
1175.102,3.140131984
1175.202,3.140450923
1175.302,3.140610392
1175.402,3.140849597
1175.502,3.141009066
1175.602,3.141328005
1175.702,3.141527341
1175.802,3.141567209
1175.902,3.141965882
1176.002,3.142205086
1176.102,3.142404423
1176.202,3.14260376
1176.302,3.142842964
1176.402,3.143002433
1176.502,3.143241637
1176.602,3.143401107
1176.702,3.143720045
1176.802,3.143839647
1176.902,3.144158586
1177.002,3.144318056
1177.102,3.144517392
1177.202,3.144716729
1177.302,3.144916066
1177.402,3.145115402
1177.502,3.145354607
1177.602,3.145553943
1177.702,3.145833015
1177.802,3.145992484
1177.902,3.146231688
1178.002,3.146470892
1178.102,3.146590494
1178.202,3.146869566
1178.302,3.147068902
1178.402,3.147308106
1178.502,3.147507443
1178.602,3.147666913
1178.702,3.147826382
1178.802,3.148105453
1178.902,3.14830479
1179.002,3.148504127
1179.102,3.148823066
1179.202,3.1489028
1179.302,3.149102137
1179.402,3.149261606
1179.502,3.149540678
1179.602,3.149700147
1179.702,3.149939351
1179.802,3.150098821
1179.902,3.15025829
1180.002,3.150457627
1180.102,3.150736698
1180.202,3.150896168
1180.302,3.151215107
1180.402,3.151334709
1180.502,3.151494178
1180.602,3.151813117
1180.702,3.151932719
1180.802,3.152171923
1180.902,3.152331392
1181.002,3.152610464
1181.102,3.152769933
1181.202,3.15296927
1181.302,3.153208474
1181.402,3.153328076
1181.502,3.15356728
1181.602,3.153766617
1181.702,3.154045688
1181.802,3.15416529
1181.902,3.154364627
1182.002,3.154563964
1182.102,3.154763301
1182.202,3.155002505
1182.302,3.155201842
1182.402,3.155321444
1182.502,3.155600515
1182.602,3.155720117
1182.702,3.155959321
1182.802,3.156158658
1182.902,3.15627826
1183.002,3.156557331
1183.102,3.156716801
1183.202,3.156956005
1183.302,3.157115474
1183.402,3.157394546
1183.502,3.157474281
1183.602,3.157673617
1183.702,3.157912821
1183.802,3.158152026
1183.902,3.158311495
1184.002,3.158470964
1184.102,3.158710168
1184.202,3.158869638
1184.302,3.159108842
1184.402,3.159348046
1184.502,3.159467648
1184.602,3.15974672
1184.702,3.159866322
1184.802,3.159985924
1184.902,3.160225128
1185.002,3.160304863
1185.102,3.160583934
1185.202,3.160783271
1185.302,3.161062342
1185.402,3.161181944
1185.502,3.161341414
1185.602,3.161620485
1185.702,3.161779955
1185.802,3.161979291
1185.902,3.162138761
1186.002,3.16229823
1186.102,3.162537434
1186.202,3.162736771
1186.302,3.162896241
1186.402,3.163095577
1186.502,3.163175312
1186.602,3.163454384
1186.702,3.163613853
1186.802,3.163773322
1186.902,3.163972659
1187.002,3.164171996
1187.102,3.164331465
1187.202,3.164570669
1187.302,3.164770006
1187.402,3.164889608
1187.502,3.165049078
1187.602,3.165288282
1187.702,3.165487619
1187.802,3.165686955
1187.902,3.165806557
1188.002,3.165966027
1188.102,3.166205231
1188.202,3.166404568
1188.302,3.16652417
1188.402,3.166763374
1188.502,3.166962711
1188.602,3.167162048
1188.702,3.16728165
1188.802,3.167480986
1188.902,3.167600589
1189.002,3.167839793
1189.102,3.168078997
1189.202,3.168158732
1189.302,3.168437803
1189.402,3.168517538
1189.502,3.168716875
1189.602,3.168876344
1189.702,3.169075681
1189.802,3.16923515
1189.902,3.169514222
1190.002,3.169554089
1190.102,3.169833161
1190.202,3.16999263
1190.302,3.170032497
1190.402,3.170351436
1190.502,3.170510906
1190.602,3.170670375
1190.702,3.170949447
1190.802,3.171069049
1190.902,3.171188651
1191.002,3.17134812
1191.102,3.171587324
1191.202,3.171746794
1191.302,3.17194613
1191.402,3.172025865
1191.502,3.172304937
1191.602,3.172504274
1191.702,3.172623876
1191.802,3.172783345
1191.902,3.172982682
1192.002,3.173142151
1192.102,3.173341488
1192.202,3.17346109
1192.302,3.173700294
1192.402,3.173819896
1192.502,3.174098968
1192.602,3.174338172
1192.702,3.174338172
1192.802,3.174577376
1192.902,3.174617244
1193.002,3.174856448
1193.102,3.175015917
1193.202,3.175215254
1193.302,3.175454458
1193.402,3.17557406
1193.502,3.175773397
1193.602,3.175853132
1193.702,3.176052469
1193.802,3.176211938
1193.902,3.176411275
1194.002,3.176610612
1194.102,3.176730214
1194.202,3.176889683
1194.302,3.177009285
1194.402,3.177288357
1194.502,3.177447826
1194.602,3.177647163
1194.702,3.17768703
1194.802,3.177926235
1194.902,3.178125571
1195.002,3.178245173
1195.102,3.178484378
1195.202,3.178683714
1195.302,3.178723582
1195.402,3.178962786
1195.502,3.179122255
1195.602,3.179241857
1195.702,3.179481062
1195.802,3.179600664
1195.902,3.179760133
1196.002,3.179919603
1196.102,3.180158807
1196.202,3.180318276
1196.302,3.180477746
1196.402,3.180677083
1196.502,3.18071695
1196.602,3.180956154
1196.702,3.181075756
1196.802,3.181275093
1196.902,3.18131496
1197.002,3.181514297
1197.102,3.181793369
1197.202,3.181912971
1197.302,3.182112308
1197.402,3.18223191
1197.502,3.182391379
1197.602,3.182510981
1197.702,3.182670451
1197.802,3.18282992
1197.902,3.183029257
1198.002,3.183148859
1198.102,3.183268461
1198.202,3.183547533
1198.302,3.183667135
1198.402,3.183786737
1198.502,3.184025941
1198.602,3.184145543
1198.702,3.18434488
1198.802,3.184424615
1198.902,3.184663819
1199.002,3.184743554
1199.102,3.185022625
1199.202,3.185142227
1199.302,3.185261829
1199.402,3.185381431
1199.502,3.185660503
1199.602,3.185740238
1199.702,3.185939575
1199.802,3.186059177
1199.902,3.186218646
1200.002,3.186417983
1200.102,3.186577452
1200.202,3.186697055
1200.302,3.186856524
1200.402,3.187055861
1200.502,3.187175463
1200.602,3.1873748
1200.702,3.187534269
1200.802,3.187534269
1200.902,3.187773473
1201.002,3.18797281
1201.102,3.188092412
1201.202,3.188291749
1201.302,3.188451219
1201.402,3.188570821
1201.502,3.188690423
1201.602,3.188849892
1201.702,3.189009362
1201.802,3.189208699
1201.902,3.189408035
1202.002,3.189527638
1202.102,3.189567505
1202.202,3.189846577
1202.302,3.189966179
1202.402,3.190165515
1202.502,3.19024525
1202.602,3.19040472
1202.702,3.190524322
1202.802,3.190683791
1202.902,3.190962863
1203.002,3.19100273
1203.102,3.1911622
1203.202,3.191281802
1203.302,3.191560873
1203.402,3.191560873
1203.502,3.191839945
1203.602,3.191839945
1203.702,3.192119017
1203.802,3.192238619
1203.902,3.192437955
1204.002,3.192557558
1204.102,3.192756894
1204.202,3.192836629
1204.302,3.192836629
1204.402,3.193155568
1204.502,3.193315038
1204.602,3.193394772
1204.702,3.193554242
1204.802,3.193673844
1204.902,3.193833313
1205.002,3.193952915
1205.102,3.19419212
1205.202,3.194351589
1205.302,3.194471191
1205.402,3.194630661
1205.502,3.194869865
1205.602,3.194869865
1205.702,3.195069202
1205.802,3.195228671
1205.902,3.195308406
1206.002,3.195587478
1206.102,3.195627345
1206.202,3.195786814
1206.302,3.195866549
1206.402,3.196026019
1206.502,3.196265223
1206.602,3.196384825
1206.702,3.196504427
1206.802,3.196624029
1206.902,3.196823366
1207.002,3.196982836
1207.102,3.197102438
1207.202,3.19722204
1207.302,3.197381509
1207.402,3.197501111
1207.502,3.197620714
1207.602,3.197859918
1207.702,3.19797952
1207.802,3.198099122
1207.902,3.198178857
1208.002,3.198457928
1208.102,3.198497796
1208.202,3.198657265
1208.302,3.198856602
1208.402,3.198936337
1208.502,3.199175541
1208.602,3.199295143
1208.702,3.199414745
1208.802,3.199614082
1208.902,3.199693817
1209.002,3.199813419
1209.102,3.199933021
1209.202,3.200052623
1209.302,3.20025196
1209.402,3.20041143
1209.502,3.200570899
1209.602,3.200690501
1209.702,3.200889838
1209.802,3.20100944
1209.902,3.20116891
1210.002,3.201208777
1210.102,3.201408114
1210.202,3.201527716
1210.302,3.201727053
1210.402,3.201846655
1210.502,3.202006125
1210.602,3.202085859
1210.702,3.202205461
1210.802,3.202404798
1210.902,3.202484533
1211.002,3.20268387
1211.102,3.202883207
1211.202,3.202923074
1211.302,3.203042676
1211.402,3.203242013
1211.502,3.203321748
1211.602,3.20344135
1211.702,3.203640687
1211.802,3.203760289
1211.902,3.203919758
1212.002,3.204119095
1212.102,3.204238697
1212.202,3.204318432
1212.302,3.204477902
1212.402,3.204517769
1212.502,3.204677239
1212.602,3.204876575
1212.702,3.205036045
1212.802,3.20511578
1212.902,3.205275249
1213.002,3.205394851
1213.102,3.205514453
1213.202,3.205673923
1213.302,3.205793525
1213.402,3.205913127
1213.502,3.206072597
1213.602,3.206192199
1213.702,3.206431403
1213.802,3.206511138
1213.902,3.20663074
1214.002,3.206790209
1214.102,3.206869944
1214.202,3.207029414
1214.302,3.207109148
1214.402,3.207109148
1214.502,3.207428087
1214.602,3.207507822
1214.702,3.207667292
1214.802,3.207866629
1214.902,3.207986231
1215.002,3.208105833
1215.102,3.208225435
1215.202,3.20830517
1215.302,3.208504507
1215.402,3.208584241
1215.502,3.208703844
1215.602,3.208943048
1215.702,3.20906265
1215.802,3.209102517
1215.902,3.209301854
1216.002,3.209461324
1216.102,3.209501191
1216.202,3.209660661
1216.302,3.20982013
1216.402,3.2099796
1216.502,3.210059334
1216.602,3.210218804
1216.702,3.210378273
1216.802,3.210537743
1216.902,3.210617478
1217.002,3.210657345
1217.102,3.210816815
1217.202,3.211016151
1217.302,3.211095886
1217.402,3.211215488
1217.502,3.211414825
1217.602,3.211414825
1217.702,3.211654029
1217.802,3.211733764
1217.902,3.211893234
1218.002,3.212052703
1218.102,3.212172305
1218.202,3.212371642
1218.302,3.21241151
1218.402,3.212491244
1218.502,3.212730449
1218.602,3.212770316
1218.702,3.212929786
1218.802,3.213089255
1218.902,3.213288592
1219.002,3.213208857
1219.102,3.213448061
1219.202,3.213567664
1219.302,3.213727133
1219.402,3.213806868
1219.502,3.214006205
1219.602,3.214125807
1219.702,3.214285276
1219.802,3.214365011
1219.902,3.214484613
1220.002,3.214644083
1220.102,3.214763685
1220.202,3.214883287
1220.302,3.214923155
1220.402,3.215122491
1220.502,3.215242094
1220.602,3.215361696
1220.702,3.215481298
1220.802,3.215680635
1220.902,3.215760369
1221.002,3.215879972
1221.102,3.215959706
1221.202,3.216119176
1221.302,3.216198911
1221.402,3.21635838
1221.502,3.21651785
1221.602,3.216677319
1221.702,3.216757054
1221.802,3.216916524
1221.902,3.216956391
1222.002,3.217195595
1222.102,3.217235463
1222.202,3.217355065
1222.302,3.217474667
1222.402,3.217554402
1222.502,3.217753739
1222.602,3.217793606
1222.702,3.21803281
1222.802,3.218152412
1222.902,3.218232147
1223.002,3.218391617
1223.102,3.218511219
1223.202,3.218590954
1223.302,3.21879029
1223.402,3.218830158
1223.502,3.21894976
1223.602,3.219069362
1223.702,3.219268699
1223.802,3.219388301
1223.902,3.219587638
1224.002,3.219547771
1224.102,3.219747108
1224.202,3.21986671
1224.302,3.220026179
1224.402,3.220066047
1224.502,3.220185649
1224.602,3.220384986
1224.702,3.220384986
1224.802,3.220544455
1224.902,3.22078366
1225.002,3.220863394
1225.102,3.220943129
1225.202,3.221142466
1225.302,3.221102599
1225.402,3.221262068
1225.502,3.221461405
1225.602,3.221501272
1225.702,3.221660742
1225.802,3.221820212
1225.902,3.221820212
1226.002,3.222059416
1226.102,3.222179018
1226.202,3.222258753
1226.302,3.222378355
1226.402,3.222497957
1226.502,3.222577692
1226.602,3.222816896
1226.702,3.222936498
1226.802,3.222896631
1226.902,3.223095968
1227.002,3.22321557
1227.102,3.223295305
1227.202,3.223454774
1227.302,3.223534509
1227.402,3.223773713
1227.502,3.223813581
1227.602,3.223933183
1227.702,3.224092652
1227.802,3.224252122
1227.902,3.224331857
1228.002,3.224371724
1228.102,3.224571061
1228.202,3.224650796
1228.302,3.224810265
1228.402,3.224929867
1228.502,3.224969735
1228.602,3.225089337
1228.702,3.225208939
1228.802,3.225368409
1228.902,3.225488011
1229.002,3.225527878
1229.102,3.225607613
1229.202,3.225767083
1229.302,3.226006287
1229.402,3.226046154
1229.502,3.226165756
1229.602,3.226285359
1229.702,3.226404961
1229.802,3.226484695
1229.902,3.226644165
1230.002,3.2267239
1230.102,3.226843502
1230.202,3.226963104
1230.302,3.227122574
1230.402,3.227162441
1230.502,3.227242176
1230.602,3.227441513
1230.702,3.227521247
1230.802,3.22764085
1230.902,3.227760452
1231.002,3.227840187
1231.102,3.227919921
1231.202,3.228079391
1231.302,3.228159126
1231.402,3.228318595
1231.502,3.228478065
1231.602,3.228478065
1231.702,3.228597667
1231.802,3.228797004
1231.902,3.228916606
1232.002,3.229036208
1232.102,3.229195678
1232.202,3.229195678
1232.302,3.22931528
1232.402,3.229434882
1232.502,3.229514617
1232.602,3.229634219
1232.702,3.229833556
1232.802,3.229873423
1232.902,3.229953158
1233.002,3.23023223
1233.102,3.230311965
1233.202,3.230391699
1233.302,3.230431567
1233.402,3.230591036
1233.502,3.230750506
1233.602,3.230790373
1233.702,3.230949843
1233.802,3.231029578
1233.902,3.231109312
1234.002,3.231268782
1234.102,3.231388384
1234.202,3.231468119
1234.302,3.231627588
1234.402,3.231707323
1234.502,3.231866793
1234.602,3.23190666
1234.702,3.232145864
1234.802,3.232185732
1234.902,3.232225599
1235.002,3.232345201
1235.102,3.232504671
1235.202,3.23266414
1235.302,3.23266414
1235.402,3.232783743
1235.502,3.232903345
1235.602,3.233062814
1235.702,3.233142549
1235.802,3.233262151
1235.902,3.233302019
1236.002,3.233461488
1236.102,3.23358109
1236.202,3.233700693
1236.302,3.233820295
1236.402,3.233939897
1236.502,3.234059499
1236.602,3.234099366
1236.702,3.234258836
1236.802,3.234298703
1236.902,3.234418306
1237.002,3.23449804
1237.102,3.23465751
1237.202,3.234777112
1237.302,3.234896714
1237.402,3.234976449
1237.502,3.235096051
1237.602,3.235175786
1237.702,3.235335256
1237.802,3.235375123
1237.902,3.235534592
1238.002,3.23557446
1238.102,3.235733929
1238.202,3.235813664
1238.302,3.235893399
1238.402,3.236092736
1238.502,3.236132603
1238.602,3.236212338
1238.702,3.236371808
1238.802,3.236571145
1238.902,3.236650879
1239.002,3.236650879
1239.102,3.236770482
1239.202,3.236929951
1239.302,3.236969819
1239.402,3.237209023
1239.502,3.237169155
1239.602,3.237368492
1239.702,3.237288758
1239.802,3.237567829
1239.902,3.237607697
1240.002,3.237807034
1240.102,3.237886769
1240.202,3.237966503
1240.302,3.238046238
1240.402,3.238205708
1240.502,3.23832531
1240.602,3.238285442
1240.702,3.238524647
1240.802,3.238604382
1240.902,3.238723984
1241.002,3.238843586
1241.102,3.238883453
1241.202,3.239042923
1241.302,3.239162525
1241.402,3.239122658
1241.502,3.239321995
1241.602,3.239441597
1241.702,3.239521332
1241.802,3.239680801
1241.902,3.239760536
1242.002,3.239840271
1242.102,3.239959873
1242.202,3.240119342
1242.302,3.240199077
1242.402,3.240278812
1242.502,3.240358547
1242.602,3.240438282
1242.702,3.240597751
1242.802,3.240717353
1242.902,3.240757221
1243.002,3.24091669
1243.102,3.240996425
1243.202,3.241155895
1243.302,3.241195762
1243.402,3.241395099
1243.502,3.241474834
1243.602,3.241634303
1243.702,3.241634303
1243.802,3.241714038
1243.902,3.241714038
1244.002,3.241913375
1244.102,3.242072845
1244.202,3.242112712
1244.302,3.242192447
1244.402,3.242391784
1244.502,3.242351916
1244.602,3.242630988
1244.702,3.242670856
1244.802,3.24275059
1244.902,3.242790458
1245.002,3.242949927
1245.102,3.243029662
1245.202,3.243109397
1245.302,3.243268866
1245.402,3.243308734
1245.502,3.243508071
1245.602,3.243547938
1245.702,3.243627673
1245.802,3.243787143
1245.902,3.24382701
1246.002,3.243946612
1246.102,3.244026347
1246.202,3.244265551
1246.302,3.244185817
1246.402,3.244385154
1246.502,3.244464888
1246.602,3.24458449
1246.702,3.244704093
1246.802,3.244664225
1246.902,3.24490343
1247.002,3.24490343
1247.102,3.245102767
1247.202,3.245102767
1247.302,3.245222369
1247.402,3.245341971
1247.502,3.245461573
1247.602,3.24566091
1247.702,3.245621043
1247.802,3.245780512
1247.902,3.245900115
1248.002,3.245939982
1248.102,3.246019717
1248.202,3.246139319
1248.302,3.246258921
1248.402,3.246258921
1248.502,3.246458258
1248.602,3.246537993
1248.702,3.246657595
1248.802,3.24673733
1248.902,3.246896799
1249.002,3.246896799
1249.102,3.247056269
1249.202,3.247175871
1249.302,3.247255606
1249.402,3.247295473
1249.502,3.247454943
1249.602,3.247534678
1249.702,3.247614413
1249.802,3.247614413
1249.902,3.247853617
1250.002,3.247933352
1250.102,3.247973219
1250.202,3.248092821
1250.302,3.248172556
1250.402,3.248212423
1250.502,3.248332026
1250.602,3.248491495
1250.702,3.24857123
1250.802,3.248650965
1250.902,3.248810434
1251.002,3.248969904
1251.102,3.248969904
1251.202,3.249089506
1251.302,3.249169241
1251.402,3.249248976
1251.502,3.249288843
1251.602,3.24948818
1251.702,3.249567915
1251.802,3.249607782
1251.902,3.249687517
1252.002,3.249886854
1252.102,3.250006456
1252.202,3.250086191
1252.302,3.250086191
1252.402,3.250245661
1252.502,3.250325395
1252.602,3.250365263
1252.702,3.250524732
1252.802,3.250644335
1252.902,3.250724069
1253.002,3.250803804
1253.102,3.250963274
1253.202,3.251003141
1253.302,3.251082876
1253.402,3.251162611
1253.502,3.251282213
1253.602,3.251361948
1253.702,3.251441683
1253.802,3.251601152
1253.902,3.251720754
1254.002,3.251760622
1254.102,3.251880224
1254.202,3.251920091
1254.302,3.252039694
1254.402,3.252159296
1254.502,3.252278898
1254.602,3.252358633
1254.702,3.2523985
1254.802,3.252478235
1254.902,3.25255797
1255.002,3.252757307
1255.102,3.252797174
1255.202,3.252916776
1255.302,3.253036379
1255.402,3.253116113
1255.502,3.253195848
1255.602,3.253275583
1255.702,3.253435053
1255.802,3.253395185
1255.902,3.253514787
1256.002,3.253594522
1256.102,3.253714124
1256.202,3.253833727
1256.302,3.253913461
1256.402,3.253993196
1256.502,3.254112798
1256.602,3.254152666
1256.702,3.254272268
1256.802,3.254352003
1256.902,3.254431738
1257.002,3.254591207
1257.102,3.254710809
1257.202,3.254790544
1257.302,3.254870279
1257.402,3.254910146
1257.502,3.254989881
1257.602,3.255189218
1257.702,3.255229086
1257.802,3.25530882
1257.902,3.255348688
1258.002,3.25546829
1258.102,3.255667627
1258.202,3.255667627
1258.302,3.255707494
1258.402,3.255866964
1258.502,3.255946699
1258.602,3.256026433
1258.702,3.256146036
1258.802,3.256225771
1258.902,3.256305505
1259.002,3.25638524
1259.102,3.256504842
1259.202,3.25654471
1259.302,3.256624445
1259.402,3.256744047
1259.502,3.256943384
1259.602,3.256983251
1259.702,3.257102853
1259.802,3.257142721
1259.902,3.257142721
1260.002,3.25730219
1260.102,3.257381925
1260.202,3.25746166
1260.302,3.257581262
1260.402,3.257660997
1260.502,3.257700864
1260.602,3.257820467
1260.702,3.257979936
1260.802,3.258019804
1260.902,3.258059671
1261.002,3.258179273
1261.102,3.258298875
1261.202,3.258338743
1261.302,3.258458345
1261.402,3.25853808
1261.502,3.258657682
1261.602,3.258697549
1261.702,3.258777284
1261.802,3.258936754
1261.902,3.258976621
1262.002,3.259096223
1262.102,3.259096223
1262.202,3.259215826
1262.302,3.259335428
1262.402,3.259494897
1262.502,3.259494897
1262.602,3.259574632
1262.702,3.259734102
1262.802,3.259773969
1262.902,3.259813837
1263.002,3.259973306
1263.102,3.260013174
1263.202,3.260132776
1263.302,3.260292245
1263.402,3.260252378
1263.502,3.260411848
1263.602,3.26053145
1263.702,3.260611185
1263.802,3.26053145
1263.902,3.260770654
1264.002,3.260770654
1264.102,3.260930124
1264.202,3.261089593
1264.302,3.261049726
1264.402,3.261209196
1264.502,3.261249063
1264.602,3.26128893
1264.702,3.261488267
1264.802,3.261568002
1264.902,3.261647737
1265.002,3.261727472
1265.102,0.228415983
1265.202,0.197479507
1265.302,0.183765399
1265.402,0.174277151
1265.502,0.167021431
1265.602,0.160762376
1265.702,0.155579719
1265.802,0.151034928
1265.902,0.147048269
1266.002,0.143380542
1266.102,0.140111482
1266.202,0.137041754
1266.302,0.134251093
1266.402,0.131540165
1266.502,0.12902857
1266.602,0.126636574
1266.702,0.124364179
1266.802,0.122370849
1266.902,0.120218053
1267.002,0.11826459
1267.102,0.116311127
1267.202,0.114556997
1267.302,0.112802867
1267.402,0.111088604
1267.502,0.109454074
1267.602,0.107819544
1267.702,0.106304613
1267.802,0.104829549
1267.902,0.103314619
1268.002,0.101919288
1268.102,0.100523958
1268.202,0.099128627
1268.302,0.097852896
1268.402,0.096617032
1268.502,0.095341301
1268.602,0.09406557
1268.702,0.092909439
1268.802,0.091793174
1268.902,0.09067691
1269.002,0.089680245
1269.102,0.088563981
1269.202,0.087487583
1269.302,0.086411185
1269.402,0.08553412
1269.502,0.084497588
1269.602,0.083500924
1269.702,0.082583992
1269.802,0.081826527
1269.902,0.080869729
1270.002,0.08003253
1270.102,0.079235199
1270.202,0.078358134
1270.302,0.077481069
1270.402,0.076922936
1270.502,0.076085738
1270.602,0.075328273
1270.702,0.074610674
1270.802,0.073893076
1270.902,0.073215344
1271.002,0.072537612
1271.102,0.071899746
1271.202,0.071261881
1271.302,0.070624015
1271.402,0.06998615
1271.502,0.069348284
1271.602,0.068830019
1271.702,0.068192153
1271.802,0.067634021
1271.902,0.067155622
1272.002,0.066637356
1272.102,0.066039357
1272.202,0.065521092
1272.302,0.064962959
1272.402,0.06448456
1272.502,0.064085894
1272.602,0.063607495
1272.702,0.063049363
1272.802,0.062610831
1272.902,0.062132432
1273.002,0.061733766
1273.102,0.061295233
1273.202,0.060816834
1273.302,0.060418168
1273.402,0.060099236
1273.502,0.059620836
1273.602,0.059222171
1273.702,0.058903238
1273.802,0.058504572
1273.902,0.058066039
1274.002,0.057786973
1274.102,0.057308574
1274.202,0.056989642
1274.302,0.056710575
1274.402,0.056272043
1274.502,0.056032843
1274.602,0.055594311
1274.702,0.055235512
1274.802,0.054956445
1274.902,0.054637513
1275.002,0.054358447
1275.102,0.054079381
1275.202,0.053680715
1275.302,0.053561115
1275.402,0.053162449
1275.502,0.052883383
1275.602,0.052644183
1275.702,0.052365117
1275.802,0.052046184
1275.902,0.051806985
1276.002,0.051527919
1276.102,0.051288719
1276.202,0.05104952
1276.302,0.050850187
1276.402,0.050571121
1276.502,0.050292054
1276.602,0.050052855
1276.702,0.049813655
1276.802,0.049534589
1276.902,0.049375123
1277.002,0.049096057
1277.102,0.048896724
1277.202,0.048617658
1277.302,0.048458191
1277.402,0.048218992
1277.502,0.048019659
1277.602,0.047780459
1277.702,0.047620993
1277.802,0.047381793
1277.902,0.047142594
1278.002,0.046983128
1278.102,0.046823661
1278.202,0.046624328
1278.302,0.046385129
1278.402,0.046225662
1278.502,0.045986463
1278.602,0.045826996
1278.702,0.045627664
1278.802,0.045388464
1278.902,0.045268864
1279.002,0.045189131
1279.102,0.044910065
1279.202,0.044790465
1279.302,0.044591132
1279.402,0.044511399
1279.502,0.044272199
1279.602,0.044112733
1279.702,0.043953267
1279.802,0.043833667
1279.902,0.043674201
1280.002,0.043554601
1280.102,0.043355268
1280.202,0.043195802
1280.302,0.043116068
1280.402,0.042876869
1280.502,0.042717402
1280.602,0.042597803
1280.702,0.042478203
1280.802,0.042318737
1280.902,0.042199137
1281.002,0.041959937
1281.102,0.041880204
1281.202,0.041800471
1281.302,0.041680871
1281.402,0.041521405
1281.502,0.041282205
1281.602,0.041242339
1281.702,0.041122739
1281.802,0.040963273
1281.902,0.040843673
1282.002,0.040684206
1282.102,0.040604473
1282.202,0.040445007
1282.302,0.04040514
1282.402,0.040245674
1282.502,0.040086208
1282.602,0.040006474
1282.702,0.039966608
1282.802,0.039767275
1282.902,0.039727408
1283.002,0.039528075
1283.102,0.039448342
1283.202,0.039448342
1283.302,0.039288876
1283.402,0.039169276
1283.502,0.03900981
1283.602,0.03889021
1283.702,0.038810477
1283.802,0.038611144
1283.902,0.038571277
1284.002,0.038531411
1284.102,0.038371944
1284.202,0.038252344
1284.302,0.038212478
1284.402,0.038132745
1284.502,0.037973278
1284.602,0.037973278
1284.702,0.037893545
1284.802,0.037773945
1284.902,0.037654346
1285.002,0.037534746
1285.102,0.037455013
1285.202,0.037335413
1285.302,0.03725568
1285.402,0.037096213
1285.502,0.03713608
1285.602,0.037056347
1285.702,0.036936747
1285.802,0.036817147
1285.902,0.036697547
1286.002,0.036697547
1286.102,0.036577948
1286.202,0.036538081
1286.302,0.036458348
1286.402,0.036418481
1286.502,0.036259015
1286.602,0.036099549
1286.702,0.036059682
1286.802,0.036019815
1286.902,0.035979949
1287.002,0.035860349
1287.102,0.035740749
1287.202,0.035740749
1287.302,0.035700883
1287.402,0.035541416
1287.502,0.035541416
1287.602,0.035461683
1287.702,0.035342083
1287.802,0.035302217
1287.902,0.03526235
1288.002,0.03514275
1288.102,0.035102884
1288.202,0.035063017
1288.302,0.034983284
1288.402,0.034863684
1288.502,0.034783951
1288.602,0.034823818
1288.702,0.034664351
1288.802,0.034584618
1288.902,0.034465018
1289.002,0.034544752
1289.102,0.034385285
1289.202,0.034345419
1289.302,0.034265686
1289.402,0.034265686
1289.502,0.034185952
1289.602,0.034026486
1289.702,0.034106219
1289.802,0.033946753
1289.902,0.033946753
1290.002,0.03386702
1290.102,0.033787286
1290.202,0.033787286
1290.302,0.033707553
1290.402,0.03362782
1290.502,0.033587953
1290.602,0.03350822
1290.702,0.033388621
1290.802,0.033388621
1290.902,0.033348754
1291.002,0.033269021
1291.102,0.033229154
1291.202,0.033149421
1291.302,0.033149421
1291.402,0.033109554
1291.502,0.033029821
1291.602,0.032910221
1291.702,0.032870355
1291.802,0.032790622
1291.902,0.032830488
1292.002,0.032790622
1292.102,0.032750755
1292.202,0.032671022
1292.302,0.032591289
1292.402,0.032471689
1292.502,0.032431822
1292.602,0.032551422
1292.702,0.032431822
1292.802,0.032391956
1292.902,0.032312223
1293.002,0.032192623
1293.102,0.032232489
1293.202,0.032192623
1293.302,0.032152756
1293.402,0.032073023
1293.502,0.032033157
1293.602,0.032033157
1293.702,0.03199329
1293.802,0.031913557
1293.902,0.03187369
1294.002,0.031833824
1294.102,0.03175409
1294.202,0.03175409
1294.302,0.031714224
1294.402,0.03175409
1294.502,0.031514891
1294.602,0.031554757
1294.702,0.031514891
1294.802,0.031514891
1294.902,0.031435158
1295.002,0.031395291
1295.102,0.031355424
1295.202,0.031315558
1295.302,0.031235825
1295.402,0.031235825
1295.502,0.031195958
1295.602,0.031116225
1295.702,0.031116225
1295.802,0.031116225
1295.902,0.031036492
1296.002,0.031076358
1296.102,0.030916892
1296.202,0.030877025
1296.302,0.030916892
1296.402,0.030877025
1296.502,0.030837159
1296.602,0.030837159
1296.702,0.030717559
1296.802,0.030717559
1296.902,0.030717559
1297.002,0.030677692
1297.102,0.030518226
1297.202,0.030518226
1297.302,0.030597959
1297.402,0.030438493
1297.502,0.030398626
1297.602,0.030398626
1297.702,0.030279027
1297.802,0.030318893
1297.902,0.030318893
1298.002,0.030318893
1298.102,0.030279027
1298.202,0.03023916
1298.302,0.030159427
1298.402,0.030159427
1298.502,0.030079694
1298.602,0.03011956
1298.702,0.030039827
1298.802,0.030039827
1298.902,0.02999996
1299.002,0.029960094
1299.102,0.029920227
1299.202,0.029840494
1299.302,0.029840494
1299.402,0.029760761
1299.502,0.029760761
1299.602,0.029840494
1299.702,0.029720894
1299.802,0.029681028
1299.902,0.029681028
1300.002,0.029681028
1300.102,0.029681028
1300.202,0.029681028
1300.302,0.029561428
1300.402,0.029521561
1300.502,0.029521561
1300.602,0.029481695
1300.702,0.029481695
1300.802,0.029441828
1300.902,0.029441828
1301.002,0.029322228
1301.102,0.029322228
1301.202,0.029401962
1301.302,0.029362095
1301.402,0.029282362
1301.502,0.029282362
1301.602,0.029322228
1301.702,0.029282362
1301.802,0.029202629
1301.902,0.029162762
1302.002,0.029083029
1302.102,0.029083029
1302.202,0.029003296
1302.302,0.029083029
1302.402,0.029043162
1302.502,0.028923563
1302.602,0.028963429
1302.702,0.028923563
1302.802,0.028963429
1302.902,0.028883696
1303.002,0.028843829
1303.102,0.028843829
1303.202,0.028843829
1303.302,0.028803963
1303.402,0.028764096
1303.502,0.028803963
1303.602,0.028764096
1303.702,0.028684363
1303.802,0.028684363
1303.902,0.028764096
1304.002,0.028644496
1304.102,0.02860463
1304.202,0.028684363
1304.302,0.02860463
1304.402,0.028564763
1304.502,0.028524897
1304.602,0.028524897
1304.702,0.028524897
1304.802,0.02848503
1304.902,0.02848503
1305.002,0.02836543
1305.102,0.02848503
1305.202,0.028325564
1305.302,0.028285697
1305.402,0.028325564
1305.502,0.028205964
1305.602,0.02836543
1305.702,0.028245831
1305.802,0.02836543
1305.902,0.028205964
1306.002,0.028166097
1306.102,0.028205964
1306.202,0.028245831
1306.302,0.028205964
1306.402,0.028126231
1306.502,0.028086364
1306.602,0.028046498
1306.702,0.028086364
1306.802,0.028086364
1306.902,0.027966764
1307.002,0.028046498
1307.102,0.027966764
1307.202,0.028006631
1307.302,0.028006631
1307.402,0.027926898
1307.502,0.027926898
1307.602,0.027887031
1307.702,0.027926898
1307.802,0.027887031
1307.902,0.027887031
1308.002,0.027807298
1308.102,0.027887031
1308.202,0.027807298
1308.302,0.027807298
1308.402,0.027647832
1308.502,0.027687698
1308.602,0.027687698
1308.702,0.027687698
1308.802,0.027687698
1308.902,0.027647832
1309.002,0.027647832
1309.102,0.027607965
1309.202,0.027647832
1309.302,0.027607965
1309.402,0.027528232
1309.502,0.027528232
1309.602,0.027488365
1309.702,0.027528232
1309.802,0.027408632
1309.902,0.027568098
1310.002,0.027488365
1310.102,0.027368766
1310.202,0.027448499
1310.302,0.027368766
1310.402,0.027448499
1310.502,0.027368766
1310.602,0.027408632
1310.702,0.027368766
1310.802,0.027289032
1310.902,0.027289032
1311.002,0.027249166
1311.102,0.027368766
1311.202,0.027209299
1311.302,0.027328899
1311.402,0.027249166
1311.502,0.027169433
1311.602,0.027129566
1311.702,0.027209299
1311.802,0.027209299
1311.902,0.027169433
1312.002,0.027209299
1312.102,0.027089699
1312.202,0.027169433
1312.302,0.027089699
1312.402,0.027049833
1312.502,0.027089699
1312.602,0.027009966
1312.702,0.027049833
1312.802,0.027009966
1312.902,0.027009966
1313.002,0.027009966
1313.102,0.027009966
1313.202,0.027009966
1313.302,0.0269701
1313.402,0.026930233
1313.502,0.0269701
1313.602,0.0269701
1313.702,0.026890366
1313.802,0.026890366
1313.902,0.026930233
1314.002,0.0268505
1314.102,0.026770767
1314.202,0.026810633
1314.302,0.0268505
1314.402,0.026770767
1314.502,0.0268505
1314.602,0.0268505
1314.702,0.0268505
1314.802,0.026691034
1314.902,0.026691034
1315.002,0.026770767
1315.102,0.026651167
1315.202,0.026770767
1315.302,0.026770767
1315.402,0.0266113
1315.502,0.026691034
1315.602,0.026651167
1315.702,0.026691034
1315.802,0.0266113
1315.902,0.026651167
1316.002,0.0266113
1316.102,0.026571434
1316.202,0.0266113
1316.302,0.026451834
1316.402,0.026531567
1316.502,0.026491701
1316.602,0.026491701
1316.702,0.026531567
1316.802,0.026491701
1316.902,0.026531567
1317.002,0.026491701
1317.102,0.026531567
1317.202,0.026451834
1317.302,0.026451834
1317.402,0.026451834
1317.502,0.026411967
1317.602,0.026451834
1317.702,0.026372101
1317.802,0.026411967
1317.902,0.026292368
1318.002,0.026372101
1318.102,0.026372101
1318.202,0.026292368
1318.302,0.026252501
1318.402,0.026292368
1318.502,0.026252501
1318.602,0.026292368
1318.702,0.026292368
1318.802,0.026252501
1318.902,0.026252501
1319.002,0.026172768
1319.102,0.026172768
1319.202,0.026252501
1319.302,0.026252501
1319.402,0.026212634
1319.502,0.026212634
1319.602,0.026172768
1319.702,0.026172768
1319.802,0.026172768
1319.902,0.026132901
1320.002,0.026132901
1320.102,0.026132901
1320.202,0.026053168
1320.302,0.026053168
1320.402,0.026053168
1320.502,0.026093035
1320.602,0.026013302
1320.702,0.026053168
1320.802,0.026013302
1320.902,0.026053168
1321.002,0.026013302
1321.102,0.025973435
1321.202,0.026013302
1321.302,0.025933568
1321.402,0.025973435
1321.502,0.025933568
1321.602,0.025973435
1321.702,0.025933568
1321.802,0.025973435
1321.902,0.025893702
1322.002,0.025853835
1322.102,0.025973435
1322.202,0.025893702
1322.302,0.025853835
1322.402,0.025813969
1322.502,0.025774102
1322.602,0.025853835
1322.702,0.025853835
1322.802,0.025853835
1322.902,0.025893702
1323.002,0.025774102
1323.102,0.025893702
1323.202,0.025813969
1323.302,0.025734235
1323.402,0.025734235
1323.502,0.025694369
1323.602,0.025694369
1323.702,0.025694369
1323.802,0.025694369
1323.902,0.025734235
1324.002,0.025734235
1324.102,0.025654502
1324.202,0.025614636
1324.302,0.025694369
1324.402,0.025654502
1324.502,0.025614636
1324.602,0.025694369
1324.702,0.025654502
1324.802,0.025654502
1324.902,0.025654502
1325.002,0.025574769
1325.102,0.025495036
1325.202,0.025534902
1325.302,0.025614636
1325.402,0.025495036
1325.502,0.025574769
1325.602,0.025495036
1325.702,0.025574769
1325.802,0.025495036
1325.902,0.025495036
1326.002,0.025495036
1326.102,0.025534902
1326.202,0.025534902
1326.302,0.025534902
1326.402,0.025574769
1326.502,0.025415303
1326.602,0.025495036
1326.702,0.025455169
1326.802,0.025495036
1326.902,0.025415303
1327.002,0.025495036
1327.102,0.025415303
1327.202,0.025455169
1327.302,0.025455169
1327.402,0.025415303
1327.502,0.025415303
1327.602,0.025375436
1327.702,0.025415303
1327.802,0.025295703
1327.902,0.025335569
1328.002,0.025335569
1328.102,0.025415303
1328.202,0.025255836
1328.302,0.025415303
1328.402,0.025255836
1328.502,0.025335569
1328.602,0.02521597
1328.702,0.025295703
1328.802,0.025335569
1328.902,0.025255836
1329.002,0.02521597
1329.102,0.025375436
1329.202,0.02521597
1329.302,0.025255836
1329.402,0.02521597
1329.502,0.02521597
1329.602,0.025255836
1329.702,0.02521597
1329.802,0.025255836
1329.902,0.025176103
1330.002,0.02521597
1330.102,0.025136237
1330.202,0.025136237
1330.302,0.02509637
1330.402,0.02521597
1330.502,0.025176103
1330.602,0.02521597
1330.702,0.025176103
1330.802,0.02509637
1330.902,0.025136237
1331.002,0.02521597
1331.102,0.025136237
1331.202,0.025016637
1331.302,0.02509637
1331.402,0.02509637
1331.502,0.025136237
1331.602,0.025016637
1331.702,0.025056503
1331.802,0.025016637
1331.902,0.025016637
1332.002,0.025016637
1332.102,0.025016637
1332.202,0.025056503
1332.302,0.025056503
1332.402,0.024936904
1332.502,0.02497677
1332.602,0.025016637
1332.702,0.02497677
1332.802,0.024936904
1332.902,0.024897037
1333.002,0.025016637
1333.102,0.024936904
1333.202,0.024936904
1333.302,0.025016637
1333.402,0.02497677
1333.502,0.024936904
1333.602,0.024897037
1333.702,0.02485717
1333.802,0.024897037
1333.902,0.02485717
1334.002,0.024936904
1334.102,0.024897037
1334.202,0.02485717
1334.302,0.024897037
1334.402,0.024817304
1334.502,0.024817304
1334.602,0.02485717
1334.702,0.02485717
1334.802,0.024817304
1334.902,0.024737571
1335.002,0.024897037
1335.102,0.02485717
1335.202,0.02485717
1335.302,0.024777437
1335.402,0.024817304
1335.502,0.024737571
1335.602,0.024777437
1335.702,0.024817304
1335.802,0.024777437
1335.902,0.024737571
1336.002,0.024777437
1336.102,0.024737571
1336.202,0.024657837
1336.302,0.024737571
1336.402,0.024777437
1336.502,0.024697704
1336.602,0.024737571
1336.702,0.024737571
1336.802,0.024697704
1336.902,0.024737571
1337.002,0.024578104
1337.102,0.024617971
1337.202,0.024697704
1337.302,0.024697704
1337.402,0.024697704
1337.502,0.024697704
1337.602,0.024657837
1337.702,0.024617971
1337.802,0.024697704
1337.902,0.024538238
1338.002,0.024538238
1338.102,0.024578104
1338.202,0.024538238
1338.302,0.024578104
1338.402,0.024578104
1338.502,0.024617971
1338.602,0.024538238
1338.702,0.024578104
1338.802,0.024498371
1338.902,0.024538238
1339.002,0.024538238
1339.102,0.024538238
1339.202,0.024458505
1339.302,0.024538238
1339.402,0.024578104
1339.502,0.024538238
1339.602,0.024538238
1339.702,0.024458505
1339.802,0.024498371
1339.902,0.024498371
1340.002,0.024418638
1340.102,0.024458505
1340.202,0.024418638
1340.302,0.024338905
1340.402,0.024418638
1340.502,0.024458505
1340.602,0.024458505
1340.702,0.024458505
1340.802,0.024418638
1340.902,0.024378771
1341.002,0.024378771
1341.102,0.024418638
1341.202,0.024299038
1341.302,0.024338905
1341.402,0.024378771
1341.502,0.024378771
1341.602,0.024338905
1341.702,0.024299038
1341.802,0.024338905
1341.902,0.024299038
1342.002,0.024338905
1342.102,0.024338905
1342.202,0.024338905
1342.302,0.024299038
1342.402,0.024378771
1342.502,0.024299038
1342.602,0.024338905
1342.702,0.024338905
1342.802,0.024338905
1342.902,0.024219305
1343.002,0.024378771
1343.102,0.024338905
1343.202,0.024299038
1343.302,0.024299038
1343.402,0.024259172
1343.502,0.024259172
1343.602,0.024219305
1343.702,0.024299038
1343.802,0.024219305
1343.902,0.024259172
1344.002,0.024259172
1344.102,0.024139572
1344.202,0.024219305
1344.302,0.024299038
1344.402,0.024299038
1344.502,0.024219305
1344.602,0.024139572
1344.702,0.024179438
1344.802,0.024219305
1344.902,0.024219305
1345.002,0.024179438
1345.102,0.024139572
1345.202,0.024179438
1345.302,0.024139572
1345.402,0.024219305
1345.502,0.024139572
1345.602,0.024139572
1345.702,0.024179438
1345.802,0.024139572
1345.902,0.024139572
1346.002,0.024059839
1346.102,0.024059839
1346.202,0.024139572
1346.302,0.024059839
1346.402,0.024059839
1346.502,0.024139572
1346.602,0.024059839
1346.702,0.024059839
1346.802,0.024019972
1346.902,0.024099705
1347.002,0.024139572
1347.102,0.024019972
1347.202,0.024059839
1347.302,0.023980105
1347.402,0.024059839
1347.502,0.024019972
1347.602,0.024019972
1347.702,0.023980105
1347.802,0.023980105
1347.902,0.023940239
1348.002,0.023860506
1348.102,0.023980105
1348.202,0.023900372
1348.302,0.023980105
1348.402,0.023940239
1348.502,0.023900372
1348.602,0.023980105
1348.702,0.023940239
1348.802,0.023900372
1348.902,0.023860506
1349.002,0.023980105
1349.102,0.023900372
1349.202,0.023940239
1349.302,0.023940239
1349.402,0.023900372
1349.502,0.023860506
1349.602,0.023860506
1349.702,0.023860506
1349.802,0.023860506
1349.902,0.023900372
1350.002,0.023900372
1350.102,0.023860506
1350.202,0.023900372
1350.302,0.023900372
1350.402,0.023860506
1350.502,0.023780772
1350.602,0.023900372
1350.702,0.023900372
1350.802,0.023780772
1350.902,0.023820639
1351.002,0.023740906
1351.102,0.023740906
1351.202,0.023820639
1351.302,0.023860506
1351.402,0.023860506
1351.502,0.023780772
1351.602,0.023820639
1351.702,0.023740906
1351.802,0.023820639
1351.902,0.023740906
1352.002,0.023740906
1352.102,0.023860506
1352.202,0.023780772
1352.302,0.023780772
1352.402,0.023740906
1352.502,0.023701039
1352.602,0.023740906
1352.702,0.023780772
1352.802,0.023740906
1352.902,0.023740906
1353.002,0.023740906
1353.102,0.023740906
1353.202,0.023661173
1353.302,0.023701039
1353.402,0.023701039
1353.502,0.02358144
1353.602,0.023701039
1353.702,0.023740906
1353.802,0.023740906
1353.902,0.023740906
1354.002,0.023740906
1354.102,0.023661173
1354.202,0.023661173
1354.302,0.023661173
1354.402,0.023701039
1354.502,0.02358144
1354.602,0.023621306
1354.702,0.023661173
1354.802,0.023661173
1354.902,0.023701039
1355.002,0.023621306
1355.102,0.02358144
1355.202,0.023541573
1355.302,0.02358144
1355.402,0.023621306
1355.502,0.023621306
1355.602,0.023661173
1355.702,0.023621306
1355.802,0.023621306
1355.902,0.02358144
1356.002,0.023501706
1356.102,0.023621306
1356.202,0.02358144
1356.302,0.02358144
1356.402,0.023541573
1356.502,0.023541573
1356.602,0.023501706
1356.702,0.023621306
1356.802,0.02346184
1356.902,0.023501706
1357.002,0.02346184
1357.102,0.023501706
1357.202,0.023501706
1357.302,0.023501706
1357.402,0.023501706
1357.502,0.023541573
1357.602,0.023501706
1357.702,0.02346184
1357.802,0.02346184
1357.902,0.023501706
1358.002,0.023541573
1358.102,0.023541573
1358.202,0.02346184
1358.302,0.023382107
1358.402,0.02346184
1358.502,0.023421973
1358.602,0.02346184
1358.702,0.023501706
1358.802,0.02346184
1358.902,0.02346184
1359.002,0.023382107
1359.102,0.02346184
1359.202,0.023421973
1359.302,0.023421973
1359.402,0.02346184
1359.502,0.02346184
1359.602,0.023382107
1359.702,0.023421973
1359.802,0.023262507
1359.902,0.023382107
1360.002,0.023421973
1360.102,0.02334224
1360.202,0.023382107
1360.302,0.023382107
1360.402,0.023382107
1360.502,0.02334224
1360.602,0.02334224
1360.702,0.02334224
1360.802,0.02334224
1360.902,0.023421973
1361.002,0.02334224
1361.102,0.023382107
1361.202,0.02334224
1361.302,0.023382107
1361.402,0.02334224
1361.502,0.023302373
1361.602,0.023382107
1361.702,0.023302373
1361.802,0.023262507
1361.902,0.023262507
1362.002,0.023302373
1362.102,0.023262507
1362.202,0.023302373
1362.302,0.023262507
1362.402,0.023302373
1362.502,0.02322264
1362.602,0.023262507
1362.702,0.023262507
1362.802,0.023262507
1362.902,0.02322264
1363.002,0.023262507
1363.102,0.02322264
1363.202,0.023262507
1363.302,0.023142907
1363.402,0.023302373
1363.502,0.023182774
1363.602,0.02322264
1363.702,0.023182774
1363.802,0.02322264
1363.902,0.023182774
1364.002,0.02322264
1364.102,0.023262507
1364.202,0.023262507
1364.302,0.023142907
1364.402,0.02322264
1364.502,0.023262507
1364.602,0.023262507
1364.702,0.023182774
1364.802,0.02310304
1364.902,0.023182774
1365.002,0.023182774
1365.102,0.023182774
1365.202,0.023063174
1365.302,0.02322264
1365.402,0.02310304
1365.502,0.023142907
1365.602,0.02310304
1365.702,0.02310304
1365.802,0.02310304
1365.902,0.02310304
1366.002,0.02310304
1366.102,0.02310304
1366.202,0.02310304
1366.302,0.023063174
1366.402,0.023023307
1366.502,0.02310304
1366.602,0.023142907
1366.702,0.023182774
1366.802,0.02310304
1366.902,0.023063174
1367.002,0.023063174
1367.102,0.02310304
1367.202,0.023142907
1367.302,0.02310304
1367.402,0.023023307
1367.502,0.023063174
1367.602,0.023063174
1367.702,0.023063174
1367.802,0.023023307
1367.902,0.023023307
1368.002,0.023023307
1368.102,0.023023307
1368.202,0.023063174
1368.302,0.023023307
1368.402,0.022983441
1368.502,0.023063174
1368.602,0.022943574
1368.702,0.022903708
1368.802,0.022943574
1368.902,0.022943574
1369.002,0.02310304
1369.102,0.023063174
1369.202,0.022983441
1369.302,0.022983441
1369.402,0.022983441
1369.502,0.022983441
1369.602,0.022943574
1369.702,0.022943574
1369.802,0.022983441
1369.902,0.022943574
1370.002,0.022943574
1370.102,0.022983441
1370.202,0.022863841
1370.302,0.022943574
1370.402,0.022903708
1370.502,0.022863841
1370.602,0.022903708
1370.702,0.022863841
1370.802,0.022863841
1370.902,0.022903708
1371.002,0.022983441
1371.102,0.022863841
1371.202,0.022903708
1371.302,0.022903708
1371.402,0.022903708
1371.502,0.022903708
1371.602,0.022863841
1371.702,0.022863841
1371.802,0.022863841
1371.902,0.022823974
1372.002,0.022784108
1372.102,0.022823974
1372.202,0.022823974
1372.302,0.022863841
1372.402,0.022863841
1372.502,0.022863841
1372.602,0.022784108
1372.702,0.022823974
1372.802,0.022863841
1372.902,0.022823974
1373.002,0.022823974
1373.102,0.022823974
1373.202,0.022823974
1373.302,0.022744241
1373.402,0.022863841
1373.502,0.022863841
1373.602,0.022903708
1373.702,0.022823974
1373.802,0.022784108
1373.902,0.022784108
1374.002,0.022823974
1374.102,0.022823974
1374.202,0.022784108
1374.302,0.022744241
1374.402,0.022744241
1374.502,0.022744241
1374.602,0.022744241
1374.702,0.022784108
1374.802,0.022704375
1374.902,0.022784108
1375.002,0.022744241
1375.102,0.022744241
1375.202,0.022704375
1375.302,0.022784108
1375.402,0.022744241
1375.502,0.022784108
1375.602,0.022704375
1375.702,0.022744241
1375.802,0.022704375
1375.902,0.022624641
1376.002,0.022744241
1376.102,0.022664508
1376.202,0.022624641
1376.302,0.022664508
1376.402,0.022584775
1376.502,0.022704375
1376.602,0.022744241
1376.702,0.022664508
1376.802,0.022664508
1376.902,0.022664508
1377.002,0.022624641
1377.102,0.022704375
1377.202,0.022704375
1377.302,0.022624641
1377.402,0.022744241
1377.502,0.022664508
1377.602,0.022584775
1377.702,0.022624641
1377.802,0.022704375
1377.902,0.022664508
1378.002,0.022664508
1378.102,0.022744241
1378.202,0.022624641
1378.302,0.022584775
1378.402,0.022584775
1378.502,0.022664508
1378.602,0.022664508
1378.702,0.022624641
1378.802,0.022584775
1378.902,0.022584775
1379.002,0.022664508
1379.102,0.022544908
1379.202,0.022584775
1379.302,0.022624641
1379.402,0.022664508
1379.502,0.022584775
1379.602,0.022624641
1379.702,0.022584775
1379.802,0.022544908
1379.902,0.022584775
1380.002,0.022544908
1380.102,0.022584775
1380.202,0.022544908
1380.302,0.022584775
1380.402,0.022544908
1380.502,0.022584775
1380.602,0.022505042
1380.702,0.022584775
1380.802,0.022544908
1380.902,0.022544908
1381.002,0.022544908
1381.102,0.022544908
1381.202,0.022584775
1381.302,0.022505042
1381.402,0.022505042
1381.502,0.022544908
1381.602,0.022465175
1381.702,0.022584775
1381.802,0.022385442
1381.902,0.022544908
1382.002,0.022505042
1382.102,0.022544908
1382.202,0.022465175
1382.302,0.022505042
1382.402,0.022465175
1382.502,0.610537379
1382.602,0.705499674
1382.702,0.774150013
1382.802,0.830880239
1382.902,0.880155413
1383.002,0.924327663
1383.102,0.964712587
1383.202,1.00218725
1383.302,1.037150319
1383.402,1.070359258
1383.502,1.101654601
1383.602,1.131674215
1383.702,1.160218765
1383.802,1.187487584
1383.902,1.213640139
1384.002,1.238835896
1384.102,1.262995121
1384.202,1.286237415
1384.302,1.308642511
1384.402,1.330210407
1384.502,1.351020839
1384.602,1.371233271
1384.702,1.390688238
1384.802,1.409585072
1384.902,1.427844041
1385.002,1.44562461
1385.102,1.46280718
1385.202,1.479551216
1385.302,1.495896587
1385.402,1.511843292
1385.502,1.527311597
1385.602,1.542301503
1385.702,1.557012342
1385.802,1.571444115
1385.902,1.585437355
1386.002,1.599191395
1386.102,1.612825836
1386.202,1.625902143
1386.302,1.638779117
1386.402,1.651416891
1386.502,1.663855333
1386.602,1.676054574
1386.702,1.687974749
1386.802,1.699815191
1386.902,1.7114563
1387.002,1.722858209
1387.102,1.733941184
1387.202,1.745024161
1387.302,1.755907803
1387.402,1.766592113
1387.502,1.777156823
1387.602,1.787562066
1387.702,1.797927443
1387.802,1.807973886
1387.902,1.818060197
1388.002,1.828026908
1388.102,1.837754418
1388.202,1.847442062
1388.302,1.857010107
1388.402,1.866498418
1388.502,1.875906996
1388.602,1.885156108
1388.702,1.894445087
1388.802,1.903534732
1388.902,1.912624378
1389.002,1.921753891
1389.102,1.930524603
1389.202,1.939375049
1389.302,1.948185629
1389.402,1.956956343
1389.502,1.965647324
1389.602,1.974258571
1389.702,1.982869819
1389.802,1.9913216
1389.902,1.999853115
1390.002,2.00826503
1390.102,2.016597212
1390.202,2.024849661
1390.302,2.033261577
1390.402,2.04135456
1390.502,2.049527276
1390.602,2.057660126
1390.702,2.065792976
1390.802,2.07376636
1390.902,2.081699877
1391.002,2.08955366
1391.102,2.097327711
1391.202,2.105101761
1391.302,2.112796079
1391.402,2.120530263
1391.502,2.128184715
1391.602,2.135679699
1391.702,2.14321455
1391.802,2.150550068
1391.902,2.157965319
1392.002,2.165260971
1392.102,2.172516755
1392.202,2.17965294
1392.302,2.186749257
1392.402,2.193845575
1392.502,2.200902027
1392.602,2.207799011
1392.702,2.214536528
1392.802,2.221393646
1392.902,2.228091297
1393.002,2.234828815
1393.102,2.241446732
1393.202,2.247984916
1393.302,2.254443366
1393.402,2.260822083
1393.502,2.267280534
1393.602,2.273459916
1393.702,2.279639299
1393.802,2.285858549
1393.902,2.291918331
1394.002,2.29789838
1394.102,2.303838562
1394.202,2.309778745
1394.302,2.315559459
1394.402,2.321340175
1394.502,2.327081023
1394.602,2.332742137
1394.702,2.338363385
1394.802,2.343865033
1394.902,2.349286946
1395.002,2.35470886
1395.102,2.360051039
1395.202,2.365433087
1395.302,2.370615799
1395.402,2.375798512
1395.502,2.380821756
1395.602,2.385924735
1395.702,2.390868247
1395.802,2.395851625
1395.902,2.40075527
1396.002,2.40557918
1396.102,2.410403091
1396.202,2.415147268
1396.302,2.419771844
1396.402,2.424436288
1396.502,2.42898113
1396.602,2.43356584
1396.702,2.437911348
1396.802,2.442456191
1396.902,2.446801699
1397.002,2.451226941
1397.102,2.45557245
1397.202,2.45975849
1397.302,2.463944531
1397.402,2.46801097
1397.502,2.472157144
1397.602,2.476263451
1397.702,2.48021029
1397.802,2.484316597
1397.902,2.488263436
1398.002,2.492090674
1398.102,2.495917912
1398.202,2.499824885
1398.302,2.503572389
1398.402,2.507319894
1398.502,2.510947797
1398.602,2.514615568
1398.702,2.518283339
1398.802,2.521911242
1398.902,2.525419545
1399.002,2.528927848
1399.102,2.532436151
1399.202,2.535784986
1399.302,2.539333156
1399.402,2.542721858
1399.502,2.546070693
1399.602,2.549339794
1399.702,2.552648762
1399.802,2.555957731
1399.902,2.559107231
1400.002,2.562336465
1400.102,2.565525832
1400.202,2.568595599
1400.302,2.571625498
1400.402,2.574814865
1400.502,2.577804898
1400.602,2.580874664
1400.702,2.583864697
1400.802,2.586735128
1400.902,2.58972516
1401.002,2.592675326
1401.102,2.59550589
1401.202,2.598376322
1401.302,2.601286621
1401.402,2.603997584
1401.502,2.606828149
1401.602,2.609499245
1401.702,2.612289943
1401.802,2.614961039
1401.902,2.617672003
1402.002,2.620263365
1402.102,2.622974329
1402.202,2.625565692
1402.302,2.628157054
1402.402,2.63070855
1402.502,2.633180311
1402.602,2.63569194
1402.702,2.638243435
1402.802,2.640755064
1402.902,2.643226826
1403.002,2.645578986
1403.102,2.648050748
1403.202,2.650402908
1403.302,2.652794936
1403.402,2.655147096
1403.502,2.657578991
1403.602,2.659771683
1403.702,2.662203578
1403.802,2.664476005
1403.902,2.666668697
1404.002,2.668941124
1404.102,2.671133816
1404.202,2.673286642
1404.302,2.675479334
1404.402,2.677711894
1404.502,2.679824852
1404.602,2.681897943
1404.702,2.684010902
1404.802,2.686203594
1404.902,2.68835642
1405.002,2.690349777
1405.102,2.692422869
1405.202,2.694416226
1405.302,2.696489317
1405.402,2.698562409
1405.502,2.700436165
1405.602,2.702469389
1405.702,2.704383012
1405.802,2.706296636
1405.902,2.708250126
1406.002,2.710123882
1406.102,2.712037505
1406.202,2.713951129
1406.302,2.715904619
1406.402,2.717698641
1406.502,2.719691999
1406.602,2.721486021
1406.702,2.723200308
1406.802,2.725034198
1406.902,2.72682822
1407.002,2.728622242
1407.102,2.730416264
1407.202,2.732090685
1407.302,2.73384484
1407.402,2.735638862
1407.502,2.73735315
1407.602,2.739027571
1407.702,2.740701992
1407.802,2.742336545
1407.902,2.744050833
1408.002,2.745725254
1408.102,2.747319941
1408.202,2.748954495
1408.302,2.750628916
1408.402,2.752143868
1408.502,2.753858157
1408.602,2.755412976
1408.702,2.757007663
1408.802,2.758482748
1408.902,2.760077435
1409.002,2.761632255
1409.102,2.763187075
1409.202,2.764702027
1409.302,2.766177113
1409.402,2.767692065
1409.502,2.769246885
1409.602,2.770761838
1409.702,2.772236923
1409.802,2.773592407
1409.902,2.775067493
1410.002,2.776582446
1410.102,2.777977797
1410.202,2.779452883
1410.302,2.780848234
1410.402,2.782243585
1410.502,2.783559202
1410.602,2.785034288
1410.702,2.786429639
1410.802,2.787625655
1410.902,2.789100741
1411.002,2.790456225
1411.102,2.791811709
1411.202,2.793167194
1411.302,2.794562545
1411.402,2.795838295
1411.502,2.797153912
1411.602,2.798509397
1411.702,2.799705412
1411.802,2.801100764
1411.902,2.80229678
1412.002,2.803652264
1412.102,2.804808413
1412.202,2.80612403
1412.302,2.807320046
1412.402,2.808635663
1412.502,2.809871546
1412.602,2.811147296
1412.702,2.812343312
1412.802,2.813459593
1412.902,2.814735344
1413.002,2.815891492
1413.102,2.817127375
1413.202,2.818283524
1413.302,2.81947954
1413.402,2.820675556
1413.502,2.821871572
1413.602,2.822908119
1413.702,2.824144002
1413.802,2.825340018
1413.902,2.826376565
1414.002,2.827612449
1414.102,2.828688863
1414.202,2.829805145
1414.302,2.830921426
1414.402,2.832077575
1414.502,2.833114122
1414.602,2.834270271
1414.702,2.835227084
1414.802,2.836343366
1414.902,2.837379913
1415.002,2.838575929
1415.102,2.839532742
1415.202,2.840649024
1415.302,2.841725439
1415.402,2.842761986
1415.502,2.843758666
1415.602,2.844874948
1415.702,2.845831761
1415.802,2.846948043
1415.902,2.847825122
1416.002,2.848861669
1416.102,2.849898216
1416.202,2.850934764
1416.302,2.851891577
1416.402,2.852928125
1416.502,2.853924805
1416.602,2.854961352
1416.702,2.855918165
1416.802,2.856835111
1416.902,2.857752057
1417.002,2.85870887
1417.102,2.859705551
1417.202,2.860662364
1417.302,2.861659044
1417.402,2.86257599
1417.502,2.863532803
1417.602,2.864409882
1417.702,2.865366695
1417.802,2.866243774
1417.902,2.867200587
1418.002,2.868157401
1418.102,2.869074347
1418.202,2.869991293
1418.302,2.870788637
1418.402,2.871705583
1418.502,2.872622529
1418.602,2.873539475
1418.702,2.874376687
1418.802,2.8753335
1418.902,2.876170712
1419.002,2.877007924
1419.102,2.878004604
1419.202,2.878762081
1419.302,2.879599293
1419.402,2.880595974
1419.502,2.881393318
1419.602,2.882270397
1419.702,2.883067742
1419.802,2.883904953
1419.902,2.884742165
1420.002,2.88553951
1420.102,2.886336854
1420.202,2.887174066
1420.302,2.888051145
1420.402,2.888808622
1420.502,2.889685701
1420.602,2.890443178
1420.702,2.89128039
1420.802,2.892117602
1420.902,2.892875079
1421.002,2.893712291
1421.102,2.894390034
1421.202,2.895187379
1421.302,2.895904989
1421.402,2.896861802
1421.502,2.897539545
1421.602,2.898376757
1421.702,2.899174102
1421.802,2.899851845
1421.902,2.900689057
1422.002,2.901446534
1422.102,2.902204012
1422.202,2.902881755
1422.302,2.903718966
1422.402,2.904396709
1422.502,2.905154187
1422.602,2.905951532
1422.702,2.906669142
1422.802,2.907307018
1422.902,2.90814423
1423.002,2.908901707
1423.102,2.909539583
1423.202,2.91029706
1423.302,2.911094405
1423.402,2.911772148
1423.502,2.912449891
1423.602,2.913167501
1423.702,2.913885112
1423.802,2.914522988
1423.902,2.915280465
1424.002,2.915958208
1424.102,2.916715686
1424.202,2.917353562
1424.302,2.918071172
1424.402,2.918709048
1424.502,2.919386791
1424.602,2.920144268
1424.702,2.920861879
1424.802,2.921499755
1424.902,2.922057896
1425.002,2.922775506
1425.102,2.923493117
1425.202,2.924091125
1425.302,2.924768869
1425.402,2.925486479
1425.502,2.926004753
1425.602,2.926762231
1425.702,2.927400107
1425.802,2.92807785
1425.902,2.928715726
1426.002,2.929353602
1426.102,2.930031345
1426.202,2.930589486
1426.302,2.931267229
1426.402,2.931905105
1426.502,2.932542981
1426.602,2.933180857
1426.702,2.933818733
1426.802,2.934456609
1426.902,2.935054618
1427.002,2.935692494
1427.102,2.936210768
1427.202,2.936848644
1427.302,2.93748652
1427.402,2.938164263
1427.502,2.938722405
1427.602,2.939400148
1427.702,2.939918422
1427.802,2.940556298
1427.902,2.941194174
1428.002,2.941672581
1428.102,2.942390192
1428.202,2.942868599
1428.302,2.943586209
1428.402,2.944144351
1428.502,2.944702492
1428.602,2.945300501
1428.702,2.945778908
1428.802,2.946376917
1428.902,2.947014793
1429.002,2.9474932
1429.102,2.948131076
1429.202,2.948729085
1429.302,2.949327094
1429.402,2.949925103
1429.502,2.95040351
1429.602,2.950881917
1429.702,2.951479926
1429.802,2.952117802
1429.902,2.952675943
1430.002,2.953234085
1430.102,2.953792226
1430.202,2.954310501
1430.302,2.954868642
1430.402,2.955386917
1430.502,2.955945058
1430.602,2.9565032
1430.702,2.957141076
1430.802,2.957579616
1430.902,2.958058023
1431.002,2.958695899
1431.102,2.959254041
1431.202,2.959772315
1431.302,2.960250722
1431.402,2.960848731
1431.502,2.961287271
1431.602,2.961805545
1431.702,2.962403554
1431.802,2.962802227
1431.902,2.963320501
1432.002,2.963878643
1432.102,2.964436785
1432.202,2.964994926
1432.302,2.965473333
1432.402,2.965991608
1432.502,2.966509882
1432.602,2.966948422
1432.702,2.967506564
1432.802,2.968064705
1432.902,2.968503245
1433.002,2.96902152
1433.102,2.969499927
1433.202,2.970058069
1433.302,2.970456741
1433.402,2.971014883
1433.502,2.971533157
1433.602,2.971891963
1433.702,2.972529839
1433.802,2.972888644
1433.902,2.973486653
1434.002,2.973925193
1434.102,2.974403601
1434.202,2.97484214
1434.302,2.975320548
1434.402,2.975878689
1434.502,2.976277362
1434.602,2.976755769
1434.702,2.977313911
1434.802,2.977792318
1434.902,2.978111256
1435.002,2.978629531
1435.102,2.979147805
1435.202,2.979626212
1435.302,2.980024885
1435.402,2.980503292
1435.502,2.980941832
1435.602,2.981499974
1435.702,2.981938514
1435.802,2.982377054
1435.902,2.982815594
1436.002,2.983294001
1436.102,2.983732541
1436.202,2.984210948
1436.302,2.984649488
1436.402,2.985048161
1436.502,2.985526568
1436.602,2.985965108
1436.702,2.986403648
1436.802,2.986882056
1436.902,2.987320596
1437.002,2.987679401
1437.102,2.988197676
1437.202,2.988636216
1437.302,2.989114623
1437.402,2.989513296
1437.502,2.989991703
1437.602,2.990350508
1437.702,2.990868783
1437.802,2.991227588
1437.902,2.991666128
1438.002,2.992024934
1438.102,2.992503341
1438.202,2.992862147
1438.302,2.993420288
1438.402,2.993779094
1438.502,2.994177767
1438.602,2.994616307
1438.702,2.995014979
1438.802,2.995413652
1438.902,2.995852192
1439.002,2.996290732
1439.102,2.996729272
1439.202,2.997088078
1439.302,2.997446883
1439.402,2.997885423
1439.502,2.998363831
1439.602,2.998762503
1439.702,2.999161176
1439.802,2.999480114
1439.902,2.999958522
1440.002,3.00027746
1440.102,3.000795735
1440.202,3.001074805
1440.302,3.001553213
1440.402,3.001951886
1440.502,3.002350558
1440.602,3.002789098
1440.702,3.003108037
1440.802,3.003586444
1440.902,3.00394525
1441.002,3.004304055
1441.102,3.004742595
1441.202,3.005101401
1441.302,3.005420339
1441.402,3.005779144
1441.502,3.006217684
1441.602,3.006616357
1441.702,3.00701503
1441.802,3.007333968
1441.902,3.007812376
1442.002,3.008250916
1442.102,3.008609721
1442.202,3.00892866
1442.302,3.009287465
1442.402,3.009726005
1442.502,3.010084811
1442.602,3.010403749
1442.702,3.010802422
1442.802,3.011201095
1442.902,3.011440298
1443.002,3.011918706
1443.102,3.012317379
1443.202,3.012676184
1443.302,3.012995122
1443.402,3.01347353
1443.502,3.013752601
1443.602,3.014151274
1443.702,3.014470212
1443.802,3.014868885
1443.902,3.015307425
1444.002,3.015546629
1444.102,3.015985169
1444.202,3.016304107
1444.302,3.016742647
1444.402,3.016941984
1444.502,3.017380524
1444.602,3.017659595
1444.702,3.018138002
1444.802,3.018377206
1444.902,3.018855613
1445.002,3.019134684
1445.102,3.019533357
1445.202,3.019812428
1445.302,3.020250968
1445.402,3.020530039
1445.502,3.020848978
1445.602,3.02124765
1445.702,3.021566589
1445.802,3.021885527
1445.902,3.022324067
1446.002,3.02272274
1446.102,3.023001811
1446.202,3.023320749
1446.302,3.023679555
1446.402,3.024038361
1446.502,3.024277564
1446.602,3.024676237
1446.702,3.024995176
1446.802,3.025353981
1446.902,3.025792521
1447.002,3.025991858
1447.102,3.026310796
1447.202,3.026669602
1447.302,3.027068275
1447.402,3.027307478
1447.502,3.027746019
1447.602,3.027985222
1447.702,3.028344028
1447.802,3.028662966
1447.902,3.028981905
1448.002,3.029300843
1448.102,3.029699516
1448.202,3.029978587
1448.302,3.030297525
1448.402,3.030576596
1448.502,3.030975269
1448.602,3.031214473
1448.702,3.031453677
1448.802,3.03185235
1448.902,3.032251022
1449.002,3.032530094
1449.102,3.032849032
1449.202,3.033128103
1449.302,3.033447041
1449.402,3.03376598
1449.502,3.034084918
1449.602,3.034403856
1449.702,3.034762662
1449.802,3.035041733
1449.902,3.035320804
1450.002,3.035520141
1450.102,3.035998548
1450.202,3.036237752
1450.302,3.036636425
1450.402,3.036915496
1450.502,3.037234434
1450.602,3.037473638
1450.702,3.037872311
1450.802,3.038111515
1450.902,3.038430453
1451.002,3.038789259
1451.102,3.039108197
1451.202,3.039347401
1451.302,3.039666339
1451.402,3.039905543
1451.502,3.040224481
1451.602,3.040503552
1451.702,3.040942093
1451.802,3.041181296
1451.902,3.041500235
1452.002,3.041739439
1452.102,3.042098244
1452.202,3.042377315
1452.302,3.042656386
1452.402,3.042855723
1452.502,3.043134794
1452.602,3.0434936
1452.702,3.043852405
1452.802,3.044091609
1452.902,3.044330813
1453.002,3.044689619
1453.102,3.044928822
1453.202,3.045247761
1453.302,3.045566699
1453.402,3.045766036
1453.502,3.046084974
1453.602,3.04644378
1453.702,3.046682984
1453.802,3.047001922
1453.902,3.04732086
1454.002,3.047520197
1454.102,3.047839135
1454.202,3.048038472
1454.302,3.04835741
1454.402,3.048716216
1454.502,3.048915552
1454.602,3.049234491
1454.702,3.049433827
1454.802,3.049752766
1454.902,3.050151439
1455.002,3.050310908
1455.102,3.050669714
1455.202,3.050908917
1455.302,3.051227856
1455.402,3.051506927
1455.502,3.051785998
1455.602,3.051985335
1455.702,3.05234414
1455.802,3.052583344
1455.902,3.052822548
1456.002,3.053141486
1456.102,3.053460425
1456.202,3.053699629
1456.302,3.053938832
1456.402,3.054217903
1456.502,3.054536842
1456.602,3.054776046
1456.702,3.055055117
1456.802,3.055294321
1456.902,3.055493657
1457.002,3.055852463
1457.102,3.056091667
1457.202,3.056291003
1457.302,3.056570074
1457.402,3.056889013
1457.502,3.057168084
1457.602,3.05752689
1457.702,3.057726226
1457.802,3.057885695
1457.902,3.058204634
1458.002,3.05840397
1458.102,3.058722909
1458.202,3.058962113
1458.302,3.059281051
1458.402,3.059480388
1458.502,3.059799326
1458.602,3.06003853
1458.702,3.060317601
1458.802,3.060556805
1458.902,3.060796009
1459.002,3.060955478
1459.102,3.061314284
1459.202,3.061593355
1459.302,3.061832559
1459.402,3.06211163
1459.502,3.062350834
1459.602,3.062629905
1459.702,3.062829241
1459.802,3.063108312
1459.902,3.063307649
1460.002,3.063666455
1460.102,3.063865791
1460.202,3.064065128
1460.302,3.064304332
1460.402,3.064583403
1460.502,3.064942209
1460.602,3.065101678
1460.702,3.065380749
1460.802,3.065619953
1460.902,3.065899024
1461.002,3.066138228
1461.102,3.066297697
1461.202,3.066497034
1461.302,3.066855839
1461.402,3.06713491
1461.502,3.067334247
1461.602,3.067613318
1461.702,3.067892389
1461.802,3.068011991
1461.902,3.068370797
1462.002,3.068570134
1462.102,3.068889072
1462.202,3.068968807
1462.302,3.069327612
1462.402,3.069566816
1462.502,3.069726286
1462.602,3.070085091
1462.702,3.070284428
1462.802,3.070483764
1462.902,3.070762836
1463.002,3.070962172
1463.102,3.071121641
1463.202,3.071320978
1463.302,3.071679784
1463.402,3.07187912
1463.502,3.072158192
1463.602,3.072357528
1463.702,3.072676467
1463.802,3.072796069
1463.902,3.073035272
1464.002,3.073314344
1464.102,3.07351368
1464.202,3.073792751
1464.302,3.073952221
1464.402,3.074271159
1464.502,3.074430628
1464.602,3.074669832
1464.702,3.074909036
1464.802,3.075108373
1464.902,3.075347576
1465.002,3.075626648
1465.102,3.075825984
1465.202,3.076025321
1465.302,3.076344259
1465.402,3.076503729
1465.502,3.076742932
1465.602,3.076982136
1465.702,3.077181473
1465.802,3.077420677
1465.902,3.077699748
1466.002,3.077938952
1466.102,3.078098421
1466.202,3.078297758
1466.302,3.078536962
1466.402,3.078776165
1466.502,3.079015369
1466.602,3.079254573
1466.702,3.079493777
1466.802,3.079613379
1466.902,3.079932318
1467.002,3.080131654
1467.102,3.080211389
1467.202,3.080610062
1467.302,3.080729664
1467.402,3.081008735
1467.502,3.081208072
1467.602,3.081407408
1467.702,3.081606745
1467.802,3.081806081
1467.902,3.082045285
1468.002,3.082284489
1468.102,3.082443958
1468.202,3.08272303
1468.302,3.082922366
1468.402,3.083002101
1468.502,3.083400774
1468.602,3.083560243
1468.702,3.083839314
1468.802,3.083958916
1468.902,3.08419812
1469.002,3.084397457
1469.102,3.084636661
1469.202,3.084875865
1469.302,3.085154936
1469.402,3.085274538
1469.502,3.085553609
1469.602,3.085752946
1469.702,3.085912415
1469.802,3.086191486
1469.902,3.086390823
1470.002,3.086510425
1470.102,3.086709761
1470.202,3.086948965
1470.302,3.087307771
1470.402,3.08746724
1470.502,3.087666577
1470.602,3.087826046
1470.702,3.087985516
1470.802,3.088184852
1470.902,3.088503791
1471.002,3.08866326
1471.102,3.088942331
1471.202,3.0891018
1471.302,3.089221402
1471.402,3.089460606
1471.502,3.08969981
1471.602,3.089939014
1471.702,3.090218085
1471.802,3.090377555
1471.902,3.090497157
1472.002,3.090616759
1472.102,3.090935697
1472.202,3.091095166
1472.302,3.091294503
1472.402,3.091533707
1472.502,3.091693176
1472.602,3.09193238
1472.702,3.092131717
1472.802,3.092331053
1472.902,3.09253039
1473.002,3.092769594
1473.102,3.093008798
1473.202,3.093168267
1473.302,3.093327736
1473.402,3.093487206
1473.502,3.093766277
1473.602,3.093965614
1473.702,3.09416495
1473.802,3.094284552
1473.902,3.094483889
1474.002,3.09476296
1474.102,3.094882562
1474.202,3.095121766
1474.302,3.095321102
1474.402,3.095520439
1474.502,3.09579951
1474.602,3.095879245
1474.702,3.096118449
1474.802,3.096277918
1474.902,3.096437387
1475.002,3.096676591
1475.102,3.096836061
1475.202,3.09699553
1475.302,3.097274601
1475.402,3.097473938
1475.502,3.097673274
1475.602,3.097872611
1475.702,3.09803208
1475.802,3.098311152
1475.902,3.098430754
1476.002,3.098510488
1476.102,3.09878956
1476.202,3.099028763
1476.302,3.099148365
1476.402,3.099387569
1476.502,3.099547039
1476.602,3.099746375
1476.702,3.099945712
1476.802,3.100145049
1476.902,3.100304518
1477.002,3.100583589
1477.102,3.100663324
1477.202,3.100942395
1477.302,3.101141732
1477.402,3.101380936
1477.502,3.101420803
1477.602,3.101739742
1477.702,3.101819476
1477.802,3.102018813
1477.902,3.102218149
1478.002,3.102417486
1478.102,3.102576955
1478.202,3.102816159
1478.302,3.103015496
1478.402,3.103135098
1478.502,3.103334435
1478.602,3.103493904
1478.702,3.103653373
1478.802,3.103892577
1478.902,3.104091914
1479.002,3.104251383
1479.102,3.10445072
1479.202,3.104610189
1479.302,3.104849393
1479.402,3.105008862
1479.502,3.105208199
1479.602,3.105367668
1479.702,3.105567005
1479.802,3.105766341
1479.902,3.105925811
1480.002,3.10608528
1480.102,3.106284617
1480.202,3.106483953
1480.302,3.10668329
1480.402,3.106802892
1480.502,3.106882627
1480.602,3.107201565
1480.702,3.107321167
1480.802,3.107440769
1480.902,3.107679973
1481.002,3.107839442
1481.102,3.108078646
1481.202,3.108198248
1481.302,3.108397585
1481.402,3.108596922
1481.502,3.108716524
1481.602,3.108955728
1481.702,3.109155064
1481.802,3.109274666
1481.902,3.109474003
1482.002,3.109593605
1482.102,3.109792942
1482.202,3.109912544
1482.302,3.110151748
1482.402,3.110311217
1482.502,3.110550421
1482.602,3.110670023
1482.702,3.110909227
1482.802,3.111068696
1482.902,3.111228165
1483.002,3.111347767
1483.102,3.111547104
1483.202,3.111746441
1483.302,3.111866043
1483.402,3.112184981
1483.502,3.112184981
1483.602,3.112424185
1483.702,3.112703257
1483.802,3.112743124
1483.902,3.112982328
1484.002,3.113062063
1484.102,3.113301267
1484.202,3.113460736
1484.302,3.113620205
1484.402,3.113819542
1484.502,3.114018879
1484.602,3.114138481
1484.702,3.114258083
1484.802,3.114377685
1484.902,3.114696623
1485.002,3.114816225
1485.102,3.115015562
1485.202,3.115135164
1485.302,3.1153345
1485.402,3.115533837
1485.502,3.115653439
1485.602,3.115892643
1485.702,3.116052112
1485.802,3.116131847
1485.902,3.116331184
1486.002,3.11653052
1486.102,3.116650122
1486.202,3.116849459
1486.302,3.117008928
1486.402,3.117168398
1486.502,3.117367734
1486.602,3.117527204
1486.702,3.117646806
1486.802,3.117846142
1486.902,3.118005612
1487.002,3.118125214
1487.102,3.11832455
1487.202,3.11848402
1487.302,3.118643489
1487.402,3.118802958
1487.502,3.119002295
1487.602,3.119161764
1487.702,3.119281366
1487.802,3.119400968
1487.902,3.119719907
1488.002,3.119719907
1488.102,3.119919244
1488.202,3.12011858
1488.302,3.120317917
1488.402,3.120517254
1488.502,3.120676723
1488.602,3.120796325
1488.702,3.120915927
1488.802,3.121155131
1488.902,3.121234866
1489.002,3.121354468
1489.102,3.121553804
1489.202,3.121673406
1489.302,3.121872743
1489.402,3.122032212
1489.502,3.122271416
1489.602,3.122391018
1489.702,3.12251062
1489.802,3.122749824
1489.902,3.122869426
1490.002,3.122989028
1490.102,3.12310863
1490.202,3.123387702
1490.302,3.123507304
1490.402,3.123666773
1490.502,3.123786375
1490.602,3.123905977
1490.702,3.124145181
1490.802,3.124224916
1490.902,3.12446412
1491.002,3.124583722
1491.102,3.124743191
1491.202,3.124982395
1491.302,3.125022263
1491.402,3.125221599
1491.502,3.125460803
1491.602,3.125460803
1491.702,3.125700007
1491.802,3.125859477
1491.902,3.125979079
1492.002,3.126058813
1492.102,3.126377752
1492.202,3.126417619
1492.302,3.126696691
1492.402,3.126736558
1492.502,3.126975762
1492.602,3.127095364
1492.702,3.127254833
1492.802,3.127374435
1492.902,3.127533905
1493.002,3.127733241
1493.102,3.127812976
1493.202,3.127972446
1493.302,3.128131915
1493.402,3.128291384
1493.502,3.128570456
1493.602,3.12865019
1493.702,3.128729925
1493.802,3.128969129
1493.902,3.129048864
1494.002,3.129208333
1494.102,3.129327935
1494.202,3.129487404
1494.302,3.129686741
1494.402,3.129806343
1494.502,3.129965812
1494.602,3.130125282
1494.702,3.130284751
1494.802,3.13044422
1494.902,3.130563823
1495.002,3.130723292
1495.102,3.130882761
1495.202,3.131042231
1495.302,3.131241567
1495.402,3.131361169
1495.502,3.131480771
1495.602,3.131600373
1495.702,3.131759843
1495.802,3.132038914
1495.902,3.132038914
1496.002,3.132278118
1496.102,3.132357853
1496.202,3.132557189
1496.302,3.132676791
1496.402,3.132876128
1496.502,3.132915996
1496.602,3.1331552
1496.702,3.133274802
1496.802,3.133474138
1496.902,3.133553873
1497.002,3.13375321
1497.102,3.133872812
1497.202,3.133992414
1497.302,3.134231618
1497.402,3.134311352
1497.502,3.134430954
1497.602,3.134590424
1497.702,3.134710026
1497.802,3.13494923
1497.902,3.13494923
1498.002,3.135108699
1498.102,3.135268169
1498.202,3.135427638
1498.302,3.135587107
1498.402,3.135746577
1498.502,3.135866179
1498.602,3.135945913
1498.702,3.136185117
1498.802,3.136304719
1498.902,3.136464189
1499.002,3.136623658
1499.102,3.136703393
1499.202,3.136982464
1499.302,3.136982464
1499.402,3.137181801
1499.502,3.13734127
1499.602,3.137421005
1499.702,3.13750074
1499.802,3.137700076
1499.902,3.137939281
1500.002,3.138019015
1500.102,3.138218352
1500.202,3.138377821
1500.302,3.138377821
1500.402,3.138617025
1500.502,3.138736627
1500.602,3.138975831
1500.702,3.139015699
1500.802,3.139215035
1500.902,3.139334637
1501.002,3.139414372
1501.102,3.139613709
1501.202,3.139773178
1501.302,3.13989278
1501.402,3.139932648
1501.502,3.140211719
1501.602,3.140331321
1501.702,3.140450923
1501.802,3.14049079
1501.902,3.140690127
1502.002,3.140849597
1502.102,3.141009066
1502.202,3.141088801
1502.302,3.14124827
1502.402,3.141447607
1502.502,3.141487474
1502.602,3.141686811
1502.702,3.14184628
1502.802,3.14200575
1502.902,3.142045617
1503.002,3.142244954
1503.102,3.142324688
1503.202,3.142524025
1503.302,3.142643627
1503.402,3.142882831
1503.502,3.142922698
1503.602,3.143002433
1503.702,3.143161903
1503.802,3.143321372
1503.902,3.143480841
1504.002,3.143560576
1504.102,3.143680178
1504.202,3.143879515
1504.302,3.144038984
1504.402,3.144118719
1504.502,3.144318056
1504.602,3.14439779
1504.702,3.144517392
1504.802,3.144636994
1504.902,3.144796464
1505.002,3.1449958
1505.102,3.145075535
1505.202,3.145195137
1505.302,3.145274872
1505.402,3.145553943
1505.502,3.145673545
1505.602,3.145713413
1505.702,3.145872882
1505.802,3.146032351
1505.902,3.146191821
1506.002,3.146271555
1506.102,3.146391158
1506.202,3.14651076
1506.302,3.146749964
1506.402,3.146829698
1506.502,3.1469493
1506.602,3.147148637
1506.702,3.147148637
1506.802,3.147347974
1506.902,3.147467576
1507.002,3.147547311
1507.102,3.14770678
1507.202,3.147866249
1507.302,3.147945984
1507.402,3.148185188
1507.502,3.148344658
1507.602,3.148424392
1507.702,3.148543994
1507.802,3.148623729
1507.902,3.148823066
1508.002,3.1489028
1508.102,3.14906227
1508.202,3.149142004
1508.302,3.149381209
1508.402,3.149421076
1508.502,3.149540678
1508.602,3.149620413
1508.702,3.149779882
1508.802,3.149899484
1508.902,3.150138688
1509.002,3.15025829
1509.102,3.150338025
1509.202,3.150457627
1509.302,3.150617096
1509.402,3.150736698
1509.502,3.1508563
1509.602,3.151055637
1509.702,3.151175239
1509.802,3.151294841
1509.902,3.151334709
1510.002,3.151454311
1510.102,3.151573913
1510.202,3.151733382
1510.302,3.151892851
1510.402,3.151972586
1510.502,3.152171923
1510.602,3.152251658
1510.702,3.152291525
1510.802,3.152490862
1510.902,3.152650331
1511.002,3.152809801
1511.102,3.152849668
1511.202,3.153049005
1511.302,3.153208474
1511.402,3.153208474
1511.502,3.153367943
1511.602,3.153607148
1511.702,3.153686882
1511.802,3.153806484
1511.902,3.153926086
1512.002,3.154085556
1512.102,3.15416529
1512.202,3.154404495
1512.302,3.154404495
1512.402,3.154563964
1512.502,3.154683566
1512.602,3.154803168
1512.702,3.15492277
1512.802,3.155082239
1512.902,3.155201842
1513.002,3.155281576
1513.102,3.155401178
1513.202,3.155560648
1513.302,3.155640382
1513.402,3.155799852
1513.502,3.155879586
1513.602,3.155919454
1513.702,3.156118791
1513.802,3.15627826
1513.902,3.156437729
1514.002,3.156517464
1514.102,3.156557331
1514.202,3.156796536
1514.302,3.156796536
1514.402,3.156956005
1514.502,3.157155342
1514.602,3.157274944
1514.702,3.157354678
1514.802,3.157514148
1514.902,3.15763375
1515.002,3.157833087
1515.102,3.157872954
1515.202,3.157992556
1515.302,3.158152026
1515.402,3.158191893
1515.502,3.158351362
1515.602,3.158510832
1515.702,3.158550699
1515.802,3.158750036
1515.902,3.158829771
1516.002,3.15898924
1516.102,3.159148709
1516.202,3.159268311
1516.302,3.159427781
1516.402,3.159507516
1516.502,3.159507516
1516.602,3.159666985
1516.702,3.159786587
1516.802,3.159946056
1516.902,3.160065658
1517.002,3.160225128
1517.102,3.160264995
1517.202,3.160384597
1517.302,3.160504199
1517.402,3.160703536
1517.502,3.160743403
1517.602,3.160902873
1517.702,3.160982608
1517.802,3.16110221
1517.902,3.161221812
1518.002,3.161341414
1518.102,3.161461016
1518.202,3.161500883
1518.302,3.161740087
1518.402,3.161819822
1518.502,3.161979291
1518.602,3.162059026
1518.702,3.162258363
1518.802,3.162417832
1518.902,3.1624577
1519.002,3.162617169
1519.102,3.162696904
1519.202,3.162856373
1519.302,3.162856373
1519.402,3.163095577
1519.502,3.163135445
1519.602,3.163255047
1519.702,3.163294914
1519.802,3.163573986
1519.902,3.163573986
1520.002,3.16381319
1520.102,3.163853057
1520.202,3.164052394
1520.302,3.164092261
1520.402,3.164211863
1520.502,3.164371333
1520.602,3.1644112
1520.702,3.164570669
1520.802,3.164730139
1520.902,3.164849741
1521.002,3.164969343
1521.102,3.165049078
1521.202,3.165208547
1521.302,3.165248415
1521.402,3.165368017
1521.502,3.165487619
1521.602,3.165567353
1521.702,3.16576669
1521.802,3.165846425
1521.902,3.16592616
1522.002,3.166045762
1522.102,3.166125496
1522.202,3.166284966
1522.302,3.1663647
1522.402,3.166484303
1522.502,3.166683639
1522.602,3.166803241
1522.702,3.166763374
1522.802,3.166922843
1522.902,3.167082313
1523.002,3.167241782
1523.102,3.167480986
1523.202,3.167480986
1523.302,3.167520854
1523.402,3.167640456
1523.502,3.167640456
1523.602,3.167839793
1523.702,3.168039129
1523.802,3.168118864
1523.902,3.168198599
1524.002,3.168318201
1524.102,3.168437803
1524.202,3.168597272
1524.302,3.168716875
1524.402,3.168677007
1524.502,3.168916211
1524.602,3.169035813
1524.702,3.169115548
1524.802,3.169354752
1524.902,3.16939462
1525.002,3.169474354
1525.102,3.169514222
1525.202,3.169673691
1525.302,3.169753426
1525.402,3.169952763
1525.502,3.170032497
1525.602,3.170152099
1525.702,3.170271701
1525.802,3.170351436
1525.902,3.170550773
1526.002,3.17059064
1526.102,3.17075011
1526.202,3.170829844
1526.302,3.170949447
1526.402,3.170989314
1526.502,3.171029181
1526.602,3.171228518
1526.702,3.171308253
1526.802,3.171467722
1526.902,3.171587324
1527.002,3.171627192
1527.102,3.171746794
1527.202,3.171866396
1527.302,3.17194613
1527.402,3.1721056
1527.502,3.172185335
1527.602,3.172344804
1527.702,3.172424539
1527.802,3.172584008
1527.902,3.172663743
1528.002,3.172783345
1528.102,3.172902947
1528.202,3.173062417
1528.302,3.173182019
1528.402,3.173221886
1528.502,3.173341488
1528.602,3.173421223
1528.702,3.173500958
1528.802,3.17362056
1528.902,3.173780029
1529.002,3.173939498
1529.102,3.174019233
1529.202,3.174098968
1529.302,3.174138835
1529.402,3.174338172
1529.502,3.174417907
1529.602,3.174497641
1529.702,3.174657111
1529.802,3.174696978
1529.902,3.174856448
1530.002,3.174936182
1530.102,3.175095652
1530.202,3.175135519
1530.302,3.175255121
1530.402,3.175374723
1530.502,3.175534193
1530.602,3.175613928
1530.702,3.175693662
1530.802,3.175813264
1530.902,3.175853132
1531.002,3.175972734
1531.102,3.176132203
1531.202,3.176291673
1531.302,3.176371407
1531.402,3.176451142
1531.502,3.176570744
1531.602,3.176650479
1531.702,3.176730214
1531.802,3.176889683
1531.902,3.176969418
1532.002,3.176969418
1532.102,3.177208622
1532.202,3.177248489
1532.302,3.177447826
1532.402,3.177447826
1532.502,3.177607296
1532.602,3.17768703
1532.702,3.1778465
1532.802,3.177926235
1532.902,3.178005969
1533.002,3.178165439
1533.102,3.178245173
1533.202,3.178324908
1533.302,3.178484378
1533.402,3.178524245
1533.502,3.178723582
1533.602,3.178803316
1533.702,3.178962786
1533.802,3.178962786
1533.902,3.179082388
1534.002,3.17920199
1534.102,3.17936146
1534.202,3.17936146
1534.302,3.179520929
1534.402,3.179600664
1534.502,3.179680398
1534.602,3.179760133
1534.702,3.17995947
1534.802,3.17995947
1534.902,3.180079072
1535.002,3.180238542
1535.102,3.180318276
1535.202,3.180517613
1535.302,3.180597348
1535.402,3.18071695
1535.502,3.180756817
1535.602,3.180836552
1535.702,3.180956154
1535.802,3.181075756
1535.902,3.181195358
1536.002,3.18131496
1536.102,3.18131496
1536.202,3.181394695
1536.302,3.181594032
1536.402,3.181673767
1536.502,3.181753501
1536.602,3.181793369
1536.702,3.181912971
1536.802,3.18207244
1536.902,3.182112308
1537.002,3.182271777
1537.102,3.182391379
1537.202,3.182510981
1537.302,3.182550849
1537.402,3.182630583
1537.502,3.182750185
1537.602,3.18282992
1537.702,3.18298939
1537.802,3.183029257
1537.902,3.183188726
1538.002,3.183268461
1538.102,3.183388063
1538.202,3.183427931
1538.302,3.1835874
1538.402,3.183707002
1538.502,3.183786737
1538.602,3.183906339
1538.702,3.183906339
1538.802,3.184145543
1538.902,3.184225278
1539.002,3.184305013
1539.102,3.184265145
1539.202,3.184504349
1539.302,3.184623952
1539.402,3.184703686
1539.502,3.184783421
1539.602,3.18494289
1539.702,3.185022625
1539.802,3.185022625
1539.902,3.185261829
1540.002,3.185341564
1540.102,3.185421299
1540.202,3.185461166
1540.302,3.185660503
1540.402,3.185660503
1540.502,3.185740238
1540.602,3.185979442
1540.702,3.186059177
1540.802,3.186099044
1540.902,3.186218646
1541.002,3.186258514
1541.102,3.186417983
1541.202,3.18645785
1541.302,3.18661732
1541.402,3.186736922
1541.502,3.186736922
1541.602,3.186896391
1541.702,3.186976126
1541.802,3.187095728
1541.902,3.187095728
1542.002,3.187295065
1542.102,3.187414667
1542.202,3.187494402
1542.302,3.187494402
1542.402,3.187653871
1542.502,3.187733606
1542.602,3.187893076
1542.702,3.187853208
1542.802,3.188012678
1542.902,3.188172147
1543.002,3.188212014
1543.102,3.188371484
1543.202,3.188411351
1543.302,3.188451219
1543.402,3.188610688
1543.502,3.188690423
1543.602,3.188849892
1543.702,3.189009362
1543.802,3.189049229
1543.902,3.189089097
1544.002,3.189128964
1544.102,3.189208699
1544.202,3.189328301
1544.302,3.18948777
1544.402,3.189607372
1544.502,3.18964724
1544.602,3.189766842
1544.702,3.189846577
1544.802,3.190006046
1544.902,3.190125648
1545.002,3.190205383
1545.102,3.190205383
1545.202,3.190324985
1545.302,3.190444587
1545.402,3.190524322
1545.502,3.190643924
1545.602,3.190763526
1545.702,3.190803393
1545.802,3.190843261
1545.902,3.191042598
1546.002,3.191042598
1546.102,3.1911622
1546.202,3.191281802
1546.302,3.191401404
1546.402,3.191441271
1546.502,3.191560873
1546.602,3.191680475
1546.702,3.191800078
1546.802,3.191800078
1546.902,3.191959547
1547.002,3.192039282
1547.102,3.192119017
1547.202,3.192278486
1547.302,3.192398088
1547.402,3.192437955
1547.502,3.192437955
1547.602,3.192597425
1547.702,3.192756894
1547.802,3.192756894
1547.902,3.192956231
1548.002,3.192996099
1548.102,3.193155568
1548.202,3.193235303
1548.302,3.193315038
1548.402,3.193394772
1548.502,3.193474507
1548.602,3.193633977
1548.702,3.193673844
1548.802,3.193713711
1548.902,3.193793446
1549.002,3.193952915
1549.102,3.19403265
1549.202,3.194072518
1549.302,3.194271854
1549.402,3.194311722
1549.502,3.194391457
1549.602,3.194431324
1549.702,3.194590793
1549.802,3.194670528
1549.902,3.194829998
1550.002,3.194869865
1550.102,3.1949496
1550.202,3.195029334
1550.302,3.195069202
1550.402,3.195188804
1550.502,3.195308406
1550.602,3.195388141
1550.702,3.195467876
1550.802,3.195507743
1550.902,3.195667212
1551.002,3.195786814
1551.102,3.195786814
1551.202,3.195946284
1551.302,3.196105753
1551.402,3.196105753
1551.502,3.196265223
1551.602,3.196265223
1551.702,3.196344958
1551.802,3.19646456
1551.902,3.196584162
1552.002,3.196663897
1552.102,3.196703764
1552.202,3.196903101
1552.302,3.19706257
1552.402,3.19706257
1552.502,3.197102438
1552.602,3.19722204
1552.702,3.197301775
1552.802,3.197381509
1552.902,3.197461244
1553.002,3.197620714
1553.102,3.197620714
1553.202,3.197740316
1553.302,3.197859918
1553.402,3.197899785
1553.502,3.198059255
1553.602,3.198099122
1553.702,3.198218724
1553.802,3.198338326
1553.902,3.198378194
1554.002,3.198457928
1554.102,3.198617398
1554.202,3.198657265
1554.302,3.198737
1554.402,3.198816735
1554.502,3.198896469
1554.602,3.199055939
1554.702,3.199016072
1554.802,3.199135674
1554.902,3.199295143
1555.002,3.199335011
1555.102,3.19949448
1555.202,3.199574215
1555.302,3.19965395
1555.402,3.199693817
1555.502,3.199773552
1555.602,3.200012756
1555.702,3.200012756
1555.802,3.200092491
1555.902,3.200172225
1556.002,3.200172225
1556.102,3.200331695
1556.202,3.200451297
1556.302,3.200531032
1556.402,3.200650634
1556.502,3.200690501
1556.602,3.200849971
1556.702,3.200810103
1556.802,3.200929705
1556.902,3.20100944
1557.002,3.201049308
1557.102,3.201208777
1557.202,3.201288512
1557.302,3.201447981
1557.402,3.201487849
1557.502,3.201607451
1557.602,3.201607451
1557.702,3.201727053
1557.802,3.201846655
1557.902,3.201886522
1558.002,3.202006125
1558.102,3.202045992
1558.202,3.202125727
1558.302,3.202205461
1558.402,3.202364931
1558.502,3.202484533
1558.602,3.202484533
1558.702,3.202604135
1558.802,3.202763605
1558.902,3.202803472
1559.002,3.202843339
1559.102,3.202962941
1559.202,3.203042676
1559.302,3.203122411
1559.402,3.203242013
1559.502,3.20328188
1559.602,3.20344135
1559.702,3.203560952
1559.802,3.203640687
1559.902,3.203600819
1560.002,3.203720422
1560.102,3.203760289
1560.202,3.203879891
1560.302,3.204039361
1560.402,3.204039361
1560.502,3.204238697
1560.602,3.204318432
1560.702,3.204318432
1560.802,3.204438034
1560.902,3.204477902
1561.002,3.204637371
1561.102,3.204637371
1561.202,3.204756973
1561.302,3.204916443
1561.402,3.204916443
1561.502,3.205075912
1561.602,3.20511578
1561.702,3.205275249
1561.802,3.205235382
1561.902,3.205434719
1562.002,3.205474586
1562.102,3.205514453
1562.202,3.205554321
1562.302,3.205793525
1562.402,3.20571379
1562.502,3.205913127
1562.602,3.205913127
1562.702,3.206032729
1562.802,3.206032729
1562.902,3.206192199
1563.002,3.206311801
1563.102,3.206391536
1563.202,3.206431403
1563.302,3.206590873
1563.402,3.20663074
1563.502,3.206710475
1563.602,3.206790209
1563.702,3.206909812
1563.802,3.207029414
1563.902,3.207109148
1564.002,3.207029414
1564.102,3.207348353
1564.202,3.207268618
1564.302,3.207308485
1564.402,3.207467955
1564.502,3.20754769
1564.602,3.207587557
1564.702,3.207707159
1564.802,3.207747026
1564.902,3.207906496
1565.002,3.207906496
1565.102,3.208026098
1565.202,3.2081457
1565.302,3.208225435
1565.402,3.20830517
1565.502,3.208384905
1565.602,3.208464639
1565.702,3.208544374
1565.802,3.208624109
1565.902,3.208783578
1566.002,3.208703844
1566.102,3.20890318
1566.202,3.208943048
1566.302,3.209022783
1566.402,3.209261987
1566.502,3.209182252
1566.602,3.209261987
1566.702,3.209301854
1566.802,3.209501191
1566.902,3.209501191
1567.002,3.209660661
1567.102,3.209660661
1567.202,3.20982013
1567.302,3.20982013
1567.402,3.209939732
1567.502,3.210019467
1567.602,3.210139069
1567.702,3.210178936
1567.802,3.210338406
1567.902,3.210298539
1568.002,3.210458008
1568.102,3.210497875
1568.202,3.210617478
1568.302,3.210776947
1568.402,3.210816815
1568.502,3.210856682
1568.602,3.210936417
1568.702,3.211016151
1568.802,3.211056019
1568.902,3.211175621
1569.002,3.211255356
1569.102,3.211295223
1569.202,3.211454693
1569.302,3.21149456
1569.402,3.211654029
1569.502,3.211733764
1569.602,3.211773632
1569.702,3.211853366
1569.802,3.211893234
1569.902,3.211972968
1570.002,3.211972968
1570.102,3.212132438
1570.202,3.212212173
1570.302,3.212331775
1570.402,3.212451377
1570.502,3.212451377
1570.602,3.212451377
1570.702,3.212610847
1570.802,3.212730449
1570.902,3.212770316
1571.002,3.212850051
1571.102,3.212969653
1571.202,3.213089255
1571.302,3.213089255
1571.402,3.213208857
1571.502,3.213288592
1571.602,3.213288592
1571.702,3.213408194
1571.802,3.213567664
1571.902,3.213687266
1572.002,3.213687266
1572.102,3.213727133
1572.202,3.213846735
1572.302,3.214006205
1572.402,3.214125807
1572.502,3.214006205
1572.602,3.214125807
1572.702,3.214245409
1572.802,3.214325144
1572.902,3.214404879
1573.002,3.214444746
1573.102,3.214564348
1573.202,3.21468395
1573.302,3.21468395
1573.402,3.214763685
1573.502,3.214923155
1573.602,3.215002889
1573.702,3.215002889
1573.802,3.215122491
1573.902,3.215202226
1574.002,3.215162359
1574.102,3.215361696
1574.202,3.215481298
1574.302,3.215481298
1574.402,3.2156009
1574.502,3.215481298
1574.602,3.215760369
1574.702,3.215760369
1574.802,3.215879972
1574.902,3.215919839
1575.002,3.216079309
1575.102,3.216159043
1575.202,3.216198911
1575.302,3.216318513
1575.402,3.216318513
1575.502,3.216438115
1575.602,3.216557717
1575.702,3.216597584
1575.802,3.216677319
1575.902,3.216757054
1576.002,3.216757054
1576.102,3.216876656
1576.202,3.216996258
1576.302,3.217075993
1576.402,3.217155728
1576.502,3.217195595
1576.602,3.217355065
1576.702,3.217315197
1576.802,3.217474667
1576.902,3.217554402
1577.002,3.217634136
1577.102,3.217674004
1577.202,3.217713871
1577.302,3.217873341
1577.402,3.217992943
1577.502,3.218072678
1577.602,3.21803281
1577.702,3.21819228
1577.802,3.218272014
1577.902,3.218351749
1578.002,3.218431484
1578.102,3.218551086
1578.202,3.218511219
1578.302,3.218590954
1578.402,3.218750423
1578.502,3.21879029
1578.602,3.218909893
1578.702,3.218830158
1578.802,3.219069362
1578.902,3.219069362
1579.002,3.219069362
1579.102,3.219109229
1579.202,3.219308566
1579.302,3.219268699
1579.402,3.219547771
1579.502,3.219468036
1579.602,3.219547771
1579.702,3.219747108
1579.802,3.219747108
1579.902,3.219786975
1580.002,3.219986312
1580.102,3.219946445
1580.202,3.220026179
1580.302,3.220066047
1580.402,3.220225516
1580.502,3.220305251
1580.602,3.220345118
1580.702,3.220384986
1580.802,3.220504588
1580.902,3.220584323
1581.002,3.220664057
1581.102,3.220743792
1581.202,3.220823527
1581.302,3.220903262
1581.402,3.220943129
1581.502,3.221062731
1581.602,3.221182333
1581.702,3.221142466
1581.802,3.221182333
1581.902,3.22138167
1582.002,3.22138167
1582.102,3.22154114
1582.202,3.22154114
1582.302,3.221700609
1582.402,3.221780344
1582.502,3.221899946
1582.602,3.221820212
1582.702,3.221939814
1582.802,3.221939814
1582.902,3.222099283
1583.002,3.222139151
1583.102,3.222139151
1583.202,3.222258753
1583.302,3.22245809
1583.402,3.222418222
1583.502,3.222577692
1583.602,3.222537824
1583.702,3.222737161
1583.802,3.222657427
1583.902,3.222856763
1584.002,3.222896631
1584.102,3.222936498
1584.202,3.2230561
1584.302,3.223135835
1584.402,3.223135835
1584.502,3.223255437
1584.602,3.223375039
1584.702,3.223375039
1584.802,3.223454774
1584.902,3.223534509
1585.002,3.223693979
1585.102,3.223733846
1585.202,3.223693979
1585.302,3.223893315
1585.402,3.223933183
1585.502,3.224012918
1585.602,3.224052785
1585.702,3.22413252
1585.802,3.224252122
1585.902,3.224252122
1586.002,3.224411591
1586.102,3.224451459
1586.202,3.224650796
1586.302,3.224571061
1586.402,3.224650796
1586.502,3.224770398
1586.602,3.224850133
1586.702,3.22489
1586.802,3.22489
1586.902,3.225009602
1587.002,3.225169072
1587.102,3.225169072
1587.202,3.225288674
1587.302,3.225328541
1587.402,3.225448143
1587.502,3.225567746
1587.602,3.225448143
1587.702,3.225567746
1587.802,3.225767083
1587.902,3.225727215
1588.002,3.225846817
1588.102,3.22580695
1588.202,3.226006287
1588.302,3.226086022
1588.402,3.226125889
1588.502,3.226125889
1588.602,3.226325226
1588.702,3.226404961
1588.802,3.226444828
1588.902,3.226484695
1589.002,3.22656443
1589.102,3.22656443
1589.202,3.226684032
1589.302,3.226763767
1589.402,3.226843502
1589.502,3.226883369
1589.602,3.226963104
1589.702,3.226963104
1589.802,3.227122574
1589.902,3.227202308
1590.002,3.227282043
1590.102,3.227361778
1590.202,3.227441513
1590.302,3.227441513
1590.402,3.227521247
1590.502,3.22764085
1590.602,3.227680717
1590.702,3.227800319
1590.802,3.227840187
1590.902,3.227840187
1591.002,3.227999656
1591.102,3.227999656
1591.202,3.228039524
1591.302,3.228198993
1591.402,3.22823886
1591.502,3.228358463
1591.602,3.22839833
1591.702,3.228438197
1591.802,3.2285578
1591.902,3.228637534
1592.002,3.228677402
1592.102,3.228677402
1592.202,3.228797004
1592.302,3.228996341
1592.402,3.228996341
1592.502,3.229036208
1592.602,3.229115943
1592.702,3.22915581
1592.802,3.229195678
1592.902,3.22931528
1593.002,3.229395015
1593.102,3.229434882
1593.202,3.229474749
1593.302,3.229594352
1593.402,3.229594352
1593.502,3.229793689
1593.602,3.229833556
1593.702,3.229913291
1593.802,3.229993025
1593.902,3.23007276
1594.002,3.230152495
1594.102,3.23023223
1594.202,3.230272097
1594.302,3.230311965
1594.402,3.230311965
1594.502,3.230471434
1594.602,3.230551169
1594.702,3.230630904
1594.802,3.230670771
1594.902,3.230870108
1595.002,3.230830241
1595.102,3.230870108
1595.202,3.230949843
1595.302,3.231029578
1595.402,3.23114918
1595.502,3.231189047
1595.602,3.231189047
1595.702,3.231308649
1595.802,3.231388384
1595.902,3.231388384
1596.002,3.231507986
1596.102,3.231627588
1596.202,3.231627588
1596.302,3.231667456
1596.402,3.231826925
1596.502,3.231866793
1596.602,3.231946527
1596.702,3.231946527
1596.802,3.231986395
1596.902,3.232026262
1597.002,3.232225599
1597.102,3.232305334
1597.202,3.232385069
1597.302,3.232464804
1597.402,3.232424936
1597.502,3.232544538
1597.602,3.232624273
1597.702,3.23266414
1597.802,3.232704008
1597.902,3.232783743
1598.002,3.23282361
1598.102,3.232943212
1598.202,3.233022947
1598.302,3.233062814
1598.402,3.233182417
1598.502,3.233222284
1598.602,3.233262151
1598.702,3.233381753
1598.802,3.233461488
1598.902,3.233461488
1599.002,3.23358109
1599.102,3.233620958
1599.202,3.233660825
1599.302,3.23374056
1599.402,3.233820295
1599.502,3.23390003
1599.602,3.234019632
1599.702,3.234019632
1599.802,3.234099366
1599.902,3.234218969
1600.002,3.234218969
1600.102,3.234258836
1600.202,3.234378438
1600.302,3.234418306
1600.402,3.23449804
1600.502,3.234617643
1600.602,3.23465751
1600.702,3.234697377
1600.802,3.234816979
1600.902,3.234816979
1601.002,3.234816979
1601.102,3.234976449
1601.202,3.235016316
1601.302,3.235056184
1601.402,3.235135919
1601.502,3.235215653
1601.602,3.235255521
1601.702,3.235375123
1601.802,3.235454858
1601.902,3.235534592
1602.002,3.23557446
1602.102,3.235654195
1602.202,3.235733929
1602.302,3.235694062
1602.402,3.235813664
1602.502,3.235973134
1602.602,3.235893399
1602.702,3.236052869
1602.802,3.236052869
1602.902,3.236172471
1603.002,3.236252205
1603.102,3.236371808
1603.202,3.236411675
1603.302,3.236451542
1603.402,3.236451542
1603.502,3.236531277
1603.602,3.236611012
1603.702,3.236770482
1603.802,3.236690747
1603.902,3.236890084
1604.002,3.236850216
1604.102,3.236929951
1604.202,3.237049553
1604.302,3.237009686
1604.402,3.237129288
1604.502,3.237169155
1604.602,3.237288758
1604.702,3.23724889
1604.802,3.237448227
1604.902,3.237527962
1605.002,3.237527962
1605.102,3.237687432
1605.202,3.237647564
1605.302,3.237727299
1605.402,3.237767166
1605.502,3.237886769
1605.602,3.237966503
1605.702,3.238046238
1605.802,3.238046238
1605.902,3.23816584
1606.002,3.238205708
1606.102,3.238405045
1606.202,3.238444912
1606.302,3.238444912
1606.402,3.238484779
1606.502,3.238564514
1606.602,3.238604382
1606.702,3.238644249
1606.802,3.238684116
1606.902,3.238843586
1607.002,3.238843586
1607.102,3.238883453
1607.202,3.239042923
1607.302,3.239003055
1607.402,3.239162525
1607.502,3.239202392
1607.602,3.23924226
1607.702,3.239321995
1607.802,3.239321995
1607.902,3.239441597
1608.002,3.239481464
1608.102,3.239561199
1608.202,3.239561199
1608.302,3.239720669
1608.402,3.239720669
1608.502,3.239880138
1608.602,3.239880138
1608.702,3.239959873
1608.802,3.240039608
1608.902,3.240119342
1609.002,3.240238945
1609.102,3.240238945
1609.202,3.240358547
1609.302,3.240358547
1609.402,3.240518016
1609.502,3.240478149
1609.602,3.240518016
1609.702,3.240597751
1609.802,3.240677486
1609.902,3.240717353
1610.002,3.240836956
1610.102,3.240757221
1610.202,3.24091669
1610.302,3.240996425
1610.402,3.24107616
1610.502,3.241116027
1610.602,3.241195762
1610.702,3.241235629
1610.802,3.241355232
1610.902,3.241395099
1611.002,3.241434966
1611.102,3.241514701
1611.202,3.241514701
1611.302,3.241594436
1611.402,3.241714038
1611.502,3.241793773
1611.602,3.24183364
1611.702,3.241913375
1611.802,3.241913375
1611.902,3.242032977
1612.002,3.242072845
1612.102,3.242112712
1612.202,3.242192447
1612.302,3.242272182
1612.402,3.242351916
1612.502,3.242431651
1612.602,3.242551253
1612.702,3.242511386
1612.802,3.242630988
1612.902,3.242670856
1613.002,3.24275059
1613.102,3.24275059
1613.202,3.242870193
1613.302,3.24291006
1613.402,3.242949927
1613.502,3.242989795
1613.602,3.243109397
1613.702,3.243149264
1613.802,3.243308734
1613.902,3.243388469
1614.002,3.243428336
1614.102,3.243388469
1614.202,3.243388469
1614.302,3.243627673
1614.402,3.24366754
1614.502,3.243707408
1614.602,3.243747275
1614.702,3.243787143
1614.802,3.243866877
1614.902,3.243946612
1615.002,3.244026347
1615.102,3.244145949
1615.202,3.24398648
1615.302,3.244185817
1615.402,3.244185817
1615.502,3.244265551
1615.602,3.244385154
1615.702,3.244345286
1615.802,3.244464888
1615.902,3.244504756
1616.002,3.24458449
1616.102,3.24458449
1616.202,3.244704093
1616.302,3.244783827
1616.402,3.24490343
1616.502,3.244983164
1616.602,3.244943297
1616.702,3.244983164
1616.802,3.245142634
1616.902,3.245102767
1617.002,3.245222369
1617.102,3.245302104
1617.202,3.245341971
1617.302,3.245341971
1617.402,3.245581175
1617.502,3.245541308
1617.602,3.245581175
1617.702,3.245700778
1617.802,3.245700778
1617.902,3.24582038
1618.002,3.245780512
1618.102,3.245900115
1618.202,3.245979849
1618.302,3.246059584
1618.402,3.246099451
1618.502,3.246099451
1618.602,3.246179186
1618.702,3.246258921
1618.802,3.246378523
1618.902,3.246298788
1619.002,3.246418391
1619.102,3.246498125
1619.202,3.24657786
1619.302,3.24657786
1619.402,3.246657595
1619.502,3.24673733
1619.602,3.246856932
1619.702,3.246856932
1619.802,3.246896799
1619.902,3.247056269
1620.002,3.247056269
1620.102,3.247136004
1620.202,3.247136004
1620.302,3.247215739
1620.402,3.247415076
1620.502,3.247375208
1620.602,3.247454943
1620.702,3.247454943
1620.802,3.247534678
1620.902,3.247534678
1621.002,3.24765428
1621.102,3.247694147
1621.202,3.24781375
1621.302,3.24781375
1621.402,3.247773882
1621.502,3.247933352
1621.602,3.247973219
1621.702,3.248132689
1621.802,3.248092821
1621.902,3.248172556
1622.002,3.248212423
1622.102,3.248332026
1622.202,3.248292158
1622.302,3.248491495
1622.402,3.248531363
1622.502,3.248611097
1622.602,3.248611097
1622.702,3.2487307
1622.802,3.248770567
1622.902,3.248890169
1623.002,3.248810434
1623.102,3.248969904
1623.202,3.249009771
1623.302,3.249049639
1623.402,3.249089506
1623.502,3.249129374
1623.602,3.249248976
1623.702,3.249328711
1623.802,3.249328711
1623.902,3.249368578
1624.002,3.249528048
1624.102,3.249528048
1624.202,3.249607782
1624.302,3.249607782
1624.402,3.249687517
1624.502,3.249727385
1624.602,3.249767252
1624.702,3.249926722
1624.802,3.249886854
1624.902,3.249966589
1625.002,3.250046324
1625.102,3.250086191
1625.202,3.250126059
1625.302,3.250245661
1625.402,3.250285528
1625.502,3.250325395
1625.602,3.250365263
1625.702,3.250524732
1625.802,3.250644335
1625.902,3.2505646
1626.002,3.250684202
1626.102,3.250763937
1626.202,3.250803804
1626.302,3.250843672
1626.402,3.250963274
1626.502,3.251082876
1626.602,3.251043009
1626.702,3.251003141
1626.802,3.251162611
1626.902,3.251122743
1627.002,3.251361948
1627.102,3.25132208
1627.202,3.251361948
1627.302,3.251361948
1627.402,3.25148155
1627.502,3.251521417
1627.602,3.251601152
1627.702,3.251680887
1627.802,3.251760622
1627.902,3.251760622
1628.002,3.251840357
1628.102,3.251920091
1628.202,3.251920091
1628.302,3.251959959
1628.402,3.252039694
1628.502,3.252079561
1628.602,3.252159296
1628.702,3.252278898
1628.802,3.252318765
1628.902,3.252278898
1629.002,3.252438368
1629.102,3.252438368
1629.202,3.252637705
1629.302,3.252597837
1629.402,3.252677572
1629.502,3.252757307
1629.602,3.252717439
1629.702,3.252797174
1629.802,3.252876909
1629.902,3.252916776
1630.002,3.252996511
1630.102,3.253116113
1630.202,3.253155981
1630.302,3.253155981
1630.402,3.253195848
1630.502,3.25331545
1630.602,3.253355318
1630.702,3.253355318
1630.802,3.25347492
1630.902,3.253435053
1631.002,3.253594522
1631.102,3.253594522
1631.202,3.253674257
1631.302,3.253753992
1631.402,3.253793859
1631.502,3.253873594
1631.602,3.253953329
1631.702,3.253993196
1631.802,3.254112798
1631.902,3.254072931
1632.002,3.254152666
1632.102,3.254152666
1632.202,3.254232401
1632.302,3.254312135
1632.402,3.25439187
1632.502,3.254471605
1632.602,3.25455134
1632.702,3.25455134
1632.802,3.254511472
1632.902,3.254631075
1633.002,3.254750677
1633.102,3.254790544
1633.202,3.254830412
1633.302,3.254950014
1633.402,3.255069616
1633.502,3.255069616
1633.602,3.255069616
1633.702,3.255069616
1633.802,3.255189218
1633.902,3.255268953
1634.002,3.25530882
1634.102,3.255388555
1634.202,3.25546829
1634.302,3.255428423
1634.402,3.255548025
1634.502,3.255548025
1634.602,3.255627759
1634.702,3.255787229
1634.802,3.255747362
1634.902,3.255906831
1635.002,3.255827096
1635.102,3.255906831
1635.202,3.256066301
1635.302,3.256066301
1635.402,3.256066301
1635.502,3.256146036
1635.602,3.256225771
1635.702,3.256305505
1635.802,3.25638524
1635.902,3.256425108
1636.002,3.256425108
1636.102,3.256584577
1636.202,3.256504842
1636.302,3.256584577
1636.402,3.256704179
1636.502,3.256704179
1636.602,3.256783914
1636.702,3.256863649
1636.802,3.256863649
1636.902,3.256943384
1637.002,3.257102853
1637.102,3.257023119
1637.202,3.257023119
1637.302,3.257142721
1637.402,3.257262323
1637.502,3.25730219
1637.602,3.257342058
1637.702,3.257381925
1637.802,3.257381925
1637.902,3.257541395
1638.002,3.257541395
1638.102,3.257660997
1638.202,3.257660997
1638.302,3.257700864
1638.402,3.257780599
1638.502,3.257780599
1638.602,3.257820467
1638.702,3.257940069
1638.802,3.257979936
1638.902,3.258019804
1639.002,3.258139406
1639.102,3.258099538
1639.202,3.258219141
1639.302,3.258219141
1639.402,3.258338743
1639.502,3.25837861
1639.602,3.258458345
1639.702,3.258498212
1639.802,3.258458345
1639.902,3.258577947
1640.002,3.258617815
1640.102,3.258697549
1640.202,3.258697549
1640.302,3.258817152
1640.402,3.258896886
1640.502,3.258936754
1640.602,3.258936754
1640.702,3.259056356
1640.802,3.259136091
1640.902,3.259215826
1641.002,3.259175958
1641.102,3.259136091
1641.202,3.259415163
1641.302,3.259375295
1641.402,3.259415163
1641.502,3.259494897
1641.602,3.259574632
1641.702,3.259494897
1641.802,3.259694234
1641.902,3.259694234
1642.002,3.259813837
1642.102,3.259773969
1642.202,3.259893571
1642.302,3.259893571
1642.402,3.260053041
1642.502,3.260053041
1642.602,3.260092908
1642.702,3.260132776
1642.802,3.260172643
1642.902,3.260252378
1643.002,3.260332113
1643.102,3.260332113
1643.202,3.26037198
1643.302,3.260451715
1643.402,3.26053145
1643.502,3.260571317
1643.602,3.260690919
1643.702,3.260690919
1643.802,3.260770654
1643.902,3.260850389
1644.002,3.260850389
1644.102,3.260890256
1644.202,3.261009859
1644.302,3.260969991
1644.402,3.261049726
1644.502,3.261089593
1644.602,3.261129461
1644.702,3.26128893
1644.802,3.261328798
1644.902,3.261368665
1645.002,3.261368665
1645.102,3.2614484
1645.202,3.261408533
1645.302,3.261568002
1645.402,3.261568002
1645.502,3.26160787
1645.602,3.261727472
1645.702,3.261767339
1645.802,3.261847074
1645.902,3.261886942
1646.002,3.261926809
1646.102,3.261966676
1646.202,3.262046411
1646.302,3.262126146
1646.402,3.262126146
1646.502,3.262166013
1646.602,3.262285616
1646.702,3.262245748
1646.802,3.26236535
1646.902,3.262445085
1647.002,3.26236535
1647.102,3.262484953
1647.202,3.26252482
1647.302,3.262724157
1647.402,3.26268429
1647.502,3.262803892
1647.602,3.262843759
1647.702,3.262803892
1647.802,3.262963361
1647.902,3.263043096
1648.002,3.263082964
1648.102,3.263043096
1648.202,3.263162698
1648.302,3.263162698
1648.402,3.263242433
1648.502,3.263242433
1648.602,3.263362035
1648.702,3.263362035
1648.802,3.26344177
1648.902,3.26344177
1649.002,3.263521505
1649.102,3.263521505
1649.202,3.26360124
1649.302,3.263680975
1649.402,3.263760709
1649.502,3.263840444
1649.602,3.263800577
1649.702,3.263840444
1649.802,3.263960047
1649.902,3.263960047
1650.002,3.264039781
1650.102,3.264119516
1650.202,3.264199251
1650.302,3.264199251
1650.402,3.264239118
1650.502,3.264358721
1650.602,3.264398588
1650.702,3.264398588
1650.802,3.264478323
1650.902,3.264597925
1651.002,3.264637792
1651.102,3.264757395
1651.202,3.264637792
1651.302,3.264797262
1651.402,3.264837129
1651.502,3.264916864
1651.602,3.264916864
1651.702,3.264996599
1651.802,3.265076334
1651.902,3.265076334
1652.002,3.265076334
1652.102,3.265195936
1652.202,3.265275671
1652.302,3.265275671
1652.402,3.265355406
1652.502,3.265395273
1652.602,3.265395273
1652.702,3.265475008
1652.802,3.265554743
1652.902,3.26559461
1653.002,3.265674345
1653.102,3.265674345
1653.202,3.26575408
1653.302,3.265953417
1653.402,3.265833815
1653.502,3.265953417
1653.602,3.265953417
1653.702,3.266033152
1653.802,3.266152754
1653.902,3.266192621
1654.002,3.266232489
1654.102,3.266272356
1654.202,3.266272356
1654.302,3.266352091
1654.402,3.266391958
1654.502,3.266431826
1654.602,3.266471693
1654.702,3.266471693
1654.802,3.266591295
1654.902,3.26667103
1655.002,3.266750765
1655.102,3.266750765
1655.202,3.266750765
1655.302,3.266870367
1655.402,3.2668305
1655.502,3.2668305
1655.602,3.266989969
1655.702,3.267109571
1655.802,3.267109571
1655.902,3.267189306
1656.002,3.267189306
1656.102,3.267269041
1656.202,3.267428511
1656.302,3.267388643
1656.402,3.267388643
1656.502,3.267428511
1656.602,3.267468378
1656.702,3.267548113
1656.802,3.26758798
1656.902,3.267707583
1657.002,3.267707583
1657.102,3.267827185
1657.202,3.267787317
1657.302,3.267867052
1657.402,3.26790692
1657.502,3.26790692
1657.602,3.267986654
1657.702,3.268066389
1657.802,3.268146124
1657.902,3.268146124
1658.002,3.268265726
1658.102,3.268185991
1658.202,3.268345461
1658.302,3.268385328
1658.402,3.268425196
1658.502,3.268544798
1658.602,3.268504931
1658.702,3.268544798
1658.802,3.268624533
1658.902,3.26882387
1659.002,3.268744135
1659.102,3.268744135
1659.202,3.268903605
1659.302,3.268863737
1659.402,3.269063074
1659.502,3.268943472
1659.602,3.269102942
1659.702,3.269102942
1659.802,3.269222544
1659.902,3.269182677
1660.002,3.269262411
1660.102,3.269302279
1660.202,3.269302279
1660.302,3.269382014
1660.402,3.269461748
1660.502,3.269501616
1660.602,3.269541483
1660.702,3.269621218
1660.802,3.269621218
1660.902,3.269780688
1661.002,3.269780688
1661.102,3.269860423
1661.202,3.26990029
1661.302,3.26990029
1661.402,3.269980025
1661.502,3.27005976
1661.602,3.270099627
1661.702,3.270179362
1661.802,3.270179362
1661.902,3.270259097
1662.002,3.270259097
1662.102,3.270259097
1662.202,3.270378699
1662.302,3.270418566
1662.402,3.270498301
1662.502,3.270498301
1662.602,3.270578036
1662.702,3.270578036
1662.802,3.270697638
1662.902,3.270697638
1663.002,3.270737505
1663.102,3.270737505
1663.202,3.270777373
1663.302,3.270896975
1663.402,3.270896975
1663.502,3.27097671
1663.602,3.271096312
1663.702,3.271096312
1663.802,3.27113618
1663.902,3.27113618
1664.002,3.271215914
1664.102,3.271295649
1664.202,3.271375384
1664.302,3.271375384
1664.402,3.271415251
1664.502,3.271534854
1664.602,3.271534854
1664.702,3.271534854
1664.802,3.271654456
1664.902,3.271654456
1665.002,3.271774058
1665.102,3.271774058
1665.202,3.271694323
1665.302,3.271853793
1665.402,3.27189366
1665.502,3.271933528
1665.602,3.27205313
1665.702,3.272172732
1665.802,3.272132865
1665.902,3.272252467
1666.002,3.272172732
1666.102,3.272252467
1666.202,3.272252467
1666.302,3.272411937
1666.402,3.272411937
1666.502,3.272491671
1666.602,3.272611274
1666.702,3.272571406
1666.802,3.272651141
1666.902,3.272651141
1667.002,3.272730876
1667.102,3.272770743
1667.202,3.272810611
1667.302,3.272810611
1667.402,3.272890346
1667.502,3.27297008
1667.602,3.27297008
1667.702,3.27297008
1667.802,3.27312955
1667.902,3.27312955
1668.002,3.27328902
1668.102,3.27328902
1668.202,3.273249152
1668.302,3.273209285
1668.402,3.273368754
1668.502,3.273448489
1668.602,3.273488357
1668.702,3.273488357
1668.802,3.273607959
1668.902,3.273607959
1669.002,3.273727561
1669.102,3.273767429
1669.202,3.273847163
1669.302,3.273847163
1669.402,3.273926898
1669.502,3.273926898
1669.602,3.273966766
1669.702,3.273966766
